num_steps,beam_width,orig_text,restored_text
,0,"If we were at the location shown in the picture and wanted to have a picnic, what area would be a suitable spot for us to spread out a picnic blanket?","If we were sitting in a picnic and wanted to have a nice spot, what area in the picture would be provided for us to spot the pizza?"
,0,Suppose you are going to have a picnic at the location shown in the picture. What area is an appropriate location for laying out a picnic blanket?,Suppose you are going to hang out a picnic at a nearby spot. What area in the picture is the appropriate location for laying out a picnic?
,0,"If you were at the location shown in the picture and you wanted to have a picnic, which area would be best suited for spreading out a picnic blanket?","If you were located in a picnic and wanted to get a pink cup, which area in the picture would be best suited for gathering at a picnic?"
,0,"If we were at the location shown in the picture and desired to have a picnic, where would be a feasible location to lay out a picnic blanket?","If we were to be in the location shown in the picture, where would we be at a convenient spot to hang out and request a picnic?"
,0,Suppose we are currently at the depicted location and are seeking to have a picnic. What would be the best area to spread out a picnic blanket?,We are currently sitting nearby and would like to have a picnic spot. What could be the area to spread out the best potted flag?
,0,"In a modern office, employees often have meetings to discuss work matters. What object in the picture can be used as a surface for employees to place documents or devices during a meeting?","During a meeting, employees often have documents and presentations to discuss issues. What object in the picture can be used as a surface for employees to stand in office jobs?"
,0,What object in the picture might function as a surface for employees to place documents or devices on while holding a meeting to discuss work matters in a contemporary office setting?,What object in the picture might serve as a surface to hold documents or statements while working on a meeting to support an office concept in employees place?
,0,"In a modern office, meetings are frequently held to discuss work-related issues. Which object in the picture could be utilized as a surface to place documents or devices on during such meetings?","In a office, issues are often present during meetings to be addressed. Which object in the picture could utilize devices or structures to hold documents as a place-related work?"
,0,"In a modern office, what object in the picture could be utilized as a surface during meetings for employees to place documents or devices?","In a modern office, what object in the picture could be utilized as a surface for employees to place documents or messages in positions?"
,0,"In a modern office, meetings are a common way for employees to discuss work matters. What object can be utilized as a surface for employees to place documents or devices during a meeting, as portrayed in the image?","In a office, communication devices are a common way for employees to present their thoughts and discussions. What object in the picture can be utilized as a surface for employees to meet at work?"
,0,"In a modern office, meetings among employees to discuss work matters are common. What is the object in the picture that can be utilized as a surface to place documents or devices during such a meeting?","In a formal office, communication devices are common among employees. What is the object in the picture that can be utilized to hold meetings or documents as a surface to discuss this?"
,0,What object in a room can put on the floor to make people feel more comfortable walking?,What object in a room can put on the floor to make people feel more comfortable?
,0,What object could you put on the floor in a room to make people feel more comfortable while walking?,What object could you put on a floor to make people feel more comfortable in the room?
,0,What can be placed on the floor that would make walking more comfortable inside a room?,What could be placed on the floor that would make walking more comfortable inside a room?
,0,What can be placed on the floor in a room to create greater comfort while walking?,What can be placed on a floor to provide comfort while sitting in the room?
,0,What object placed on the floor could make people feel more comfortable while walking in a room?,What object placed on a floor could make people feel more comfortable walking in the room?
,0,"In an office, people sometimes need to print a large number of files in a short period. What device can be used to complete this task quickly?","In a office, people often need to print a large number of documents in a short period of time. What device can be used to complete this task efficiently?"
,0,"When there's a need to print a large number of file quickly in an office setting, which device is typically utilized?","When there's a need to print a large file in an office setting, which device is typically utilized?"
,0,"In an office environment, when a large number of documents need to be printed within a short period of time, what device would you suggest using to accomplish this task quickly?","In a busy environment, when a large number of documents need to be printed within a short period of time, what device would you suggest to perform this task effectively?"
,0,What device can be utilized to quickly complete the printing of a large volume of files in an office setting?,What device can be utilized to quickly complete the printing of a large array of documents in an office setting?
,0,"When there is a large amount of printing required for office documents, what electronic device can be used to complete the task quickly?","When there is a large amount of office supplies needed to complete a task quickly, what electronic device can be used for printing?"
,0,the food with high protein,the food with protein
,0,the youngest person,the youngest person
,0,"In an office setting, people often use writing instruments to take notes or sign documents. What object in the picture would be commonly used for this purpose?","In an office setting, people often use writing instruments to take notes or sign documents. What object in the picture would be commonly used for this purpose?"
,0,"When working in an office environment, what item in the picture would be typically utilized to take notes or sign documents?","When working in an office environment, what item in the picture would typically be utilized to take notes or write documents?"
,0,"In an office setting where individuals often need to take notes or sign documents, what objects could be used for this purpose based on the picture?","In an office setting where people often need to take notes or sign documents based on the picture, what object could be used for this purpose?"
,0,"In an office setting, people regularly use writing instruments to sign documents or take notes. What items in the picture could be used for this function?","In an office setting, people often use writing instruments to write notes or sign documents. What items in the picture could be used for this function?"
,0,"In an office setting, taking notes or signing documents typically requires the use of certain objects. What item in the picture is commonly utilized for these purposes?","When taking notes or using electronic devices, certain items require an office setting. What item in the picture is typically utilized for purposes of this?"
,0,"In an office setting, what item in the picture would be commonly used for taking notes or signing documents?","In an office setting, what item in the picture would be commonly used for taking notes or signing documents?"
,0,"In military organizations, there are often individuals responsible for leading a group of troops. Who in the picture is likely fulfilling this leadership role?","In military organizations, there are typically leaders in charge of a leadership team. Who in this picture is responsible for fulfilling this role?"
,0,"In a military organization, there are frequently individuals responsible for leading a group of troops. Who in the picture is most likely fulfilling this leadership position?","In a military organization, there are typically one leader in charge of this task. Who in a company is most likely fulfilling a leading leadership force?"
,0,"Who in the picture is likely serving in the role of leading a group of troops, a common responsibility in military organizations?","Who in the picture is likely serving in the role of a group of people, a prominent military officer in union services?"
,0,Which individual in the picture is likely fulfilling the leadership role in a military organization by commanding a group of troops?,Which individual in the picture is likely fulfilling the commanding role of a military organization by leading a group of troops in an army?
,0,"Amid military organizations, who among the individuals shown in the picture is most likely to be fulfilling a leadership role and leading a group of troops?","Among the military organizations shown in the picture, who in front of people is likely to be a leading military force and fulfilling a group of troops?"
,0,"In a military organization, there are often individuals responsible for leading a group of soldiers. Who in the picture is likely fulfilling this leadership role?","In a military organization, there are often leaders in charge of leading a team. Who in this picture is likely fulfilling a leadership role?"
,0,the equipment that the workers use to climb upwards,the equipment that the people use to climb upwards
,0,"In horse racing, there are often obstacles that the horses and riders need to overcome. What objects in the picture can be used as obstacles in an equestrian course?","In horse racing, there are obstacles that horses and riders often need to overcome. What objects in the picture can be used as obstacles in a equestrian race?"
,0,"While competing in a horse race, what objects in the picture could be utilized as obstacles for the horses and riders to overcome in an equestrian course?","While competing in a horse race, what objects in the picture could be utilized by riders to overcome obstacles in the horse and horsesferry?"
,0,"Equestrian horse-racing often entails overcoming a variety of obstacles. Based on the picture, which objects could be utilized as obstacles for horse riders to overcome?","Equestrian obstacles often involve horses to carry on. Based on the picture, which object could be utilized for riders pursuing various obstacles?"
,0,What objects in the picture can be set up as obstacles that horses and riders have to overcome during a horse racing match?,What objects in the picture can be set up to overcome obstacles that horses and riders have to overcome during a horse race match?
,0,Which objects in the picture could be utilized as obstacles for horses and riders to navigate during an equestrian course?,Which objects in the picture could be utilized as obstacles for riders to navigate through a horse and equestrian trail?
,0,"In horse riding, it is important to have control and direction over the horse. What object in the picture is used to guide and control the horse's movements?","In horse racing, it is important to have control and direction over the horses. What object in the picture is used to guide and control the horse's movements?"
,0,"In horse riding, having control over the horse's movement and direction is vital. Can you identify the object in the picture that is utilized to guide and control the horse?","In horse control, having the horse grasp the terrain is crucial. Can you identify the object in the picture that is utilized to guide and control the horse's movement and movement?"
,0,"To maintain control and direction over a horse during horse riding, which item in this picture is typically utilized to guide and regulate the horse's movement?","To regulate and control the horse's movement during horse riding, which item in this picture is typically utilized to guide and maintain a horse forward?"
,0,"In horse riding, it is crucial to have control and direction over the horse. What object in the picture is typically used for guiding and controlling the movements of a horse?","In horse riding, it is crucial to control and coordinate the movements of the horse. What object in the picture is typically used for guiding and carrying a horse?"
,0,"Succulents are plants that can store water in their leaves, stems, or roots. What characteristic of the plant in the picture allows it to survive in dry environments?","Succulents are plants that store water in their leaves, stems, or roots. What feature of the plant in the picture can enable it to survive in dry environments?"
,0,In what way does the characteristic of the plant in the picture allow it to thrive and survive in dry environments?,In what way does the characteristic of the plant in the picture serve to thrive and survive in dry environments?
,0,"Succulents are known for their ability to store water in their leaves, stems, or roots, which helps them thrive in arid conditions. In the picture, can you identify the characteristic of the plant that allows it to survive in dry environments?","Succulents are known for their ability to store water in sturdy leaves, roots or stems, which enable them to thrive in dry conditions. Can you identify the feature in the picture that allows them to survive in their environment?"
,0,"Please identify the specific characteristic of the plant in the picture that enables it to survive in arid environments, given that succulents are known for their ability to store water in their leaves, stems, or roots.","Please identify the characteristic of the plant that enables it to survive in arid environments, given that succulents are known to store water in their stems, leaves, or flowers."
,0,In what specific way do the characteristics of the plant in the picture enable it to survive arid conditions?,In what manner do the characteristics of the plant in the picture serve to survive arid conditions?
,0,"What is the feature of the plant in the picture that enables it to survive in arid environments, and how is it related to water storage?",What is the function of the plant in the picture that enables it to survive in arid environments and is it related to water storage?
,0,"In a dimly lit room, what can be used to increase the brightness and illuminate the entire space?","In a dimly lit room, what can be used to illuminate the entire space and brighten the light?"
,0,"When the room is not sufficiently illuminated, what item can be utilized to increase the brightness and illuminate the entire space?","When the room is not illuminated and utilized, what item can be utilized to brighten the entire space?"
,0,"If the room is too dark, what can be used to increase the brightness and illuminate the entire area?","If the room is too bright, what can be used to brighten the entire area and enhance the illumination?"
,0,"If you were to enter a dimly lit room, what object would be helpful to brighten up the area and provide illumination throughout the space?","If you were to enter a dimly lit room, what object would be helpful to illuminate the area and provide dimness throughout the space?"
,0,"If you want to increase the brightness and illuminate the entire space in a dimly-lit room, what can you use?","If you want to brighten the entire room and amplify the dimness in a dark-filled space, what can you use?"
,0,"In the picture, there is a type of bird with a distinctive feature on the top of its head, which usually indicates its gender. What part in the picture might have this characteristic?","In the picture, there is a type of bird with a distinctive feature on its head, which usually has a top part. What part of the bird might be identified in this category?"
,0,"What is the part of the bird's head that could refer to the gender of a bird which has a unique feature on the top of its head, as shown in the picture?","What is the part of the bird's head that has a distinct feature on the top of its head, which could be shown in the picture of a female bird?"
,0,What part of the picture could have a distinguishing feature on the top of its head that typically indicates the gender of a certain type of bird?,What part of the bird could indicate a distinct feature on the top of its head that typically has a type of measurement of certain kind?
,0,"What part of the bird in the picture might have the distinctive feature on top of its head, which usually indicates its gender?","What part of the bird in the picture might have distinctive feature on its head, which usually shows up among the male?"
,0,"In the picture, which area displays a bird that may bear a feature on the upper end of its head that usually denotes its gender?","In the picture, what item can indicate a bird that typically features a head on the upper part of its body that denotes its gender?"
,0,"In the picture, there is a type of bird, and its gender can often be identified by the distinctive feature on the top of its head. What part of the bird in the picture might showcase this characteristic?","In the picture, there is a specific type of bird often featured on the top of its head, and the distinctive feature can be identified by its gender. What part of the bird in the picture might imply this kind of characteristic?"
,0,What part of the computer can display and show pictures and text?,What part of the computer can display and display pictures and text?
,0,What is the computer component that displays pictures and text?,What is the computer component that displays text and pictures?
,0,What component of the computer is responsible for displaying and presenting visual information in the form of pictures and text?,What component of the computer is responsible for displaying and displaying visual information in the form of text and pictures?
,0,What is the name of the computer component that can display pictures and text?,What is the name of the computer component that can display text and pictures?
,0,What device or component of a computer system is commonly used to display images and text?,What component of a computer or device is commonly used to display text and images?
,0,What object is used to store various toiletries or medication in the bathroom?,What object is used to store various toiletries or medication in the bathroom?
,0,"In the bathroom, what object is typically utilized for storing various toiletries or medications?","In the bathroom, what object is typically utilized for storing various toiletries or medications?"
,0,What object is commonly used to store various toiletries or medications in the bathroom?,What object is commonly used to store various medications or toiletries in the bathroom?
,0,What object in the bathroom serves to store toiletries or medication?,What object in the bathroom serves to store toiletries or medication?
,0,Which object is typically used for storing various toiletries or medications in the bathroom?,Which object is typically used for storing various toiletries or medications in the bathroom?
,0,What is the name of the object used to store various toiletries or medication in the bathroom?,What is the name of the object used to store various medications or toiletries in the bathroom?
,0,"When using a film camera, what component in the picture is typically used to attach the camera to a person's body for easy carrying and accessibility?","When using a camera, what component in the picture is typically used to attach a camera to a person's body for easy accessibility and mounting?"
,0,"When using a film camera, what object in the picture is used to secure and carry the camera conveniently, making it easily accessible to the user?","When using a camera, what object in the picture is used to secure and carry the camera conveniently, making it accessible to the user?"
,0,"When using a film camera, which component in the picture might be used to attach the camera to a person's body to enable easy carrying and accessibility?","When using a camera, which component in the picture might be used to attach a camera to a person's body to enable easy accessibility and handling?"
,0,"When using a film camera, which part of the picture is usually utilized to attach the camera to a person's body for easy carrying and accessibility?","When carrying a camera, which part of a camera is usually utilized to attach the camera to the person's body for easy access and viewing?"
,0,"When using a film camera, the user often attaches the camera to his or her body for easy carrying and accessibility. Which component in the picture is typically used for this purpose?","When carrying the camera for a camera, the user typically attaches his or her body to the camera for use. What part in this device is often used for ease and functionality?"
,0,"When using a film camera, which component in the picture is typically employed to attach the camera to a person's body for easy carrying and accessibility?","When using a camera, which component in the picture is typically attached to a camera for easy access and carrying the person's body?"
,0,"the doughnuts with ""eyes""",the doughnuts with no hats
,0,the animal with luggage on its back,the animal with luggage on its back
,0,"In the picture, which part can provide shade for animals and create a habitat for various organisms?","In the picture, which part can provide shade for animals and create a habitat for various organisms?"
,0,Which part of the picture can provide shade for animals and create a habitat for various organisms?,Which part of the picture can provide a habitat for animals and create shade for various organisms?
,0,What part of the picture could provide shade for animals and create a habitat for various organisms?,What part of the picture could provide shade for animals and create a habitat for various organisms?
,0,What region in the picture can provide shade for animals as well as create a habitat for different organisms?,What area in the picture can provide habitat for different animals and create a environment for sharks?
,0,Please point out which part of the picture can provide shade for animals and create a habitat for various organisms.,Please point out which part of the picture can provide a surface for animals and create various shade for organisms.
,0,Which aspect of the picture can provide shade for animals and serve as a habitat for various organisms?,Which aspect of the picture can serve as a habitat for animals and provide shade for various organisms?
,0,What object can be used to sit and rest after standing or walking for a long time?,What object can be used to sit or stand still for a long time after walking or standing?
,0,"When standing or walking for a long time, what object can individuals utilize to sit and rest?","When sitting or standing for a long time, what object can individuals utilize to rest and sit?"
,0,What object provides a place to sit and rest after standing or walking for a prolonged period?,What object provides a place to sit or rest for a prolonged period?
,0,"If someone has been standing or walking for a long time and needs to take a break, which object could they utilize to sit and rest?","If someone is standing or needs to take a break and rest for a long time, what object could they utilize to walk?"
,0,What object might someone use to sit and rest after standing or walking for an extended period of time?,What object might someone use to sit or rest for extended periods of time?
,0,What furniture item in the picture could be used to sit and rest after standing or walking for a long time?,What furniture item in the picture could be used to sit or stand for a long time after sitting or resting?
,0,Toddlers are curious and often enjoy exploring their surroundings. What object in the picture can provide a safe and enclosed space for a toddler to play in?,Toddlers are curious and enjoy a quiet and enclosed surroundings. What object in the picture can provide a potential spot for their toddler to play in?
,0,What object in the picture could potentially provide a safe and enclosed play area for a curious toddler to explore?,What object in the picture could potentially provide a safe and enclosed play area for a toddler to explore?
,0,"What object in the picture could potentially provide a safe and enclosed space for a toddler to play in, given that they are inherently curious and enjoy exploring their surroundings?","What object in the picture could provide a safe and enclosed space for a toddler to explore and play around, given that they are potentially curious about their surroundings?"
,0,"What object in the picture could provide a safe and enclosed environment for a toddler to play in, given that toddlers are inherently curious and tend to enjoy exploring their surroundings?","What object in the picture could provide a safe and comfortable environment for toddlers to play around, given that they are keen to explore and often encounter a toddler attraction?"
,0,"What item in the picture can provide a secure and enclosed space for a toddler to play in, given that toddlers are often curious and enjoy exploring their surroundings?","What item in the picture can provide a comfortable and enclosed space for a toddler to play around, given that toddlers are often exploring their surroundings?"
,0,"What object in the picture can provide a safe and enclosed space for a toddler to play in, given that they are often curious and enjoy exploring their surroundings?","What object in the picture can provide a safe and enclosed space for a toddler to explore and play around, given that they are often curious about their surroundings?"
,0,"When we go to a bookstore, where do we usually find books arranged vertically and stored in columns for browsing?","When we go to a bookstore, where do we usually find pages arranged vertically for typing and browsing?"
,0,"When we visit a bookstore, which section of the store can we find books that are arranged vertically and stored in columns to facilitate browsing?","When we visit a bookstore, which section of the store can we find items arranged vertically and stored to facilitate browsing?"
,0,Where in a bookstore would we typically find books arranged vertically and displayed in columns to facilitate browsing?,Where in a bookstore would we typically find books arranged vertically to facilitate reading and search by columns?
,0,"When visiting a bookstore, where would one typically find books arranged vertically and displayed in columns for browsing?","When visiting a bookstore, where would one typically find rows of books arranged vertically for reading?"
,0,"When we visit a bookstore, where do we typically find books arranged vertically and stored in columns for browsing?","When we visit a bookstore, where do we typically find pages arranged vertically for reading or browsing?"
,0,"When we visit a bookstore, where can we typically find books stored in vertical columns for browsing and selection?","When we visit a bookstore, where can we typically browse pages for regular reading and collection?"
,0,the parts of two washing machines that can be opened and clothes can be put inside,the parts of clothes that can be put on rolled and two washing machines can be opened
,0,"Looking at the picture, we can see a woman standing elegantly in a flowing dress. What accessory does the woman have in her hand that can complement her outfit?","Looking at the woman in the picture, what accessory can she have in her hand that stands out stylishly? What is she wearing to support a flowing fashion?"
,0,"In the picture, we see a woman standing elegantly in a flowing dress. What accessory does she have in her hand which can complement her outfit?","In a picture, a woman is standing in a dress which has striking accessory in her hand. What element can we see that complement her stylishly?"
,0,We can see a woman standing gracefully in a flowing dress in the picture. What accessory does the woman have in her hand that can complement her outfit?,A woman stands out casually in a handsome dress that has a complementary accessory. What can she see in the picture that can deliver her beauty in her hand?
,0,"From examining the picture, we notice the woman standing elegantly in a flowing dress. What item is she holding that could complement her ensemble?","From observing the woman, we examine her holding comfortably in a dress. What item is she holding that is casting us to complement an elegant scene?"
,0,"In the picture, we can see a woman standing elegantly in a flowing dress. What accessory is held in the woman's hand that complements her outfit?","In the picture, a woman is standing in a formal outfit that delightfully matches her hand. What accessory is seen in this woman's dressing?"
,0,The woman is standing elegantly in a flowing dress in the picture. Could you let me know what accessory she has in her hand that could complement her outfit?,The woman is in the picture and has a striking outfit that can complement her handmade in her attire. Can you please tell me what accessory she might wear in her dress?
,0,Chameleons are known for their ability to change color and blend in with their surroundings. What in the picture could help a chameleon camouflage itself?,Chameleons are known for their ability to blend in and reflect sunlight. What in the picture could help a chameleon camouflage themselves?
,0,What item in the picture could assist a chameleon in camouflaging to blend in with its surroundings?,What item in the picture could help a chameleon blend in with its surroundings to exhibit camouflaging?
,0,"What part of the picture can facilitate a chameleon's ability to change colors, thereby blending in with its surroundings?","What part of a beard can facilitate the blending of colors, enabling it to magnify a chameleon's visual image through its facings?"
,0,"What part of the picture can aid a chameleon in camouflaging and blending in with its surrounding environment, given that they are known for their capability to change color?","What part of a shark can aid in its tearing out and color, given that they are capable of balancing their color line for interaction with the environment?"
,0,What specific features in the image have characteristics that could help a chameleon blend into its environment?,What features in the image could help a chameleon have characteristics that complement its blend into an environment?
,0,"When walking on a hot beach, a refreshing drink can help cool down the body temperature. What fruit in the picture can be used to make a tropical drink?","When on a hot summer day, drinking water can help to relax the body. What fruit in the picture can be used to make a refreshing hot drink?"
,0,What fruit shown in the picture can be utilized to make a tropical drink that can help cool down body temperature when walking on a hot beach?,What fruit shown in the picture can be utilized to make a hot drink that helps cool down when sitting on a beach?
,0,"On a summer barbecue, it's common to serve grilled corn on the cob. What item in the picture would likely be used to drain excess water from the corn before serving?","On a barbecue grill, it's common to drain corn on the cob. What item in the picture would likely be used to serve corn before serving?"
,0,"During a summer barbecue, it is common to serve grilled corn on the cob. What item in the picture might be utilized to drain excess water from the cooked corn before serving?","During a barbecue, it is common to drain corn on the cob. What item in the picture might be utilized to serve the cooked corn from thoroughly before serving?"
,0,"During a summer barbecue, serving grilled corn on the cob is a common practice. What item in the picture would likely be used to drain excess water from the corn before it was served?","During a traditional corn cob dinner, serving corn on the barrel is a common practice. What item in the picture would likely be used to drain the corn from being served immediately?"
,0,"On a summer barbecue, grilled corn on the cob is often served. What in the picture could be used to remove excess water from the corn before serving?","On a cold summer barbecue, corn in the picture is often served. What could be used to remove the corn from the grill on cured corn?"
,0,"On a summer barbecue, it is common to serve grilled corn on the cob. What object in the picture can be used to remove excess moisture from the corn before serving?","On a summer barbecue, it is common to serve corn on the cob. What object in the picture can be used to remove excess moisture from the corn?"
,0,"During a summer barbecue, grilled corn on the cob is a popular dish. What item from the picture could be used to remove any excess water from the corn cobs before serving?","During a summer barbecue, grilling corn on the cob is a popular dish. What item from the picture could be used to remove any corn husks from the cobs?"
,0,I will be cooking for dinner tonight but I don’t want to use the oven because it takes up too much time. What electronic appliance should I use instead?,I am going to cook lunch tonight because I don't want to use up too much. But what appliance should I use for the moment?
,0,"If you're looking to cook a meal for dinner tonight and don't want to use the oven because it takes longer, what electronic appliance could you use instead?","If you're looking to cook a meal tonight and don't want to use the oven for dinner because it can cook faster, what appliance might you use instead?"
,0,"If you need to cook for dinner tonight, but baking in the oven would take a long time, what device would you recommend using instead?","If you need to bake for too long, but cooking in the oven would take a few hours, what would you recommend using today?"
,0,I understand that you don't want to use the oven as it takes too much time. Could you tell me which electronic appliance would be the best alternative to use to cook dinner tonight?,I don't know which appliance would be best to use as soon as possible. I thought you want to use the oven to cook lunch tonight.
,0,"If you don't want to use the oven because it takes up too much time and would like to cook dinner tonight, what electronic appliance might be a more preferred option for you?","If you don't want to cook the pizza too long because it might take more time and want to use an oven, what appliance might be right for you?"
,0,"When waiting for public transportation in hot weather, people often seek shelter to escape from direct sunlight. What in the picture can offer shade for people waiting at a bus stop?","When waiting for shelter in a bar, people often seek shelter from direct sunlight. What in the picture can people wear to provide shelter for traffic at night shifts?"
,0,"When waiting for public transportation under hot weather, people often need shelter to avoid direct exposure to sunlight. What in the picture may provide shade for people waiting at a bus stop?","When waiting for shelter during a hot weather, people often need to provide shelter for people in direct sunlight. What in the picture may provide exposure to traffic without shade?"
,0,"Provided that people are waiting for public transportation in hot weather and attempting to avoid direct sunlight, what object in the picture could provide shade for individuals waiting at a bus stop?","In order for people to travel during sunlight, what object given a bus stop and providing shelter in hot weather could be pointing at people waiting for transportation in the picture?"
,0,"When waiting for public transportation in hot weather, people often seek out shelter to escape direct sunlight. What element in the picture could provide shade for individuals waiting at a bus stop?","When seeking shelter during rainy weather, people often seek shelter at barriers to escape the sun. What item in the picture can provide shelter for people waiting to take in airlight?"
,0,"When waiting for public transportation in hot weather, people often seek shelter to avoid direct sunlight. What in the picture could offer shade for individuals waiting at a bus stop?","When waiting for shelter in public places, people often seek shelter for sunlight. What in the picture could provide shelter for passengers taking a bus stop during hot weather?"
,0,"When waiting for public transportation in hot weather, people often look for shelter to avoid direct sunlight. In the picture, what specific structure or object can provide shade for people waiting at a bus stop?","When traveling for public transport, people often find shelter in the sunlight. In what specific shape, what object can people wear to provide shelter for a bus stop at high traffic lights?"
,0,the frictional part used for igniting,the frictional part used for igniting.
,0,"In the winter, when the temperature drops and the snow covers the landscape, what type of structure in the picture can provide shelter and protection from the cold weather?","In the winter, when the weather conditions are cold and the type of cover in the picture provides shelter from the snow, what structure can help trap and protect the landscape?"
,0,"When the temperature drops in the winter and the landscape becomes covered in snow, what type of structure in the picture could serve as a means of shelter to protect from the cold weather?","When the temperature in the winter gets too cold to cover the structure of mountains, what type of structure serves as a shelter and guide to protect the landscape from the cold?"
,0,"During winter, when the temperature drops, and snow covers the landscape, what sort of structure in the picture could provide a refuge from the cold weather?","During the winter, when the weather conditions plunge, and snow could cover the structure, what kind of shelter from the cold provides a visual splash in the landscape?"
,0,"In the picture, the family is enjoying a water activity together. What object is essential for ensuring their safety while riding on the water?","In the picture, the family is enjoying their water activities while ensuring safety. What object is essential for riding a pair together on the water?"
,0,"When the family is enjoying a water activity together in the picture, what is the essential object that guarantees their safety while riding on the water?","When the family is enjoying their water activities together while riding a bike, what is the essential element that guarantees the safety in the picture?"
,0,"In the picture where a family is enjoying a water activity, what object is essential for their safety while riding on the water?","In the picture where a family is enjoying their water activities, what object is essential for safety while riding on a water?"
,0,"During a water activity, a particular item is essential in ensuring the safety of individuals. What object could that be in this picture where a family is enjoying a water activity together?","During a water activity, a family should be enjoying a fire that is essential in ensuring a safe interaction with individuals. In this picture, what object could one possibly carry such items in?"
,0,"While engaging in a water activity together, what object is crucial for ensuring their safety in the scene depicted in the picture?","While engaging in a water activity, what object is crucial for ensuring their safety while caught in the picture depicted in the scene?"
,0,"While engaging in a water activity together, what is the essential object for ensuring the safety of the family while riding on the water?","While engaging in water activity while riding on the farm, what is the essential object for ensuring the safety of the family together?"
,0,"When we need to sleep, what should we use to block light coming in from outside?","When we need to light outside, what should we use to block light from coming in?"
,0,"When it is time to sleep, what can be used to block light that may enter into a room from outside?","When it is time to enter into bed, what can be used to block light that may stay outside?"
,0,What should we use to block light coming from the outside when we need to sleep?,What should we use to block light from coming in when we need to sleep outside?
,0,"When it is time to rest and sleep, what measures can be taken to block light coming in from the outside?","When it is time to rest in the dark, what measures can be taken to block light from coming in?"
,0,What can we use to block external light when we need to sleep?,What can we use to block external light when we need to sleep?
,0,"When we need to sleep, what can we use to prevent external light from coming into the room?","When we need to relax outside, what can we use to prevent light from coming to the bed?"
,0,People often need to sit down for long periods of time to work or study. What object in the picture can protect their posture and reduce the damage to the body caused by long-term sedentary work?,People often need to take long periods of time to work or rest. What object in the picture can protect their body from the damage caused by sedentary work and reduce their posture?
,0,"When you work or study, sitting for long periods of time is frequently necessary. What item in the picture can protect your posture and alleviate the damage to your body caused by lengthy sitting periods?","When exercising, your body can repair or reduce the damage caused by long periods of time. What item in the picture can you take to protect your body from frequent sitting and exercise frequently?"
,0,What object in the picture can be used to safeguard people's posture and reduce harm to the body from prolonged sitting during work or study?,What object in the picture can be used to reduce harmful work or attention to people's body during sitting and safeguard their posture?
,0,"In a formal event, such as a gala or award ceremony, what accessory in the picture can be worn around the neck to add a touch of elegance to a man's suit?","In a formal event, such as a gala or dinner, what accessory in a woman's suit can be worn around the neck to add a touch of elegance to the ceremony?"
,0,"In a formal event like a gala or an award ceremony, what is the accessory in the picture that can be worn around the neck to add a touch of elegance to a man's suit?","In a formal occasion like a gala or a wedding, what is the accessory in the men's suit that can be worn around the neck to add a touch of elegance to an event?"
,0,"What is the accessory that can be worn around the neck to add a touch of elegance to a man's suit in a formal event, such as a gala or award ceremony, as shown in the picture?","What can be worn around the neck to add a formal touch to a person's attire, such as a jacket or medal in a casual event, that is shown in the picture?"
,0,"In formal events, such as galas or award ceremonies, it is a common practice for men to wear a particular accessory around their neck to add a touch of elegance to their suit. What item in the picture can serve this purpose?","In formal occasions, such as men's ceremonies, it is common for men to wear a necklace or tie to add a touch of elegance to their attire. What item in the picture can serve this purpose?"
,0,"During a formal event, like a gala or award ceremony, what accessory in the picture could be worn around a man's neck to add a touch of elegance to his suit?","During a formal event, like a gala or dinner, what accessory in a man's neck could be worn around his neck to add a touch of elegance to the ceremony?"
,0,"What accessory in the picture can be draped around a man's neck during a formal event, such as a gala or award ceremony, to add a touch of elegance to his suit?","What accessory in a man's neck can be snapped around his neck to add a formal touch to an event, such as a gala or wedding ceremony, in elegance?"
,0,Where can we throw away the waste that has been cleaned up using toilet paper?,Where can we dispose of the toilet paper that has been picked up using waste?
,0,What is the proper way to dispose of toilet paper after you have cleaned up waste?,What is the proper way to dispose of paper after you have cleaned up toilet paper?
,0,"As a robot, where would you dispose of toilet paper after cleaning up waste?","As a robot, where would you dispose of waste after cleaning up toilet paper?"
,0,"As a responsible citizen, where should we dispose the waste that has been cleaned up using toilet paper?","As a responsible citizen, where do we dispose of waste that has been cleaned up using toilet paper?"
,0,"As a cleaning assistant, please help me identify the appropriate place to dispose of waste that has been cleaned up using toilet paper, according to the picture.","As to help locate the necessary cleaning container that has been greeted up using paper, please identify the area that is used to dry up saliva, according to the picture."
,0,"In the picture, what is the boy wearing on his head to protect himself from the sun or cold weather?","In the picture, what is the boy wearing on his head to protect himself from the cold or snow?"
,0,"What item is the boy wearing on his head in the picture, which could provide protection against both sun and cold weather?","What item is the boy wearing on his head, which could provide protection against both sun and cold weather?"
,0,"In the picture, what object is the boy wearing on his head to guard against potential sunburn or cold weather?","In the picture, what object is the boy wearing on his head to guard against sunburn or cold weather?"
,0,"To shield himself from the weather, what is the boy wearing on his head in the picture?","To protect himself from the weather, what is the boy wearing on his head in the picture?"
,0,"What is the boy wearing on his head in the picture, which protects him from the sun or cold weather?","What is the boy wearing on his head, which protects him from the sun in the wet weather?"
,0,"What item is the boy wearing on his head in the picture, which could help protect him from the sun or cold weather?","What item is the boy wearing on his head, which could help protect him from the sun in the cold or wet weather?"
,0,"In order to climb up a tall structure, what in the picture would the ivy plant use as support?","In order to climb up the hill, what in the picture would one use as a tall structure?"
,0,"If an ivy plant were looking to climb a tall structure, what part of the picture could it likely utilize as a means of support?","If the image of the hill looked towards a tall structure, what part of it could they utilize as an appropriate tool to raise?"
,0,"If an ivy plant were attempting to climb a tall structure, what part of the picture would it utilize as a support?","If an ornamental tree were to construct a section of a hill, what part of the picture could they utilize as a support?"
,0,What might the ivy plant in the picture use as a supporting structure when climbing a tall object?,What might the tall object in the image use as a climbing plant when supporting a deciduous structure?
,0,"Suppose the ivy plant desires to climb up a tall structure, what object or structure in the picture would it likely use as support?","If the tree desires to climb up a tall structure, what object in the image would it likely possess or interest in?"
,0,the persons who graduate,the persons who graduate
,0,"During an air show, pilots perform various aerial maneuvers to entertain the audience. What spectacle in the picture indicates that a pilot is performing a spectacular and dazzling aerial stunt?","During a spectacular aerial show, passengers perform various aerial jumps and specials. What object in the picture is a pilot performing an spectacular aerial gusting attempt to impress the audience?"
,0,What movement or action in the picture would indicate that a pilot is performing a daring and awe-inspiring aerial maneuver during an air show to entertain the audience?,What awe-inspiring act or motto would be expected of a person performing a daring and action-packing celebration to navigate the air in a sports scene?
,0,What element in the picture provides evidence that a pilot is performing a spectacular and dazzling aerial stunt during an air show?,What element in the picture is presented demonstrating that a person performs a spectacular and bustling aerial run during a stunt?
,0,Identify the spectacle in the picture that indicates a pilot is performing a spectacular and dazzling aerial stunt during an air show.,Identify the pilot who is performing a spectacular and stunning dazzling show in a scene involving aerial aeration.
,0,Please identify what indicates that a pilot is performing a spectacular and dazzling aerial stunt during an air show?,Please confirm that an athlete is performing a spectacular and dazzling aerial run during a show?
,0,Could you identify the specific aspect of the picture that would indicate that a pilot is executing a sensational and spectacular aerial maneuver during an air show?,Could you identify the specific segment of the picture that would indicate that an athlete is performing a spectacular and maneuverable aerial flight on a main airplane?
,0,something on the suitcase used for lifting,something on the suitcase used for lifting
,0,"In ancient times, soldiers would often carry a weapon made of metal for self-defense or combat. What item in the picture can be classified as such a weapon?","In ancient times, soldiers would often carry a weapon for self-defense. What item in the picture can be classified as a weapon or made of such a weapon?"
,0,"In ancient times, soldiers often carried metal weapons for self-defense or combat. Please tell me what object in the picture can be classified as such a weapon.","In ancient times, soldiers sometimes carry weapons for self-defense. What object in the picture could be classified as such a weapon?"
,0,What item in the picture could be considered a metal weapon used for self-defense or combat during ancient times?,What item in the picture could be considered a weapon used for self-defense or mechanical fighting?
,0,"During ancient times, soldiers frequently carried metal weapons for self-defense and combat. Please identify the object in the picture that could be classified as such a weapon.","During ancient times, soldiers believed in self-defense and certain weapons. Please identify the object in the picture that could be classified as such a weapon for combat."
,0,What object in the picture could be classified as a metal weapon that soldiers would typically carry for self-defense or combat in ancient times?,What object in the picture could be classified as a weapon that soldiers typically carry for self-defense or combat?
,0,What item in the picture could be classified as a metal weapon carried by soldiers for self-defense or combat in ancient times?,What item in the picture could be classified as a weapon for self-defense or combat worn by ancient men?
,0,the tyre that does not touch the ground,the ground that does not touch the tyre
,0,something that prevents people from attacks of the pigs,something that prevents people from the play of the pigs
,0,"If the door of the bedroom is opened, what can we use to close it?","If the door of the bedroom is closed, what can we use to open it?"
,0,"In case the door of the bedroom is open, what might you use to close it in the picture?","In case the door of the bedroom is closed, what might you use to open it in the picture?"
,0,"If someone needs to close the bedroom door, what could they utilize?","If someone needs to close the bedroom, what could they utilize?"
,0,"If the door of the bedroom is left open, what object could be used to shut it?","If the door of the bedroom was left open, what object could be used to shut it?"
,0,Suppose you want to close the door of the bedroom. What item in the picture can you use to accomplish this task?,Suppose you want to open the door of the bedroom. What item in the picture can you utilize to accomplish this task?
,0,"If pigs are shot and killed, they usually fall to the ground. Which pigs in the picture are most likely to still be alive?","If pigs are killed, they are most likely to fall to the ground. Which pigs in the picture are usually alive?"
,0,Please identify the pigs in the picture that are not likely to have been shot and killed and are therefore still alive.,Please identify the pigs in the picture that were once killed and are therefore likely to have been shot and not killed.
,0,"Which pigs in the picture are likely to still be alive if pigs are usually shot and killed, causing them to fall to the ground?","Which pigs in the scene are likely to be killed if pigs are allowed to sit and fall, if they once fell to the ground?"
,0,"From the given picture, which pigs are unlikely to have been shot and killed and are still alive?","From the given scenario, which pigs are unlikely to have been killed and are still alive?"
,0,"What are the characteristics of the pigs in the picture who are most likely to still be alive, since typically, when pigs are shot, they fall to the ground and die?","What are the characteristics of the pigs in the picture that are most likely to live, when they are alive and fall to the ground?"
,0,"Without making any assumptions or taking any actions that may lead to harm, it would be best to refrain from answering this question in terms of which pigs in the picture are most likely to be alive.","Without taking any conclusions of which actions would be most likely to hurt, it is best to ask this question in terms of whether dogs in the pigs category are being unable to make a loss."
,0,"In the picture, who is the person that a child is most likely to show affection towards by giving hugs and kisses?","In the picture, who is the person that a girl is most likely to show affection and sympathy by kissing?"
,0,Who in the picture is most likely to receive hugs and kisses from a child as a display of affection?,Who in the picture is most likely to receive hugs and kisses from a child as a display of affection?
,0,"Assuming the individuals in the picture are family members, who might a child be most likely to show affection towards through physical expressions like hugs and kisses?","Assuming the children in this picture are a married couple, which person would most likely be perceiving to be full of affection or smile like contacts through bangs?"
,0,"As per the given picture, who might be the person that a child is most likely to show their affection towards by giving hugs and kisses?","As per the picture, which person is the one that the boy is likely to be given by showing affection towards themselves or smile hugs?"
,0,"Based on the picture, who is the person that a child is most likely to show affection towards by giving hugs and kisses?","Based on the picture, who is the person that a girl is most likely to show affection and respect by giving kisses?"
,0,"In this picture, who would a child be most likely to show affection towards by giving hugs and kisses?","In this picture, which person would most likely be attracted to by giving flowers and kisses?"
,0,"Among the various animals living in the forest, which one in the picture has a pair of antlers and is often associated with the color brown?","Among the various animals present in the park, which one is usually associated with the black and has a pair of brown coloring stripes?"
,0,The forest is home to a variety of animal species. Who among them typically has a set of antlers and is frequently linked to the color brown?,The forest has a variety of animals. Who is typically home to one of the brown species and is associated with a strip of colorants?
,0,Which animal in the picture has a pair of antlers and is often associated with the color brown among the different animals living in the forest?,Which animal in the picture is often associated with the black and has the color of the two different animals nestled in the forest?
,0,"Which animal in the picture is typically associated with the color brown and has a pair of antlers, among the various creatures that dwell in the forest?","Which animal in the picture is generally associated with the black, and possess one of the several creatures that creature in the forest?"
,0,"Identify the animal within the picture possessing a pair of antlers, that is typically associated with the color brown and is known to inhabit woodland areas.","Identify the creature within the image that is normally black and has a color associated with it inhabiting grassy areas, referred to as black teddy bears."
,0,"Which animal found in the forest is typically brown in color and has a pair of antlers, based on the image provided?","Which animal found in the image is typically black and has a pair of brown fur, based on the species found?"
,0,"In most cities, there are designated areas for pedestrians to cross the road safely. What object in the picture is commonly used to indicate these areas?","In many cities, there are designated pedestrian areas to cross the roads. What object in the picture is commonly used to indicate safe routes for these people?"
,0,"In order to ensure pedestrian safety in most cities, there are designated areas for crossing the road. What object, typically used to indicate these areas, can be seen in the picture?","In order to ensure designated pedestrian safety, areas are often marked at the streets. What object, used to indicate the route for traffic in this picture, can be found in these areas?"
,0,"At most locations in the cities, there are designated areas that pedestrians can utilize to cross the road safely. The object that is usually used to identify these areas is what?","In most places, pedestrians need to recognize the nearby roads to cross them. The area that is typically used to transport vehicles at any points is what?"
,0,"What is the object commonly used in the picture to indicate the designated areas for pedestrians to cross the road safely, often found in most cities?","What is the object commonly found in the picture to signify the main route for pedestrians to cross the streets, commonly found in most places?"
,0,Pedestrian crossing areas are typically designated and clearly marked in most cities. What object in the picture is commonly used for this purpose?,Pedestrian bridges are typically designated and marked closely in some cities. What object in the picture is commonly used for this purpose?
,0,"In cities, there are usually marked areas that allow pedestrians to cross the road safely. What object is typically used to indicate these areas in the picture?","In urban areas, there are designated pedestrians that are often marked to cross the road. What object is typically used to carry vehicles around these areas in the picture?"
,0,"If we were observing the sunset and its beautiful colors from the vantage point shown in the picture, what natural feature would obstruct our view to some extent?","If we were observing the sunset from the natural viewpoint and the beautiful setting shown in the picture, what part of its nature would be considered deficient by some point?"
,0,"If we were observing a beautiful sunset and its colorful display from the vantage point depicted in the picture, what natural feature could potentially obscure our view to some extent?","If we observe the sunset from a natural setting and its vivid color spot, what significant feature could be depicted potentially capturing our viewpoint?"
,0,Suppose we were viewing the sunset and admiring the beautiful colors from the vantage point in the picture. What natural feature might partially obstruct our view?,"If we were enjoying the natural view from the picture, what object might point to the spectacular view and possibly clearing our understanding in the blue spot?"
,0,"If we were observing the sunset and its beautiful colors from the viewpoint shown in the picture, what natural characteristic could obstruct our view partially?","If we were observing the sunset and the natural view shown in the picture, what characteristic could shield our attention from its natural setting clearly?"
,0,"Assuming that we were viewing the sunset and its beautiful colors from the same perspective depicted in the image, what natural feature might partially block our view?","Assuming we were viewing the sunset in the image and not the natural view depicted, what feature that might completely reflect our context?"
,0,"If we were observing the beautiful colors of the sunset from the vantage point shown in the picture, what natural feature would partially obscure our view?","If we were enjoying the natural setting seen in the picture from the sunset viewpoint, what large colour would obscure the reflection of our point clearly?"
,0,"When fishing on a boat, it is common to catch fish using a tool that is long and flexible. What object in the picture can be used for this purpose?","When fishing on a boat, it is common to catch fish that can be long and flexible. What object in the picture is used for this purpose?"
,0,"In fishing, it is common to catch fish by utilizing a long and flexible tool. What in the picture could be used for this purpose?","In fishing, it is common to catch fish by using a long and flexible tool. What in the picture could be utilized for this purpose?"
,0,"To catch fish while fishing on a boat, which object in the picture could be utilized for this purpose?","To catch fish on a boat while fishing, which object in the picture could be utilized for this purpose?"
,0,What item in the picture can be utilized for catching fish on a boat using a long and flexible tool?,What item in the picture can be utilized for catching and fishing a long boat using a tool?
,0,"When fishing on a boat, it is typical to catch fish using a tool that is lengthy and flexible. What object in the picture might be fit for this function?","When fishing for a fish, it might be convenient to fish on a boat that is tight and flexible. What object in the picture is typical using this tool?"
,0,What object shown in the picture can be used for catching fish while fishing on a boat? This tool is typically long and flexible.,What object shown in the picture can be used for catching and fishing while a boat? This tool is typically long on a rig.
,0,"If I need to print a document, what object in this room will help me complete the task?","If I need to complete a document, what object in this room will help me print the task?"
,0,"In the current room, what object would help you to print a document?","In the current room, what object would help you to print a document?"
,0,What tool or device located in this room will aid in the task of printing out a document?,What device or tool in this room will aid in the task of printing out a document?
,0,"If you need to print a document in this room, what device should you use to complete the task?","If you need to print a document in this room, what device should you use to complete the task?"
,0,Please show me the item in the room that can be useful for printing a document.,Please show me the item in the room that can be useful for printing a document.
,0,What item in the room would assist in the process of printing a document?,What item in the room would assist in the process of printing a document?
,0,"In many Western movies, cowboys are often seen participating in various activities in the town square. What object in the picture could be used by cowboys to protect themselves from the sun while participating in these activities?","In many movies, cowboys are often seen participating in wild activities to protect themselves while sitting in the sky. What object in the picture could be used by cowboys to protect themselves during these activities?"
,0,"In Western movies, cowboys often partake in a variety of activities in the town square. What item in the picture might be employed by these cowboys to safeguard themselves against the sun while engaging in these pursuits?","In cowboy movies, these creatures often engage in activities while hunting the jackals. What component in the picture might be utilized by cowboys to safeguard themselves in this area of pursuit?"
,0,"In Western movies, cowboys can often be observed performing various actions in the town square. While participating in such events, what accessory in the picture could provide protection from the sun?","In western movies, playful activities can be seen performing in the sky. While watching such countryside, what item in the picture could be typically responsible for supporting individuals in certain events?"
,0,"In Western movies, cowboys are frequently depicted engaging in various activities in the town square. Considering this context, what item in the picture might they utilize to protect themselves from the sun while doing so?","In western movies, men often engage in activities involving themselves while farming. Considering the items depicted in this picture, what item in the picture could they use to safeguard themselves from the woods?"
,0,"In many Western movies, cowboys are often seen participating in various activities in the town square; what object could be used by the cowboys to protect themselves from the sun while taking part in these activities?","In many movies, cowboys are often seen participating in public activities as weapons, which object can be utilized by the cowboys to stay in the sky during these activities?"
,0,"In the Caribbean Sea region, pirate attacks are common, so every ship needs to take appropriate defensive measures. What in the picture can be used to protect the ship from pirate attacks?","In the Caribbean, sea ships are often required to take protective measures to protect them from possible enemy attacks. What part of the cruise ship in the picture can be used to protect the sea ship?"
,0,What object(s) or equipment in the picture could be used to protect a ship from pirate attacks in the Caribbean Sea region where such attacks are common?,What object(s) in the picture could be used to protect ships or boats in the Caribbean Sea where such a ship escape is considered dangerous?
,0,"In the Caribbean Sea region where pirate attacks are common, what object in the picture could be utilized to protect a ship from being attacked?","In the Caribbean Sea where a sea attack is common in the picture, what object utilized to protect ships could be thrown into service?"
,0,"In the Caribbean Sea region, pirate attacks are common, so ships need to take appropriate defensive measures. What in the picture could be utilized to protect a ship from pirate attacks?","In the Caribbean, sea ships are often exploited to protect cruise ships. What appropriate government component in the picture could be utilized to protect sea ships from a terror attack?"
,0,"What in the picture can be utilized to protect a ship from pirate attacks, given that such events are frequent in the Caribbean Sea region?","What in the picture can be utilized to keep the ship alive in the Caribbean Sea, given that such vessels are likely to attack pirates?"
,0,"In many cultures, brides traditionally wear a specific type of dress for their wedding. What type of garment is commonly worn by brides on their special day?","In many cultures, brides traditionally wear a special type of dress on their wedding day. What type of brides wear for specific wedding?"
,0,"On a bride's special day, what type of garment is often worn as a traditional dress in many cultures?","On a bride's day, what type of dress is often worn as a traditional specialty in many cultures?"
,0,Brides usually wear a specific type of dress for their wedding in many cultures. What is the name of the outfit that is commonly worn by brides on their special day?,Many brides wear a specific type of dress for their special day. What is the name of the dress that is commonly worn by brides in their wedding?
,0,What is the specific type of garment that is commonly worn by brides on their wedding day in many cultures?,What is the specific type of garment that is commonly worn by many brides in their wedding celebrations on holiday?
,0,"What type of clothing is typically worn by brides on their wedding day, across many cultures?","What type of clothing is typically worn by brides on their wedding day, across many cultures?"
,0,Brides commonly wear a specific type of dress or garment during their wedding as part of many cultural traditions. What is the name or type of outfit that is generally worn by brides on their special day?,Many brides wear a specific type of dress or shirt as part of their special day. What is the type of dress or toy that is typically put on by brides during their wedding celebrations?
,0,"While rowing a boat, it is crucial to have synchrony and coordination among the members of the crew. What part of the boat is each member using to propel the boat forward?","While sailing, it is important to coordinate and track the movement of the boat among members of the crew. What part of a boat is that each member can port forward to make helping?"
,0,"When rowing a boat, synchrony and coordination among the members of the crew is crucial. Could you tell me what part of the boat each member is utilizing to move the boat forward?","When synchronizing the boat with a crew member, knowing the direction of the boat is crucial. What part of the crew can you use to chain and synchronize each member moving along?"
,0,"When rowing a boat, it is essential to have a synchronized and coordinated crew. What component of the boat is every team member using to push the boat forward?","When boarding a boat, it is essential to have a dynamic and coordinated crew. What component of the boat is each driver using to pull the boat forward?"
,0,"While rowing a boat, each member of the crew uses a certain area to help propel the boat forward, what is that part of the boat?","While sailing, each member of the boat uses a particular part to place something ahead of the boat, what is that part of the fleet?"
,0,"In rowing a boat, it is essential to have synchronization and coordination among the members of the crew. What part of the boat is each team member using to propel the boat forward?","In docking, it is essential to coordinate movement and coordination among the crew. What part of a boat is the member of the boat pulling each member of the crew forward?"
,0,"While rowing a boat, it is essential for the crew members to maintain synchronization and coordination. What part of the boat is being used by each member to propel the boat forward?","When sailing a boat, it is essential for the crew to maintain alignment and coordination. What part of the boat is used by the crew to keep each member moving forward?"
,0,"In the field of video editing, professionals often use a device to capture high-quality footage for their projects. What object in the picture can help them achieve this?","In the field of photography, professionals often use equipment to capture and edit high-quality images. What object in the picture can help them achieve this?"
,0,Professionals in the field of video editing often require a device to capture high-quality footage for their projects. What object in this picture could be used to assist in achieving this goal?,Professionals often require a device to capture high-quality images in their project. What object in the picture could be utilized for achieving this?
,0,"In the field of video editing, professionals frequently rely on a device to capture high-quality footage for their projects. Which item in the picture might serve this purpose?","In the field of professional photography, professionals rely on a device to capture high-quality images. Which item in this picture might serve their purpose?"
,0,Video editing professionals often use a equipment to capture high-quality footage for their projects. What object in the picture could assist in achieving this goal?,Artists often use footage to capture high-quality materials to achieve their goals. What object in the picture could assist in creating this project?
,0,"In the field of video editing, professionals generally utilize a tool to capture high-quality footage for their projects. What object in the picture can assist them in this undertaking?","In the field of photography, professionals utilize specialized tools to capture and draw a photograph. What object in this picture might assist them in their projects?"
,0,What object in the image can be utilized by video editing professionals to capture high-quality footage for their projects?,What object in the image can be utilized by professional photographers to capture high-quality video projects?
,0,"When it comes to shoes, some people prefer a more elevated style. What part of the shoe in the picture provides this elevated feature?","When it comes to shoes, some people prefer a lowered style. What part of the shoe in the picture offers this elevated feature?"
,0,"Elevated shoe style is preferred by some people. Could you identify the part of the shoe in the picture, which provides elevated feature?","Elevated shoe can represent a functional feature, which provides some style. Should you identify the part of the shoe shown in the picture?"
,0,"When it comes to shoes, some people prefer an elevated style. Could you identify the part of the shoe that provides this elevated feature shown in the picture?","When it comes to shoes, some people prefer an elevated style. Can you identify the part of the shoe shown in the picture that provides this elevated style?"
,0,"When it comes to shoes, some people prefer a heightened style. What aspect of the shoe depicted in the picture provides for this feature, or makes the shoe more elevated?","When it comes to shoes, some styles are depicted. What aspect of the shoe shown in the picture provides a lower elevation, or makes the shoe more stylish?"
,0,"When it comes to footwear, some people prefer to wear shoes with an elevated design. What part of the shoe in the picture would provide this elevated feature?","When it comes to shoes, some people prefer to wear a elevated shoe with an elevated feature. What part of the shoe in the picture would provide this design?"
,0,"For shoes, some individuals prefer an elevated style. Could you please identify the feature on the shoe in the picture that accomplishes this?","For some shoes, you can adjust the feature located within the shoe. Could someone suggest an area on the handle that attests to this?"
,0,"When we want to listen to music or other audio content at a louder volume, what device in the picture can we use to enhance the sound?","When we want to listen to music at a louder volume or other content, what device in the picture can we use to amplify the sound?"
,0,"When we want to listen to music or other audio content at a louder volume, which device in the picture can be utilized to amplify the sound?","When we want to listen to music at a louder volume, which device in the picture can be utilized to amplify the audio or other sound?"
,0,Which object in the picture could be utilized to increase the volume and make music or other audio content louder?,Which object in the picture could be utilized to make music or other audio louder?
,0,What device in the image can be utilized for amplifying the sound when we want to listen to music or other audio content at a higher volume?,What device in the image can be utilized for listening to audio at a higher volume when we want to amplify the audio content or other sound?
,0,"When we want to listen to audio content at a louder volume, what device in the picture can be used to enhance the sound?","When we want to listen to lighter audio at a sincere volume, what device in the picture can be used to enhance the sound?"
,0,"During a birthday party, there is often a table set up with various presents for the birthday boy or girl. What in the picture could be used to hold and present these gifts?","In a birthday party, there is usually a table set up for the boy or girl to hold and present her gifts. What in the picture could be used to carry various birthday gifts?"
,0,"At a birthday party, there is typically a table with an array of presents set up for the birthday boy or girl. Please identify which object in the picture could be employed to hold and display these gifts.","At a birthday party, there may be a table with several gifts for the boy present. Please identify the object in which the item can be set up to display or display these gifts."
,0,"When holding a birthday party, one might set up a table with various gifts for the birthday girl or boy. What item in the picture could be utilized to contain and present these gifts?","When giving a birthday party, one might have various gifts for the couple to put in. What item in the table could be utilized to gather and display such gifts?"
,0,"As a birthday party approaches, many people often display various presents for the birthday boy or girl on a table. Please tell me what in this picture could be used to hold and present such gifts?","As a birthday present, many people often wish to hold or present a wedding gifts for their children. What item in this table could be used to describe such wedding belongings on this table?"
,0,What in the picture could be used for holding and displaying birthday presents for the birthday boy or girl?,What in the picture could be used for displaying birthday and boy presents for the birthday boy or girl?
,0,"If you were setting up a birthday party, what item in the picture could you use to display and present a selection of gifts for the birthday boy or girl?","If you were to present a birthday party, what item in the picture could you use to set up a table for the girls or display special gifts?"
,0,What object in the picture can effectively prevent water and foam from splashing outside the shower area and keep the bathroom dry and clean?,What object in the picture can prevent water and soap from drying out and retaining the shower and bathroom loosely?
,0,Which item in the picture can be utilized to prevent water and foam from splashing outside the shower area and help maintain a dry and clean bathroom?,Which item in the picture can be utilized to help prevent moisture and water from getting into a dry and clean shower area and relaxing the bathroom?
,0,"What object in the picture can function to prevent water and foam from splashing outside of the shower area, thereby keeping the bathroom clean and dry?","What object in the picture can prevent water and soap from splashing out of the shower area, thereby keeping the bathroom clean and dry?"
,0,"What item in the picture can help prevent water and foam from splashing outside of the shower area, keeping the bathroom dry and clean?","What item in the picture can help prevent water and soap from getting wet and splashing out of the shower area, keeping the bathroom clean?"
,0,What is the object in the picture that can effectively prevent water and foam from splashing outside the shower area and keeping the bathroom clean and dry?,What is the object in the picture that can effectively keep the bathroom surface moist and water from drying out and avoiding splash and foam around the shower?
,0,What item in the picture can help avoid water and foam splashing beyond the shower area and keep the bathroom clean and dry?,What item in the bathroom can help avoid water splash and shower cleaning and keeping the area warm?
,0,What object in the picture is the most suitable for placing food on and enjoying a meal?,What object in the picture is the most suitable for placing food on and enjoying a meal?
,0,"What object in the picture is the most suitable for placing food on and enjoying a meal, such as dinner or lunch?","What object in the picture is the best suitable for placing on and enjoying lunch or dinner, such as a meal?"
,0,Which object in the picture is the most suitable for holding food and allowing one to enjoy a meal?,Which object in the picture is the most suitable for holding a meal and suitable for enjoying one?
,0,the objects that are significantly different in placement and orientation from other objects,the objects that are significantly different in orientation and placement from other objects
,0,"In agricultural management, it is necessary to spray pesticides on crops in a timely manner to prevent various diseases. What in the picture could be threatened during this process?","In the agricultural process, it is necessary to spray pesticides on crops to prevent diseases. What item in this picture could be handled aggressively in various ways?"
,0,"When it comes to spraying pesticides on crops to stave off various diseases, what might be at risk during this operation?","When it comes to spraying pesticides to kill off diseases during this process, what might be at stake?"
,0,The application of pesticides to crops might be necessary to prevent infections in agricultural administration. What part in the picture is at risk during this process?,The application of pesticides to agriculture may be necessary to prevent infections in crops. What part of the picture is involved in this process?
,0,What could be at risk during the process of pesticide application to crops in the picture?,What could be at risk of pests during the process of crops in the picture?
,0,"When pesticides must be applied to crops in a timely manner to prevent various diseases, what aspect in the picture might be at risk during this process?","When pesticides are applied appropriately to cut vegetables during the harvest, what type of matter in this manner may be in a problem to ensure various diseases?"
,0,"When applying pesticides to crops, numerous factors are at risk of damage. Based on the image, what might be at risk during this process?","When using pesticides, various factors are at risk of harm during processing. Based on this picture, what might be exposed to the problem?"
,0,What part of the sink can control the water flow?,What part of the sink can control the water flow?
,0,What is the name of the part that controls the flow of water in the sink?,What is the name of the part that controls the flow of water in the sink?
,0,What aspect of the sink can be utilized to manage and regulate the flow of water?,What aspect of the sink can be utilized to regulate and control the flow of water?
,0,What is the term for the part of the sink which controls the flow of water?,What is the term for the part of the pipe which controls the flow of water?
,0,What can control the flow of water from the faucet in a sink?,What can control the flow of water from the faucet in a sink?
,0,"After giving birth, a mother may be too weak to walk and needs to rest in bed to recover. Who in the picture is most likely to be a mother who has just given birth and needs to rest in bed?","In a bed, one mother who needs to rest is likely to be in good shape and needs to walk. Who is giving birth to a baby who has either slept or needs to rest after being born?"
,0,This picture doesn't provide any relevant information to identify who is most likely to be a mother who has just given birth and needs to rest in bed.,This picture does not provide any information about who might be the most likely mother to have a baby who is still in birth but needs to be rested.
,0,"In the provided picture, it's difficult to determine who's likely to be a mother recovering from childbirth and requiring rest. The picture doesn't provide sufficient information to make this determination.","In this table, it's determined who's recovering from a mother's neglect and unable to provide sufficient information to make the determination. The information that's likely to provide sufficient evidence doesn't make this recall."
,0,"From the given picture, who could be a mother that needs to rest in bed to recover, as she might be too weak to walk after childbirth?","From the picture, who might need to be able to rest after birth to recover from childbirth, as she is too weak to stand in bed?"
,0,"In a bakery, bread and pastry products need to be cooled down after they come out of the oven. What area in the picture could be used for this purpose?","In a bakery, breads need to be cooled and put out after being baked. What area in the picture could be used for this purpose?"
,0,"If you were working in a bakery, where in the picture could you place bread and pastry products to cool them down after they come out of the oven?","If you were working in a bakery, where in the picture could you put bread and cheeses after they come out of the oven to cool down?"
,0,"If you need to cool down freshly baked bread and pastry products upon removal from the oven in a bakery, what area in the picture might be used for this purpose?","If you need to remove baked bread from a oven or freezer for cooking purposes, what area in the picture might be neatly brewed in this particular bread products?"
,0,"In a bakery, what area in the picture could be used for cooling down bread and pastry products after they come out of the oven?","In a bakery, what area in the picture could be used for cooling bread down after they come out of the oven?"
,0,"At a bakery, what area in the picture could be utilized to cool down bread and pastry products after they are finished baking in the oven?","In a bakery, what area in the picture could be utilized to bake bread pieces after they are finished cooking in the oven?"
,0,"In a bakery, bread and pastry products will be cooled down after they come out of the oven. Could you point out what area in the picture would be used for this purpose?","In a bakery, products from the oven can be cooled down and put out after they are cooked. Could you please point out what area in this picture would be used for this purpose?"
,0,"If the character in the picture is a wizard from the Harry Potter world, what would he ride on to fly in the air?","If the character in the picture is a fly on the Harry Potter universe, what would he ride to wink in the air?"
,0,"Assuming that the character in the picture is a wizard from the Harry Potter world, what would he use in order to fly through the air?","Assuming that the character in the image is a fly from the Harry Potter universe, what would he use to draw in order to watch?"
,0,"If the character in the picture is a wizard from the Harry Potter world, what kind of object would he typically ride on to fly into the air?","If the character in the image is a flying creature from the Harry Potter universe, what kind of wolf would he typically pull to take on in the air?"
,0,"If a person in the picture is a wizard from the Harry Potter world, what object would he typically ride on to fly through the air?","If a person in this image is a Harry Potter fan, what object would he typically fly through to ride on the wagon?"
,0,"Assuming that the character in the picture is from the Harry Potter world, what is the object that he would typically ride on to fly in the air?","Assuming that the character in the image is from the Harry Potter universe, what is the object that he typically would ride on to fly in the air?"
,0,"If this character is a wizard from the Harry Potter world, what would he typically use to fly in the air?","If this character is a fly from the Harry Potter universe, what would he typically use to waddle in the air?"
,0,"If we need to enter a room, what is the object we need to go through to enter it?","If we need to enter a room, what is the object we need to go through to enter it?"
,0,"In order to enter a room, what obstruction should we cross through to gain entry?","In order to enter a entry, what obstruction should we cross through to get to entry?"
,0,"If we need to access a room, what structure do we typically need to pass through in order to enter it?","If we need to enter a room, what structure do we typically need to pass through in order to access it?"
,0,What is the item that needs to be passed through in order to enter a room?,What is the item that needs to be passed through in order to enter a room?
,0,What would you need to go through to enter a room?,What would you need to go through to enter a room?
,0,What object must we pass through to enter a room?,What object must we pass through to enter a room?
,0,"While working at a desk, it's important to maintain a comfortable seating position. What object in the picture could be used to provide a raised seating area for this purpose?","While working at a seating place, it's important to maintain a comfortable seating position. What object in the picture could be used to provide a support for this purpose?"
,0,"When working at a desk, maintaining a comfortable seating position is critical. What item in the picture could be utilized to provide a raised seating area for added comfort?","When working at a seated desk, a comfortable position is essential. What item in the picture could be utilized to provide a supportive seating spot to maintain height?"
,0,"What object could potentially be employed to provide a raised seating area, which can be essential for ensuring a comfortable posture while working at a desk?","What could potentially be employed to ensure a comfortable work area, which could be essential for establishing a desk position while working on a tee?"
,0,"When working at a desk, it's critical to maintain a comfortable seating position. To achieve this, what tool in the picture could be utilized to provide a raised seating area?","When working at a desk, it's essential to maintain a seated position. What tool in the picture could be utilized to provide this seating spot?"
,0,"When working at a desk, it's important to maintain a comfortable seating position. What object could you use to create a raised seating area for this purpose?","When working at a seating area, it's important to create a comfortable seating position. What object could you use to hold a desk for this purpose?"
,0,Herbs and spices are commonly used to enhance the flavor of various dishes. What item in the picture could be used to hold and serve these herbs and spices?,Herbs and spices are commonly used to enhance and flavor various dishes. What item in the picture could be used to hold the herbs and spices of these products?
,0,What item in the picture could be utilized to hold and serve herbs and spices that are frequently used to enhance the taste of various dishes?,What item in the picture can be utilized to hold and serve various dishes that are frequently used to enhance the taste of spices?
,0,What object in the picture could be utilized to contain and dispense herbs and spices used to enhance the flavor of dishes?,What object in the picture could be utilized to contain and enhance the flavor of spices and herbs to serve dishes?
,0,"What object in the picture could be utilized to hold and serve herbs and spices, which are frequently employed to enhance the flavor of dishes?","What object in the picture could be utilized to hold and enhance the flavors of dishes, which are commonly employed to serve herbs and spices?"
,0,"What object in the picture might be utilized to contain and distribute herbs and spices, which are frequently used to enhance the flavor of food?","What item in the picture might be utilized to distribute and enhance the flavor of foods, commonly used to contain herbs and spices?"
,0,What item in the picture could be utilized to contain and dispense herbs and spices for the purpose of enhancing the flavor of various dishes?,What item in the picture can be utilized for the purpose of enhancing the flavor of various spices and herbs to flavor and dispense dishes?
,0,What vehicle in the picture is designed to be used in snowy areas and has the ability to land and take off vertically?,What vehicle in the picture is designed to be used on flat terrain and has the ability to snow and take off vertically?
,0,Which vehicle in the picture is designed to operate in snowy areas and is capable of vertical takeoff and landing?,Which vehicle in the picture is designed to operate in vertical terrain and is capable of takeoff and snowing?
,0,What type of vehicle in this picture is specifically built to operate in snowy regions and has vertical takeoff and landing (VTOL) ability?,What type of vehicle in this picture is designed to take off and has vertical snowfall and proper VLANA technology?
,0,What vehicle is present in the image that is intended to be used in snowy areas and has the ability to vertically land and take off?,What item is present in the image that is designed to snow and can be used in terrain to vertically hold off and take off?
,0,What is the name of the vehicle in the picture that has both the capability to take off and landing vertically and is primarily utilized in regions with snow?,What is the name of the vehicle in the picture that is primarily utilized to take off and have the capability in snow with vertical flows?
,0,"In the picture, what type of vehicle is crafted primarily for use in snowy locations and has the ability to land and take off vertically?","In the picture, what type of vehicle is designed for use in snow and has the ability to run and land vertically off large lands?"
,0,"When hiking, it is common for people to take breaks and enjoy the scenic views around them. What object in the picture would provide a stunning natural view for hikers to pause and admire?","When hiking, it is common for people to take pictures and enjoy beautiful views. What object in the picture would provide a comfortable spot for hikers to stand upon?"
,0,"When hiking, hikers often take breaks and enjoy the beautiful scenery around them. What item in the picture will offer hikers an enchanting natural view to stop and appreciate?","When hiking, mountain climbers often enjoy beautiful scenery and relaxing views. What item in the picture will offer hikers an opportunity to take in and enjoy their beauty?"
,0,"When hiking, it is common for people to take breaks and appreciate the beautiful scenery around them. What object in this picture would offer hikers a stunning natural view to stop and admire?","When hiking, it is common for people to take stroll and enjoy beautiful scenery. What object in this picture would offer the hikers a comfortable spot to appreciate and appreciate?"
,0,"During a hike, it is common for individuals to take a few breaks and appreciate the picturesque surroundings. What object in the picture could provide a stunning natural view for hikers to pause and admire?","During a hike, it is common for people to take a few moments and appreciate the beautiful views. What object in the picture could provide a suitable spot for hikers to submerge at?"
,0,"During a hike, people often take breaks to admire the scenic views that surround them. What aspect in the picture would provide a stunning natural view for hikers to pause and admire?","During a hike, visitors often stroll through beautiful views to impart natural scenery and views. What part of the picture would accommodate the people in for hike to feel?"
,0,"For hikers taking a break during a hike to marvel at the natural beauty around them, what object in the picture would offer a stunning scenic view?","For hikers strolling around a natural hill to take a break, what object in the picture would offer a gorgeous view of the beauty?"
,0,the person who is doing exercise,the person who is doing exercise
,0,something that can make the food more delicious,something that can make the food more delicious
,0,the person who is not likely to be a player,the person who is likely not to be a player
,0,"When a teacher is explaining the content of a course, what might they use in the classroom to enhance students' understanding?","When a student is using content in a classroom, what might they use to enhance the understanding of the course?"
,0,"In a classroom, what might a teacher use to improve students' comprehension of a course's material when delivering a lecture?","In a classroom, what might a teacher use to deliver a student's comprehension of a lecture when improving a course?"
,0,"When a teacher is explaining the contents of a course, what may they use in the classroom to improve students' comprehension?","When a teacher is using content in a classroom, what may they use to enhance the comprehension of a subject?"
,0,"During a classroom lecture, what resource might a teacher use to augment student comprehension of the subject matter?","During a classroom discussion, what resource might a teacher use to comprehend the subject matter?"
,0,"During a classroom lecture, what could a teacher use to augment students' comprehension of the course material?","In a classroom lecture, what could a teacher use to enhance the comprehension of students material?"
,0,"When a teacher is explaining the content of a course, what tools or equipment might they utilize in the classroom to aid in students' comprehension?","When a student is utilizing materials in a classroom, what tools or instruments might they provide to facilitate the comprehension of a topic?"
,0,"When spending time outdoors, it is important to protect ourselves from insect bites. What part of the body in this picture is most susceptible to insect bites?","When spending time outdoors, it is important to protect yourself from insect bites. What part of the body in this picture is most susceptible to insect bites?"
,0,What part of the human body in this picture would be most at risk of insect bites when spending time outdoors?,What part of the human body in this picture would be most at risk of spending time outdoors when visiting insects?
,0,"During outdoor activities, it is crucial to safeguard ourselves from insect bites. What part of the body, as shown in this image, is particularly vulnerable to insect bites?","Throughout our environment, it is essential to protect themselves from insect bites. What part of the body, as shown in this picture, is particularly vulnerable to certain insect bites?"
,0,"When spending time outdoors, insect bites can be a concern. Which part of the body in this picture is particularly susceptible to bites?","When spending time outdoors, bites can be a particularly susceptible part of the body. Which area of this pets in picture is particularly susceptible to bites?"
,0,something that can transfer solar energy to electric energy,something that can transfer electric energy to solar energy
,0,the part that the deers use for fighting,the part that the deers use for fighting
,0,"If someone wants to relax their back and take a nap, where in the living room is the most comfortable for them to sit on?","If someone wants to relax and sit down, where in the bed is the most comfortable for them to take a nap on?"
,0,"If one intends to relieve their back and take a nap, where would be the most comfortable area in the living room to sit on?","If one wants to relieve their sleep in the bed, where would be the best place to sit on?"
,0,"If someone wants to relax their back and take a nap, what furniture in the living room would be the most comfortable for them to sit on?","If someone wanted to relax and sit down, what furniture in their bed would be the most comfortable for them to take on their nap?"
,0,Where is the most comfortable area in the living room for someone to sit and take a nap whilst also relaxing their back?,Where is the main comfortable area for someone to sit and relax while taking a nap in their bed?
,0,"If someone wants to relax their back and take a nap, where is the most comfortable spot to sit in the living room?","If someone wants to relax and take a nap in the living room, where is the best place to sit?"
,0,"What object can people use to listen to music, watch videos, or read e-books before going to bed?","What object can people use to listen to music, read e-books, or watch videos before going to bed?"
,0,"What object can be utilized to listen to music, watch videos, or read e-books before going to bed?","What object can be utilized to listen to music, watch videos, or read e-books before going to bed?"
,0,"What device do you recommend people can use to listen to music, watch videos, or read e-books before going to bed?","What device do you recommend to use to listen to music, watch videos, or e-mail books before going to bed?"
,0,"What object can people utilize to listen to music, watch videos, or read e-books before going to bed?","What can people utilize to listen to music, read e-books, or watch videos before going to bed?"
,0,"What object can individuals use to listen to music, watch videos, or read e-books before going to bed?","What object can individuals use to listen to music, watch videos, or read e-books before going to bed?"
,0,"What object could you use to listen to music, watch videos, or read e-books before going to bed?","What object could you use to listen to music, watch videos, or e-mail books before going to bed?"
,0,"In order to ensure the tire is inflated properly, what area in the picture could be used to check the air pressure and add air if needed?","In order to ensure the air pressure in the tire is adjusted properly, what area could be used to inflate the air and add pressure if needed?"
,0,"When performing tasks such as inflating tires, what region in the image might be utilized for the purpose of checking air pressure and adding air if necessary?","When inflating tires, what area in the image might be utilized for the purpose of performing tasks such as applying air pressure and checking tire pressure if necessary?"
,0,"To ensure that a tire is inflated properly, what area in the picture could be used to verify the air pressure and add air as required?","To ensure that the air pressure in the tire is adjusted properly, what area could be used to inflate air and add pressure as required?"
,0,"To ensure that the tire is properly inflated, which part of the picture can be used to check the air pressure and add air as necessary?","To ensure that the air pressure is adjusted properly, which part of the tire can be used to inflate the air and add air as necessary?"
,0,Which part of the picture can be used to gauge the air pressure in a tire and add air as necessary to achieve proper inflation?,Which part of the tire can be used to add air pressure and inflate the air as necessary to achieve a proper diameter?
,0,"To check and confirm that a tire is properly inflated, what part of the picture can be utilized for assessing air pressure and adding air if required?","If a tire is inflated and required, what part of the picture can be utilized to check air pressure for ensuring that it shows correct tire pressure?"
,0,What structure in this room can be used to prevent light from outside the window shining directly on the bed?,What structure in this room can be used to prevent light from shining directly on the bed outside the window?
,0,"In a classroom setting, students often use electronic devices to assist their learning. What object in the picture could provide visual information and display educational content?","In a classroom setting, students often use electronic devices to provide visual instruction. What object in the picture could display content or help understand?"
,0,"In a classroom setting, electronic devices are commonly used to support and enhance learning. Can you identify the object in the picture that has the capability to display visual information and educational content?","In a classroom, electronic devices have the potential to enhance learning and functional information. Can you identify the device in the picture that is commonly used to display visual content and instruction?"
,0,"In a classroom setting, students often use electronic devices to assist their learning. Can you identify an object that could provide visual information and display educational content in the picture?","In an educational setting, students use electronic devices to provide visual information and help identify their subject content. Can you identify an object that could display familiar learning in the picture?"
,0,"In an educational setting, students often leverage electronic devices to support their learning. What is the object in the picture that might present visual information and exhibit educational content?","In an educational setting, students often use electronic devices to display their visual information. What is the object in the picture that might facilitate learning and present content?"
,0,"In a classroom setting, students frequently rely on electronic devices to support their learning. Please identify an item in the picture that can display educational content and provide visual information.","In an educational setting, students rely on electronic devices to provide classroom content. Please identify an item in the picture that can display their reading and support basic learning."
,0,"In a classroom setting, electronic devices are often used by students to assist their learning. What object in the picture could be utilized to provide visual information and display educational content?","In a classroom setting, electronic devices are frequently utilized to provide educational content. What object in the picture can be used to display text or visualize their instruction?"
,0,"When we are getting down or up a stairway and want to ensure our safety, what do we need to hold or lean on?","When we are getting up or standing on a sidewalk and want to keep our safety, what do we need to strap or shield?"
,0,"When descending or ascending a staircase and looking for a measure of safety and balance, what do you need to hold onto or lean against?","When staring down and stretching or standing up and looking for a measure of balance or safety, what do you want to shield your outer hand against?"
,0,What do we need to hold or lean on to ensure our safety when we are going up or down a stairway?,What do we need to ensure we are standing up or down when going on stairway?
,0,What should we hold or lean on when descending or ascending a stairway to ensure our safety?,What should we lean or lean over when stairwaying or ensuring our ascension?
,0,What do we need to hold onto or lean against when getting up or down a staircase to ensure our safety?,What do we need to hold up or protect against when getting up or down from a staircase?
,0,"When using a stairway and aiming to ensure safety while getting up or down, what is typically held or leaned on for support?","When sitting up and being stitched or down for support, what is typically used to ensure safety while leaning on or up?"
,0,"During the holiday season, children often have the opportunity to sit on someone's lap and share their wishes. Who in the picture is traditionally known for wearing a red suit and sitting on a throne-like chair to listen to children's wishes?","During a family's day, children are often held on their back to sit and watch the performances. What object in the picture is meant to feature someone who loves standing up and dressed in a dove-like jacket for judgment?"
,0,"During the holiday season, children often take the opportunity to sit on someone's lap and share their wishes. Who in this picture is typically known for wearing a red suit and sitting on a throne-like chair in order to listen to children's wishes?","During a family's day, people are often sitting on a chair and dressed in the white suit to enjoy these moments. What object in picture is typically given to allow someone to stand up and take on their lovely shoulders?"
,0,"Who is traditionally known for donning a red suit and sitting on a throne-like chair to listen to children's wishes during the holiday season, based on the picture?","Who is traditionally known for holding a children's dress and serving on the shoulders for holiday fun, based on the statue-like box?"
,0,"During the holiday season, children might have the opportunity to sit on someone's lap and share their wishes. Can you identify who, according to tradition, is known for wearing a red suit and sitting on a throne-like chair to listen to the children's wishes, based on the picture?","People are known to sit on their back and wear a suit, inspired by the family's theme. According to the picture, what could someone, typically on the lap, be wearing to hold children's clothes for such moments in sequence?"
,0,"Who, traditionally, is known for wearing a red suit and sitting on a throne-like chair during the holiday season to listen to children's wishes?","Who, traditionally known for wearing a pair of brown clothes and standing on the throne for a family's holiday theme, is seen to cheer-like tomorrow?"
,0,"Who is traditionally recognized for wearing a red suit and sitting on a throne-like chair to listen to the wishes of children, which often occurs during the holiday season?","Who is traditionally seen in honor of the husband, who stands alone and typically worn on a waist to serve for holiday-like appearances?"
,0,"After we finish using the washing machine, what part of the machine should be closed?","After finishing the washing machine, what part of the machine should be closed?"
,0,"When we are done with using the washing machine, what part of the machine should we make sure to close?","When we are done with the washing machine, what part of the machine should we make sure to close?"
,0,"When you're done using the washing machine, what part of the machine should be closed/shut?","When you're done using the washing machine, what part of the machine should be closed/shut?"
,0,What part of the washing machine needs to be closed after it has completed its cycle?,What part of the washing machine needs to be closed after it has completed its cycle?
,0,"When navigating through rapid waters, it is crucial to have proper safety equipment to ensure personal safety. What item in the picture is essential for this purpose?","When navigating through water for personal safety, it is crucial to have proper safety equipment. What item in the picture is essential to ensure this?"
,0,"When navigating through rapid waters, what item from the picture is considered crucial for ensuring personal safety by providing the appropriate safety equipment?","When navigating through the snow, what item from the picture is essential for ensuring safety by providing crucial safety equipment?"
,0,"When navigating through turbulent or rapid waters, what piece of equipment is crucial for ensuring personal safety?","When navigating through turbulent or deep waters, what piece of equipment is crucial for ensuring safety?"
,0,"When navigating through rapid waters, safety equipment is essential for ensuring personal safety. Please identify the crucial item in this picture that serves this purpose.","When navigating through water, safety is crucial for ensuring personal safety. Please identify the essential items in this picture that serves this purpose."
,0,Which item in the picture is considered essential for personal safety while navigating through rapid waters?,Which item in the picture is essential for safety while navigating through dangerous vertical flows?
,0,"What equipment is essential for ensuring personal safety while navigating through rapid waters, as depicted in the picture?","What essential equipment is essential for ensuring safety while navigating roads, as depicted in the picture?"
,0,What appliance in the kitchen is mainly used to make breakfast and produce toast?,What main appliance in the kitchen is mainly used to make bread and produce toast?
,0,Which kitchen appliance is primarily utilized for making breakfast and creating toasted bread?,Which kitchen appliance is primarily utilized for making bread and creating toasted bread?
,0,What kitchen appliance is typically utilized to make breakfast and produce toast?,What kitchen appliance is generally utilized to produce bread and toast?
,0,What appliance in the kitchen is primarily used for making breakfast and producing toast?,What kitchen appliance in the cabinet is primarily used for making soup and producing toast?
,0,"In the kitchen, what appliance is primarily used to prepare breakfast and produce toast?","In the kitchen, what appliance is primarily used to prepare and serve bread?"
,0,"In the picture, there is a stylish and fast car. Who in the picture is most likely the owner or driver of this car?","In the picture, there is a stylish and quick car. Who in the picture is the owner or driver of this car?"
,0,Who in the picture is most likely the owner or driver of this stylish and fast car?,Who in the picture is most likely the owner and driver of this stylish and fast car?
,0,Who is most likely the owner or driver of the fast and stylish car in the picture?,Who is the owner and possibly the car of the quick and stylish driver in the picture?
,0,Who might be the owner or driver of the stylish and fast car depicted in the picture?,Who might be the owner and driver of the stylish and photographed car depicted in the picture?
,0,Who is most likely the owner or driver of the stylish and fast car in the picture?,Who is the owner and possibly the car of the stylish and quick driver in the picture?
,0,"Among the individuals in the picture, who is most likely to be the owner or driver of the stylish and fast car depicted in the image?","Among the individuals in the picture, who is probably the owner and driver of the stylish car shown in the picture?"
,0,Which object in the picture can be opened and closed to control the amount of light entering the indoor environment?,Which object in the image can be opened and closed to control the amount of indoor light entering the environment?
,0,What object can be opened and closed to regulate the quantity of light entering an enclosed space in the given picture?,What object can be opened and closed to regulate the quantity of light entering an enclosed space in the given picture?
,0,What part of the picture allows for controlling the amount of natural light that enters indoors by being open or closed?,What part of the indoor screen that allows for directing the amount of light entering by being green or open?
,0,What object in the picture is used to regulate the amount of sunlight entering the indoor environment?,What object in the image is used to regulate the amount of sunlight entering the indoor environment?
,0,What object in the picture functions to regulate the amount of light that enters the indoor environment by being able to open and close it?,What object in the image is able to open and close the indoor environment by controlling the amount of light that powers it to maintain it?
,0,the object used for holding food,the object used for holding food
,0,"In a multistory building, people often use a specific means of transportation to move up or down between different levels quickly and conveniently. What object in the picture provides this function?","In a railway system, people often use a specific function to move around or transport it quickly and easily. What object in the picture provides different levels of transportation within this?"
,0,What object in this picture is commonly used in a multistory building to move up or down between different levels quickly and conveniently?,What object in this picture is commonly used to move around or down from a central structure to change directions neatly and easily?
,0,"In a multistory building, what object is often utilized to travel between different levels quickly and conveniently?","In a primitive building, what object is often utilized to travel wide increments quickly and easily?"
,0,"In a multistory building, people typically utilize a particular object for quick and convenient transportation between different floors. What is this object in the picture?","In a large building, people typically use a particular object for multitude of transportation through different floors. What is the object in this picture?"
,0,What object in the picture is commonly used to easily and expediently move between various levels of a multistory building?,What object in the picture is commonly used to easily and continuously move between various levels of a temple?
,0,"When we need to sit down and prepare for meals at the dining table, what object do we need to move to be able to do so?","When we need to sit down and prepare meals at the table, what object do we need to be able to do so to dine?"
,0,What is the object that we typically move to be able to sit down and prepare meals at the dining table?,What is the object that we usually sit down at to be able to prepare and dine meals?
,0,What item should be moved to begin preparing for a meal at the dining table?,What item should be moved to prepare for a meal at the dining table?
,0,"To prepare for a meal at the dining table, which item should be moved to create seating space?","To prepare for a meal at the dining table, which item could be moved to create seating space?"
,0,Children often like to sleep with their favorite toys by their side. What object in the picture can be served as a child's favorite toy?,Children often like to play with their favorite toys by their side. What object in the picture can be served as a child's favorite toy?
,0,What object in the picture might be considered a favorite toy for a child who likes to sleep with their toys?,What object in the picture might be considered a favorite toy for a child who likes to sleep with their toys?
,0,What object in the picture might be considered a favorite toy for a child to cuddle with while sleeping?,What object in the picture might be a common toy for a child to cuddle with while sleeping?
,0,What objects in the picture could serve as a child's favorite toy to sleep with?,What objects in the picture could serve as a child's favorite toy to sleep with?
,0,What about the objects in the picture could potentially serve as a child's favorite toy to keep by their side while sleeping?,What objects in the picture could potentially serve as a child's favorite to keep around by sleeping?
,0,"When driving on the road, one may encounter situations where they need assistance from law enforcement to ensure safety and maintain order. What type of vehicle in the picture could provide this assistance?","When driving on the road, one may need assistance from state authorities to ensure their safety and order. What type of vehicle in the picture can provide assistance where in this scenario?"
,0,"In situations where safety and order need to be maintained during driving, what type of vehicle in the picture could provide assistance from law enforcement?","In situations where safety needs to be provided during vehicle checkup, what type of law in the picture could provide assistance from police?"
,0,"During road travel, there may be situations where law enforcement intervention is required to ensure safety and maintain order. What type of vehicle in the picture is capable of providing such aid?","In road safety situations, there may be a vehicle where enforcement is required to ensure proper form of service. What type of road intervention in the picture is providing to assure such safety?"
,0,"During a drive on the road, one may encounter circumstances that necessitate the involvement of law enforcement to ensure safety and maintain order. What type of vehicle in the picture might be able to provide this assistance?","When driving on a highway, one may encounter situations where the vehicle may be involved to ensure the safety of the road. What type of instruction in the picture can provide assistance to establish such enforcement?"
,0,"When driving on the road, one may encounter situations where assistance from law enforcement is required to ensure safety and maintain order. Which type of vehicle could potentially offer this necessary aid in the provided picture?","When driving in a vehicle where law enforcement is required, one might encounter assistance from the state to ensure proper safety and assistance. Which type of vehicle provided in this scenario could offer assistance on:"
,0,What type of vehicle in the picture could be used by law enforcement to ensure safety and maintain order while driving on the road and encountering challenging situations?,What type of vehicle in the picture can be used by law enforcement to ensure safety and maintain order while confronting dangerous situations on the road?
,0,"In a classical music concert held in a living room, what instrument would typically be played to create beautiful melodies?","In a musical room built to play piano, what instrument would typically be played in a musical celebration to create beautiful melodies?"
,0,"At a classical music recital in a living room, which musical instrument is commonly used to produce beautiful melodies?","At a musical concert in a living room, which musical instrument is commonly used to produce beautiful melodies?"
,0,"To create a beautiful melody in a classical music concert held in a living room, what musical instrument is commonly played?","To create a musical tone in a beautifully played concert room, what instrument is commonly played inside a jazz concert?"
,0,"In a classical music concert held in a living room, which musical instrument would typically be played to create beautiful melodies?","In a musical room performed in a live concert, which musical instrument would typically be laid to create beautiful melodies?"
,0,"In a classical music concert held in a living room, what type of instrument would commonly be played to produce beautiful melodies?","In a musical concert held in a live room, what type of instrument would be commonly played to produce beautiful melodies?"
,0,the owner of this car,the owner of this car
,0,"In urban areas, there are often signs placed on poles to provide information or directions. What specific type of sign can be found attached to a pole in the picture?","In rural areas, signs are often placed on poles to provide a link or direction. What type of special sign can be seen attached to the picture?"
,0,"In urban areas, poles are often utilized to display signs that provide information or directions to the public. What specific type of sign can be observed attached to a pole in the picture?","In public areas, poles are often placed near a pole to display information or signs. What type of vertical pole can be utilized to indicate what is seen in the picture?"
,0,"In urban areas, poles often contain signs that offer relevant information or guidance. Based on this picture, what particular kind of sign can be found attached to a pole?","Within towns, poles often contain specific signs that can be attached to a pole. Based on this picture, what kind of relevant information might be found?"
,0,"In urban areas, it is common to see signs attached to poles that provide information or directions. What specific type of sign is visible in the picture?","In rural areas, it is common to see signs that connect to specific poles or directions. What type of sign is visible in the picture?"
,0,"In urban areas, poles are frequently used to exhibit signs for directions and information. Which specific type of sign is mounted on a pole in the picture?","In urban areas, poles are often mounted on a pole for tracking or directions. Which type of sign is used to display information in the picture?"
,0,"In urban areas, different types of signs are often attached to poles, providing people with information or directions. Please identify the specific type of sign that can be found affixed to a pole in the picture.","In areas, different types of signs can be attached to different poles, often found in areas with certain information. Please identify the type of sign that is displayed or affixed to a pole."
,0,"In this picture, there are objects flying in the sky. Which object is specifically designed for human passengers to fly and travel in the atmosphere?","In this picture, there are objects designed specifically for flying in the sky? Which object is flying and interact to fly in the atmosphere?"
,0,"Among the objects flying in the sky depicted in the picture, what object is specifically designed to enable human passengers to travel through the atmosphere?","Among the objects visible in the air designed to fly simultaneously, what animal is depicted in the picture to navigate the terrain?"
,0,"In this picture, which object is distinctively designed for human passengers to travel and fly within the atmosphere?","In this picture, which object is uniquely designed for humans to fly and navigate within the atmosphere?"
,0,"Among the objects that are flying in the sky in the picture, which one is specifically designed to transport human passengers and travel in the atmosphere?","Among the objects in the picture, which one is specifically designed to fly and transport passengers in the atmosphere?"
,0,"Among the objects present in the sky in the picture, which item is designed to enable human passengers to travel and fly through the atmosphere?","Among the objects present in the sky in the picture, which item is designed to enable humans to fly and navigate through the atmosphere?"
,0,There are objects flying in the sky in this picture. Which of these objects is specifically designed to allow human passengers to fly and travel within the atmosphere?,There are objects flying in the sky in this picture. Which of these objects is specifically designed to allow humans to fly and navigate within the atmosphere?
,0,What object should be used to support a video camera while shooting to capture stable images?,What object should be used to support a camera to capture static video while shooting images?
,0,What is the recommended tool that should be used to support the video camera to capture stable images during a shoot?,What is the recommended tool that should be used to support the camera to capture steady video images during a video shoot?
,0,What device should be used to support a video camera while shooting to capture stable images?,What device should be used to support a camera to capture steady video images while shooting?
,0,What can be utilized to support a video camera and capture stable images while shooting?,What can be utilized to support a camera and capture video images while shooting?
,0,"When recording a video, what object can be utilized to stabilize the images captured by the camera?","When captured by a camera, what object can be utilized to capture the images captured by the video?"
,0,"What object could be used to support a video camera while shooting, in order to obtain stable, shake-free images?","What object could be used to support a camera, in order to capture shiny, muffler-free video images?"
,0,"Humidity in the bathroom can cause towels to become damp, which can breed bacteria. What object in the bathroom can be used to hang the towel up to dry and avoid direct contact with the ground?","Abnormality in the bathroom can cause damp towels to become wet and bacteria, which can be spread to the face. What object in the bathroom can hang around with a towel to handle the hot steam?"
,0,"When humidity in the bathroom causes towels to become damp, it can lead to bacterial growth. What object in the bathroom can be utilized to hang the towel up to dry and avoid direct contact with the ground?","When bathroom towels are exposed to the sun, humidity in the bathroom can cause dampness to develop and become wet. What object in the towel can be utilized to hang around the towel to prevent bubbles?"
,0,"In a bathroom, towels can become damp due to high humidity, creating a breeding ground for bacteria. What can be utilized to hang towels and prevent them from having direct contact with the ground in order to dry them?","In a bathroom, towels can become damp due to lack of humidity and can cause bacteria to grow on them. What is possible to draw towels to coating the towels with water for use during a drying, which can prevent them from entering the skin"
,0,"When there is high humidity in the bathroom, towels can become damp and begin to accumulate bacteria. What can be used to hang the towels and keep them dry, minimizing contact with the ground or other surfaces?","When there is excessive use of towels, bathroom towels can become damp and begin to grow around the surfaces. What can be used to keep the towels warm and dry, to avoid contaminating the sinks or other surfaces?"
,0,"What object can be found in the bathroom that can be utilized to hang towels and prevent them from coming into direct contact with the ground whilst they dry, thereby preventing bacteria growth caused by moisture and humidity?",What object can be utilized in the bathroom to prevent bacteria from entering the hand and prevent them from becoming wet and moist by carrying on shear forces that could be needed to reach humidity?
,0,something that makes the coffee more sweet,something that makes the coffee more sweet
,0,the part of the mask that people use to see the outside world,The part of the mask that people use to see the outside world
,0,"In this picture, what part of a building provides support and stability to the overall structure?","In this picture, what part of a structure provides support and overall stability to the building?"
,0,"In this picture, what is the component of the building that provides support and stability to the entire structure?","In this picture, what is the component of the structure that provides support and stability to the entire building?"
,0,The structural component of the building that provides it with stability and support in this picture.,The structural component of the building that provides it with stability and support in this image.
,0,What part of the building provides support and stability to the structure in the given picture?,What part of the structure provides support and stability in the given building?
,0,Which part of a building provides support and stability to the overall structure in the given picture?,Which part of a structure provides support and stability to the overall structure given in the image?
,0,"In the picture of the building, what part provides support and stability to the overall structure?","In the picture, what part provides support and stability to the overall structure of the building?"
,0,the area on the basket used for lifting,the area on the pit used for lifting
,0,the tyre that does not touch the ground,the ground that does not touch the tyre
,0,"If we were inside the building shown in the picture, what part of the building would allow natural light to enter and illuminate the interior?","If we were in the building, what part of the interior would allow the natural light to enter and illuminate the space shown inside?"
,0,"If we were inside the building shown in the picture, what part of the building would allow natural light to enter and illuminate the interior?","If we were in the building, what part of the interior would allow the natural light to enter and illuminate the space shown inside?"
,0,Suppose we are inside the building in the picture and would like to allow natural light to enter and brighten the interior. What part of the building would facilitate this?,Suppose we are in the building and would like to lighten the inside of the building to facilitate natural lighting. What part of the structure would allow this to enter and brighten the space?
,0,"Suppose we were inside the building shown in the picture, what part of the building would be responsible for allowing natural light to enter and illuminate the interior?","Assuming we were in the building, what part of the exterior would be visible inside the building to allow the sunlight to enter and control the natural environment?"
,0,"If we were inside the building shown in the picture, what architectural feature would allow natural light to enter the building and illuminate the interior?","If we were in the building, what architectural feature installed in the picture would allow natural light to enter the interior and illuminate the building?"
,0,Suppose we are inside the building shown in the picture. Which part of the building would allow natural light to enter and brighten the interior?,Suppose we are building in the picture. Which part of the building would allow the inside to brighten and display the natural light shown in the structure?
,0,something that can be used to wipe the mouth,something that can be used to wipe the mouth
,0,"If we were standing on the shore across the water from the location in the picture, what structure would we see stretching across the water?","If we were standing across the water from the structure in the picture, what would we walk across the water stretching on the shore?"
,0,"Assuming that we were standing on the shore located opposite from the area shown in the picture, which structure would be visible stretching across the water?","Assuming we were standing on the surface shown in the picture, which structure would be scattered across the water located opposite from the bay?"
,0,"If we were standing on the shore opposite to the location in the picture, which structure would we see stretching across the water?","If we were standing on the water stretching across the structure in the picture, which location would we see opposite to the shore?"
,0,"Assuming that we are standing on the shore across the water from the location presented in the picture, what structure would be visible and appear to stretch across the water?","Assuming that we are standing across the water from the surface, what structure would appear to be scattered across the water in the picture?"
,0,"If we were standing on the shore across the water from the location depicted in the picture, what structure would we view stretching across the waterbody?","If we were standing across the water stretched across the structure depicted in the picture, what structure would we reach from the water on the deck?"
,0,"Assuming that we are standing on the shore that is across the water from the location shown in the picture, what structure might we see stretching across the water?","Assuming we are standing across the water from the shore shown in the picture, what structure might we see that is stretching across the water?"
,0,"If the books are too tall to put on a normal table, what furniture is usually used to store them?","If the furniture is too loose to place them on a table, what books are usually used to store them?"
,0,"When books are too tall to fit on a typical table, what piece of furniture can be utilized to store them?","When clothes are too small to fit on a table, what piece of furniture can be utilized to store them?"
,0,Suppose the books are too tall to fit on a regular table. What piece of furniture is typically used to store them?,What piece of furniture is typically used to store them on a table?
,0,"If the books are too tall to be placed on a normal table, which furniture is commonly used for storing them?","If the books are too loose to be placed on a table, which furniture is commonly used for storing them?"
,0,"Assuming that the books are too tall to fit on a regular table, what furniture is typically used for storage purposes?","Assuming that the furniture is too tight to fit on a table, what items are typically used for storage purposes?"
,0,"When books are too tall for a standard table, what furniture is usually utilized to store them?","When furniture is too rigid to store a table, what standard items are usually utilized for them?"
,0,something used for playing music,something used for playing music
,0,"If you want to keep important documents in order and don't want to lose them, where should you place them?","If you want to keep important documents and don't want to place them, where should you place them?"
,0,Where is the most suitable place to keep important documents in good order and to avoid loss?,Where is the best place to keep important documents in good condition?
,0,"As a personal assistant, where would you suggest your owner to place important documents to keep them organized and secure?","As a personal assistant, where might you suggest your clients place their documents to keep them organized and secure?"
,0,Where should you place important documents if you want to keep them organized and avoid misplacing them?,Where should you place important documents if you want to keep them organized and avoid misplacing them?
,0,"If you would like to keep your important documents in order and minimize the risk of misplacing them, where would be an appropriate place to store them?","If you would like to keep your important items safe and minimize the possibility of duplicating them, where would you place them?"
,0,Where should you store important documents to keep them organized and prevent losing them?,Where should you store important documents to keep them organized and prevent losing them?
,0,Cats often mark their territory by scratching objects. What part of the cat's body in the picture would be involved in this behavior?,Cats often mark their territory by scratching their bodies. What part of the cat's body in the picture would be involved in this behavior?
,0,What part of a cat's body in the picture is typically utilized in marking territory through scratching behavior?,What part of a cat's body in the picture is typically utilized in marking through scratching behavior?
,0,Which part of the cat's body in the picture would be involved in marking territory by scratching objects?,Which part of the cat's body in the picture would be involved in marking objects by scratching structures?
,0,Which part of the cat's body shown in the picture is typically involved in the behavior of marking their territory by scratching objects?,Which part of the cat's body in the picture is typically represented by marking the objects by scratching their nose?
,0,Which part of the cat's body in the picture could be involved in marking its territory by scratching objects?,Which part of the cat's body in the picture could be involved in marking objects by scratching its surface?
,0,Which part of the cat's body in the picture could be involved in the cat's territory-marking habit of scratching objects?,Which part of the cat's body in the picture could be involved in the cat's habit of scratching objects?
,0,"When eating fish and chips, which part of the meal might be used to add flavor and squeezed onto the fish?","When eating fish and chips, which part of the meal might be used to add flavor and squeezed onto the fish?"
,0,What part of the meal might be used to add flavor to the fish and can be squeezed onto it when eating fish and chips?,What part of the meal can be used to add flavor to chips and might be squeezed into it when eating fish and shellfish?
,0,What part of the fish and chips meal is often used to add flavor and squeezed onto the fish?,What part of the fish meal is often added to the fish and squeezed onto chips or flavored?
,0,Which part of the fish and chips meal could be used to add flavor by being squeezed onto the fish?,Which part of the fish and chips meal could be squeezed onto fish by being used to add flavor to the soup?
,0,What food item might you use to add flavor to the fish and to which you might apply pressure to release the juice?,What food item might you use to add flavor and to which you apply salt to the soup?
,0,"When eating fish and chips, which condiment is typically used to add flavor and squeezed onto the fish?","When eating fish or chips, which condiment is typically used to add flavor and squeezed onto the fish?"
,0,"When we step out of the shower, what object can be used to dry ourselves?","When we step out of the shower, what object can be used to dry ourselves?"
,0,What object can be used to dry ourselves when we step out of the shower?,What object can be used to dry ourselves out when we step in the shower?
,0,What do you typically use to dry yourself off after stepping out of the shower?,What do you typically use to dry yourself off after stepping out of the shower?
,0,What item might we typically utilize after exiting the shower to dry ourselves off?,What item might we typically utilize after laying off to dry ourselves?
,0,What object do you use to dry yourself off after getting out of the shower?,What object do you use to dry yourself off after getting out of the shower?
,0,the animal being dragged,the animal being dragged
,0,"When enjoying a cold beer outdoor, it is important to have a stable surface to place the beer glass on. What in the picture can provide a stable surface for placing the beer glass?","When enjoying a cold beer glass outdoor, it is important to place the beer glass on the surface to provide a wet surface. What in the picture can provide a wet surface for placing the beer glass?"
,0,"When having a cold beer outdoors, what in the picture would be able to provide a stable surface to place the beer glass on?","When having a beer outdoors, what in the picture would be able to place a cold beer glass to handle on?"
,0,"When enjoying a cold beer outdoors, having a stable surface to place the beer glass on is of high importance. What in the picture could potentially offer a flat and secure placement for the beer glass?","If enjoying a hot beer glass out of the fridge, having a large and comfortable surface is likely. What in the picture can offer a positioning for the hot beer glass to pierce?"
,0,"When enjoying a cold beer outdoors, it's important to have a dependable surface to place the beer glass on. What in the picture can provide a stable platform for the beer glass?","When enjoying a beer outdoors, it's important to have a strong beer glass. What surface in the picture can provide the suitable medium for the beer glass to sit on?"
,0,"When enjoying a cold beer outdoors, one may need a stable surface to set the beer glass on. What item in the picture could be used as a stable surface for this purpose?","When enjoying a cold beer outdoors, one might need a cold surface to place a glass of beer on. What object in the picture can be used as the base for this purpose?"
,0,"When enjoying a cold beer outdoors, what object in the picture could one utilize to provide a stable surface on which to place the beer glass?","When enjoying a cold beer outdoors, what object in the picture could one use to place a suitable surface on which to conserve beer?"
,0,"What object typically provides a flat and stable surface for people to place cups, plates, or books in a living room?","What object typically provides a flat surface for people to place cups, plates, or books in a living room?"
,0,"What type of object is typically employed within a living room setting to provide a flat and stable surface for placing cups, plates, books, or other items upon?","What type of flat surface is typically employed within a living room to provide a slanted base for placing cups, plates, books, or other items upon?"
,0,"In a living room, what object would typically provide a flat and stable surface for people to place cups, plates, or books?","In a typical living room, what object would typically provide a flat surface for people to place plates, cups, or covers?"
,0,"What object in a living room is commonly used to provide a flat and stable surface for cups, plates, or books?","What object in a living room is commonly used to provide a flat surface for plates, cups, or bases?"
,0,"What item typically provides a flat and stable surface for placing cups, plates, or books in a living room?","What item typically provides a flat and stable surface for placing plates, cups, or books in a living room?"
,0,"In a common living room, what object would usually provide a stable and flat surface for placing cups, dishes, or books?","In a typical dining room, what object would usually provide a stable and stable surface for placing cups, dishes, or books?"
,0,"When pouring liquid from a container, which part of the container in the picture will be gripped and used to control the flow of the liquid?","When pouring liquid from a container, which part of the container in the picture will be used to control and be shipped the flow of the liquid?"
,0,"When pouring liquid from a container, which part of the container in the picture is typically held to regulate the flow of the liquid?","When pouring liquid from a container, which part of the container in the picture is typically held to regulate the flow of the liquid?"
,0,"When pouring liquid from a container, which part of the container in the picture is to be handled and used to regulate the-flow of the liquid?","When pouring liquid from a container, which part of the container is to be handled and is used to regulate the flow of the liquid in the-hole?"
,0,"While pouring liquid from a container, what would be gripped and utilized to control the flow of liquid?","While pouring liquid, what would be utilized to be pulled and controlled from the handle of a liquid?"
,0,"When pouring liquid from a container as shown in the picture,  which part of the container experts use to control the flow of the liquid?","When pouring the liquid from a container, which part of the container shown in the picture use to control the flow of the liquid?"
,0,"When pouring liquid from a container, which part of the container shown in the picture is typically held to control the flow of the liquid?","When pouring liquid from a container, which part of the container shown in the picture is typically controlled to control the flow of the liquid?"
,0,Some cities have developed waterways as scenic routes for leisurely sightseeing. What mode of transportation in the picture can provide a unique and enjoyable experience for exploring these waterways?,Many waterways are unique in the park for exploring scenic waterfalls. What area of these vehicles can offer a comfortable and tranquil mode of transportation for sightseeing?
,0,What type of transportation in this picture can be utilized to offer a unique and enjoyable experience for exploring these scenic waterways in some cities?,What type of transportation in this picture can be utilized to explore many scenic and enjoyable waterways for a trip in this area?
,0,What method of transportation is depicted in the picture that could provide a unique and enjoyable experience for exploring waterways that have been developed as scenic routes in certain cities for leisurely sightseeing?,What method of transportation is explored in the picture that could be utilized in several park systems for a scenic and relaxing trip that are looking for enchanting sightseeing?
,0,"In some cities, waterways have been developed as a scenic route for leisurely sightseeing. Based on the picture, which form of transportation could be ideal for exploring such waterways and offer a unique and enjoyable experience?","In some cities, waterways have been developed as a convenient and enjoyable way of sightseeing. Based on the picture, which transportation route could be ideal for exploring such waterways for a scenic adventure?"
,0,"When cities develop waterways for leisurely sightseeing purposes, what vehicle in the picture could offer a distinctive and pleasurable method for traveling along these routes?","When cities offer a leisurely and enjoyable route for sightseeing in the picture, what particular transportation systems might offer pleasurable methods to travel through these areas?"
,0,"When sightseeing in some cities that have developed waterways as scenic routes, what mode of transportation in the picture can offer a unique and pleasant experience for exploring these waterways?","When exploring a lake in some cities that offer unique and scenic experiences, what transportation system in these areas can offer the difficulty of sightseeing as pleasant transportation routes?"
,0,What object in the picture is commonly used as an entry point to enter a building?,What object in the picture is commonly used as an entryway to enter a building?
,0,What in the picture is typically utilized as an entry point to access the interior of a building?,What in the picture is typically utilized as an entry point to access the interior of a building?
,0,"What structure or part of a building often serves as an entry point for individuals, in general, and could be observed in the picture?","What structure in a building often serves as a point of entry or a general area, and could be observed in individuals in the picture?"
,0,What object in the picture frequently functions as an entrance for accessing a building?,What object in the picture frequently functions as an entrance for accessing a building?
,0,In which part of the picture could you find a common entry point used to access a building?,In which part of the picture could you find a common entry used to access a street?
,0,What object in a room is commonly used to cover windows and provide privacy?,What object in a room is commonly used to cover windows and provide privacy?
,0,What object in a room is usually installed over windows to offer privacy and block light?,What object in a room is usually installed over windows to provide privacy and block light?
,0,"What type of object, typically used to cover windows and confer privacy, can be found in a room?","What type of object, typically used to cover windows and privacy, can be found in a room?"
,0,Which object is typically used to cover windows and provide privacy within a room?,Which object is typically used to provide privacy and cover a window within a room?
,0,What object in a room is typically utilized to provide privacy and cover windows?,What object in a room is typically utilized to provide privacy and cover windows?
,0,"In order to stabilize and capture steady footage, what tool in this picture can be used to support and hold the camera or camcorder?","In order to stabilize and hold footage, what tool in this image can be used to support or capture the camcorder?"
,0,What tool in the picture could be utilized to stabilize and capture steady footage by supporting and holding the camera or camcorder?,What tool in the image could be utilized to stabilize and capture footage by holding or pressing the camera?
,0,What object in the picture can be utilized to support and steady a camera or camcorder to capture smooth footage?,What object in the picture can be utilized to capture and support a camera or camcorder to smooth sharp footage?
,0,What equipment in the picture is utilized to stabilize and capture steady footage by supporting and holding the camera or camcorder?,What equipment in the picture is utilized to stabilize and hold footage by supporting and displaying the camera or camcorder?
,0,What item in the picture can be utilized to stabilize and capture steady footage by holding and supporting the camera or camcorder?,What item in the image can be utilized to stabilize and capture footage by holding or tracking the camera and camcorder?
,0,"When enjoying pastries, people often use paper plates or napkins to hold them. What item in the picture could be used to hold a pastry?","When enjoying dinner, people often use pastries or pastry to hold them. What item in the picture could be used to hold a pie?"
,0,"What item in the picture could be utilized to hold a pastry, given that people often use paper plates or napkins for this purpose?","What item in the picture could be utilized to hold a pie for a meal, given that people often use pancakes or bread for this purpose?"
,0,"When consuming pastries, people often use paper plates or napkins to hold them. Can you point out an object in the picture that could be utilized to hold pastries?","When consuming pastries, people often use a paper plate to hold them. Can you imagine something in the picture that could be utilized to carry pastries?"
,0,What item in the picture can be used to hold a pastry when consuming it?,What item in the picture can be used to hold a pastry when consuming it?
,0,"When enjoying pastries, people frequently employ napkins or paper plates to carry them. What object in the picture can be used to hold a pastry?","When enjoying pastry pastries, people often use tongues or pliers to hold them. What object in the picture can be employed to carry a pastry?"
,0,Which key part in the computer can convert code into signals visible to humans?,Which component in the computer can turn key to signals within humans?
,0,What is the key component in a computer that can translate code into signals that are visible to humans?,What is the component in a computer that can detect signals that are translated into code?
,0,What is the essential component of the computer system that can translate code into signals visible to the users?,What is the essential component of the computer system that can translate signals into the functions visible to users?
,0,What component of the computer is responsible for translating code into signals that can be seen and understood by humans?,What component of the computer is responsible for translating signals into language that can be seen and understood by humans?
,0,Which component of a computer is responsible for converting code into signals that are visible to humans?,Which component of a computer is responsible for converting signals to code that are visible to humans?
,0,What is the name of the part in a computer that translates code into human-readable signals?,What is the name of the part in a computer that translates human-readable code into signals?
,0,What appliance in the image can be used to control lighting in this room?,What appliance in this image can be used to control lighting in the room?
,0,What object in the image could you use to adjust the lighting in the room?,What object in the image could you use to adjust the lighting in the room?
,0,What device or appliance in the image can be used to regulate lighting in the room?,What appliance or device in the image can be used to regulate lighting in the room?
,0,What electrical appliance in the image can regulate the illumination within the room?,What appliance within the image can regulate the electrical illumination in the room?
,0,Which appliance in the picture could be utilized to manage the lighting within this space?,Which appliance in the picture could be utilized to manage the lighting within this space?
,0,What device or appliance in this image can be used for lighting control in this room?,What appliance or device in this image can be used for lighting control in this room?
,0,What object is used to prevent water from splashing out of the bathtub and wetting the bathroom floor?,What object is used to prevent water from splashing out of the bathtub and wetting the bathroom?
,0,What item is commonly placed around the perimeter of a bathtub to prevent water from splashing outside of the tub and onto the bathroom floor?,What item is typically placed around the perimeter of a bathroom to prevent water from splashing out of the bathtub and around the floor?
,0,What object can be used to prevent water from splashing out of the bathtub and wetting the bathroom floor?,What object can be used to prevent water from splashing out of the bathtub and wetting the bathroom?
,0,What is the object called that is used to prevent water from splashing out of the bathtub and wetting the bathroom floor?,What is the object that is used to prevent water from splashing out of the bathtub and wetting the bathroom?
,0,What object typically helps to prevent water from splashing out of the bathtub and wetting the surrounding bathroom floor?,What object might prevent water from splashing out of the surrounding bathtub and wetting the bathroom?
,0,"Birds often find their food in the water, and they have a specific body part to help them catch the food. What part is likely to be used by the bird in the picture to catch its food?","Birds often have a specific food to catch them, and they find it in the water. What part in the picture is likely to be used by the bird to catch its food?"
,0,"Birds typically obtain their food from water bodies, and they have evolved specific physical attributes to assist them in catching their prey. What characteristic of the bird in the picture is likely to be utilized in catching food?","Birds have traditionally been utilized to catch food, and they discover that they are in particular useful for catching prey. What physical characteristic in the picture can help them to shape their food habits?"
,0,"Birds frequently find food in the water and have specific body parts to facilitate catching prey. Based on the picture, what body part of the bird is being used to catch its food?","Birds regularly catch specific foods to ensure their body movement. Based on the picture, what part of the bird is being used to catch food and have body parts in the water?"
,0,"What body part is likely to be utilized by the bird in the picture to catch its food, given that birds frequently forage for their food in the water?","What body part is likely to be utilized by the birds to catch their food in the water, given that the bird is given for its food in the picture?"
,0,"What part of the bird's anatomy in the picture can be used to catch its food, given that birds often search for meals in the water?","What part of the bird's anatomy can be used to catch food in the water, given that birds often look for it in the meal?"
,0,"In order to catch their food, birds frequently seek it out in the water and have developed a specific body part to aid them in this task. What part of the bird in the picture is likely used to catch food?","In order to catch fish, birds have often developed a particular food to aid them in the water and seek out their part in the picture. What part of the bird in this activity is thought to prepare food?"
,0,"What part of the picture represents a key objective in a football or rugby game, where players attempt to score points?","What part of the picture represents a critical object in a football or rugby game, where players attempt to score points?"
,0,"In both football and rugby games, players strive to score points by achieving a specific objective on the field. What area in the picture represents this objective?","In football and rugby, players strive to achieve specific goals by scoring points on a specific field. What area in the picture represents this objective?"
,0,"In football or rugby, what is a key objective where players attempt to score points, and where might that be represented in the picture?","In professional football, what is a key objective where players try to score points, and where might that be represented in the picture?"
,0,"What area of the picture represents a key objective in rugby or football games, where players attempt to score points?","What object in the picture represents a major objective of football or rugby games, where players try to score points?"
,0,"What part of the picture represents a key objective in a football or rugby game, where the players are trying to score points?","What part of the picture represents a key objective in a football or hockey game, where the players are trying to score points?"
,0,The kitchen is an important place for cooking and food processing. What object in the kitchen is mainly used for baking or roasting food?,The kitchen is a very important place for cooking and baking. What object in the kitchen is mainly used for storing or roasting food?
,0,"In the kitchen, which object is primarily utilized for baking or roasting food?","In the kitchen, which object is primarily utilized for baking or roasting food?"
,0,What object in the kitchen is commonly used for baking or roasting food?,What object in the kitchen is commonly used for baking or roasting food?
,0,"In a kitchen where cooking and food processing are performed, what object is primarily utilized for baking or roasting food?","In a kitchen where cooking and baking food are utilized, what object is generally produced for cooking or roasting food?"
,0,The object in the kitchen that is primarily used for baking or roasting food.,The object in the kitchen that is primarily used for baking or roasting food.
,0,What kitchen appliance is primarily used for baking or roasting food?,What kitchen appliance is primarily used for baking or roasting food?
,0,the supervisor,the supervisor
,0,Wolverine's body parts used for attacking enemies,Wolverine's body parts used for attacking enemies
,0,the object that can prevent hands from being burned,the object that can prevent hands from being burned
,0,"Jewelry is often made with precious gemstones, such as emeralds and turquoise. What piece of jewelry in the picture may contain these gemstones?","Jewelry is often made with gemstones, such as turquoise and emeralds. What piece of precious jewelry may contain these gemstones?"
,0,Which item of jewelry in the picture has the potential to contain precious gemstones such as emeralds or turquoise?,Which gemstone in the picture has the potential to contain precious jewelry such as turquoise or emeralds?
,0,"Which item of jewelry in the picture may contain precious gemstones, such as emeralds and turquoise?","Which gemstones in the picture may contain precious gemstones, such as turquoise or emeralds?"
,0,Which piece of jewelry displayed within the picture could potentially be adorned with precious gemstones such as emeralds and turquoise?,Which piece of jewelry displayed in the picture could be adorned with precious gemstones such as turquoise or emeralds?
,0,"Which piece of jewelry displayed in the picture could potentially contain precious gemstones, such as emeralds and turquoise?","Which piece of jewelry displayed in the picture could potentially contain precious gemstones, such as turquoise or emeralds?"
,0,Jewelry often incorporates precious gemstones such as emeralds and turquoise. Which item of jewelry in the picture has the potential to contain these types of gemstones?,Jewelry often contains gemstones such as turquoise and emeralds. Which type of jewelry has the potential to feature these items in precious gemstones?
,0,What in the picture can be used to hold onto while standing in a swimming pool?,What in the picture can be used to hold onto while standing in a swimming pool?
,0,What object in the picture can be utilized as something to hold onto while standing in a swimming pool?,What object in the picture can be utilized to hold onto something while standing in a swimming pool?
,0,"What can be grasped to maintain balance while standing in a swimming pool, based on the picture?","What can be positioned to maintain balance while standing in a pool, based on the picture?"
,0,What in the picture can be used as a handhold while standing in a swimming pool?,What in the picture can be used as a hand hold in a swimming pool?
,0,What can be used to hold onto while standing in a swimming pool in the picture?,What can be used to sit on while standing in a swimming pool in the picture?
,0,What object in the picture can one hold on to while standing in a swimming pool?,What object in the picture can one hold onto while standing up in a swimming pool?
,0,"the food containing proteins, carbohydrates and other nutrients","the food containing proteins, carbohydrates, vitamins and other nutrients"
,0,Which object in the picture can be used to stabilize a camera or telescope to maintain a steady shot?,Which object in the picture can be used to stabilize a telescope or camera to maintain steady beam?
,0,What object in the picture can be utilized to stabilize a camera or a telescope and ensure that the shot is stationary?,What object in the picture can be utilized to stabilize a telescope or a camera and ensure that the picture is shot by telescope?
,0,What object in the picture would be useful for stabilizing a camera or telescope and maintaining a steady shot?,What object in the picture would be useful for maintaining a telescope or stabilizing a steady beam?
,0,People can play beautiful music by pressing the keys on the piano keyboard. What part of the piano in the picture can be used for playing?,People can play piano by pressing different keys on the keyboard. What part of the piano in the picture can be used for playing the music?
,0,How do you play beautiful music on a piano? What part of the piano keyboard in the picture would you utilize?,How do you play a musical instrument on your computer? What part of the piano in the picture would you utilize?
,0,What part of the piano in the picture can be pressed to play music?,What part of the piano in the picture can be played to play music?
,0,"In playing beautiful music on a piano, what part of the keyboard is typically used for pressing the keys to produce sound?","In playing a piano, what part of the keyboard is typically used to produce sounds on the key for playing piano?"
,0,the road in which we can go to the house without getting shoes wet,the house in which we can go without getting to the sand
,0,the tools that can record time,the tools that can record time
,0,"In a martial arts competition, there is usually a person responsible for maintaining order, enforcing rules, and making judgments. Who in the picture is likely to have this role?","In a professional wrestling game, there is usually a person in the right order, keeping rules, and enforcing judgments. Who is likely to be responsible for this function?"
,0,"In a martial arts competition, there is often a person responsible for enforcing rules, maintaining order, and making judgments. Which individual in the picture might hold this role?","In a professional wrestling game, there is usually a person in the right role. Which judges might be responsible for enforcing rules, holding order, and exhibiting certain behaviors?"
,0,"In a martial arts competition, the individual who maintains order, enforces rules, and makes judgments is typically called the referee. Could you identify who in the picture is most likely to perform this role?","In the legal system, a player who is typically in charge, enforces rules, and orders judgments is considered the judges. What object might you identify to perform this act?"
,0,"During a martial arts competition, there is typically an individual who is responsible for maintaining order, enforcing rules, and making judgments. Based on the picture, who might be fulfilling this role?","During a courtroom competition, there is typically a person who is responsible for enforcing rules, maintaining order, and fulfilling certain duties. Based on the articulation, who might be making this sense?"
,0,"In a martial arts competition, what individual in the picture is most likely responsible for maintaining order, enforcing rules, and making judgments?","In a professional wrestling game, what person in the picture is most likely responsible for enforcing rules, making judgments, and maintaining order?"
,0,"In martial arts competitions, there is usually an individual responsible for maintaining order, enforcing rules, and making judgments. Who would be the most likely person to have this role in the picture?","In professional sports, there is usually a person in the right order, making judgments, and enforcing rules. Who would be the most likely person to have responsibility for maintaining this stage?"
,0,the spare wheel,the wheel spare
,0,Bees play a vital role in pollinating plants and producing honey. What occupation in the picture is dedicated to the care and management of bees?,Bees are important in the care of honey and pollinating. What role in the production of bees is dedicated to gathering food and care of a bee?
,0,"In regards to the care and management of bees, which profession appears to be represented in this picture?","In regards to the care and management of bees, which profession appears to be represented in this picture?"
,0,"In the picture, who is involved in the care and management of bees, which have an important role in pollinating plants and producing honey?","In the picture, which organ is involved in the care of bees, who have an important role in producing pollen and honey?"
,0,"Which occupation, as depicted in the picture, involves the care and management of bees, which are critical for pollinating plants and generating honey?","Which structure, as depicted in the picture, is essential for the management of honey bees, which involve working and pollinating flowers?"
,0,"Given that bees play a crucial role in pollination and honey production, who is responsible for the care and upkeep of bees in the picture?","Given that bees play a crucial role in the proper care and pollination of honey, which beekeeper is responsible for the production in bees?"
,0,"In the given picture, which profession is associated with the cultivation and management of bees, which play an important role in pollination and honey production?","In the given picture, which organ is considered important in the production and development of honey, which functions are associated with pollination and bee production?"
,0,"When making fried rice, it is common to use a variety of ingredients and mix them together in a pan. What tool in the picture could be used to mix the ingredients and ensure they are evenly cooked?","When cooking fried food, it is common to mix the ingredients together and use them in a pan. What tool in the picture could be used to mix a variety of ingredients and ensure they are evenly chopped?"
,0,"When preparing fried rice, a range of ingredients are generally utilized, and they are often mixed together in a pan. What object in the picture could be utilized to stir and ensure that the ingredients cook evenly?","When preparing dishes, a variety of ingredients are often utilized to stir and cook them evenly. What object in the picture could be placed in a pan and ensure that the ingredients are mixed together?"
,0,"For making fried rice recipes, it's usual to use a variety of ingredients and mix them together in a pan. Can you suggest me the tool that could be used for mixing the ingredients and ensure they're evenly cooked?","For frying ingredients, it's possible to mix them together and use them in a recipe. Can you suggest the food processor that's used for making fried ingredients and ensure they're evenly cooked?"
,0,"During the process of cooking fried rice, various ingredients are typically mixed together in a pan. Please suggest what tool in the picture could be utilized to mix these ingredients and guarantee that they are cooked evenly?","During the process of cooking fried bread, various ingredients are typically combined and cooked in a pan. Please suggest that you can find what tool in the picture could be utilized to mix these ingredients together smoothly?"
,0,"During the preparation of fried rice, people usually mix various ingredients together in a pan. Please tell me which tool in the picture might be utilized to perform this task and help ensure that the ingredients are evenly cooked?","During the preparation of fried food, many dishes are typically stirred together. Please tell me which tool in the picture might be utilized to ensure that the ingredients in an individual are cooked and help you handle this task?"
,0,"When making fried rice, it is common to mix multiple ingredients in a pan. What in the picture can be utilized as a tool to stir the ingredients and help them cook evenly?","When cooking fries, it is often necessary to stir them in a pan and add the ingredients. What in the picture can be utilized to stir fries together to make a hot sauce?"
,0,"In a busy parking lot, it can be difficult to find your car among many other vehicles. What in the picture can help you identify your car?","In a busy parking lot, it can be difficult to find your car among other vehicles. What in the picture can help identify your car?"
,0,"When searching for your car in a busy parking lot, what in the picture might assist you in identifying it among numerous other vehicles?","When searching for your car in the parking lot, what among other amenities might assist you in identifying it among a few cars?"
,0,"In a large and busy parking lot, there may be numerous similar-looking cars that make it difficult to locate your vehicle. Based on the picture, what can be used to help identify your car?","In a large and parked lot, there are often small cars that can be difficult to locate. Based on the picture, what might be used to identify your vehicle to help make it familiar?"
,0,"In a crowded parking lot, it can be difficult to locate your vehicle among many other cars. Could you tell me what specific item in the picture could help you identify your car?","In a crowded parking lot, it can be difficult to locate specific vehicle in your car. Could you tell me which item in the picture could help you locate your car?"
,0,"In a crowded parking lot, it can be challenging to identify your vehicle among many others. What tool in the picture could assist in identifying your car?","In a challenging parking lot, it can be helpful to identify your car among others. What tool in the picture could be to identify identifying your vehicle?"
,0,What in the picture could be utilized to help you locate your car in a busy parking lot with many other vehicles?,What in the picture could be utilized to help you locate your parking lot in an busy car with many other vehicles?
,0,the cars that are not taxi,the cars that are not taxi
,0,something indicating that the tank belongs to the USA,something indicating that the tank belongs to the USA
,0,"After changing clothes, what type of object can we use as a container to collect dirty clothes?","After moving clothes, what type of object can we use as a container to store dirty clothes?"
,0,"After changing clothes, where should you place dirty clothes, and what should be utilized as a container to collect them?","After removing clothes, where should you store clothes, and what might be used as a container to dispose of them?"
,0,"After changing clothes, where can we usually put our dirty clothes in the room?","After changing clothes, where can we usually put our dirty clothes in the room?"
,0,"Once you change clothes, what type of object can be utilized as a container for collecting soiled clothing?","Once you dispose of clothes, what type of object can be utilized as a container for collecting clothing?"
,0,What type of object can be utilized as a container to collect dirty clothes after changing?,What type of container can be utilized as a container to store dirty items after changing?
,0,"After changing clothes, which item could be used to contain and store dirty clothes?","After changing clothes, which item could be used to store dirty clothes?"
,0,"In a dark tunnel, where the lighting is limited, what part of the car in the picture is crucial for providing visibility and ensuring safety while driving?","In a dark road, where the lighting is visible, what part of the vehicle is crucial for providing visibility and ensuring safety while driving?"
,0,"When driving through a dark tunnel with limited lighting, what part of the car in the picture is essential for providing visibility and ensuring safety during travel?","When driving through a dark road, what part of the vehicle in the picture is essential for providing visibility and ensuring safety during normal lighting?"
,0,"If driving in a dark tunnel with limited lighting, what part of the car would be important for providing visibility and ensuring safe passage, according to the picture?","If driving a long tunnel and ensuring visibility, what part of the car would be important for providing lighting with safe visibility, according to the picture?"
,0,"When driving in a dark tunnel with limited lighting, what part of the car is critical for providing visibility and assuring safety, according to the picture?","When driving a vehicle in a dark setting with limited visibility and ensuring safety, what part of the car is critical for clearing the mirror, according to?"
,0,"When driving in a dark tunnel with limited lighting, which component of the car in this picture is critical for ensuring visibility and safety?","When driving in a dark tunnel with limited visibility and lighting, which component of the vehicle is critical for ensuring safety in this picture?"
,0,"In a dark tunnel where lighting is limited, which part of the car is crucial to supply visibility and ensure safety whilst driving in the picture?","In a dark tunnel where lighting is crucial, which part of the vehicle is providing protection whilst driving to ensure safety in the picture?"
,0,"In a modern car, there are various instruments and displays on the dashboard that provide information to the driver. What part in the picture could show the current speed of the car?","In a modern car, there are various features on the dashboard that provide the current information to the driver. What part of the car could display the clocks or instruments in the picture?"
,0,"In a modern car, the dashboard typically contains a range of instruments and displays that provide relevant information to the driver. Based on the picture, which part of the car would normally display the current speed of the vehicle to the driver?","In a typical car, the dashboard typically features a range of information that would display the current of the vehicle. Based on the picture, which part of the car would provide the navigation instruments to the driver?"
,0,"In a modern car, the dashboard has various instruments and displays providing important information to the driver. Which part of the picture is likely to display the current speed of the vehicle?","In a typical car, the dashboard has various electronic devices to display the current information. Which part of the vehicle is holding the key to the driver?"
,0,Modern cars are equipped with various instruments and displays on the dashboard that provide the driver with information. Where in this image could indicate the current speed of the car?,Modern cars are equipped with various devices that provide the driver with the current information. On where in the car could display the dashboard and commands of this image?
,0,"What part of the picture could display the current speed of the car, as there are various instruments and displays on the dashboard in a modern car designed to provide information to the driver?","What part of the car in the picture could display various features and technology, as the current is mounted on a board designed to communicate the instruments and watch to the passenger?"
,0,"When an aircraft is ready to depart from the airport, where does it usually begin its takeoff?","When an aircraft is ready to depart from the airport, where does it usually begin its takeoff?"
,0,Aircraft typically begin their takeoff from which part of the airport?,Aircraft typically take off from which part of the airport?
,0,"Before taking off from the airport, from where does the aircraft typically begin its departure?","Before taking off from the airport, where does the aircraft typically begin to arrive?"
,0,"When an aircraft is ready to depart from an airport, from which area does it typically begin its takeoff?","When an airport is ready to begin its operations, from which route does it typically enter an airport?"
,0,something that is cutting the tree trunk,something that is cutting the tree trunk
,0,What object do we use to dry our hands after washing them in the bathroom?,What object do we use to dry our hands after washing them in the bathroom?
,0,What is the item that we typically use to dry our hands after washing them in the bathroom?,What is the item that we typically use to dry our hands after washing them in the bathroom?
,0,What object in the bathroom is typically used to dry your hands after washing them?,What object in the bathroom is typically used to dry your hands after washing them?
,0,"When assembling an electronic device, such as a computer, various components need to be interconnected to enable proper functioning. Which object in the picture can be used to establish electrical connections between different parts?","When constructing various electronic components such as an electrical switch, various components need to be interconnected. Which object in the picture can be used to establish an appropriate connection for computer functions?"
,0,"When assembling an electronic device such as a computer, it is often necessary to connect various components to allow for proper functioning. What item in the image is typically used to establish electrical connections between different parts?","When assembling electronic components such as an electrical circuit, it is often necessary to connect various components together. What item in the picture is typically used to store various power for proper functioning?"
,0,"When assembling an electronic device, such as a computer, it is necessary to establish electrical connections between various components to ensure proper functioning. Based on the image provided, what tool or object could be utilized to achieve this?","When constructing an electronic device, such as a computer or printer, it is necessary to establish various components to ensure proper functioning. Based on the image, what object could be utilized to connect these components to achieve this?"
,0,"In the context of assembling an electronic device such as a computer, what item in the picture can be utilized to establish electrical connections between distinct components?","In the context of assembling electronic items such as a computer, what item in the picture can be utilized to connect an electrical connection between components?"
,0,"When assembling an electronic device, such as a computer, what object can be used to establish electrical connections between different parts as depicted in the image?","When assembling electronic devices such as an electrical circuit, what object can be used to store different components as depicted in the image?"
,0,"When assembling an electronic device, such as a computer, it is necessary to interconnect various components to ensure proper functionality. What item in the picture can be utilized to establish electrical connections between different parts of an electronic device?","When assembling electronic components such as an electronic device, it is necessary to connect various components to ensure proper interaction. What item in the picture can be utilized to connect an electrical circuit of an electronic device?"
,0,the landmark in Paris,the landmark in Paris
,0,something to prevent athletes from falling and getting injured,something to prevent athletes from getting injured and falling
,0,"In a game of darts, what part of the dartboard should you aim for to maximize your points?","In a game of darts, what part of your deck should you aim for to maximize the darts?"
,0,Where should you aim on the dartboard to maximize your points during a game of darts?,Where should you aim to maximize your darts during a game of dartsboard?
,0,"To maximize your points in a game of darts, which part of the dartboard should you aim for?","To maximize the points of your darts, what part of a game of dartboard should you aim for?"
,0,"In a game of darts, to acquire the maximum points possible, at what part of the dartboard should you aim?","In a game of darts, to ensure the maximum amount of points possible, what part of the dart should you aim at?"
,0,What is the optimal area of the dartboard to aim for in order to maximize your score while playing a game of darts?,What is the optimal area of a dartboard in order to aim for while playing your goal of maximizing darts?
,0,"To earn the most points possible, where should you aim on the dartboard during a game of darts?","To earn the best possible points during darts, where should you dart on the board of a tennis game?"
,0,"When it gets cold, people often gather around a cozy place to warm themselves up. What objects in the picture can provide heat and create a warm atmosphere?","When it gets cold outside, people often gather around to create a warm and cozy atmosphere. What objects in the picture can provide a warm place?"
,0,"When it gets cold, people often seek a warm and cozy place to keep themselves comfortable. What objects in the picture could provide heat and create a warm ambiance?","When leaving a warm and cozy environment, people often seek warmth and get themselves out. What objects in the picture could provide a comfortable place to warm hearts?"
,0,"As it gets colder, individuals tend to gather around a source of heat to warm up. What items in the picture can create a warm atmosphere and provide warmth?","As it gets cold and warm, people often gather around to gather warmth. What items in the picture can provide a warm environment to create a feeling of warm?"
,0,"What objects in the picture are capable of creating a warm atmosphere and providing heat, which is useful when it gets cooler?","What objects in the picture can be useful in providing a cool environment and generating heat, which is capable of keeping it cool when hot?"
,0,"In cold weather conditions, people often seek out cozy and warm environments to keep themselves comfortable. Please identify the objects in the image that can provide heat and create a warm atmosphere.","In cold climates, people often encounter conditions that can create warm and comfortable environments. Please identify the objects in the image to provide warm air and help keep themselves cool."
,0,"What objects in the picture can provide heat and create a warm atmosphere, that people could gather around to keep themselves warm when the weather turns cold?","What objects in the picture can be used to keep warm and provide a warm atmosphere, where people could gather around to heat things up when it becomes cold?"
,0,"High-heeled shoes are known for their elegant appearance, but they can also be challenging to walk in for extended periods. What part of the shoe in the picture might make it difficult for the woman to walk comfortably?","High-heeled shoes are known for their casual nature, but they can also be difficult for the woman to walk in. What part of the shoe in the picture might make it difficult for the woman to walk comfortably?"
,0,"High-heeled shoes are often lauded for their elegant appearance, yet walking in them for extended periods can be challenging. What aspect of the shoes in the picture might contribute to discomfort while walking?","High-heeled shoes are often considered stylish for their comfort, but walking in them can be difficult during strenuous activities. What part of the shoes in the picture may provide an extra foot for walking?"
,0,"High-heeled shoes can be challenging to wear for extended periods, despite their elegant appearance. In the picture, which part of the shoe can make it difficult for women to walk comfortably?","High-heeled shoes can be difficult for women to walk comfortably, which makes them comfortable for running. In the picture, what part of the shoe can exhibit a shocking appearance?"
,0,"High-heeled shoes are often admired for their elegant appearance. However, they can be challenging to walk in for extended periods. What part of the shoes in the picture might impede the wearer's ability to walk comfortably?","High-heeled shoes are often worn for their elegant appearance. However, they may be tempting to walk in the shoes for extended periods. What part of the wearer's footprint can enhance the ability to walk comfortably?"
,0,"High-heeled shoes are famous for their elegant appearance, but they can be challenging to walk in for an extended duration due to various factors. Based on the picture, what part of the shoe could make it uncomfortable for the woman to walk comfortably?","High-heeled shoes are popular for walking, but they can make it uncomfortable for the person to walk uncomfortably. Based on the picture, what part of the shoe could be suitable for walking due to its numerous appearance?"
,0,What part of the shoes in the picture can make it uncomfortable for the woman to walk in high heels for extended periods?,What part of the shoes in the picture can make it uncomfortable for the woman to walk on long shoes in varying degrees?
,0,One of the things people value in a bed is its comfort. What object can help support the neck and improve the overall comfort of sleep?,One of the things people love in a bed is its comfort. What object can support the neck and improve the overall comfort of sleep?
,0,What object can provide support for the neck when sleeping and enhance the overall sleeping experience by improving comfort?,What object can enhance the sleeping experience when supporting the neck and provide comfort for optimal sleep?
,0,"When it comes to a bed, what type of object can aid in supporting the neck and increasing the general comfort of sleep?","When it comes to a bed, what type of item can aid in supporting the neck and increasing the comfort of sleep?"
,0,"To improve comfort while sleeping, what object can be used to support the neck?","To improve comfort while sleeping, what object can be used to support the neck?"
,0,"To enhance the overall comfort of sleep, what object can be used to provide support for the neck?","To enhance the comfort of the chair, what object can be used to provide support for overall sleep?"
,0,"To improve the overall comfort of sleep, what object is typically used to support the neck in bed?","To improve the comfort of sleep, what object is typically used to support the overall neck in bed?"
,0,"In the picture, there are various containers used to hold fruit. Which container would be most suitable for serving and holding sliced apples?","In the picture, there are suitable containers serving sliced fruit. Which container would be used for holding and serving various apples?"
,0,Which container in the picture would be the most suitable for holding and serving sliced apples?,Which container in the image would be suitable for serving and serving sliced apples?
,0,"Out of all of the containers shown in the picture, which would be the most appropriate for storing and serving sliced apples?","Out of all of the objects shown in the image, which would be the most suitable for serving and slicing apples?"
,0,"Out of all the containers seen in the picture, which one would be most suitable for holding sliced apples?","Out of all the apples seen in the image, which one would be suitable for holding sliced pizza?"
,0,"In the picture, which container would be most appropriate for serving and holding sliced apples?","In the image, which container would be most appropriate for serving and holding sliced apples?"
,0,"In the picture, where can you locate the container that would be most appropriate for serving and storing sliced apples?","In the image, where could you locate the container that would be most suitable for serving and storing sliced apples?"
,0,"To display large amounts of information visually in a meeting, what object can be used to write it down on and display it on the wall?","To display important communications on a table, what object in the image can be used to write it down or display it visually on a board?"
,0,"To display a significant amount of data visually during a meeting, what device can be utilized to write it down and present it on the wall for all to view?","To display a presentation electronically on a table, what component can be utilized to hold it for many hours to view and write it down?"
,0,"When needing to visually display large amounts of information during a meeting, what can be utilized to write this information down and project it onto a wall for all to see?","When needing to display a large amount of information on a table, what can be utilized to hang it above and post something to see throughout?"
,0,"In a meeting where there is a large amount of information to be presented visually, what object could one use to write down the information and display it on the wall?","In the scenario where there is a large amount of information to be displayed on the table, what object would one use to write an information and communicate it visually?"
,0,the body part used to receive scent signals,the body part used to receive scent signals
,0,the reflection of the light in the mirror,the reflection of the light in the mirror
,0,"In military operations, soldiers rely on accurate information to make tactical decisions. What object in the picture might contain crucial information about the battlefield?","In military operations, soldiers rely on crucial information to make accurate decisions. What object in the picture might contain tactical information about the enemy?"
,0,"During military operations, having access to reliable information is essential in making tactical decisions. What item in the picture might be used to contain vital information about the battlefield?","During military operations, having access to important information is essential to make effective military decisions. What item in the picture might be used to contain valuable information in the battlefield?"
,0,"During military operations, soldiers often depend on precise information to make tactical decisions. What object in the picture could potentially contain vital battlefield intelligence?","During military operations, soldiers often rely on complex information to make accurate decisions. What object in the picture could potentially contain vital intelligence?"
,0,"In military operations, soldiers depend on accurate information to make tactical decisions. What object in the picture could potentially contain crucial information about the battlefield?","In military operations, soldiers rely on crucial information to make accurate decisions. What object in the picture could potentially contain important information about the enemy field?"
,0,"During military operations, soldiers rely on accurate information to make tactical decisions. What could potentially contain crucial information about the battlefield in the picture provided?","During military operations, soldiers rely on complex information to make crucial decisions. What could potentially contain accurate information about the enemy tactical field in the picture provided?"
,0,"During military operations, soldiers rely on accurate information to make tactical decisions. Based on the picture, what items might contain crucial information about the battlefield?","During military operations, soldiers rely on crucial information to make accurate decisions. Based on the picture, what items might contain tactical information about the battlefield?"
,0,"In a desert environment, it may be difficult to travel on foot due to the rough and uneven surface. What type of transportation can be used to navigate the desert more easily?","In a desert environment, it may be difficult to navigate on the sand due to the rough surface. What type of transportation can be used to navigate more easily and transport readily?"
,0,"In a desert environment, rough and uneven ground can make travel on foot difficult. What type of transportation is typically utilized to navigate the desert more easily?","In a desert environment, transportation is typically difficult to navigate through more easily. What type of ground ground utilized to navigate the desert can make travel rough or carry things more efficiently?"
,0,"When traveling in the desert, the uneven terrain can make traveling on foot difficult. What type of transportation can be used to navigate the desert more easily?","When traveling in the desert, the terrain can be difficult to navigate easily. What kind of transportation is utilizing to make traveling on the desert easier?"
,0,"In a desert environment, it may be challenging to walk due to the uneven and rugged terrain. Please suggest what type of transportation can be used to navigate the desert more efficiently?","In a desert environment, it may be challenging to navigate due to the disturbed terrain. Please suggest what type of transportation can be used to navigate more efficiently?"
,0,"When travelling through a desert environment, it can be challenging to travel on foot due to the uneven surface. What form of transportation might facilitate easier navigation of the desert?","When travelling on a desert, it can be difficult to navigate through the desert due to the extreme environment. What form of transportation might facilitate traveling of higher surfaces?"
,0,"When traveling in desert environments, it can be challenging to traverse on foot due to the rough and uneven terrain. What type of transportation could be utilized to move more comfortably and easily in such an environment?","When traveling in desert environments, it can be difficult to move comfortably and effectively due to such varied terrain. What type of transportation can be utilized to navigate more or less in a flat environment?"
,0,the object that can expand the volume,the object that can expand the volume
,0,"If I want to enter this room, what object should I pass through?","If I want to enter this room, what object should I pass through?"
,0,What do I need to pass through in order to enter this room?,What do I need to pass through in order to enter this room?
,0,"To enter this room, what would you have to pass through?","To enter this room, what would you have to pass through?"
,0,What object should you pass through to enter this room?,What object should you pass through to enter this room?
,0,"To enter this room, what structure or feature do I need to pass through?","To enter this room, what structure do I need to pass through or to follow?"
,0,What object can we sit on while working or studying in the office?,What object can we sit on while working or studying in the office?
,0,What object might we use for sitting while working or studying in a office-like setting?,What object might you use while working or studying in a office-like setting?
,0,What type of furniture can be used for sitting while working or studying in an office?,What type of furniture can be used for working or sitting while studying in an office?
,0,What furniture item can be utilized while working or studying in the office?,What furniture item can be utilized while working or studying in the office?
,0,"In an office environment, what object is commonly used to sit while working or studying?","In an office environment, what object is commonly used to sit while working or studying?"
,0,What essential piece of furniture would be used for sitting while working or studying in an office environment?,What piece of furniture would be used for working or studying while sitting in an office environment?
,0,"The weather can be unpredictable, especially during the colder seasons. What item in the picture can provide extra warmth and protection against the cold?","The weather can be unpredictable, especially in the colder seasons. What item in the picture can provide extra warmth and protection against the cold?"
,0,"In the colder seasons, people often require additional warmth and protection from harsh weather. Based on this image, what item could be utilized to provide additional warmth and protection from the cold?","In colder and warmer months, people often require additional warmth to provide protection from the cold. Based on this picture, what item could be utilized to provide warmth and protection from the weather?"
,0,"What object in the picture could help provide added protection from the cold during unpredictable weather conditions, particularly during the colder seasons?","What object in the picture could provide additional protection from the cold during colder weather seasons, particularly during unpredictable weather months?"
,0,"In colder seasons, when the weather can be unpredictable, please identify the item in the picture that can provide additional warmth and protection against the cold.","In the weather conditions where the sky can be warm and unpredictable, please identify the item in the picture that can provide extra protection from cold."
,0,"During the colder seasons, the weather can be unpredictable, so what item in the picture could provide additional warmth and protection against the cold?","During the colder winter months, the weather could be unpredictable and provide extra warmth, what item in the picture could protect against the cold?"
,0,"In a fish market, it is important to provide clear information about the various types of seafood available for sale. What object in the picture can be used to display the names and prices of different fish?","In a seafood market, it is important to know the various types of fish available for sale. What object in the picture can be used to represent the prices and labels of different fish?"
,0,"In a fish market, it is essential to provide clear information about the various types of seafood available for sale. What item within the picture would be useful for displaying the names and prices of the different fish?","In an seafood market, it is essential to display the various types of fish available for sale. What item in the picture would be useful for identifying the prices and details of the different fish?"
,0,"In a fish market, effective communication of the available seafood varieties for sale is important. What object in the picture might be used to display the names and prices of various fish?","In a seafood market, the appropriate distribution of fish products can represent different prices. What object in the picture might be used to display the names and prices of important fish for sale?"
,0,"When presenting various types of seafood at a fish market for sale, it is vital to provide clear information about the respective costs of different fish available. What object in the picture could be utilized to exhibit the names and prices of various fish for sale?","When presenting various types of fish for sale, it is important to know the specific details of various fish prices presented at the market. What object in the picture could be utilized to represent the prices and supplies of seafood for sale?"
,0,"The image is not provided. However, in a fish market, what equipment or tool can you suggest to display the names and prices of various fish available for sale?","However, the image is not available. What equipment or brand can you suggest to display the prices and products of various fish available for sale?"
,0,"When preparing a fruit salad, what in this image can be used to sprinkle on top of the mixed fruits to add some additional flavor and texture?","When preparing this fruit, what on top can be used to sprinkle some fruits with the extra flavor and texture?"
,0,What object in the image might be used to sprinkle on top of mixed fruits to add some additional flavor and texture while preparing a fruit salad?,What object in the image might be used to sprinkle some fruits on top of fruit to add additional flavor and texture while preparing a mixed salad?
,0,"When preparing fruit salad, what item in the image may be utilized to sprinkle over the mixed fruits to give them an added flavor and texture?","When preparing fruits, what item in the image may be utilized to sprinkle the fruit over to give it a mild flavor and texture?"
,0,"During the preparation of a fruit salad, what item in the picture might be used to sprinkle over the mixed fruit to add new texture and flavor?","During the preparation of a fruit salad, what item might be sprinkled over the fruit to add some flavor and texture to the new filler?"
,0,"When preparing a fruit salad, what object could be used to sprinkle on top of the mixed fruits, providing additional flavor and texture?","When preparing a fruit salad, what object could be used on top of the fruits to sprinkle with additional flavor and texture?"
,0,"In the process of making a fruit salad, what item in this image can be utilized to sprinkle on top of the mixed fruits for the purpose of adding extra flavor and texture?","In the process of making fruit salads, what item on this image can be utilized to sprinkle the fruits for the purpose of adding extra flavor and texture?"
,0,something that the car driver uses to observe the rear conditions,something that the driver uses to observe the rear windows
,0,"If we were to visit this place, which area in the picture would be a popular tourist spot to explore and admire?","If we were to visit this town, which area in the picture could be a popular attraction to visit and admire?"
,0,"If one were to visit this location, which part of the picture is likely to be a popular tourist spot to explore and admire?","If one were to visit this town, which part of the picture could likely be a popular attraction to visit and spot to explore?"
,0,"If we were to visit this place, what part of the picture would likely be a popular tourist attraction that people would want to explore and admire?","If this tourist were to visit the city, what part of the picture would people likely be interested in and be popular attractions to visit?"
,0,Suppose we were visiting this site; which section of the picture appears to be a popular area for tourists to discover and appreciate?,"If we visit this site, which section of the picture might be considered to be a popular place for visitors to discover and enjoy?"
,0,"If we were to visit this place, which part of the picture is a popular tourist spot to explore and admire?","If we were to visit this beautiful place, which part of the map is a popular attraction to visit and admire?"
,0,"If we were to visit this location, which specific region depicted in the picture would likely be a popular tourist spot to explore and admire?","If we were to visit this spot, which specific location depicted in the picture could likely be a popular tourist destination to visit and admire?"
,0,"When attending a formal event, people often wear a small accessory around the collar of their dress shirts. What object in the picture could be used for this purpose?","When attending a formal event, people often wear small shirts around the collar of their dress. What object in the picture could be used for this purpose?"
,0,What objects in the picture need to be plugged into a power source to operate?,What objects in the picture need to be plugged into a power source to operate?
,0,What items in the picture require connection to a power source in order to function?,What items in the picture require power to connection in order to function?
,0,What are the devices or objects that require an external power source for their functionality in the picture?,What are the objects or devices that require an external power source for their functionality in the picture?
,0,"In the given picture, could you identify the objects that need to be connected to a power source to function properly?","In the given picture, could you identify the components that need to be connected to a power source properly?"
,0,What objects in the picture require connection to a power source to function?,What objects in the picture require power to connection to a function?
,0,What are their power requirements? Could you please point out in the picture which appliances or devices need to be connected to a power source to function?,What should you reference to appliances that need their power requirements to be connected? Can someone point out in the picture a power source or device?
,0,A wine enthusiast has a large collection of wines that need to be stored properly. What area in the picture would be most suitable for storing these wines?,A vineyard has a large collection of wines that need to be stored properly. What item in the picture would be most suitable for storing these wines?
,0,"As a wine enthusiast, what region in the picture would be best for preserving a sizable wine collection?","As a wine enthusiast, what region in the picture would be best for preserving a diverse wine collection?"
,0,"As a wine enthusiast with a significant collection of wines, where would you find the most appropriate location in the picture to store these wines properly?","As a famous grower with a diverse collection of wines, where would you find the correct location in the picture to store these wines properly?"
,0,"As a helpful robotic assistant, I would recommend you locate the ideal area from the picture to store a large collection of wine bottles properly for the wine enthusiast.","As a wine enthusiast, I would recommend you locate the best area within the box for the task to store a great collection of beautiful wine bottles easily."
,0,"A wine enthusiast with a large wine collection often needs an appropriate place to store them. In this picture, what is the most suitable area for storing wine?",A restaurant with a large wine collection often needs an appropriate place to store wine. Here is the ideal spot for storing them?
,0,A wine enthusiast has a large collection of wines that require proper storage. What area in the picture would be the most appropriate choice for storing these wines?,A wine lover has a large selection of wines that require appropriate storage. What area in the picture would be the most appropriate item for storing these wines?
,0,"Dogs are not typically allowed to freely roam in public spaces, and they usually need to be kept under control when walking indoors. What object in the picture could be used to keep the dog restrained in a hallway?","Dogs are typically not allowed to be kept indoors, and they often need to be kept in a public space. What object in the picture could be used to regulate how to walk around in a dog house?"
,0,"When walking dogs indoors, they usually need to be kept under control. Could you identify what object in the picture could potentially be utilized to keep a dog restrained in a hallway?","When dogs walk inside a hallway, they might need to be kept under control. What object in the picture can be utilized to ensure that dogs are typically pointed to something possibly curving up in a spot?"
,0,"Since dogs are not typically permitted to roam freely in public spaces, they are often required to be restrained while indoors. What object could be used to keep a dog restrained in a hallway according to the picture?","Since dogs are often not required to be kept indoors when standing, they are commonly required to rest in a public space. What object could be used to regulate a dog to lie upside down?"
,0,"When a dog is being walked, it is typically necessary to keep the animal under control and not allow it to wander freely in public spaces.Some pet owners may utilize equipment to restrain the dog while indoors. Can you point me to the object which could be used to keep the dog restrained in a hallway as shown in the picture?","When a dog is kept in a chair, it is often necessary to keep the dog out and move it freely. Can you suggest which equipment might be utilized to guard the dog from being held in front of the object in public areas? Please use the picture above to facilitate dog trainer to walk without"
,0,Dogs are typically required to be restrained indoors and in public areas. What object in the picture may be used to keep a dog restrained in a hallway?,Dogs are typically required to be restrained in a public area. What object in the picture is meant to be used to keep dogs indoors or in a hallway?
,0,"Dogs are typically restrained when walked inside or taken to public places. Based on the image, what object can be utilized to keep the dog restrained when walking through hallways?","Dogs are typically kept inside public places. Based on the image, what object can be utilized to keep dogs walking or restrained when walking to the hallway?"
,0,something that is most likely to be the backup light,something that is likely to be the backup light
,0,What object hanging on the wall in the bedroom can make the atmosphere more artistic and decorative?,What object present in the room on the wall can make the living room more artistic and decorative?
,0,What decoration hanging on the wall in the bedroom can make the atmosphere more artistic and decorative?,What decoration in the room hanging on the wall can make the artistic atmosphere more decorative and visual?
,0,What is the object that hangs on the wall in the bedroom which can enhance the atmosphere of the room and give it a more artistic and decorative feel?,What is the object on the wall which hangs in the room and can enhance the artistic feel of the room to give it a more decorative and natural atmosphere?
,0,What object is hanging on the bedroom wall that can make the room look more decorative and artistic?,What object is hanging on the bedroom wall that can make the room look more artistic and decorative?
,0,"When we enter a room, what object can be used to remove dirt and moisture from shoes, and avoid slipping hazards indoors?","When in a room, what object can be used to remove moisture or buckles from shoes, and avoid slips indoors?"
,0,"Upon entering a room, what object can you use to prevent dirt and moisture from shoes, reducing the risk of slipping hazards inside?","Upon entering a room, what item can you use to reduce the risk of slipping dirt and moisture from shoes, preventing hazards from inside?"
,0,"As a smart home AI, which object can be used to remove dirt and moisture from shoes, preventing slipping hazards indoors, when entering a room?","As a design, which object can prevent moisture or dirt from entering a room, when shopping shoes indoors?"
,0,What object can be used to prevent slipping hazards indoors and remove dirt and moisture from shoes when entering a room?,What object can be used to remove moisture and prevent slips or dirt from shoes when indoors in a room?
,0,"When entering a room, what item can be used to remove dirt and moisture from shoes and prevent slipping hazards indoors?","When entering a room, what item can be used to remove moisture or shoe buckles from shoes and prevent slips indoors?"
,0,"After entering a room, what object can be utilized to eliminate dirt and moisture from shoes to prevent the risk of slipping indoors?","After entering a room, what object can be utilized to reduce the risk of slipping off from shoes to prevent moisture and dirt indoors?"
,0,"When riding a boat at high speed on the sea, it's important to have suitable clothing to protect against the water. What item of clothing in the picture can provide protection and insulation in the water?","When riding on a boat in the water, it's important to have clothing to protect the water from the wind. What item in the picture can provide protection and protection of such clothing at high speeds?"
,0,What piece of clothing in the picture can provide protection and insulation during high-speed boat riding on the sea?,What piece of clothing in the picture can provide high-speed protection and protection on the boat during riding seafoils?
,0,"When traveling at high speed on the sea by boat, it is necessary to wear protective and insulated clothing to protect against water. What is the object specifically designed for this purpose in the picture?","When traveling on the water at high speed, it is necessary to wear protective clothing specifically designed and built for the boat. What is the object in this picture to protect by using insulated technology?"
,0,"When riding a boat at high speed on the sea, it is important to have appropriate clothing that can provide insulation and protection against water. Please indicate the item of clothing in the picture that could be useful for this purpose.","When riding on a boat during clothing, it is important to have clothing that can provide water and protection for the body. Please indicate the item in this picture that could be of useful use for this purpose."
,0,"When riding a boat at high speed on the sea, it is essential to wear appropriate clothing that can provide protection and insulation from the water. Can you identify an item of clothing in the picture that would help in this situation?","When riding on a boat in the water, it is essential to wear clothing that can provide protection and help protect the body from cold water. Can you identify an item of clothing at this location that would indicate in this case?"
,0,"To protect yourself against the water when riding a boat at a high speed in the sea, what type of clothing can provide insulation and keep you warm?","To protect your head when riding on a boat at high levels of water, what type of clothing can provide a protective covering to keep the water warm and calm?"
,0,"In a community with strict environmental awareness, residents are encouraged to sort the garbage they produce and put it into different containers for recycling. What is the object in the picture that is designed specifically for this use?","Within a community that is primarily for municipal waste recycling, people are encouraged to put their clothes in and dispose of them. What is the object in the picture designed to take this for specific use?"
,0,"In a community that emphasizes environmental awareness and recycling, residents are encouraged to sort their waste and dispose it into appropriate bins. What object in the picture is specifically designed to support this practice?","In a community that encourages waste disposal and recycling, residents are encouraged to specifically examine and treat their waste products. What object in the picture is meant to hold it out in this context?"
,0,"In a community with a strict awareness of environmental protection, people are encouraged to sort the waste they generate and discard it in dedicated receptacles for recycling. What object in the picture is specifically designed for this purpose?","Within a community with a specific awareness of recycling, people are encouraged to put and discard materials in difficult forests. What object in the picture is specifically designed to handle this?"
,0,"In a community with strict environmental awareness, residents are encouraged to separate the waste they produce and place it into different containers for recycling. What object in the picture is specifically designed for this use?","In a community with a community park, residents are encouraged to separate and distribute their waste specifically for recycling. What object in the picture is designed to put this into suitable use?"
,0,"In a community with a strong focus on environmental awareness, residents are typically encouraged to sort their waste and place it in separate containers for recycling. Which object in the picture is designed specifically for this purpose?","Because of a community aimed specifically for waste disposal, residents are often encouraged to take a piece of clothing and recycle it in a suitable location. Which object in the picture is designed for this?"
,0,"Suppose that I am afraid of the dark, what object can I turn on to make me feel safe and secure?","Suppose that I feel afraid of the dark, what object can I make myself feel secure and secure to turn on?"
,0,"If you are afraid of the dark and want to feel safe and secure, what object can you turn on to make you feel that way?","If you feel helpless and want to be safe and secure on the dark, what object can you use to make you feel that way?"
,0,"Suppose you are afraid of the dark and need to feel secure, what object can be turned on?","Given you want to feel fearless and can be locked, what object can be turned on?"
,0,"If you are afraid of the dark and want to feel safe and secure, what object can you turn on according to the picture?","If you feel afraid of the dark and want to stay secure and secure according to the image, what object can you turn on?"
,0,Suppose you are afraid of the dark and are seeking comfort. What can you turn on to make yourself feel safe and secure?,Suppose you are feeling secure and want to avoid the sun. What can you turn on to make yourself safe and secure?
,0,Public transportation is an efficient way to travel in a city. What mode of transportation in the picture can carry many passengers and travel along the tracks?,Public transportation in a city is an easy way to travel and carry many passengers. What mode of transportation in the picture can carry passengers on the tracks?
,0,"In a city, what form of transportation can carry many passengers and travel along tracks?","In a city, what form of transport can carry many passengers and travel along routes?"
,0,"What mode of transportation is depicted in the picture that can transport large numbers of passengers and operate on tracks, making it an efficient form of public transportation within cities?","What mode of transportation can be depicted in the picture that makes it a convenient form of transportation in large cities, operating vehicles and monitor public operations?"
,0,"In the context of public transportation, which mode of transportation in the picture can carry many passengers and travel along designated tracks?","In the context of public transportation in the picture, what mode of transportation can carry many passengers and carry along tracks?"
,0,"When traveling in a city, public transportation is often an efficient option. What mode of transportation in the picture can carry many passengers and move along tracks?","When traveling in a city, transportation is often an option. What mode of transportation in the picture can carry many passengers and carry passengers through private routes?"
,0,Public transportation is an efficient way to travel in a city. What transportation mode is present in the picture that is capable of carrying many passengers and traveling along the tracks?,Public transportation is an interactive mode of transportation in many cities. What transportation vehicle in the picture is capable of carrying passengers and traveling on a route that is present in the air?
,0,the part of the bird that is used for eating,the part of the bird that is used for eating
,0,someone with bare arms,someone with bare arms
,0,What is often placed in the corner of the bedroom to add beauty to the indoor environment?,What is often placed in the front corner of the bedroom to add beauty to the indoor environment?
,0,What object is typically placed in the corner of a bedroom for aesthetic purposes?,What object is typically placed in the corner of a bedroom for aesthetic purposes?
,0,What object is typically placed in the corner of a bedroom to make the indoor environment more attractive?,What object is typically placed in the corner of a bedroom to make the indoor environment attractive?
,0,What item is frequently placed in the corner of the bedroom to enhance indoor aesthetics?,What item is usually placed in the center of the bedroom to enhance indoor aesthetics?
,0,What indoor decoration is typically placed in the corner of a bedroom to enhance its aesthetic appeal?,What indoor decoration in the corner of a bedroom is typically placed to enhance its aesthetic appeal?
,0,What is commonly placed in the corner of a bedroom to enhance the aesthetics of the indoor environment?,What is commonly placed in the center of a bedroom to enhance the aesthetics of the indoor environment?
,0,"On a windy day at the beach, you may see colorful objects soaring high in the sky. What object in the picture represents this activity?","At sunny days on the beach, you may see a hard object in the sky that is soaring. What object in the picture represents this activity?"
,0,"What object in the picture depicts an activity that you may observe on a windy day at the beach, where you might see colorful objects soaring high in the sky?","What object in the picture might you observe on a day at the beach, where you might see objects that are soaring in bright lights along a sandy outdoor?"
,0,"During a windy day at the beach, what objects in the picture might be seen soaring high in the sky and adding color to the scenery?","During a beach trip, what objects in the picture might be soaring at the sky to add color and seeing the sunshine in the scenery?"
,0,What object in the picture could represent colorful objects flying high in the sky on a windy day at the beach?,What object in the picture could represent bright green objects flying on the beach at a sunny day in the field?
,0,"On a windy day at the beach, what object in the picture could you use to fly colorful kites?","On a sunny day at the beach, what object in the picture could you use to fly kites?"
,0,Participating in car racing requires special safety equipment to protect the eyes from wind and debris. What item in the picture can provide this protection?,Participating in snowboarding requires special equipment to protect the eyes from wind and dust. What item in this picture can provide the protection?
,0,"In car racing, special safety equipment is required to protect the eyes from wind and debris. Could you specify what item in the picture could provide this type of protection?","In snowboarding, special equipment is required to protect the eyes from certain types of wind and rain. Could you identify what item in the picture could provide this protection?"
,0,"When participating in car racing, what object is commonly utilized to protect a person's eyes from wind and debris?","When engaging in public recreation, what object is commonly utilized to protect a car from wind and dirt?"
,0,"When participating in car racing, it is essential to have specialized safety equipment to protect the eyes from wind and debris. Can you tell me what object in the picture provides this eye protection?","When participating in specialized eye protection, it is necessary to wear glasses to protect the eyes from wind and hazards. What object in the picture can I find provide this equipment?"
,0,Having a clean kitchen environment plays an important role in ensuring food hygiene and health. What object can be used to hold all the discarded food or trash to keep the kitchen cleanly?,Having a clean kitchen environment is essential to ensuring the storage of food and hygiene. What object can be used to hold all the kitchen trash or food cleanly?
,0,Maintaining a clean kitchen environment is critical for maintaining food hygiene and ensuring good health. What item in the picture could be utilized to store discarded food or trash in order to keep the kitchen clean?,Maintaining a clean kitchen environment is critical for maintaining good hygiene. What item in the picture could be utilized to store food and handmade to ensure food is clean and satisfied?
,0,Maintaining a clean kitchen environment is essential for food safety and hygiene. What object could be used to store discarded food or trash and keep the kitchen clean?,Maintaining a clean kitchen environment is essential for food storage and hygiene. What object can be used to store clean or discarded food and keep the kitchen clean?
,0,"To maintain a hygienic and healthy kitchen environment, what object can be utilized to contain all food waste or discarded items and keep the kitchen tidy?","To maintain a healthy and hygienic kitchen environment, what object can be utilized to contain the kitchen waste or keep food cleaned?"
,0,Ensuring a clean kitchen environment is essential in maintaining food hygiene and overall health. What object could be used to collect all discarded food or trash to maintain a clean kitchen?,Ensuring a clean kitchen environment is essential to maintaining personal hygiene and food security? What object could be used to clean out all food stored or packaged to maintain a clean kitchen?
,0,the object that prevents people from walking on railroad tracks,the object that prevents people from walking on railroad tracks
,0,"In a high-energy sporting event, the audience often cheers for the athletes to show their support and excitement. What object or area in the picture could the spectators be directing their cheers towards?","In a sporting event, athletes often cheering their heads for the spectators. What object in the picture could the athletes hold their attention and support to promote?"
,0,"During a high-energy sports match, where could the audience be directing their cheers and excitement towards in the image provided?","During high-energy sports, where could the athletes be providing their warmth and excitement in the image drawn towards?"
,0,"In a high-energy sporting event, where might the spectators be directing their cheers towards to show their support and excitement in the picture?","In a high-energy sporting event, where might the spectators be holding their head to shower their sympathy and support in the picture?"
,0,"In a high-energy sporting event, where would the audience most likely direct their cheers in this picture to show their support and excitement for the athletes?","In a high-energy sporting event, where would the athletes likely cheers their heads for this audience to show their hopes and excitement in the sport?"
,0,"In a high-energy sporting event, audience members often cheer for the athletes to demonstrate their enthusiasm and support. Based on the image, what area or objects might the spectators be directing their cheers towards?","In a sporting event, high-powered athletes often display their enthusiasm and support. Based on the images, what object might the spectators be holding to promote their attention towards?"
,0,"During a high-energy sporting event, the audience often cheers the athletes on as a display of support and excitement. In the provided picture, towards which object or area might the spectators be directing their cheers?","During a sporting event, spectators often present high-energy entertainment. In which object on the screen might the spectators and the crowd be holding as a compliment?"
,0,"When participating in a car show, showcasing the unique features of each car is crucial. What part of the car can be showcased by opening it in the picture?","When exhibiting a car show, participating in the showcase can be crucial. What part of the car shown in this picture can be created by showcasing it in the picture?"
,0,"During a car show, showcasing the unique features of each vehicle is essential. What aspect of a car can be demonstrated by opening it, given the current picture?","During a car show, showcasing the essential features of a car can be achieved. What object is present, given the design by matching this area?"
,0,"When participating in a car show, it's crucial to showcase a vehicle's unique features. Which part of the car could be highlighted by opening it according to the picture?","When showcasing a car, it's crucial to highlight its features by participating in a car show. Which part of the car could be set up to display the picture?"
,0,"When participating in a car show, it's important to highlight the unique features of each car. What part of the car, as shown in the picture, could be revealed to showcase its features?","When enjoying a car show, it's important to highlight the features of each car. What part of the car, as shown in the picture, could be presented to showcase its unique features?"
,0,"An essential component of car shows involves displaying the unique features of each car to the audience attending the event. What aspect of the vehicle can be showcased by opening a portion of it, as depicted in the picture?",What essential component of cars can be displayed by displaying a unique showcase as a part of it? The aspect of the car shown in the picture can involve attaching the event to the audience.
,0,"When participating in a car show, it's important to showcase the unique features of each car. Based on the image provided, which part of the car could be displayed by opening it to highlight its distinctive characteristics?","When exhibiting a car, it's important to highlight the features of each car. Based on the picture presented, which part of the car could be displayed by placing it to complement its unique features?"
,0,the persons who are recording the game,the persons who are playing the game
,0,"In a team competition, winning athletes and teams often stand together for a group photo to celebrate their victory. What in the picture could signify their achievement?","In a baseball team competition, teams often sign up for a victory to celebrate their achievement. What in the picture could represent their team and create one?"
,0,Group photos are commonly taken to celebrate victory in team competitions. What object or feature in the picture might signify the team's accomplishment?,Team poses are commonly considered to symbolize team achievements. What object in the picture might indicate the team's passion or accomplishment?
,0,"In a team competition, athletes and teams who achieve victories often assemble for a group photograph to commemorate their triumph. What aspect in the picture could be a symbol of their success?","In a sports team, athletes and teams often commemorate their achievements. What object in the picture could be a part of a group festival designed to capture their success?"
,0,"When athletes or teams win a competition, they often take a group photo to celebrate their victory. What could signify their achievement in the picture?","When athletes win a competition or sign their picture, they often take a picture to celebrate their achievement. What in the picture could represent a team activity?"
,0,"After winning a team competition, athletes and teams often come together for a group photo to commemorate their victory. What element of the picture might represent their accomplishment?","During a team competition, athletes and teams often take a photo to commemorate their achievement. What part of the picture might represent themselves for a team victory?"
,0,"When winning athletes and teams take a group photo to celebrate their victory in a team competition, what aspect of the picture could symbolize their achievement?","When competitors win a team sporting medal to celebrate their achievements, what part of a picture could symbolize their team effort in the picture?"
,0,Some people enjoy having a view of the outside world while still being comfortable inside their homes. What part of the house in the picture can provide such an experience?,Some people enjoy having a place inside of their house to live while still having the experience. What part of the picture in the picture can provide such an outside view?
,0,"For someone who enjoys the comfort of their homes but also wants to have a view of the outside world, could you help me identify which part of the house in the picture can provide such an experience?","For someone who loves the outside of their home and wants to have a relaxing view of the world, which part of the house in the picture could provide an opportunity to identify their settings?"
,0,What aspect of the house in the picture can enable people to overlook the outdoor world while remaining indoors and comfortable?,What aspect of the house in the picture can enable people to remain indoors and enjoy the outdoor world while resting?
,0,What part of the house in the picture can provide people with a view of the outside world while still being able to stay inside and be comfortable?,What part of the house in the picture can provide people with the ability to stay inside and be comfortable while still being outside of the world?
,0,"For people who enjoy admiring the outdoors from the comfort of their own home, which part of the house in the picture could offer such an experience?","For those who enjoy the outdoors of a home away from home, which part of the house in the picture could offer the comfortable experience?"
,0,"In some cases, people enjoy being able to view the outside world while inside their homes. What section of the house in the picture might provide such an experience?","In some cases, people may be able to view the outside of their house while enjoying the experience. What part of the world in this picture provides locations inside a house?"
,0,"In a snack mix, various ingredients can be combined to create a flavorful and nutritious blend. What in the picture can provide a crunchy and nutritious addition to the mix?","In a nutritious snack, various ingredients can be combined to create a creamy and nutty flavorful concoction. What in the picture can provide a touchy and nutritious addition to the mix?"
,0,"In a snack mix, multiple ingredients can be combined to contribute to a delicious and healthy blend. What item in the picture could be utilized to introduce a crunchy and nutritious component to the mix?","In a healthy snack, something can be combined to produce a delicious and nutritious addition. What item in the picture could be utilized to add a crunchy and tangy ingredient to the mix?"
,0,A snack mix can be made flavorful and nutritious by combining various ingredients. What object in the picture could be used to provide a crunchy and nutritious component to the mix?,A snack bar can be flavorful and nutritious to consume by mixing various ingredients. What object in the picture could be used to create a tangy and nutritious component?
,0,What item(s) in the picture might provide a crunchy and nutritious addition to a snack mix?,What item(s) present in the picture might provide a sweet and nutritious addition to a snack mix?
,0,"A snack mix can be comprised of several different ingredients, which when combined, can produce a flavorful and nutritious blend. Please identify the components in the picture that can provide a crunchy and nutritious addition to the mix.","A spaghetti roll can contain several components, which can be present in a nutritious and tasty combination. Please identify the ingredients in the mix that can provide a nutritious and crunchy addition to the mixture."
,0,"During festive occasions or religious ceremonies, it is common to see symbolic representations or idols of deities being worshiped. What objects in the picture could be used as idols or representations of deities?","In religious ceremonies, it is common to see idols or deities being celebrated as saints. What objects in the picture could be used to represent religious messages or idols or kinds of deities?"
,0,"In festive occasions or religious ceremonies, it is common to see symbolic representations or idols of deities being worshiped. Please identify which objects in the picture are appropriate to be utilized as such symbolic representations.","In religious ceremonies, it is common to see religious symbols or rituals being utilized as symbolic beads. Please indicate which parts of rituals or eulogies are favored to be displayed in such instances."
,0,"During festive occasions or religious ceremonies, people often use idols or symbolic representations of deities for worship. What elements in the picture might be suitable for this purpose?","During religious ceremonies or religious festivals, people often use symbols or idioms for spiritual purposes. What in the picture might be suitable for this attribute?"
,0,"During festive occasions or religious ceremonies, it is common to depict symbolic representations or idols of deities while performing worship. What objects in the picture appear capable of being utilized as such idols or representations?","During idolized ceremonies or religious festivals, it is common to observe symbols or expressions of God. What objects in the picture typically utilize as such are imitated while representing idols or expressions of God?"
,0,"During festive occasions or religious ceremonies, people commonly use idolistic depictions or representations of deities in the form of objects for worship. Based on the picture, what objects might be utilized for this purpose?","During religious ceremonies, people often use objects in the form of religious connotations or idioms for occasions. Based on the word, what might be utilized for this purpose represent?"
,0,"In today's digital age, many people prefer to use mobile payment methods instead of carrying cash. What in the picture might become less popular due to this trend?","In today's social world, many people prefer using mobile payments instead of cash. What in the picture might become more popular due to this trend?"
,0,What item visible in the picture might become less popular because of the increasing trend of people choosing to use mobile payment methods instead of carrying cash?,What item seen in the picture might become more popular because of the increasing number of people opting to use traditional payment methods instead of carrying cash?
,0,"Given the trend of mobile payment methods in today's digital age, what item in the picture may decline in popularity as a result?","Given the decline of digital age in today's market, what item in the picture might display popularity as a result?"
,0,"In the age of digital technology, many people prefer to use mobile payment methods rather than carrying cash. Please identify the item in the picture which may become less popular as a result of this trend.","In the age of digital technology, many people prefer electronic payment which may become more popular than in the past. Please identify this method of using cash items to show the decline because of the trend."
,0,"Due to many people choosing mobile payment methods over carrying cash, what might become less popular because of this trend, based on the image?","Given the popularity of payment options based on social media, what might many people opt for this way, due to carrying cash?"
,0,where we can sit down,where we can sit down
,0,"If a person wants more privacy when using the bathroom, what structure in the picture can be closed to separate the bathroom from the outside environment?","If a person wants privacy when using the bathroom, what structure in the picture can be separated from the bathroom to keep privacy?"
,0,"If someone requires additional privacy while using the bathroom, which area of the picture could be closed to isolate the bathroom from the outside environment?","If someone requires privacy while using the bathroom, which area of the picture could be removed from the outside to accommodate the bathroom environment?"
,0,What structure in the picture can be closed to provide more privacy to a person using the bathroom and separate it from the outside environment?,What part of a room can be used to separate it from the outside privacy and provide privacy to the individual by looking in the mirror?
,0,"What structure, visible in the picture, can be closed to provide more privacy when using the bathroom?","What structure, visible in the picture, can be opened to provide privacy when using the bathroom?"
,0,"To curtail interference and improve privacy when using the bathroom, what item in the picture can be closed to partition the bathroom from the outdoors?","To promote privacy and prevent the bathroom from being outdoors, what item in the picture can be used to lock the bathroom in the closet?"
,0,What structure in this picture can a person close to increase privacy while using the bathroom and separate it from the outside environment?,What structure in this photo can a person separate from the bathroom and use it to maintain privacy while outside the ordinary?
,0,"After washing hands in the bathroom during the cold winter months, what should be used to dry them?","After washing hands in the cold winter months, what should be used to dry them during the bathroom?"
,0,What should be used to dry hands in the bathroom during the cold winter months after washing?,What should be used to dry hands after washing in the cold winter months?
,0,What should you utilize to dry your hands after washing them in the bathroom during the cold winter months?,What should you use to dry your hands after washing them in the hot bathroom during the winter?
,0,"After washing one's hands in the bathroom, what object should be used to dry them during the cold winter months?","After washing one's hands in the hot bathroom, what object should be used to dry them during the winter months?"
,0,"During the cold winter months, what should be used in the bathroom to dry your hands after washing?","During the cold winter months, what should be used in the bathroom to dry your hands after washing?"
,0,"After washing hands in the bathroom in cold winter months, what object should be used to dry them?","After washing hands in the cold bathroom, what object should be used to dry them in winter?"
,0,"When it comes to fashion, high-heeled shoes are often considered a stylish choice for women. What part of a shoe is typically elevated to create the heel?","When it comes to fashion, high heels are often considered a stylish addition to shoes. What part of the shoe is typically tailored to create a sleeve?"
,0,"In fashion, high-heeled shoes are often seen as a stylish choice for women. Which part of the shoe is commonly raised to form the heel?","In fashion, high-heeled shoes are often seen as a fashionable choice for women. Which part of the shoe is often raised to form the heel?"
,0,"In fashion, high-heeled shoes are often considered a stylish choice for women. What section of the shoe is often raised to create the heel?","In fashion, shoes are often considered a stylish beauty. What section of the shoes is often raised to create the heel?"
,0,"In fashion, high-heeled shoes are a popular choice for women. Which part of such shoes is typically raised to create the elevated heel?","For women, high-heeled shoes are a popular fashion choice. What part of the heel is typically raised above the shoes to create elevated heel?"
,0,High-heeled shoes are often considered a stylish choice for women in fashion. Which part of the shoe is usually raised in order to create the heel?,High-heeled shoes are often worn by women in order to create fashion. Which part of the shoe is usually considered a stylish addition to the heel?
,0,What type of container is commonly used to hold water and keep flowers fresh in a living room?,What type of container is commonly used to hold flowers and keep fresh water in a living room?
,0,What kind of container is typically used to hold water and keep flowers fresh in a living room?,What kind of container is typically used to hold flowers and keep water fresh in a living room?
,0,What is the common container type to hold water and keep flowers fresh in a living room?,What is the common container type to hold flowers and keep flowers fresh in a living room?
,0,What is the typical type of container that is used in a living room to store water and keep flowers fresh?,What is the typical type of container that is used in a home to store flowers and keep room fresh?
,0,What type of container is typically utilized in a living room to hold water and help keep flowers fresh?,What type of container is typically utilized in a living room to keep flowers fresh and help hold water?
,0,Creating visual representations of military equipment can be an interesting art form. What object in the picture could be a subject for a doodle or drawing related to the military?,Creating technical drawings can be a subjective artwork or related field. What object in the picture could be a representation of a dovetail for an art?
,0,"When creating visual representations of military equipment, what objects in the picture could potentially serve as a subject for doodles or drawings?","When creating military objects, what possible doodles in the picture could potentially serve as a subject for drawings or artifacts?"
,0,"In the picture, which object might potentially serve as the subject matter for a doodle or drawing related to the military?","In the picture, which object might be potentially related to the subject or serving as a doodle for a military art?"
,0,"In the art form of drawing visual representations of military equipment, what item in the picture could be a subject or inspiration for such a doodle?","In the artistic descriptions of such topics, what item in the picture could be a craft or inspiration for a type of knife?"
,0,Which object in the picture could serve as inspiration for a doodle or drawing focused on military themes?,Which object on the image could serve as a doodle or inspiration for a medieval drawing focused on weapons?
,0,What in the picture might be a suitable subject for a military-themed doodle or drawing?,What subject in a picture might be suitable for a doodle-themed or flying piece?
,0,The image suggests that the animal shown has a certain level of aggression and dominance. What part in the picture indicates this aggression?,The image indicates that the animal in the image has a certain level of aggression and dominance. What part of this suggests aggression?
,0,What part of the picture suggests that the animal displayed possesses a level of aggression and dominance?,What part of the animal depicted presents the impression that humans possess a level of aggression and dominance?
,0,Could you please point out the region of the image that indicates the portrayed animal's aggression and dominance?,Can you point out the image that suggests the region of the image affected to accompany the vicarious appearance and aggression?
,0,What part of the picture indicates that the animal in the image has a level of aggression and dominance?,What part of the animal in the image indicates that the bird has a level of aggression and dominance?
,0,Could you please identify the region in the picture that indicates aggression and dominance of the animal depicted?,Can you identify the region in the picture indicated that aggression and attractiveness of the animals depicted?
,0,"From the image, what aspect of the animal suggests that it exhibits aggression and dominance?","From the image, what aspect of the animal suggests that it exhibits aggression and dominance?"
,0,We need to browse the internet or write documents in a quiet environment. What object can be used to input non-vocal instructions to the computer to fulfill this task?,We need to read text or input documents to fulfill the usual tasks within the computer. What object can be used to activate a web-footed program to answer this question?
,0,"When browsing the internet or working on documents, a quiet environment is often necessary. What object can be used to provide non-vocal instructions to the computer to accomplish these tasks?","When browsing the internet or working on a computer, instructions can be necessary to perform tasks. What electronic device is often used to provide commands to the non-working objects to accomplish this?"
,0,"When browsing the internet or writing documents, we may require a quiet environment. What device can be utilized to provide non-vocal input instructions to the computer to complete these tasks?","When browsing the internet, we require a computer to provide instructions. What device can be utilized to perform non-vocal tasks or input documents to fill this necessary area?"
,0,"In order to browse the internet or write documents in a quiet environment, what object can be used to input non-vocal commands to the computer?","In order to interact with the internet or read non-videos, what object can be used to input documents to a computer in the quiet environment?"
,0,"What object can be utilized to provide non-vocal instructions to the computer, enabling us to browse the internet or write documents in a quiet environment?","What object can be utilized to provide us with a computer to navigate the web, or render non-vibrant instructions to the computer in an interactive environment?"
,0,What object can be utilized to issue non-vocal instructions to a computer for browsing the internet or composing documents in a quiet environment?,What object can be utilized to read non-videos or write instructions for navigating the internet to a computer in a pleasant environment?
,0,"When it comes to indoor gardening, what is an essential item that is commonly used to hold soil and support the growth of plants?","When it comes to indoor gardening, what is an essential item that is commonly used to support growth and maintain soil?"
,0,What is an essential item used for indoor gardening that is commonly utilized to hold soil and provide support for the growth of plants in the picture?,What is an essential item commonly used in indoor gardening that is utilized to support the growth of plants and provides soil for work?
,0,"In indoor gardening, what is the essential item that is used to hold soil and support the growth of plants?","In indoor gardening, what is the essential item that is used to hold soil and support the growth of plants?"
,0,What is an essential item that is commonly used to hold soil and support the growth of plants in indoor gardening?,What is an essential item of soil that is commonly used in indoor growing to support and maintain plants?
,0,"In indoor gardening, what is an essential item frequently used to hold soil and provide support for plant growth?","In indoor gardening, what is commonly used to hold soil essential for support and maintain plant growth?"
,0,"Indoor gardening often involves the use of a necessary item, which holds soil and provides support for plant growth. What is this item typically called?","Controlling soil requires the use of an open garden, which often holds plant material and provides shelter. What is this item commonly called?"
,0,What object is used to hang on the walls that can enhance the beauty of a room and make it look more attractive?,What object is used to hang on the walls of a room and enhance the look that can make it look more attractive?
,0,What item used for wall decor adds beauty to the room's aesthetic and enhances its overall appearance?,What item used for bathroom decor adds a touch to the room's overall appearance and enhances its aesthetic?
,0,What decorative objects are typically hung on walls to enhance the beauty of a room and make it look more attractive?,What decorative objects are often hung on walls of a room to enhance the look and make it more attractive?
,0,Tell me what object can be hung on walls to enhance the beauty of a room and make it look more attractive?,What object can be hung on a wall to enhance the look of a room and make it look less attractive?
,0,What object could be hung on walls to enhance the beauty of a room and make it look more attractive?,What object could be hung on a wall to enhance the look of a room and make it more attractive?
,0,What object is commonly used to decorate walls and make a room look more attractive?,What object is commonly used to decorate walls and make a room look more attractive?
,0,the cover to protect lens from damage,the lens to protect from damage
,0,"When you finish your business in the bathroom and want to store items such as towels, where should you put them?","When you are in the bathroom and want to store things such as towels, where should you finish them?"
,0,"When finishing your business in the bathroom and you need to store items such as towels, where is the ideal location to place them?","When in a bathroom and need to store items such as towels, what is the ideal location to place them?"
,0,"After you finish using the bathroom and would like to store items such as towels, where would be the appropriate location to put them in this image?","After placing items such as towels in this bathroom, where would you normally go to store them and would like to use the image?"
,0,"If you have finished using the bathroom and wish to store items such as towels, where is the appropriate place to keep them in the picture?","If you are storing bathroom items such as towels, where are you appropriate to put the cloth in the picture?"
,0,Where is the ideal location to store items like towels when you are finished using the bathroom?,Where is the ideal place to store items like towels when you are finished using the bathroom?
,0,"After using the bathroom, where should you place items such as towels?","After using the bathroom, where should you place items such as towels?"
,0,Birds often find elevated areas to rest or observe their surroundings. What parts in the picture can potentially serve as a resting spot for birds?,Birds often rest in areas to serve as a spot for birds. What specific parts of the picture can potentially establish surroundings or resting places?
,0,"Birds often seek elevated areas to rest or observe their surroundings. In the picture, what parts could potentially serve as a resting spot for birds?","Birds often seek shelter and rest to serve as a spot for their surroundings. In the picture, what specific areas could potentially establish resting areas for birds?"
,0,"What parts of the picture could be utilized as potential resting spots for birds, given their tendency to seek out elevated locations?","What portions of the picture could be utilized as potential spots for birds, given their tendency to seek out elevated resting areas?"
,0,"In this picture, which areas could potentially serve as a resting spot or vantage point for birds to observe their surroundings?","In this scene, which areas could potentially serve as a spot or resting point for birds to observe their surroundings?"
,0,"If we are to consider birds looking for areas to rest or observe around their surroundings, which parts of the picture might serve as a potential spot for them?","If we consider areas around the sky to serve as a spot for birds, which parts of their surroundings might be appropriate to look for or observe them?"
,0,the object that can be used for speaking and amplifying volume,the object that can be used for amplifying volume and speaking
,0,"When playing a drum set, which part of the drum set in the picture would be used to keep the rhythm and provide accents in the music?","When playing a drum set, which part of the set in the picture would be used to keep the rhythm in the music and provide accents in the drumming?"
,0,"When playing a drum set, which part of the set displayed in the picture is commonly utilized to maintain the rhythm and provide accents in the music being played?","When playing a musical instrument, which part of the body is typically utilized to keep the music playing and provide tone in the given picture?"
,0,"When playing a drum set, which component of the drum set seen in the picture is typically used to keep the rhythm and add accents to the music being played?","When playing a drum set, which part of the drum set is typically used to keep the music being played and reflected in the rhythms seen?"
,0,"When playing a drum set, which part of the drum set shown in the picture is typically utilized to maintain the tempo and highlight accents in the music?","When playing a musical instrument, which part in the set typically utilized in the picture is shown to highlight the parts of the instrument and maintain the drum rhythm?"
,0,"When playing a drum set, which components of the drum set pictured would typically be utilized to maintain the rhythm and add accents to the music being played?","When playing a drum set, which parts of the drum set would typically be utilized to provide the rhythms imparted to the music being played correctly?"
,0,"When playing a drum set, which element in the picture could be utilized to establish rhythm and emphasize certain beats in the music?","When playing a drum, which element in the picture could be utilized to emphasize certain beats and set the pitch in music?"
,0,Walls are often empty and blank. What object can serve as an accessory to make it more decorative?,Walls can be decorative and open. What object is often used as a accessory to make it more ornamental?
,0,"What object can be utilized as an accessory to decorate walls, which are often empty and plain?","What object can be utilized to decorate walls, which are often bare and exotic?"
,0,"To make walls more decorative, what object can be used as an accessory?","To make wall decorations more decorative, what object can be used as an accessory?"
,0,"To make a wall more decorative, what object could be utilized as an accessory?","To make a wall decorative, what object could be utilized as an accessory?"
,0,What object can be used as an accessory to decorate walls and make them less empty and blank?,What object can be used as an ornamental to accessories and make them empty and hang?
,0,"In snowy regions, people often use a specific means of transportation to move across the snow-covered ground. What in the picture could be used for this purpose?","In snowy places, people often use a specific kind of transportation to travel across the snow-covered surface. What in the picture could be used for this purpose?"
,0,"In snowy regions, what item in the picture would people commonly utilize to move across the snow-covered ground?","In snowy areas, what item in the picture might individuals utilize to slide across the snow-covered ground?"
,0,"In regions with heavy snowfall, people often rely on a specific mode of transportation to traverse the snow-covered terrain. Based on the picture, what particular item could be employed for this function?","With snowfalls, people rely on a specific item to navigate the snow-covered terrain. Based on the given picture, what type of transportation could be employed to carry this function?"
,0,"In areas that are covered in snow, what objects can be used to move across the snowy landscape?","In areas that are covered in snow, what objects can be used to move across the snowy landscape?"
,0,What item in the picture could be utilized for transportation on snow-covered ground in regions that often experience snowfall?,What item in the picture could be utilized for snow-covered transportation on terrain that often lies in ground?
,0,What object can be used to provide better sound quality when watching movies or playing music on the computer?,What object can be used to provide better sound quality when playing movies or playing the computer on TV?
,0,What item in the picture can be utilized to enhance sound quality when watching movies or playing music on the computer?,What item in the picture can be utilized to enhance audio quality while playing movies or listening to music on the computer?
,0,something that helps in the pollination of plants,something that helps in the pollination of plants
,0,What object in the room is mainly used as a sitting tool for writing or using an electronic device?,What object in the room is mainly used as a writing tool or for using an electronic device?
,0,Which item in the room is primarily utilized as a seating device for writing or working on an electronic device?,Which item in the room is primarily utilized as a piece of writing device for seating or working on an electronic device?
,0,What object in the room is primarily employed as a seat for writing or utilizing an electronic device?,What object in the room is primarily employed as a device for writing or utilizing an electronic device?
,0,What object in the room is primarily utilized as a seat for writing or using an electronic device?,What object in the room is primarily utilized as a seat or for writing something using an electronic device?
,0,What item in the room is typically utilized as a seat for writing or using an electronic device?,What item in the room is typically utilized as a device for writing or using an electronic device?
,0,Which item in the room is primarily used as a seating tool for writing or using electronic devices?,Which item in the room is primarily used as a writing tool for seating or using electronic devices?
,0,What objects in the picture can rotate rapidly and generate lift to allow vertical take-off and landing?,What objects in the picture can slide freely and generate vertical lift to enable take-off and landing?
,0,"Which objects in the picture spin at high speeds, creating lift that allows for vertical takeoff and landing?","Which objects in the picture push at high speeds, creating lift and vertical acceleration for takeoff?"
,0,Which objects in the picture can produce lift and facilitate vertical take-off and landing as a result of their rapid rotation?,Which objects in the picture can facilitate vertical lift and produce lift as a result of their take-off and rapid landing?
,0,Which objects in the picture are capable of generating lift and permitting vertical takeoff and landing by rapidly rotating?,Which objects in the picture are capable of producing vertical lift and drag by permitting easily rotating and rising?
,0,"What objects in the picture have the ability to rotate rapidly and generate lift, enabling vertical take-off and landing?","What objects in the picture have the ability to generate vertical lift and expand upon take-off, enabling vertical acceleration and rolling?"
,0,What parts of the picture can rotate at high speeds to produce lift that facilitates vertical take-off and landing for an aircraft?,What part of the aircraft can produce lift at points that facilitates vertical take-off and landing at high speeds to maintain lift?
,0,the part of the hedgehog that can be used to defend against predators,the part of the hedgehog that can be used to defend against predators
,0,"Owls have excellent night vision, which allows them to see clearly in the dark. What part of their body is responsible for this ability?","Owls have excellent vision, which allows them to see clearly in the dark. What part of their body is responsible for this ability?"
,0,What part of the owl's body is responsible for their excellent ability to see clearly in the dark?,What part of the owl's body is responsible for their ability to see clearly in the dark?
,0,"Which part of an owl's body is responsible for their exceptional night vision, allowing them to see clearly in the dark?","Which part of an owl's body is responsible for their striking vision, allowing them to see clearly in the night?"
,0,What part of an owl's body is responsible for its excellent night vision?,What part of an owl's body is responsible for its excellent night vision?
,0,"What specific feature of owls makes them able to see clearly in the dark, due to their excellent night vision?","What particular feature of the owls makes them able to see clearly in the dark, due to their excellent night vision?"
,0,Tennis is a sport that requires hitting the ball back and forth over a net. What object in the picture is used by players to hit the ball?,Basketball is played by a sport that requires players to hit the ball over and over. What object in the picture is used to hit the ball back down?
,0,What equipment in the picture is usually utilized by tennis players to hit the ball back and forth over a net in a tennis game?,What equipment in the picture is usually utilized by players to hit a ball back and forth in a tennis game?
,0,What item do players typically use in the game of tennis to hit the ball back and forth over the net?,What item do players typically use to hit the ball back and forth in the game of tennis?
,0,What item in the picture is used by players to hit the ball back and forth over a net while playing tennis?,What item in the picture is used by players to hit the ball back and forth while playing a net?
,0,Which object in the picture would one use to hit the ball back and forth over a net in a game of tennis?,Which object in the picture would one use to hit a ball back and forth over the net of a tennis?
,0,What object is primarily utilized by players to hit the ball during a game of tennis?,What object is primarily utilized by players to hit the ball during a game of tennis?
,0,"When someone is sleeping, what object can support the cervical spine and make the sleep more comfortable?","When someone is sleeping, what object can support the cervical spine and make the sleep more comfortable?"
,0,What item can provide support to the cervical spine and make sleeping more comfortable?,What item can provide support to the cervical spine and make sleeping more comfortable?
,0,"A person is standing near the edge of a building, posing for a photo. What part or feature of the building is the person using as support or barrier in this picture?","A person is standing in front of or facing a building, providing support or purpose for the picture. What part of the vehicle is the bar like as a feature of this bar?"
,0,"In the picture, which part or feature of the building is the person currently standing near the edge utilizing as support or barrier for posing in the photo?","In the picture, which part of the person standing in the platform is the main item present or present as representing or utilizing for push around the trailer?"
,0,A person is posing for a photo near the edge of a building. What part or feature of the building is he or she using as support or a barrier?,A person is standing or walking at the edge of a building. What part of the building is he or she using as a feature or barrier?
,0,"When a person poses for a photo at the edge of a building, what specific part or feature of the building might they be using as support or a barrier?","When a person poses at a building as a sign or support, what specific part of the bar might they be using for a picture or purpose of?"
,0,"In this picture of a person posing near the edge of a building, what part or feature of the building is being utilized by the individual as a form of support or barrier?","In this image of a person standing near the center of a building, what part of the structure being utilized by the person is serving as a block or barrier?"
,0,"When the person is posing for a photo at the edge of the building, what part or feature of the building is being used as support or barrier in this picture?","When a person is posing for the picture at the base of the bar, what part or feature of the bar is being used as a support or structure in this walk?"
,0,"In order to use the toilet seat, what object should be lifted first?","In order to use the toilet seat, what object should be pulled first?"
,0,What should be lifted first to use the toilet seat?,What should be placed next to the toilet seat?
,0,"What object needs to be lifted first before using the toilet seat, typically?","What object needs to be first removed before using the toilet seat, typically?"
,0,What should a person lift first before using the toilet seat?,What should a person first lift before using the toilet seat?
,0,"When using the toilet seat, what should be lifted first?","When using the toilet seat first, what should be removed?"
,0,What object do you need to lift first in order to use the toilet seat?,What object do you need in order to use the toilet seat?
,0,"In the bedroom, a source of light is necessary for illuminating the room. What object in the room serves this purpose?","In a room, the source of light is necessary for illuminating the room. What object in the picture serves this purpose?"
,0,What object do people typically use in a bedroom to provide illumination?,What object do people typically use in a bedroom to provide illumination?
,0,What is the object in the bedroom that typically provides light and illuminates the room?,What is the object in the bedroom that typically illuminates the room and provides light?
,0,"In a bedroom, what object would typically serve the purpose of providing illumination for the room?","In a bedroom, what object would typically serve the purpose of providing illumination for the room?"
,0,"In a bedroom, what object provides light to illuminate the room?","In a bedroom, what object provides light to illuminate the room?"
,0,"In a bedroom, what item could be utilized to provide adequate illumination to the space?","In a bedroom, what item could be utilized to provide adequate illumination to the interior?"
,0,"When cleaning up the kitchen, what object could be used to reach high places, such as the top of a cabinet or a shelf?","When cleaning up the surface of a kitchen, what object could be used to set places, such as a top of a shelf or high cabinet?"
,0,"When cleaning up the kitchen, what object could be used to reach high places such as the top of a cabinet or a shelf?","When setting up a kitchen, what object could be used to clean up places such as the top of a cabinet or a shelf?"
,0,"What object can be used in the kitchen to reach high places, such as the top of a cabinet or a shelf when cleaning?","What object can be used in the kitchen to place places, such as a top of a cabinet or the shelf when cleaning?"
,0,"What is typically used to reach high places, such as the top of a cabinet or shelf, when cleaning up the kitchen?","What is typically used to clean up places, such as the top of a cabinet or shelf, when standing on the kitchen?"
,0,"When cleaning up the kitchen and trying to reach high areas such as the top of a cabinet or shelf, what is an object that can be utilized?","When cleaning the top of a kitchen or attempting to reach objects such as a cabinet, what can be placed?"
,0,"During the process of kitchen cleanup, what item could be utilized to reach high places such as the top of a cabinet or shelf?","During the task of a kitchen setup, what item could be utilized to reach places such as the top of the shelf or hot sheets?"
,0,"If someone wanted to travel to a far-off island quickly, what means of transportation in the picture would be suitable for that purpose?","If someone wanted to travel to a place far enough away, what device in the picture would be suitable for that purpose?"
,0,"If someone wanted to travel to a remote island quickly, what mode of transportation in the picture is most appropriate for the journey?","If someone wanted to travel to a remote destination during the journey, what mode of transportation in the picture is most appropriate?"
,0,Which mode of transportation in the picture would be appropriate for someone who wants to travel to a far-off island quickly?,Which mode of transportation in the picture would be appropriate for someone who wants to travel to a far-off island quickly?
,0,"Assuming one wanted to travel to a far-off island quickly, what mode of transportation in the picture would be appropriate?","Assuming one wanted to travel to a trip somewhere in the far-off scene, what mode of transportation would be ideal?"
,0,"Looking at the picture, which mode of transportation would be suitable for someone wanting to quickly travel to a far-off island?","Looking at the picture, which mode of transportation would be suitable for someone wanting to quickly travel to a far-off island?"
,0,"As an AI assistant, can you suggest a mode of transportation from the picture that someone could use to travel quickly to a far-off island?","As an AI, can you suggest to a person to travel from a far-off location that the transportation platform could easily use to travel on a trip of low?"
,0,Butterflies are attracted to certain types of plants because they provide them with a necessary food source. What part of the plant in the picture is likely to attract butterflies?,Butterflies are attracted to certain kinds of plants because they need to provide them with food. What part of the plant in the picture is likely to attract butterflies?
,0,"When it comes to butterflies, they are often attracted to specific plants that provide them with a vital food source. Based on the picture, what component of the plant is most likely to attract butterflies?","When it comes to butterflies, they are often attracted to plants that provide them with a specific source of food. Based on the picture, what part of the plant is most likely to attract butterflies?"
,0,"In general, butterflies are often drawn to specific plant varieties because they provide them with essential nourishment. In the picture, which part of the plant is most likely to be attractive to butterflies?","In general, butterflies are often attracted to plant parts because they often seek out nutritive plants. In the picture, which part of the plant is most characteristic of butterflies to make them particular?"
,0,Certain plant varieties are known to attract butterflies as they offer a necessary food source. Can you point out which part of the plant in the picture might attract butterflies?,Certain varieties of butterflies are known to attract insects as they provide food. Can you point out which plant in the picture might attract a particular butterflies?
,0,"Certain types of plants are more attractive to butterflies because they serve as a necessary food source. Based on the picture, what part of the plant is likely to attract these insects?","Certain types of plants are attractive to butterflies because they are a potential food source. Based on the picture, what part of the plant is likely to attract these insects?"
,0,Certain types of plants can attract butterflies due to their providing a necessary food source. Please help me find what specific part of the plant in the picture is likely to attract butterflies.,Certain types of plants can attract butterflies due to their small part of the plant. Please find what food source in the picture could provide a particular plant to attract butterflies.
,0,Dogs enjoy exploring new environments and sniffing everything around them. What part of the dog's body is primarily used to sense different scents in the picture?,Dogs enjoy exploring different parts of the world and scenting themselves around them. What part of the dog's body is primarily used to feel different snaps in the picture?
,0,"When dogs explore new environments, they often rely heavily on their sense of smell to detect different scents. Which part of the dog's body in the picture is primarily responsible for this task?","When dogs rely on different kinds of smells to manage their sense of smell, they often encounter problems. What part of the dog's body in the picture is typically responsible for this task?"
,0,What part of the dog's body is mainly used to detect different scents in the picture as they explore new environments?,What part of the scent in the dog's body is mainly used to examine new objects as they explore different environments?
,0,"What part of the dog's body is primarily utilized to sense different scents in the picture, as they enjoy exploring new environments and sniffing their surroundings?","What part of the dog's body is primarily used to grasp new spots and explore their surroundings, while enjoying them scenting themselves in the wild?"
,0,"Which part of the dog's body is primarily responsible for sensing different scents in the picture, given that dogs enjoy exploring new environments and smelling everything around them?","Which part of the dog's body is primarily responsible for smelling different things in the environment, given that dogs enjoy exploring and sensing their scents around them?"
,0,Horse racing is a popular equestrian sport where jockeys compete against each other to win. What objects in the picture are commonly used as obstacles in horse racing?,Jockeyes are a popular horse sport where equestrian competitions often compete against one another. What object in the picture is commonly used to drive horses around in zebra racing?
,0,"What objects are commonly used as obstacles in horse racing, according to the picture?","What objects are commonly used as obstacles in horse racing, according to the picture?"
,0,"During horse racing competitions, what are some everyday objects that serve as obstacles for the jockeys?","During horse racing events, what are some everyday objects that serve as jockeys for the competitors?"
,0,What are the commonly used obstacles in horse racing that can be seen in the picture?,What are the commonly used obstacles in racing that can be seen in the picture?
,0,What objects used as obstacles could be found in a typical horse racing environment as portrayed in the picture?,What objects used to avoid problems like a horse racing scenario can be depicted in the equipment presented in a picture?
,0,"In horse racing, what objects are commonly utilized as obstacles to challenge the jockeys, as shown in the picture?","In horse tractors, what objects are commonly utilized as jockeys to challenge the horses, as shown in the picture?"
,0,"If we were at the location shown in the picture and did not consider diving underwater, what area in the picture could we explore further?","If we were not covered in water and were considering the location shown in the picture, what area in the picture could we explore at diving?"
,0,Which regions of the picture could we explore further without considering diving underwater?,Which sections of the picture could we explore further underwater without considering diving?
,0,"Assuming that we are unable to perform underwater exploration, what particular region of the picture can be further explored?","Assuming that we cannot underwater exploration, which particular area of the image can be closely explored?"
,0,"Suppose you're able to explore the location depicted in the picture, but without considering submerging underwater. What areas might you venture further to explore?","Given the area depicted, what could you explore to venture out in the water? Perhaps you're finding something to explore under much depth."
,0,Roller skates and skateboards are popular among those who enjoy outdoor activities. What part of the roller skate and skateboard in the picture facilitates movement on the ground?,Sliding skateboards and roller skates are popular among people who participate in outdoor activities. What part of the skateboard and roller skateboard in the picture provides the platform for movement?
,0,Which part of the roller skate and skateboard in the picture serves to aid in movement along the ground for those who enjoy outdoor activities?,Which part of the skateboard in the picture serves to aid the movement and roller skateboard during outdoor activities?
,0,Roller skates and skateboards are both popular among outdoor enthusiasts. What component(s) of the roller skate and skateboard in the image allow for movement along the ground?,Sliding skateboards and roller skates are popular among outdoor enthusiasts. What component of the skateboard(s) in the picture allow for movement on the foot and skateboard?
,0,"For people who enjoy outdoor activities, roller skates and skateboards are popular choices. Please specify which part of the roller skate and skateboard in the picture allows users to move effectively across the ground.","For people who enjoy outdoor activities, skateboards and roller skates are popular among private facilities. Please select the part of the skateboard that allows users to navigate the skateboard and roller skates inside."
,0,What component of the roller skate and skateboard in the picture enables movement on the ground?,What component of the skateboard and roller skate in the image allows movement on the ground?
,0,Movement in activities such as roller skating and skateboarding is facilitated by a specific component of the equipment usually used. Which feature of the roller skates and skateboard depicted in the image promotes locomotion on the ground?,Activities such as skateboarding and roller coastering often promote movement in a equipment mode. What part of the skateboarding equipment depicted in the picture is performed on the ground?
,0,"When preserving vegetables such as cucumbers, it is important to store them in a tightly sealed container to maintain their freshness. What object in the picture can be used for this purpose?","When storing vegetables for freshly cut food, it is important to store them in a sealed container to ensure their freshness. What object in the picture can be used such as this?"
,0,"When storing vegetables like cucumbers, it is necessary to place them in a tightly sealed container to retain their freshness. Which object present in the picture can be used for this purpose?","When storing vegetables such as cucumbers, it is essential to place them in a tightly sealed container to retain their freshness. Which object in the picture can be used for this purpose?"
,0,"When preserving vegetables like cucumbers, what item can be used to keep them fresh by storing them in a tightly sealed container?","When preserving vegetables like cucumbers, what items can be used to store them securely by storing them in a tightly sealed container?"
,0,"To keep vegetables such as cucumbers fresh, it's essential to keep them in a well-sealed container. What object in the picture might be employed for that purpose?","To keep vegetables fresh in a well-canned container, it's essential to store them in the picture. What object in the picture might be utilized for such purposes?"
,0,"When it comes to preserving vegetables such as cucumbers, it is important to store them in a tightly sealed container to ensure their freshness. Which object present in the picture could be utilized to accomplish this goal?","When storing vegetables such as cucumbers, it is vital to clean them to ensure that they are stored in a sealed container. Which object in the picture might be utilized to achieve this objective?"
,0,"When trying to preserve vegetables such as cucumbers, what object in the picture would be suitable for keeping them fresh by storing them in a tight, enclosed container?","If storing vegetables in a suitable container such as cucumbers, what object in the picture would be useful for storing them by keeping them freshly wrapped in sturdy container?"
,0,"In rodeo events, riders often use certain equipment to stay on the back of a bull or horse and maintain balance. What in the picture can help a rider stay on the back of a bull during a rodeo?","In a horse, riders often use equipment to stay on the back of a bull during a ride or event. What in the picture can help a rider stay on the back of a bull and handle the horse safely?"
,0,Riders in rodeo events often utilize certain equipment to maintain balance and stay on the back of horses or bulls. What item in the picture could be used by a rider to stay on the back of a bull during a rodeo?,Runners often use items on the back of a bull to keep track of horses and carry their feet. What item in the picture could be used by a rider to stay in the back of a bull during hoops or conures?
,0,What equipment can be used to help a rider stay on the back of a bull or horse and maintain balance during a rodeo event?,What equipment can be used to help a rider stay on the back of a horse and maintain balance during a bull or trophy event?
,0,"During rodeo events, riders often rely on specific equipment to remain on the back of a bull or horse and maintain their balance. Based on this picture, what items could be utilized to help a rider stay mounted on the back of a bull during rodeo?","During riding, riders often rely on equipment placed on the back of a bull to keep their feet secured and fit into the horse. Based on this, what items could be utilized to help a rider stay on the back of a bull or handle during a rodeo?"
,0,What object in the picture can help a rider stay on the back of a bull or horse and maintain balance during a rodeo event?,What object on the back of a horse can help a rider keep a bull or mare in the event and improve balance during a walk or horse ride?
,0,"During rodeo events, riders typically require specific equipment to maintain their balance and remain on the back of a bull or horse. Based on the picture, could you differentiate what item could help a rodeo rider to stay on the back of a bull?","Based on a typical horse, riders typically use equipment to keep their feet on the back of a bull or rider. Based on the information, can you help a rider maintain balance to achieve desired fit on the back of a bull or horse?"
,0,The book at the top,The book at the top
,0,"When playing a bass guitar, what essential part of the instrument do musicians pluck or strum to produce sound?","When playing a guitar, what essential part of the drum do musicians or perform to strum smooth sound?"
,0,Musicians often pluck or strum a particular essential part of the bass guitar when producing sound. What is this critical element?,Artists often strum or vibrate the essential string component of their bass. What is this particular piece?
,0,"When playing a bass guitar, what component of the instrument is critical for musicians to pluck or strum to generate sound?","When playing a musical instrument, what component of drum is critical for musicians to pluck or strum to generate sound?"
,0,"When playing a bass guitar, what essential part of the instrument do musicians typically pluck or strum in order to produce sound?","When playing a musical instrument, what component of the drum do musicians typically need in order to tune or hold solid sound?"
,0,"To produce sound while playing a bass guitar, what part of the instrument typically needs to be plucked or strummed?","To produce sound while playing a guitar, what part of the guitar needs to be strummed or usually plucked?"
,0,What is the essential part of the bass guitar that musicians typically pluck or strum to create sound during a performance?,What is the core component of an instrument that musicians typically pluck or play to achieve smooth music?
,0,"When it comes to water sports, people often use various tools to glide on the surface of the water. What item in the picture is designed specifically for this purpose?","When it comes to water sports, people often slide directly on the surface of the water. What item in the picture is specifically designed to use this for various purposes?"
,0,"When engaging in water sports, individuals frequently use various items to slide or glide along the water's surface. Based on the image, what item appears to be designed specifically for this purpose?","When engaging with various water sports, individuals typically slide or slide on the surface to slide freely. Based on this image, what item appears to be designed to be used for various purposes?"
,0,What object in the picture is specifically designed for gliding on the surface of the water during water sports?,What object in the picture is specifically designed for gliding on the surface of the water during sports?
,0,"In water sports, a variety of devices are often employed to glide across the surface of the water. What object in the picture is intended specifically for this use?","In water sports, a variety of devices are typically used to glide across the surface of the water. What object in the picture is intended for this purpose?"
,0,What item is intended specifically for gliding on the surface of the water in water sports?,What item specifically is intended for gliding on the surface of the water in water sports?
,0,What item in the picture is intended for gliding on the surface of the water while participating in various water sports?,What item in the picture is intended for gliding on the surface of the water while participating in various water sports?
,0,the reflection of the person in the water,the reflection of the person in the water
,0,"During a tennis match, players often hit the ball with a specific tool. What tool in the picture can be used to hit the ball during a tennis game?","During a tennis match, players often hit the ball with a tool. What tool in the picture can be used to hit the ball during a tennis match?"
,0,What is the item in this picture that could be utilized to hit the ball during a game of tennis?,What is the item in this picture that could be utilized to hit a ball during the game of tennis?
,0,"During a tennis match, what equipment in the picture can be utilized to hit the ball?","During a tennis match, what equipment in the picture can be utilized to hit the ball?"
,0,"In tennis matches, players typically strike the ball with a specific piece of equipment. What tool in the picture is commonly used to hit the ball during a tennis game?","In tennis, players often hit a piece of ball with specific equipment. What object in the picture is commonly used to hit the ball during a tennis match?"
,0,"When playing a tennis match, what tool in the picture can be utilized to hit the ball?","When playing a tennis match, what tool in the picture can be utilized to hit the ball?"
,0,"In a game of tennis, what item can be employed to hit the ball?","In a game of tennis, what item can be employed to hit the ball?"
,0,"If someone in the picture wanted to enjoy a drink without having to pour it themselves, what object could they use to easily take small sips at a time?","If someone wanted to drink a drink at a glance, what object in the picture could they use to easily take it without having to spend multiple sips?"
,0,What object could be utilized in the picture to take small sips at a time and enjoy a drink without having to pour it oneself?,What object can be utilized to take a drink and enjoy a meal without having to pour it in one hand?
,0,What item could someone utilize to take small sips of a drink without having to pour it themselves in the picture?,What item could individuals utilize to take small sips of drink without having to pour it in themselves?
,0,"What object is available in the picture that someone could utilize to savor their drink without having to pour it themselves, taking small sips with ease?","What object in the picture could be utilized that people can use to pour their drink without having to savor it, taking small sips with themselves?"
,0,Suppose someone in the picture is seeking to enjoy a drink without having to pour it themselves. What might they utilize in order to readily take small sips of the beverage?,"If someone is enjoying a drink, what might they utilize to pour it in without having to take a sip of the beverage?"
,0,"If someone needs to drink a beverage without having to pour it themselves and wants to take small sips, what object in the picture is best suited for this purpose?","If someone wants to drink a beverage and needs to take small sips without having to pour it, what object in the picture is best suited for this purpose?"
,0,Dogs often use their sense of smell and sharp eyesight to interact with the world around them. What part of the dog's body in the picture is associated with its strong sense of smell?,Dogs often use their sense of smell and sharp sense of touch to interact with it. What part of the dog's body in the picture is closely associated with its sense of smell?
,0,"When interacting with the world around them, dogs typically rely on their sense of smell and sharp eyesight. In the picture, which part of the dog's body is associated with its strong sense of smell?","When interacting with humans, dogs often rely on their sense of smell and strong sense of sight. Based on the picture, which part of the dog's body in the picture is associated with its sharp sense?"
,0,"What part of a dog's body is typically associated with its strong sense of smell, given that dogs usually rely on their keen sense of smell and sharp vision to interact with the surrounding environment?","What part of the dog's body is typically concerned with its sense of smell and strong sense of sight, given that dogs rely on their keen sense to interact with a surrounding environment?"
,0,"What part of a dog's body in the picture is primarily associated with its strong sense of smell, which they often utilize to interact with their surroundings?","What part of a dog's body in the picture is often employed to surround themselves with their smell, which they are particularly fond of using?"
,0,"Which part of the dog’s body in the picture is generally associated with its strong sense of smell, which is frequently employed in their sensory interaction with the surrounding environment?","Which part of the dog's sense of smell is often associated with its strong sense of smell, which is commonly employed in controlling the environment within their body?"
,0,"In dogs, which part of their body is typically associated with their keen sense of smell, which aids in their interactions with the world around them in the picture?","In dogs, which part of their body in the picture is often associated with their sense of smell, which aids them in interacting with their strong sense in the world?"
,0,"In modern cuisine, food decoration can also bring a different dining experience. What food in the picture is most likely to be used for decoration?","In food decoration, different dishes can be used to experience food celebration. What food in the picture is likely to also bring a specific decoration?"
,0,"In modern cuisine, culinary art has been embraced, and food decoration can significantly enhance the dining experience. Which food in the picture is likely to be used for decoration?","In culinary art, food is widely admired, and traditional dining decorations can be expected to enhance the food experience. Which food item in the picture could be utilized for culinary embellishment?"
,0,"In modern cuisine, decorating the culinary arts can often create a distinctive dining experience. Based on the picture, what food item might be utilized for this purpose?","In culinary dining, decorating the food is often utilized to create a distinctive cuisine. Based on this image, what item on the table could be used to convey the culinary traditions?"
,0,"In modern cuisine, decorating food is a popular method to create a unique dining experience. Which food item in the picture is most likely to be used for such decoration?","In a popular dining food, food is often chosen to create a unique decorating experience. Which item in the picture is likely to be used for such cuisine?"
,0,"In modern cuisine, food decoration plays an important role in enhancing the dining experience. Based on the picture, which food item is most likely to be used for decoration purposes?","In dining, food is an important element for the celebration of food dishes. Based on the picture, which food item is often used in cooking to enhance food taste experience?"
,0,"In modern cuisine, dishes are often decorated to create a distinct and aesthetically pleasing dining experience. Based on the picture, what food item is most likely to be utilized for decoration purposes?","In dining, food items are often decorated to create a distinct and visually appealing dining experience. Based on the picture, what item is most commonly utilized for cuisine to be presented?"
,0,"In many cultures, a quilt with a star pattern is considered a significant symbol. What can be seen in the picture that represents this symbol?","In a cultures, a symbol with a knot is often considered a symbol. What can be seen in this picture that represents significant theme?"
,0,Which item in the image is representative of the significant symbol of a star pattern quilt seen in many cultures?,Which item in the image is a symbol of the significant figure represented in a pattern of primitive cultures?
,0,What symbol related to star patterns can be observed in the picture which holds significance in numerous cultures?,What symbol among various cultures can be observed in the picture that symbolizes significance in rare occasions?
,0,What pattern can be seen in the picture that represents the significant star symbol often found in many cultures?,What symbol can be seen in the picture that represents the cultured trait often found in many cultures?
,0,"In many cultures, a quilt with a star pattern is regarded as an important symbol. What can be observed in the image that signifies this emblem?","In a monogram, an important symbol is often expressed as a hat. What can be seen in this image that symbolizes the genre?"
,0,"In many cultures, a quilt with a star pattern represents a significant symbol. What can be observed in the picture that embodies this symbol?","In a multicolored pattern, what is observed with a symbol that symbolizes it?"
,0,the more advanced aircraft,the more advanced aircraft
,0,"When objects are left in water for a long time, they can often deteriorate or be damaged. What in the picture is an example of an object that has been affected by this process?","When objects are in a cold environment, they often deteriorate or become damaged. What is an example of an object that can be used to paint the surface for a long time in this picture?"
,0,Could you please identify the object in the picture that exhibits signs of deterioration or damage as a result of prolonged exposure to water?,Could you please identify the object in the picture that exhibits signs of deterioration or damage as a result of prolonged exposure to water?
,0,"What can be an example of an object that may deteriorate or get damaged after being left in water for a long period of time, based on the observation in the picture?","What could be an example of an object that can deteriorate or be damaged after being on the ground for a long period of time, based on the description in the picture?"
,0,"Over time, various objects may deteriorate or become damaged when submerged in water. Could you identify an item in the picture that exemplifies this phenomenon?","Over time, various objects may deteriorate or become damaged when exposed to water. Could you identify an item in the picture that symbolizes this phenomenon?"
,0,Could you identify an object in the picture that has likely been deteriorated or damaged due to being left in the water for an extended period of time?,Could you identify an object in the picture that has been damaged or left in the water for an extended period of time possibly due to being deteriorated?
,0,Could you please help me identify an object in the picture that exemplifies the consequences of leaving objects submerged in water for extended periods of time?,Could you please provide an example of something that identifies objects in the picture maintained for extended periods of time without disturbing us?
,0,Imagine we are attending a car show featuring various automobile models. What object in the picture could provide shade and protection from the sun during the event?,Imagine we are attending a car show in the picture offering car decoration. What object in the picture could protect against the wind and elements during an event?
,0,"Assuming that we are attending a car show featuring various automobile models, what object in the picture could act as a source of shade and provide protection against direct sunlight during the event?","Assuming that there is a car show at the event, what object in the picture could be a source of light and act as an antique carpet protecting against various weather during commencing races?"
,0,Suppose we are attending a car show featuring various automobile models. What part of the picture could be utilized to provide shade and protect individuals from the sun during the event?,We are attending a car show where individuals showcase various vehicles. What part of the picture might be utilized to provide sunscreen and protect the car from the weather?
,0,"If we're attending a car show featuring various automobile models, which object in the picture could provide shade and protection from the sun during the event?","If we're attending a car show where cars are in the picture, which object in the picture might provide protection against the weather at an event?"
,0,"At a car show featuring various automobile models, which object in the picture could be utilized to provide shade and protection from the sun?","At a car show where many automobiles are presented, which object in the picture could be utilized to protect from the sun and display weather?"
,0,"During a car show featuring a variety of automobile models, what item in the picture could provide shade and protection from the sun for visitors in attendance?","During a car show, what item in the picture could display a variety of vehicles for visitors to protect from sun and weather?"
,0,Graduation is a significant milestone in one's education. What in the picture could be worn by someone to signify their achievement during the graduation ceremony?,Graduation is an important milestone in one's career. What in the picture could be worn by someone to commemorate their graduation ceremony?
,0,What symbolic item typically worn by individuals signifies their achievement during a graduation ceremony in the picture?,What ceremonial item typically worn by individuals to symbolize their achievement during a graduation ceremony signifies the point?
,0,A graduation ceremony often involves wearing a special item to symbolize the graduation achievement. What object(s) in the picture could be worn to signify this achievement?,A graduation ceremony often involves wearing a special item to symbolize a achievement. What object(s) in the picture could be worn to qualify this achievement?
,0,"What can be worn by someone to signify their academic achievement during a graduation ceremony, based on the image provided?","What can be worn by someone to signify their graduation achievement, based on the image provided during a formal ceremony?"
,0,"During a graduation ceremony, it is common to see individuals wearing a certain item to symbolize their educational achievements. Based on the image provided, what item would that be?","During graduation, it is common for individuals to wear certain items to symbolize their academic achievement. Based on the picture, what item would that be seen?"
,0,the area that displays the time,the area that displays the time
,0,the engines for this plane,the engines for this plane
,0,the objects that can tell people the time,the objects that can tell the time
,0,"When traveling by train, we often encounter obstacles such as rivers or valleys. What infrastructure in the picture helps the train cross over these obstacles?","When traveling by train, people often encounter obstacles such as rivers or bridges. What structure in the picture helps us navigate through these obstacles?"
,0,"When trains are traveling, obstacles such as rivers or valleys can sometimes obstruct their path. What infrastructure present in the picture helps trains move across these barriers?","When roads are crossed, obstacles such as rivers or bridges often surround them. What transportation patterns present in these structures can help boats travel through the barren landscape?"
,0,"When traveling by train, it's common to encounter obstacles such as rivers or valleys. Which infrastructure in the picture helps the train traverse these obstacles?","When traveling by train, it's common to encounter obstacles such as rivers or streams. Which structure in the picture helps to navigate these obstacles?"
,0,"When traveling by train, crossing obstacles such as rivers or valleys can be challenging. What crucial infrastructure is depicted in the picture that aids trains in overcoming these obstacles?","When traveling through forests, bridges are overched by roads. What important obstacle in the picture can be employed to navigate these massive bridges that aids in controlling weather or technology?"
,0,"What infrastructure is used to help trains cross over obstacles like rivers and valleys, as is often encountered when traveling via train?","What infrastructure is often used to assist with traveling through valleys and crosses, as is something encountered when trains cross over roads?"
,0,"Suppose a train is traveling along its route, and encounters an obstacle like a river or valley. What feature appears in the picture that helps the train to navigate these challenges?","Suppose a train is traveling along a route, and sees something in the picture that encounters a tunnel or river. What feature in the picture helps its passengers to navigate these challenges?"
,0,"Fishing can be an enjoyable activity for many people, but sometimes it can be difficult to catch fish. What body part in the picture is essential for catching fish?","Fishing can be an enjoyable activity for many people, but sometimes it can be difficult to catch fish. What part in the picture is essential for catching fish?"
,0,"When fishing, certain body parts can be critical for catching fish. Can you identify the part of the body in the picture that is vital for catching fish?","When catching fish, certain body parts can be critical for fishing. Can you identify the part of the body in the picture that is essential for catching fish?"
,0,"In the context of fishing, which part of the body is really important for catching fish, according to the picture?","In the context of fishing, which part of the body is very important for catching fish, according to the picture?"
,0,"When fishing, what part of the human body is considered crucial for catching fish, as per the picture provided?","When fishing, what part of the human body is crucial for catching fish, as per the picture provided?"
,0,"When fishing, some essential body parts can be used to catch fish. Which body part shown in the picture is critical to catching fish?","When catching fish, certain body parts are essential to fishing. Which body part shown in the picture can be used to catch fish?"
,0,"Which part of the body is typically essential for catching fish, in the context of fishing, as displayed in the picture or scene?","Which part of the body is essential for catching fish, typically in the context of fishing or hunting, as shown in the picture?"
,0,Dogs need to be restrained while walking in public places to ensure their safety. What in the picture is used to restrain the dog and keep it from wandering off?,Dogs need to rest their heads while walking to keep them safe and to keep them out of the park. What in the picture is used to restrain dog behavior while being vehemently?
,0,What in the picture is used to restrain the dog and prevent it from wandering off when walking in public areas?,What in the picture is used to distract someone from walking and keep it away when restrained in the park?
,0,"What item is used to restrain a dog and prevent it from wandering off while walking in public places, which helps ensure its safety?","What item is used to restrain a dog while walking and help it regulate its balance, which is dangerous in public places without depriving them from behind?"
,0,What object in the picture is designed to restrain dogs and keep them from wandering off while walking in public places to ensure their safety?,What object in the picture is designed to restrain dogs and keep them from walking while controlling their safety to ensure they are away?
,0,"What is used to restrain and prevent a dog from wandering off while walking in public places, based on the picture?","What is used to restrain and keep a dog from walking on streets, based on the picture?"
,0,What in the picture is used to keep a dog from wandering off and restrain it while walking in public places to ensure its safety?,What in the picture is used to keep a dog out of sight while resting it and to guard it from traffic and regulate walking accordingly?
,0,"Where would you keep your clothing like shirts, pants, and dresses if you are in your bedroom?","Where would you keep your clothes like shirts, pants, and dresses if you are sitting in your bedroom?"
,0,"If you were in a bedroom, where would you store your clothing items such as shirts, pants, and dresses?","If you were in a bedroom, where would you store your clothing items such as shirts, pants, and shoes?"
,0,"Suppose you are in your bedroom, where would you typically store clothing items such as shirts, pants, and dresses?","If you are in the bedroom, where would you typically store items such as pants, shirts, and clothes?"
,0,"In a bedroom, where would you typically store your clothes, such as shirts, pants, and dresses?","In a bedroom, where would you typically store your clothes, such as shirts, pants, and dresses?"
,0,"If you were inside your bedroom and wanted to store your clothes such as shirts, pants, and dresses, where would you place them?","If you were sitting in your bedroom and wanted to store your clothes such as shirts, pants, and jeans, where would you place them?"
,0,"When shopping in a supermarket, we often see rows of products neatly arranged for customers. What part in the picture represents the area where the products are displayed?","When shopping for products, we often see boxes arranged in stores. What part of a shop where the products are featured is characteristic of the segment?"
,0,"When shopping in a supermarket, what section of the picture represents the area where the products are displayed in neat rows for customers to browse and select from?","When shopping in supermarkets, what section of the table is located in the picture where customers would select a area for a product to slice and browse through?"
,0,"When shopping in a supermarket, what area of the picture represents the region where products are being displayed for customers to peruse and select?","When shopping for a product in a supermarket, what region of the image represents the area where customers are perched to select and display?"
,0,"When shopping at a supermarket, rows of neatly-organized goods are commonly displayed for customers to browse. In this picture, which part represents the area where products would likely be on display?","When shopping for goods, boxes are typically filled with well-marked items. In this picture, which part of a store would be displayed next to where customers are likely to shop?"
,0,"When shopping in a supermarket, rows of products are often arranged neatly for customers. Can you identify the part of the picture that depicts the area where these products might be displayed?","When shopping for a restaurant, boxes are often arranged to represent the parts of stores. Can you identify the part of a spot where these products are printed that might be characteristic of customers?"
,0,"In supermarkets, products are usually arranged in an orderly manner for customers. Can you help me find the area where the products are displayed in this picture?","In supermarkets, products are usually arranged in an orderly manner. Can you find where the products are found in this area for my customers?"
,0,the bird that has caught prey,the bird that has caught prey
,0,"In a formal event, an important person may make an appearance on a grand staircase. What part of the picture suggests the presence of a grand staircase that leads to a higher level?","On a formal occasion, a person might witness the appearance of a special staircase. What part of the picture suggests putting a second staircase that leads to a higher level?"
,0,"What component of the picture suggests that there may be a grand staircase present, which a dignitary or VIP may traverse during a formal event?",What object of the picture suggests that there may be a formal or grand entrance present during a VIP ceremony?
,0,"What part of the picture indicates the presence of a grand staircase leading to a higher level, in the context of a formal event where an important person may make an appearance?","What in the picture represents the presence of a serious staircase, where an important person in front of an event might establish a special level?"
,0,"Please find the part of the picture that suggests the presence of a grand staircase that leads to a higher level, as an important person may make an appearance on such a staircase during a formal event.","Please identify the part of the picture that serves as a special place of an important wedding, that suggests the presence of a person in a staircase on such a large stage."
,0,"Please identify the area of the picture that suggests the presence of a grand staircase used for formal events, which leads to a higher level.","Please identify the area of the picture that represents the presence of a special staircase, which leads to a higher level used for formal grounds."
,0,"What part of the picture indicates the presence of a grand staircase that leads to a higher level, which could be utilized during a formal event by an important person while making their appearance?","What part of the picture represents a prominent staircase that can be utilized by a person during a formal appearance, which leads to the presence of a higher level?"
,0,"Among the decorative items made of small colorful beads, which accessory in the picture can be worn on the wrist as an accessory?","Among the decorative accessories worn on the head in the picture, which item can be made of small wool as an accessory?"
,0,"What piece of accessory among the small, colorful bead decorations in the image can be worn as a wrist ornament?","What colorful piece of accessory among the small, decorative beads in the image can be worn as a necklace?"
,0,"Among the decorative items made of small colorful beads shown in the picture, which item can be worn on the wrist as an accessory?","Among the decorative items displayed on the shirt in the picture, which item can be made of small handmade beads as an accessory?"
,0,"Among the decorative items made of small colorful beads, which one in the picture can be worn as an accessory on the wrist?","Among the decorative items worn on the head, which one can be worn as a small decorative accessory in the beads?"
,0,Imagine a winter scene where a person is sledding and being pulled by a dog through the snow. What object could the person attach to the dog to control its movement during the sledding activity?,Imagine a dog being pulled from a sledding activity by the dog during the winter activity. What object is the dog being pulled to force the sled through?
,0,"In this winter scene, where a person is sledding and being pulled by a dog through the snow, what item could the person utilize to regulate the dog's movement during the sledding activity?","During this winter activity, where a person is sledding over a dog's body, what item could the dog be using to regulate the movement and pull in during the sledding activity?"
,0,"In a winter scenario where a person is sledding and being pulled through the snow by a dog, what object might the person attach to the dog to control its movements during the sledding activity?","During a sledding scenario where a dog is being pulled by the person to crawl through the snow and compress its weight, what object might the dog be holding in the snow during the sledding behavior?"
,0,"During a national celebration, what part of the picture can be raised to symbolize the country and its values?","During a national celebration, what part of the picture can be raised to symbolize the country and its values?"
,0,"In the context of a national celebration, which object could be raised in the picture to symbolize the country and its values?","In the context of a national celebration, which object in the picture could be raised to symbolize the country and its values?"
,0,"During a national celebration, which part of the picture could be raised to symbolize the country and its values?","During a national celebration, which part of the picture could be raised to symbolize the country and its values?"
,0,"During a national celebration, what part of the picture might be raised to symbolize the country and its values?","During a national celebration, what part of the picture might be raised to symbolize the country and its values?"
,0,What item or element in the picture could be raised as a symbol of the nation and its values during a national celebration?,What item in the picture could be placed as a symbol and a nation's symbol during its celebration?
,0,"In the context of a national celebration, what aspect of the picture could be lifted as a symbol of the country and its values?","In the context of a national celebration, what piece of the picture could be viewed as a symbol of the country and its values?"
,0,People often say that a genuine smile can brighten up a person's face. What facial feature in the picture could indicate whether or not the person is smiling?,People often say that a person's face can brighten up a smile. What facial characteristic in the picture might be showing how or whether a person is happy?
,0,People often mention a real smile can illuminate an individual's face. What facial feature in the given picture might indicate if the person is smiling?,People often mention facial expression in the given picture. What item in a person's face can illuminate their face to see if a person is feeling well?
,0,"Please identify the facial feature in the picture that could indicate whether or not the person is smiling, as people often claim that a sincere smile can light up one's face.","Please identify whether one can identify the person who is smiling, as people often assume that the facial expression in the picture could indicate that one's smile made up."
,0,"How can one determine whether or not a person is smiling, based on their facial features in the picture?","How can one determine whether or not a person is facial in the picture, based on their looks?"
,0,"What feature of the person's face in the picture could suggest whether or not they're smiling, given the common belief that a genuine smile can brighten up a person's face?","Given that there's a smile on the face, what common item in the picture could accurately reflect the person's belief that their smile could be made of a smile?"
,0,"What facial feature in the picture reveals whether or not a person is smiling, given that a genuine smile can light up one's face?","What facial feature in the picture can show whether or not a person is one, given that scrubbing one's face reveals a happy smile?"
,0,the container that is being held by a person and is about to pour liquid,the container that is being held by a person and is about to pour liquid
,0,You are in a room that does not have much natural light. What object can be turned on to brighten up the room?,You are in a room that does not have much brightness. What object can be turned on to brighten up the room?
,0,"If you find yourself in a room with little natural light, which object can be turned on to increase the illumination levels in the room?","If you find a room with little illumination in the room, which object can be turned on to reduce the visible light levels?"
,0,"If you are in a room with low natural light, what can be turned on to illuminate the space?","If you are in a room with low light, what can be turned on to illuminate the space?"
,0,What object could you turn on to illuminate a dimly-lit room that lacks adequate natural light?,What object could you use to illuminate a room that lacks adequate dim-light?
,0,"If you are in a poorly lit room, what item can you switch on to illuminate the space?","If you are in a poorly lit room, what item can you switch on to illuminate the space?"
,0,"People love to play indoor table tennis for leisure, usually in the living room. What kind of furniture is needed to play this game?","People love to play indoor leather furniture, usually needed for some kind of game play. What is the living room in this table?"
,0,What kind of furniture is needed to play a game of indoor table tennis in the living room for leisure?,What kind of furniture is needed to play a game of indoor tennis in the living room for leisure?
,0,"To play table tennis indoors, what type of furniture is typically required?","To play indoor sports indoors, what type of furniture is typically required?"
,0,What type of furniture is required to play indoor table tennis in the living room for leisure?,What type of furniture is required to play leisure sports in the living room for indoor table play?
,0,"To play table tennis indoors for leisure, what furniture is usually required?","To play indoor leisure for sporting, what furniture is usually required?"
,0,"To play indoor table tennis for leisure, what kind of furniture would be required?","To play indoor leisure sports, what kind of table furniture would be required?"
,0,Lavender is often used for its pleasant fragrance and can be found in various products such as soaps and essential oils. What object in the picture is likely to produce this fragrance?,Lavender is often used to enjoy fragrances and can be found in various products such as its essential oils. What object in the picture is likely to produce this fragrance?
,0,"What might be the object present in the picture that is likely to produce the pleasant scent of lavender, which is commonly utilized in various products like soap and essential oils?","What might be the object present in the picture that is commonly utilized to distill essential oils, which is usually found in the scent of various products like soap and candle?"
,0,"What object in the picture would likely produce the pleasant fragrance of lavender, which is commonly utilized in a range of products, including essential oils and soap?","What item in the picture would be likely utilized in the fragrance of essential oils, which can provide a variety of products, such as hand soap and candles?"
,0,"What in the picture might produce the pleasant fragrance typically associated with lavender, which is often used in various personal hygiene products?","What in the picture might be associated with the lavender sweetener, which is often used in various personal hygiene products?"
,0,"What object in the picture is likely to produce the pleasant fragrance of Lavender, which is commonly used in various products such as soaps and essential oils?","What object in the picture is likely to possess the fragrance of Lavender, which is commonly used in various products and essential oils such as soaps?"
,0,What furniture in a room can provide illumination for people's reading or work at night?,What furniture in a room can provide illumination for people's reading or work at night?
,0,Which piece of furniture in a room could offer illumination to people who wish to read or work at night?,Which piece of furniture in a room could provide illumination to people who wish to read or work at night?
,0,Which type of furniture present in a room can provide light for people who are working or reading at night?,Which type of furniture present in a room can provide light for people who are working or watching at night?
,0,What type of furniture in a room can serve to provide lighting for people's reading or work at night?,What type of furniture in a room can provide lighting for people's work or reading at night?
,0,What furniture in a room can offer illumination when individuals are reading or working at night?,What furniture in a room can provide illumination when individuals are reading or working at night?
,0,"In hotel rooms, what object can often be found hanging on the wall as a decorative item?","In wall art, what object can be found hanging on the floor as a decorative item?"
,0,What is a common decorative item that can be found hanging on the wall in hotel rooms?,What is a common decorative item that can be found hanging on walls in hotel rooms?
,0,What can often be found hanging on the wall as a decorative item in hotel rooms?,What can often be found hanging on the wall as a decorative item in rooms?
,0,What item is typically found hanging on the wall as a decorative piece in hotel rooms?,What item is typically found hanging on the wall as a decorative piece in hotel rooms?
,0,"Wall decorations can be utilized in many places, including hotel rooms. What type of decorative object might be frequently located hanging on the wall in a hotel room?",Hanging decorations can be utilized in many places. What kind of wall decoration might be found conveniently located in a room on a wall?
,0,"In hotels rooms, what can sometimes function as a decorative item and be found hanging on the walls?","In hotels, what can be found functioning as decorative items and sometimes hanging on a walls?"
,0,something used for lifting the loudspeaker box,something used for lifting the loudspeaker box
,0,the food with high vitamin,the food with high vitamin
,0,"When editing photos on a computer, it is important to have a clear and detailed view of the image. What object in the picture could be used for this purpose?","When editing a photograph, it is important to have a clear and detailed image of the object in the picture. What object on this computer could be used for?"
,0,"When editing photos on a computer, it is crucial to have a clear and detailed view of the image. What in the picture could be utilized for this purpose?","When creating a computer picture, it is crucial to have a clear and detailed image of the computer. What could be utilized on this for the purpose?"
,0,"When editing photos on a computer, having a clear and detailed view of the image is crucial. What object in the picture can aid in achieving this goal?","When creating a clear and detailed image, having a computer on the screen is crucial. What object in the picture can assist in achieving this objective?"
,0,"When editing photos on a computer, having a clear and detailed view of the image is crucial. What object in the picture could be utilized for this purpose?","When having a clear and detailed image of a computer, what object in the picture is crucial for this purpose?"
,0,"When editing photos on a computer, having a clear and detailed view of the image is important. What object in the picture could potentially be utilized for this purpose?","When creating and displaying a detailed image, a computer is critical. What object in the picture could be utilized for this purpose?"
,0,"When editing photos on a computer, having a clear and highly detailed view of the image is crucial. What item in the picture could be utilized to accomplish this goal?","When writing a picture, having a clear and detailed image of the computer is crucial. What item in the picture could be utilized to accomplish this objective?"
,0,What object is usually attached to the wall next to the bed and provides convenient lighting for reading a book before sleep?,What object is usually attached to the bed next to the wall and provides lighting for reading a book before bed?
,0,What is the object that is typically mounted on the wall near a bed and provides convenient lighting for reading before going to sleep?,What is the object that is usually mounted near a wall and provides lighting for comfort when going to sleep?
,0,"What object is typically attached to the wall next to the bed, and provides convenient lighting for reading a book before sleep?","What object is typically attached to the bed, and provides lighting for reading a book right next to the bed?"
,0,What object is commonly mounted on the wall next to a bed to provide convenient lighting for reading before sleep?,What object is commonly mounted on a wall next to the bed to provide lighting for sleep?
,0,What is the object that is commonly attached to the wall next to the bed and provides convenient lighting for reading before falling asleep?,What is the object that is commonly attached to the bed and provides lighting to the wall before lying next to bed?
,0,What kind of object is typically attached to the wall next to a bed that provides convenient light for reading before sleep?,What kind of object is typically attached to the wall next to a bed that provides light for reading before sleep?
,0,something that helps the animal trainer move quickly on water,something that helps the skater move easily on ice
,0,the people most like judges,the judges like people
,0,"In cold weather, people often gather around a certain area to keep warm. What object in the picture can provide heat and be used for this purpose?","In cold weather, people often gather around a certain area to keep warm. What object in the picture can be used for this purpose and provide warmth?"
,0,"During cold weather, people often gather around a specific area to stay warm. What object in the picture can be utilized for this purpose and provide heat?","During cold weather, people often gather around a specific area to keep warm. What object in the picture can be utilized for this purpose?"
,0,"During cold weather, people often converge around a particular space to stay warm. What object in the picture can provide heat and serve this purpose?","During cold weather, people often gather around a particular object to warm and provide comfort. What object in the picture can serve this purpose?"
,0,What object in the picture is capable of providing heat and could be used as a heat source in cold weather for people to gather around and warm up?,What object in the picture can be used as a source of heat and cold for people to warm up and provide heat in cold?
,0,What do people use to input letters and commands when using a computer?,What do people use to input commands and commands when using a computer?
,0,What is the common tool or device used for people to input letters and commands when using a computer?,What is the common tool or device used to input commands and commands when using a computer?
,0,What tool do people typically use to input letters and commands when working on a computer?,What tool do people typically use to input commands and letters when working on a computer?
,0,What is the common way that people use to input letters and commands when operating a computer?,What is the common way that people use to input commands and commands when running a computer?
,0,What is the tool or device that people typically use for inputting letters and commands when using a computer?,What is the tool or device that people typically use for inputting and typing commands when using a computer?
,0,Where would one usually keep clothes or personal items such as eyeglasses within arm's reach while resting on a bed?,Where would one usually keep items such as shoes or eyeglasses resting while sitting on one's arm?
,0,"During rest, where would one typically keep their clothes or personal items like eyeglasses that are within arm's reach while on a bed?","During sleep, where would one typically keep personal items like eyeglasses or clothes that are only on one's neck while sitting in a shelter?"
,0,"When resting on a bed, where is the convenient location to store personal items such as glasses and clothes within arm's reach?","When resting on a bed, where is the convenient location to store items such as glasses and personal clothes within reach?"
,0,"Where would someone typically keep their clothing or personal items, such as eyeglasses, within reach while resting on a bed?","Where would someone typically keep their personal items, such as shoes or eyeglasses, resting on while lying flat?"
,0,"While resting on a bed, where could someone typically keep their clothes or personal belongings, such as eyeglasses, within an arm's reach?","While sitting on a bed, would someone typically place personal belongings, such as shoes or eyeglasses, inside their back?"
,0,"While resting on a bed, where would people typically keep their clothes or personal items, such as eyeglasses, within arm's reach?","While sitting on a bed, would someone store personal items, such as shoes or eyeglasses, to keep their feet long outside?"
,0,"When watching a movie or playing video games, it is common to use external devices to enhance the viewing experience. What part of the picture can be used as an external device to display visual content?","When watching movies or playing video games, it is common to use external devices to enhance the visual experience. What part of the picture can be used to view an external display as a content?"
,0,"When watching a movie or playing video games, people often use external devices to enhance the viewing experience. What object in the picture could be used as an external device to display visual content?","When watching movies, people often use external devices to enhance the visual experience. What object in the picture could be used to view an external video game content?"
,0,"During a movie or gaming session, it is common to use external devices to upgrade the viewing experience. What part of the picture can be employed as an external device to showcase visual content?","During a movie or TV experience, it is common to use external devices to enhance the visual experience. What part of the picture can be employed to view content as an interactive display device?"
,0,"In order to enhance the viewing experience when watching a movie or playing video games, people typically use external devices. What part of the picture can be utilized as an external device for displaying visual content?","In order to enhance the viewing experience when watching video games, people often use external devices. What part of a picture or video game can be utilized for displaying content directly?"
,0,What part of the picture could be utilized as an external device to provide an enhanced visual viewing experience while watching a movie or playing video games?,What part of the picture could be utilized as an external device to enhance an interactive viewing experience while watching a movie or playing video games?
,0,"When watching a movie or playing video games, an external device is often used to enhance the viewing experience. Based on the picture you are looking at, which object or part of the image can be used as an external device to display visual content?","When viewing an image or watching a movie, an external device is often used to enhance the visual experience. Based on the picture, what object or item on the screen can be used to display objects as a visual navigation device?"
,0,"During sailing on water, controlling the speed of a sailboat requires adjusting the sails. What part of the sailboat should be adjusted if you need to change the boat speed?","During sailing on a sailboat, certain parts of the sailboat need to adjust the speed. What function of the sails should be adjusted if you are changing the speed to limit the boat speed?"
,0,"If you're sailing on the water and need to adjust the boat's speed, what specific part of the sailboat should be altered to do so?","If you're sailing on the boat and need to adjust the boat's speed to do so, what specific part of the sailboat might need to be adjusted?"
,0,"To control the speed of a sailboat while sailing on water, which part of the sailboat should be modified by adjusting the sails?","To control the speed of a sailboat while sailing on water, which part of the sailboat should be adjusted by adjusting the sails?"
,0,"When sailing on water, adjusting the sails is necessary for controlling the speed of a sailboat. What component of the sailboat should be adjusted to alter the speed of the sailboat?","When adjusting the speed of a sailboat, the sailboat must be rotated to adjust the speed of the sailboat. What component of the gear is present to aid in adjusting the speed of the sailboat?"
,0,"When sailing on water, the speed of a sailboat can be controlled by adjusting the sails. What part of the sailboat should be adjusted to change the boat speed?","When sailing on a sailboat, the speed of the boat can be adjusted by changing the speed. What part of the sailboat should be adjusted to control the sails?"
,0,"To adjust the speed of a sailboat while sailing on water, what component should be altered, requiring the adjustment of the sails?","When adjusting the speed of the sailboat, what component might need to be adjusted on the sail, providing a adjustment of gears?"
,0,"When preparing a meal, it is common to serve various dishes and beverages. Which item in the picture would likely be used to pour drinks such as water or juice?","When preparing meals, it is common to drink various beverages and dishes. Which item in the picture would typically be used to pour a drink such as juice or water?"
,0,"When serving a meal, various dishes and beverages are often offered. What item in the picture would most likely be utilized for pouring beverages such as water or juice?","When serving meals and beverages, various dishes are often utilized. What item in the picture would most likely be utilized for pouring beverages such as juice or water?"
,0,"When serving a meal, it is common to offer various dishes and beverages. What object in the picture could be utilized to pour beverages such as juice or water?","When serving meals, it is common to pour various beverages and dishes. What object in the picture could be utilized to offer a beverage such as juice or sauce?"
,0,Which item in the picture would most probably be utilized to pour beverages such as water or juice while serving various dishes in a meal?,Which item in the picture would be utilized to usually pour beverages such as juice or water while serving various meals in a dish?
,0,"When serving a meal, multiple dishes and beverages are typically offered. Which object in the picture could be utilized for pouring drinks such as water or juice?","When serving meals or drinks, various beverages are typically utilized. What object in the picture could be utilized for serving a drink such as juice or water?"
,0,"During meal preparation, it is common to serve various dishes and beverages. What item in the picture is most likely used to pour drinks like water or juice?","During meal preparations, it is common to drink various beverages and dishes. What item in the picture is most likely used to pour water or juice?"
,0,What object do we store food in when we need to keep it fresh for a longer period of time?,What object do we need to store food in when we keep it fresh for a longer period of time?
,0,What is the object that is commonly used to store food when it needs to be kept fresh for an extended period of time?,What is the object that is commonly used to store food when it needs to be kept fresh for an extended period of time?
,0,What is the object used for storing food when we need to ensure its freshness for an extended period of time?,What is the object used to ensure our food is stored for its freshness when needed for an extended period of time?
,0,What is the object typically used to store food when it needs to be kept fresh for a longer period of time?,What is the object typically used to store food when it needs to be kept for a longer period of time?
,0,What object is commonly used to store food in order to ensure its freshness for a longer period of time?,What object is commonly used to store food in order to keep its freshness for a longer period of time?
,0,"In ancient times, people used to store valuable items or even ashes of the deceased in containers that were beautifully decorated. What objects in the picture could have been used for this purpose?","In ancient times, people used items of clothes or even objects that could have been used for this purpose. What was used to store the beautiful candles in the contents of?"
,0,"Historically, people preserved valuable objects or even ashes of their ancestors in exquisitely decorated containers. Based on the image before us, what items could have served such a function?","Historically, people had preserved objects or objects of great value as objects in their houses. Based on the above descriptions, what served such a delightfully decorated human object?"
,0,"Historically, valuable items and even the ashes of the deceased would be stored in containers whose exterior was finely decorated. What objects in the picture could potentially fit this description?","Historically, valuable items such as candles and the plumes of the decorated houses would potentially be buried in this detail. What object in the picture could potentially be properly furnished?"
,0,"In ancient times, ornate containers were utilized to store precious items or even the ashes of the deceased. Which objects in the picture could have been potentially used for this function?","In ancient times, toys or the belongings were used to store the unwanted items in the room. Which objects in this picture could possibly have been used as such?"
,0,What objects in the picture could have been used in ancient times to store valuable items or even the ashes of the deceased in beautifully decorated containers?,What objects in the picture could have been used in ancient times to store the items of beautiful or even the ashes of badly decorated souls?
,0,Containers that were beautifully decorated were often utilized to store valuable objects or even ashes of the deceased in ancient times. What objects in the picture might have been used for this purpose?,Organs of the ancient times were often used to decorate items that might have been concealed or even used for this purpose. What objects in the picture were frequently used with as decorations?
,0,"If you want to store and organize your books, where is the best place in the room?","If you want to store and organize your books, where is the best place in the room?"
,0,"If you would like to store and organize your collection of books, where would be the most suitable location within the room to do so?","If you would like to store and organize your collection of books, where would be the most suitable place within the room to do so?"
,0,"If you want to organize and store your books, what would be the most suitable location in a room?","If you want to organize and store your books, what would be the most suitable location in a room?"
,0,"If you're looking to store and organize your books within a particular room, where might be the best place to do so?","If you're looking to store or organize your books within a particular room, where might be the best place to do so?"
,0,"As an AI language model, I suggest an appropriate region in the room for implementing book storage and organization.","As an appropriate region in the book, I suggest an AI framework for language organization and storage."
,0,"As a smart home AI, where would you suggest as the best location within a room to store and organize books?","As a decent location, where would you suggest as a convenient home to organize and store books within a room?"
,0,the objects that can protect the driver's head,the objects that can protect the driver's head
,0,"While driving, we need to obey traffic rules and signals to ensure safety. What object in the picture is typically used to regulate vehicle movement at street corners?","While driving, we need to maintain traffic rules and standards to regulate traffic flow. What object in the picture is typically used at street corners to signal safety?"
,0,"When driving, it is crucial to follow traffic rules and signals to guarantee safety. What is the object in the picture that is typically used at street corners to regulate vehicle movement?","When driving at high speeds, it is crucial to maintain vehicle visibility. What is the object in the picture that is typically used by vehicles to regulate traffic direction and follow rules?"
,0,"When operating a vehicle, adherence to traffic regulations and signals is crucial to ensure safety. What object is typically placed at street corners to control vehicle movement, as shown in the picture?","When driving vehicles, maintaining traffic safety and orders is crucial to ensure safety. What object shown in the picture is typically placed at a intersection to direct traffic direction, as shown in statutes?"
,0,"When driving on the road, adherence to traffic rules and signals is important for safety. What item in the picture is typically utilized to control vehicle movement at intersections?","When driving on the road, adherence to traffic rules and directions is critical. What item in the picture is typically utilized to control traffic flow at certain angles?"
,0,Where can we sit and work when we have a lot of work to do in the bedroom?,Where can we sit and work when we have a lot of work to do in the bedroom?
,0,Suppose you have a large amount of work to complete in your bedroom. Where could you potentially sit and work in this space?,Suppose you have a large amount of work to complete in your living space. Where could you potentially sit and work in this room?
,0,"When you have a lot of work to do and would like to work in your bedroom, where can you sit and complete the tasks?","When you have a lot of tasks to do and would like to work in your bedroom, where can you sit and complete the work?"
,0,"When we have a lot of work to do in the bedroom, where is a suitable place to sit and work?","When we have a lot of work to do in the bedroom, where is a suitable place to sit and work?"
,0,something used for cutting,something used for cutting
,0,the objects whose surface presents a scale-like form,the objects whose shape presents a scale-like surface
,0,Dragonflies are insects that can fly swiftly in the air. What part of their body is mainly used to accomplish this task?,Birds are heavily armed in the air that can fly very rapidly. What part of their body is used to accomplish this task?
,0,What specific part of a dragonfly's body is primarily responsible for its ability to swiftly fly through the air?,What specific part of a dragonfly's body is primarily responsible for its ability to flow freely through the air?
,0,Dragonflies are known for their swift flight in the air. Could you please identify which part of their body they primarily use to accomplish this task?,Birds are known to use their large body to navigate through the air. Could you please identify which part of their body they strictly perform for this task?
,0,What body part of dragonflies do they typically rely on the most for swift flight?,What body part do the dragons typically rely on for flight on most plates?
,0,What part of their body do dragonflies primarily use to fly swiftly through the air?,What part of their body do dragons generally use to fly fastly through the sky?
,0,What is the main part of a dragonfly's body that they use to fly swiftly in the air?,What is the main part of a dragon's body that they use to fly smoothly in the air?
,0,"When having a formal dinner, it is common to have a designated area for each individual to sit and enjoy their meal. What in the picture could be used to mark the assigned seat for each guest?","When having a formal meal, it is common to have a designated area for each guest to sit and eat their dinner. What in the picture could be used to mark the individual seat for each guest?"
,0,"When hosting a formal dinner, typically each invited guest has a designated area to sit and enjoy the meal. What item within the picture could be used to mark the assigned seat for each guest?","When hosting a formal dinner, guests often have a designated area to sit and enjoy the meal. What item in the picture could be used to represent each designated guest for that dinner?"
,0,"If you are hosting a formal dinner, what objects in the picture could you use to denote assigned seats for each guest?","If you are hosting a dinner, what objects in the picture could you use to denote each guest seat?"
,0,What objects in the picture can be utilized to indicate the assigned seat for each guest during a formal dinner?,What objects in the picture can be utilized to specify a formal serving object for each guest during the dinner?
,0,"When hosting a formal dinner, it is customary to provide each guest with a designated seating area to enjoy their meal. What item in the picture could be used to mark the assigned seat for each guest?","When hosting a formal meal, guests can use their designated seating area to enjoy the dinner. What item in the picture is provided for each guest to mark a specific seat for their meal?"
,0,"During a formal dinner, it's typical to have designated seating for each guest to enjoy the meal. Based on the picture, what item might be utilized to mark the assigned seat for each individual?","During a formal meal, it's typical to have individual seats for each guest. Based on the picture, what item might be utilized to hold the designated dinner for each person?"
,0,"In order to quench thirst, people often store water in a container that can be easily carried around. What in the picture could serve as a container for storing water?","In order to thrive in water, people often place something in the container that can serve as a container for storing water. What in the picture could be carried around?"
,0,"As people often carry containers to store and transport water for them to quench thirst, what item in the picture could be utilized for this purpose?","As people often transport containers to crush and shake their hands, what item in the picture could be utilized for this purpose to find quench?"
,0,"What object in the picture could potentially be utilized as a container for storing water, to relieve thirst?","What object in the picture could be utilized as a container to relieve water, potentially for storing waste?"
,0,"As water is often stored in a portable container that can be easily carried to quench thirst, what might be utilized as a container for water storage in this picture?","As something can often be utilized to store water in a container for storage, what might be placed in this portable container that can be hugged as a sundry?"
,0,"What could be used as a container for storing water, typically kept handy and portable for the purpose of quenching one's thirst?","What could be used as a container for handy storage, typically handy for quenching the stomach of one's purpose?"
,0,"In a running race, participants wear a distinguishing item that displays their assigned identification and helps track their progress. What in the picture can fulfill this purpose?","In a participating sport, participants wear a placement that helps them recognize their milestone and carry their goals. What object in the picture can fulfill this function?"
,0,"During a running race, participants often wear a marking that displays their assigned identification and keeps track of their progress. What object in the picture could fulfill this purpose for runners?","During a track event, runners often wear a marking that identifies their goals and holds them for running. What object in the picture could serve this purpose?"
,0,"During a running race, athletes typically don an identifying item that displays their assigned number and aids in monitoring their performance. What can fulfill this purpose in the picture?","During a sporting event, athletes typically display a identifying item that helps them manage their performance and provide a tracking number. What in the picture could serve this purpose?"
,0,What item in the picture could be used to display identification and track progress in a running race?,What item in the picture could be used to display status and progress in a race race?
,0,"To display the identification assigned to the participants and keep track of progress in a running race, what object in the picture can fulfill this purpose?","To display the identification of participants in a race and keep track of the progress, what object attached to this purpose can serve in the picture?"
,0,What in the picture can be used to track progress and display assigned identification for participants in a running race?,What in the picture can be used to display participation in a race track given participants and tracking number?
,0,something that the car uses for illumination at night,something that the car uses at night for illumination
,0,someone who is most likely to be the player,someone who is most likely to be the player
,0,"In a conference room, where can people write ideas on during a meeting?","In a conference room, where can people write ideas during a meeting on?"
,0,"During a meeting in a conference room, where is a common location for attendees to write down and share their ideas?","In a meeting room, where is a common place for attendees to share their ideas and write down their comments?"
,0,"During a conference meeting held in a conference room, what part of the room can serve as a writing surface for recording ideas?","During a meeting in a conference room, what part of the conference room can serve as a writing surface for reading ideas?"
,0,"In a conference room, where is the most appropriate place for individuals to record their ideas during a meeting?","In an office space, where is the most appropriate place for individuals to plan their meetings after a presentation?"
,0,"During a conference meeting, where is the location where people can write their ideas?","During a meeting, where is the location where people can write their ideas?"
,0,the extra spare chairs for additional participants,additional extra seats for the chairs extra participants
,0,"If we want to place some things next to the sofa for easy access when sitting, what object can help us achieve this goal?","If we want to place things next to the chair when we can reach this goal, what object can help us place it for some comfort?"
,0,"If you want to place some items next to the sofa for easy access when sitting, what object might help you achieve this goal?","If you want to place something next to the chair to help achieve some comfort, what object might be used when you sit?"
,0,What object will help to store necessary items next to the sofa for easy access while sitting?,What object will help to store items sofa for easy access while sitting next to the table?
,0,"What object can help us to place some things next to the sofa, ensuring that they're easily accessible when sitting?","What object might help us to place things next to the bed, ensuring that they're easily accessed?"
,0,What object might help us achieve a goal of placing things next to the sofa for ease of access when seated?,What object might help us achieve something soothing when seated at the base of our table to accommodate comfort?
,0,something that helps people to cross the river,something that helps people cross the river
,0,People often take small boats to tour the sights. Who in the picture is likely to have visited the sights the most?,People often take pictures to see the sights. Which boat in the park is most likely to travel to the sights attracted the pictures?
,0,Who in the picture would be the most experienced in taking small boats to tour the sights?,Who in the picture would be the most experienced in taking the boats to tour small sights?
,0,Which person do you think is more likely to have visited the sightseeing locations more frequently by taking the small boats?,Which person is more likely to think the sightseeing visitors have seen more frequently by taking small boats?
,0,"Based on the picture, which individual is most likely to have visited the sights the most given that people often tour the sights by small boats?","Based on the picture, which person is most likely to have visited the sights given by the boats most often tour the small villages?"
,0,the household appliance used for heating food,the household appliance used for heating food
,0,Birds often need a stable surface to land on and rest. What in the picture could provide a suitable landing spot for a bird?,Birds often need a suitable spot to rest and nest on. What in the picture could provide a stable surface for a bird?
,0,What might provide a suitable and steady landing spot for a bird in the picture?,What might provide a suitable and attractive spot for a bird sitting in the picture?
,0,Birds usually need a platform that is stable enough for them to land and rest. What in the picture could provide a suitable landing spot for a bird?,Birds need a suitable spot for a bird that can fly and rest. What in the picture might provide enough shelter to them?
,0,"When birds are seeking a stable surface where they can land and rest, what in the picture might serve as a good landing spot for them?","When birds are looking for a stable spot in the sky, what might serve as a surface where they can rest and catch them?"
,0,"In the given picture, what might be an adequate landing place for a bird, as birds typically require a stable landing surface to rest and perch upon?","In the given picture, what suitable landing place might require a good landing surface for birds to perch upon, as a bird is typically rest or lie?"
,0,the objects leaning on the car,the objects leaning on the car
,0,"In a laboratory, scientists often wear a specific garment to protect their clothes and maintain cleanliness. What clothing item in the picture is commonly worn by scientists in the laboratory?","In a laboratory, scientists often wear clothing to maintain a cleanliness. What item in the picture is commonly worn by scientists in the laboratory?"
,0,"When working in a laboratory, scientists often wear a special garment to protect their clothing and maintain cleanliness. What clothing item in the picture is commonly worn by laboratory workers?","When working in a laboratory, scientists often wear clothing to keep their uniforms clean and protect their hands. What clothing item in the picture is commonly worn by special laboratory workers?"
,0,"What piece of clothing is commonly worn by scientists in a laboratory to protect their clothing and maintain cleanliness, based on the picture provided?","What piece of clothing is commonly worn by scientists to maintain a cleanliness and protect their clothing, based on the material shown in laboratory?"
,0,"When working in laboratories, scientists often wear a specific clothing item to protect their clothing and maintain cleanliness. What clothing item do scientists commonly wear in the laboratory as shown in the picture?","When working in a clothing store, scientists often wear clothing to protect their clothing and maintain proper nutrition. What item do scientists commonly wear in the laboratory shown in the picture?"
,0,Which garment is commonly worn by scientists in a laboratory to maintain cleanliness and protect their clothing?,Which garment is commonly worn by scientists in a laboratory to maintain cleanliness and protect their clothing?
,0,"In a laboratory setting, scientists often wear specific clothing to protect their clothes and maintain cleanliness. Can you identify the clothing item in the picture that is commonly worn by scientists?","In a laboratory setting, scientists commonly wear clothing to protect their hands. Can you identify the clothing that is commonly worn by scientists in certain area?"
,0,"When monkeys move from one tree to another, they often use a certain part of their body to maintain balance and stability. What part of the monkey's body in the picture helps them with this?","When monkeys move from one part of their body to another, they use their large muscles to help them balance. What part of the monkey's body in this picture helps to maintain the balance?"
,0,"During movement from one tree to another, monkeys use a special aspect of their body to maintain balance and stability. Please identify which part of the monkey's body is utilized for this purpose, based on the image.","To maintain certain body movements, monkeys use their body to move freely from one side of their body to another. Please identify the part of a monkey's body utilized for this purpose, based on the structure."
,0,"When monkeys move from one tree to another, they rely on a specific body part for balance and stability. Please point out which part of the monkey's body in this picture serves this purpose.","When monkeys move from one body part to another, they rely on a certain body part for balance and stability. Please identify which part of the monkey's body in this picture serves this purpose."
,0,"When monkeys move from one tree to another, what region of their body would they utilize to maintain stability and balance as they navigate through the trees?","When monkeys move from one region to another, what structure would they utilize to maintain balance and mobility around their bodies?"
,0,What part of the monkey's body in the picture helps them maintain balance and stability when moving from one tree to another?,What part of the monkey's body helps them maintain balance and movement from one side to another when looking at the tree?
,0,"When monkeys move from one tree to another, they must maintain balance and stability, often by utilizing a specific part of their body. Which part of the monkey's body in the picture can assist with this?","When monkeys move freely and maintain their body balance, they need to utilize one particular part of the monkey's body to their advantage. What part of the body in the picture can help with this?"
,0,"When leaving a car in a public parking lot, it is important to take note of certain information for identification purposes. What part of the car in the picture typically displays this information?","When parking a car in a public place, it is important to keep certain parts of the car in check for certain information. What part of the car in this picture typically represents?"
,0,"When parking a car in a public parking lot, it is important to remember certain details for identification purposes. What part of the car in the picture usually displays this information?","When parking a car in a public parking lot, it is important to remember certain details. What part of the car in this picture usually displays information for purposes?"
,0,"When leaving a car in a public parking lot, which part of the vehicle in this picture typically displays the information that is required for identification purposes?","When parking a vehicle in a public parking spot, which part of the vehicle in this picture is typically required for identification purposes that provides information?"
,0,"When leaving a car in a public parking lot, it is important to note specific vehicle information for identification purposes. Please tell me which part of the car in the picture typically displays this information?","When parking a car in a public parking lot, it is important to note which part of the car in this picture typically provides information. Please tell me where in the picture is specific for identification purposes?"
,0,"When parking in a public parking lot, what part of the car in the picture displays crucial information for identification purposes?","When parking in a public parking lot, what part of the vehicle in the picture provides vital information for special functions?"
,0,"When parking a car in a public lot, it is important to take note of certain details for identification purposes. What part of the car in the picture typically displays this information?","When parking a car in certain public places, it is important to note certain details. What part of a car in the picture typically stands for for this purpose?"
,0,the food placed at the bottom of the stacks,the food placed at the bottom of the stacks
,0,the object that helps people safely land from high altitude,the object that helps people land safely high altitude
,0,Neon lights are often used to attract attention and create a vibrant atmosphere in commercial areas. What in the picture has neon lights that can help guide people to a specific location?,Neon lights are often used to attract people and help create vibrant areas. What in the picture can neon lights be located that focus on a specific location in a business?
,0,What in the picture showcases neon lights that can be used to direct individuals to a particular location and create a lively ambience in commercial areas?,What in the picture can be used to direct individuals to spot neon lights and create a vibrant atmosphere in a particular space?
,0,What can be found in the picture that utilizes neon lights to direct people to a particular destination and create an inviting atmosphere in commercial spaces?,What can be found in the image that utilizes lights to direct people to an inviting space and create a neon atmosphere in particular commercial facilities?
,0,What specific feature within the picture utilizes neon lights to guide people to a particular location or draw attention in commercial areas?,What specific feature in the picture utilizes light devices to direct people to specific areas or explore inside a commercial scene?
,0,What object in the image has neon lights that could direct people to a particular location in the commercial area?,What object in the image could direct people to vehicles that is on the specific location?
,0,What is the object that has neon lights that can guide people to a particular location in commercial areas?,What is the object that has neon lights that can direct people to particular locations in a commercial environment?
,0,"When gardening or landscaping, it is common to encounter pests that can damage plants. What in the picture could be a potential pest that gardeners might need to control?","When landscaping or pest control, it is common to encounter pests that can potentially harm plants. What in the picture could be a gardening concern that gardeners need to control?"
,0,"When doing gardening or landscaping, it is not uncommon to encounter pests that can damage the plants. What might be a potential pest that gardeners should address in the picture?","When planting pests or landscaping, it is not uncommon to encounter pests that could be something that the gardeners should avoid. What potential damage in the picture might involve?"
,0,"During gardening or landscaping, pests that might harm plants are frequently encountered. What in this image might be a potential pest that gardeners may need to control?","During gardening or pest control, pests that are commonly encountered in landscapes may be harmful. What in this picture could potentially develop something gardeners need to control?"
,0,"During gardening or landscaping, it is common to encounter various pests that could damage plants. Based on the picture, which object could be considered a potential pest that gardeners may need to control?","During gardening or pest control, it can be difficult to identify which plants are considered pests. Based on the picture, which object could potential landscapers need to plant that would be particularly harmful?"
,0,"During gardening or landscaping, what might gardeners need to control in the picture as a potential pest that can harm the plants?","During gardening or pest control, what could gardeners need to protect in the landscape as a potential problem that might harm the plants?"
,0,"When enjoying a formal dining experience, what utensil in the picture would be used to consume soup?","When enjoying a dining experience, what utensil in the picture would be used to consume soup?"
,0,"While enjoying a formal dining experience, which utensil in the picture would typically be used to eat soup?","While in the dining experience, which utensil would be typically seen eating a soup?"
,0,"During a formal dining experience, which utensil in the picture would typically be used to consume soup?","Within a dining session, which utensil in the picture would typically be used to consume soup?"
,0,"In a formal dining experience, which utensil in the picture would be utilized for the consumption of soup?","In a dining situation, which utensil utilized in the picture would be appreciated for the consumption of soup?"
,0,"During a formal dining experience, which utensil in the picture would generally be utilized to consume soup?","Within a dishonesty, which utensil in the picture would generally be utilized to consume soup?"
,0,"In a formal dining setting, which utensil in the picture is typically used to consume soup?","In a dining setting, which utensil in the picture is typically used to consume soup?"
,0,"If there is a fire in the bathroom, what should we use to warn others to evacuate as soon as possible?","If there is a fire in the bathroom, what should we use to evacuate as soon as possible?"
,0,"In case of a fire in the bathroom, what appliance would you use to alert others and indicate the need for immediate evacuation?","In the event of a fire in the bathroom, what alarm device would you use to alert others for immediate evacuation?"
,0,"In the case of a fire in the bathroom, what could be employed to alert others to evacuate as soon as possible?","In the case of a fire in the bathroom, what could be present to alert others to evacuate as soon as possible?"
,0,"In case of a fire in the bathroom, what could be used to alert others to evacuate as quickly as possible?","In case of a fire emergency, what could be used to evacuate others as quickly as possible?"
,0,"In a scenario where a fire has broken out in the bathroom, what item could be utilized to alert others to evacuate the area immediately?","In a scenario where a fire has evacuated the kitchen area, what item could be utilized to alert others to resolve?"
,0,"If there is a fire in the bathroom, what tool or device could be used to alert others to evacuate the area immediately?","If there is a fire or smoke in the bathroom, what tool could be used immediately to alert others to evacuate the area?"
,0,"When enjoying Mexican cuisine, it is common to have a side sauce or dip to enhance the flavor of the main dish. What in the picture can be used as a side sauce or dip for the food?","When enjoying a side dish of sauce, it is common to have a side dish for the main food. What in the picture can be used as a sauce or sauce to flavor the food?"
,0,"When indulging in Mexican cuisine, it is common to accompany your meal with a side sauce or dip to enhance its flavor. Please identify the object(s) in the picture that can be used in such a context.","When serving a meal, it is common to inhabit a cuisine that can enhance its flavor without additional foods. Please identify the object(s) shown in the picture to include this in your context."
,0,What item in the picture can be used as a dip or condiment to enhance the flavor of the main dish in Mexican cuisine?,What item in the picture can be used as a condiment or enhance the flavor of the main dish in Mexican cuisine?
,0,What item in the picture can be used as a side sauce or dip to enhance the flavor of a main dish when enjoying Mexican cuisine?,What item in the picture can be used as a side dish to enhance the flavor of a main dish when enjoying Mexican cuisine?
,0,"While enjoying Mexican food, people usually pair the main dish with a side sauce or dip to make it more flavorful. What in the picture could be used to serve as a side sauce or dip for the food?","When making side dishes with the rice, people often combine it with a sauce or side sauce to keep it flavorful. What in the picture could be used as a main side dish for the food to serve?"
,0,"We cannot breathe underwater, so diving requires additional equipment to help people breathe while underwater. What in the picture can help human accomplish this task?","We cannot breathe underwater, so diving can help people breathe underwater. What object in the picture can assist humans to perform this task?"
,0,What equipment in the picture can help humans breathe underwater while diving since they cannot breathe underwater naturally?,What equipment in the picture can help humans breathe underwater since they cannot breathe underwater naturally?
,0,"For diving, additional equipment is required to assist with breathing, since humans cannot breathe underwater. Please identify the object in the image that can assist with this task.","To accommodate diving, humans must assist with breathing because additional equipment is not required for this task. Please identify the object in the picture that can assist in breathing."
,0,I wish to dive underwater. What object in the picture can assist me in the task of breathing while underwater?,I wish to underwater. What object in the picture can assist me in the task of underwater while diveing?
,0,What piece of equipment in the picture can help individuals breathe underwater while diving?,What piece of equipment in the picture can help individuals breathe underwater while diving?
,0,"In order to help people breathe while underwater, what object in the picture can be used to supplement normal respiration and make it safe to dive?","In order to breathe underwater and help it dive safe, what object in the picture can be used to help people respire while using narcosity?"
,0,Pizza is a popular dish that is often shared and enjoyed with friends or family. Which part of the picture could be used to serve and present the pizza?,Pizza is a popular dish that is often enjoyed and shared. Which part of the picture could be used to serve or serve the pizza?
,0,"Pizza is often enjoyed with friends or family and can be served and presented in various ways. Based on the picture, what item might be suitable for serving and presenting pizza?","Pizza is often served and presented for sharing or enjoying with friends and family. Based on the picture, what item might be suitable to serve pizza and can be served in various ways?"
,0,"What part of the picture might be used to present and serve a pizza, given that it is a popular dish that is frequently shared and enjoyed with friends and family?","What part of the picture might be present that is used to serve a snack and eat, given that it is a popular dish and enjoyed with friends and family?"
,0,"If you were to present and serve pizza to your guests, which area in the picture might be utilized for this purpose?","If you intend to serve and toast your pizza, which area in the picture could be utilized for this purpose?"
,0,"What part of the picture could be utilized to serve and present a pizza, which is a popular dish often enjoyed with friends or family?","What part of the picture could be utilized to serve a family meal, which is a popular snack enjoyed and enjoyed by friends or bite?"
,0,the sauce,the sauce
,0,something similar to human face,something similar to human face
,0,the pot lid,the pot lid
,0,"In daily life, people often check the time by looking at the clock or watch. What part of the watch is commonly used to display the time?","Looking at the daily time, people often check the clock by looking at the display. What part of the clock is commonly used to watch or time?"
,0,"During daily life activities, people frequently check time by inspecting their watch. Which component of the watch is typically employed to display the current time?","During daily life, people typically check their watch regularly. Which component of the watch is employed to display the time by observing the current time?"
,0,"During daily life, time is frequently verified by examining a watch or clock. What part of a watch is most commonly utilized for displaying the time?","During daily life, watch is frequently utilized by displaying time. What part of a watch is commonly found to verify the time by tracking a clock or watch?"
,0,What is the part of a watch that is commonly used for displaying the time?,What is the part of a watch that is commonly used for displaying time?
,0,"What part of the watch is generally used to display the time, as people often check the time using watches or clocks in everyday life?","What part of the watch is used to display the time on every day, as people typically use watches or clocks in their daily lives?"
,0,"If I want to take a short break to relax during work in my office, what can I use to sit on temporarily?","If I want to sit temporarily during a workout, what can I use to take a break on my office?"
,0,Suppose you want to take a short break while working in your office and need a temporary place to sit and relax. What object could be utilized for this purpose in the picture?,Suppose you need to take a break and want to work in a quiet place for a moment. What object in the picture could be utilized for this purpose while working?
,0,What can you use to take a short break and temporarily relax while at work in your office?,What can you use to temporarily take a break and relax while at work in your office?
,0,"If you need to take a brief rest to relax while at work in your office, what object can you sit on temporarily?","If you need to temporarily rest on your office while at work, what object can you take a break in to sit temporarily?"
,0,"If you want to take a brief break to unwind while working in your office, what item could you sit on temporarily?","If you want to temporarily sit on your bed while working, what item could you take a break to unwind thoroughly?"
,0,the lights that are placed in different directions,the lights that are placed in different directions
,0,"In a bedroom, what is commonly used to provide an additional source of light for reading or creating a cozy atmosphere?","In a bedroom, what is commonly used to provide a source of light or to facilitate a cozy atmosphere?"
,0,"In a bedroom, what is typically used to provide an additional source of light for reading or creating a cozy atmosphere?","In a bedroom, what is typically used to provide a source of light or to assist in creating a cozy atmosphere?"
,0,"In a bedroom, what do people typically utilize to provide an additional source of light for reading or creating a cozy atmosphere?","In a bedroom, what do people typically utilize to provide a source of light for creating an extra warm atmosphere?"
,0,"In a bedroom, what is typically used to provide an additional light source for reading or to create a cozy ambiance?","In a bedroom, what is typically used to provide a source of light or to create an extra touch for a chilly ambiance?"
,0,What is typically used in a bedroom to offer an extra source of illumination for reading or creating a comfortable ambiance?,What is typically installed in a bedroom to provide a source of comfort or creating an ambiance for reading?
,0,What object is typically utilized to provide additional light in a bedroom for activities such as reading or setting a cozy atmosphere?,What object is typically utilized to provide a light setting for activities such as reading or setting out a cozy room?
,0,It seems that there is a person performing maintenance work on the house. What object in the picture is he likely using to access the roof?,"Given that there is something in the house, what object is he likely using to install the maintenance on the floor?"
,0,What object might the individual in the picture be using to gain access to the roof while performing maintenance work on the house?,What object within the picture might the individual be using to gain access to the roof of the house while performing maintenance work on the roof?
,0,What object in the picture is the person likely using to access the roof while performing maintenance work on the house?,What object in the picture is the person likely using to access the roof while working on the house?
,0,It seems that there is a person performing maintenance work on the house. What object is he likely using to access the roof?,"Given that there is a person performing maintenance, what object is he likely using to access the house?"
,0,What object is the person likely utilizing to access the roof as he performs maintenance work on the house in the picture?,What object is the person likely utilizing to install the roof as he performs tasks on the property in the picture?
,0,The individual in the image appears to be performing maintenance work on the house. What object is he likely using to access the roof?,The individual in the image is likely installing the roof on the wall. What object is he using to appear to be working around the house?
,0,"Due to the harmful effects of smoking on health, many countries have implemented regulations to discourage smoking. What depicted in the picture is likely to have negative implications regarding smoking?","Due to the harmful effects of smoking, many countries have regulations to reduce negative effects on smoking. What depicted in the picture is likely to encourage misuse?"
,0,"What aspects in the picture could have negative implications for smoking, given the harmful effects of smoking on health and the increasing regulatory measures meant to discourage it in many countries?",What negative effects could have on smoking given the harmful effects on society and the regulation of smoking to encourage it in large ways?
,0,"Due to the harmful effects of smoking on health, many countries have implemented regulations to discourage smoking. Please identify what in the picture is expected to have detrimental implications related to smoking?","Due to the harmful effects of smoking, many countries have regulations to discourage smoking. Please describe what in the picture is suggested to have adverse health effects related to smoking?"
,0,"Please identify what in the picture is likely to have negative implications with regards to smoking, given the harmful effects it can have on one's health?","Given the picture, what negative effects could be considered to have in the wake of coping with harmful effects on one's health?"
,0,"Given the health hazards of smoking, many nations have established regulations aimed at reducing tobacco usage. What element present in the picture is likely to have negative implications associated with smoking?","Given the health hazards associated with smoking, many countries have regulations aimed at reducing tobacco. What element in the picture is likely to imply that certain health effects of smoking?"
,0,"What object in the picture is specifically designed to rest against and support a person""s head while sleeping?",What object specifically in the image is specifically designed to support and rest a person's head while sleeping?
,0,What item in the picture is designed to provide support to a person's head while they are sleeping?,What item in the picture is designed to provide support to a person's head while they are sleeping?
,0,What is the object in the picture that is specifically intended to be rested upon and used as a support for an individual's head while sleeping?,What is the object in the picture intended specifically for a head that is intended to be rested on and used as a support for one's mind while sleeping?
,0,"What is the item specifically designed to support a person's head and neck while sleeping, which can be seen in the picture?","What is a item specifically designed to support the person's head and neck while sleeping, which can be seen in the picture?"
,0,What item in the picture is specifically created to provide head support while sleeping?,What item in the picture is specifically designed to provide head support while sleeping?
,0,Please identify the object in the picture that is specifically designed to support a person's head and neck while sleeping.,Please identify the object in the picture that is specifically designed to support a person's head while sleeping.
,0,"In a bicycle race, it is important to ensure the safety of the riders. What protective gear would the riders be wearing in the picture?","In a bicycle race, it is important to ensure the safety of the riders. What protective gear would the riders be wearing in the picture?"
,0,"When participating in a bicycle race, what type of protective gear would the riders be wearing in the image?","When participating in a bicycle race, what type of protective gear would the riders be wearing in the image?"
,0,"In a bicycle race, what safety equipment might the riders be wearing to protect themselves?","In a bicycle race, what safety equipment might the riders be wearing to protect themselves?"
,0,"In the bicycle race shown in the picture, could you identify what protective gear the riders would typically be wearing to ensure their safety?","In the picture, what gear typically used by riders to protect their bicycle could you identify?"
,0,"Assuming that rider safety is a priority, what protective gear would the cyclists be wearing in the picture?","Assuming safety gear is the priority, what protective clothing would the cyclists be wearing in the picture?"
,0,"When attending a formal event, people often wear clothes with a collar that can be fastened with buttons to give a more professional look. What part of the attire in the picture fits this description?","When attending a formal event, people often wear shoes with a collar to give the attire a more professional look. What part of the neck in this picture can be fastened with buttons that can fit in style?"
,0,"At formal events, individuals often wear clothing with collars that can be fastened with buttons to create a more polished appearance. What part of the attire in the picture fits this description?","During formal attire, men often wear shoes with bundles to enhance the appearance. What part of the clothing in this picture can be defined to have a polished look that fits into events?"
,0,"In formal events, people usually wear clothing with collars that can be fastened with buttons to look more professional. Could you identify what part of the attire in the picture fits this description?","In formal attire, people usually wear trousers with buttons to look formal. What part of the clothing in the picture can be grouped to help you understand what is run differently?"
,0,"In which part of attire, shown in the picture, is a collar that can be fastened with buttons to create a more formal look, as is often the case when attending highly professional events?","In the picture, what part of attire, which is often worn when having a collar, can be seen with fast loops that is to facilitate formal attire?"
,0,"When dressing for a formal event, individuals often wear clothing with a fastenable collar to achieve a more professional appearance. What component of the attire in the image would suit this criteria?","When performing formal events, individuals often wear a tight suit to attire with a more professional appearance. What type of clothing in the image would target this requirement?"
,0,"At formal events, people often wear clothing with a collar that can be fastened with buttons to achieve a more professional look. Please identify what specific aspect of the attire in the picture matches this description.","During formal events, some men wear specific clothing with a collar to easily align the neck at their attire. Please identify what part of the picture in this page can be easily recognized."
,0,"On what structure in the bedroom can we place alarm clocks, a glass of water, or other small items we may need to access easily when waking up?","On what small wall are we able to place in the bed when waking up? Should we store glassware, a cup of water, or other small items we need to access routinely?"
,0,"Which structure in the bedroom is suitable for placing alarm clocks, a glass of water, or other small items that may be needed and easily accessible after waking up?","Which structure of the bathroom is suitable for opening a small door or a large item that may be needed for waking up, drinks, and other necessities when lying down?"
,0,"What furniture piece within the bedroom might we place an alarm clock, a glass of water, or other small items that we need to access easily when waking up?","What furniture item might we place a cupboard, a wrench, or other small piece of accessory within our bathroom when we need to wake up in minutes?"
,0,"What structure in a bedroom is the most suitable for placing alarm clocks, a glass of water, or other items that may be needed to access easily upon waking up?","What structure of a bathroom is the most suitable that might be necessary for storing items, wipes, or a cup of water to open up conveniently when standing on a bed?"
,0,"What structure in the bedroom can typically be used to hold small items such as alarm clocks, glasses of water, or other objects that may be required upon waking up?","What storage unit may be typically used to hold items such as glasses, worms, or other small necessities that can be required on up during a bath?"
,0,"To decorate the interior environment of a room, what can we place in the corner or on the floor to bring life to the space?","To decorate the interior of a room, what can we place in the space or put on the floor to bring life to the corner?"
,0,What are some objects that can be placed in the corner or on the floor to liven up the interior environment of a room?,What are objects that can be placed on the floor or in the corner of a room to warm up the interior of many rooms?
,0,What is something that we can place in the corner or on the floor to add life to the interior environment of a room?,What is something that we can place in the room or on the floor to add color to the interior of a home?
,0,What object can be added to a room's corner or floor to enhance the aesthetics and imbue new energy into its interior décor?,What object can be placed into a room or add to a bedroom's interior to enhance the aesthetics and impart new charm?
,0,"To spruce up the interior decor of a room, what can be used to liven up the space when placed on the floor or in the corner of the room?","When used to liven up the room, what can be placed in the corner of a bedroom to decorate or put on the floor of the room?"
,0,What can be placed in a room's corner or on the floor to enliven the environment and enhance the interior decor?,What can be placed on a wall or placed in the room to enliven the interior and enhance the room's decor?
,0,"On a snowy mountain, skiers often seek out the highest point for a thrilling experience and panoramic views. What part of the picture is the highest point where a skier might want to reach?","On a mountainous slope, skiers often seek out the highest point of the views to experience a gorgeous scenic experience. What part of the picture is where a skier might want to check out?"
,0,"If skiers are looking for a thrilling experience and panoramic views on a snowy mountain, what part of the picture represents one of the highest points that they might want to reach?","If visitors want a panoramic view of a mountain and want to capture what one of the points is right above, what might be the most scenic feature that they reach?"
,0,What part of the picture might skiers seek to reach for a panoramic view and exhilarating experience on a snowy mountain?,What part of the picture might skiers seek to enjoy an panoramic view and gorgeous atmosphere on a snowy slope?
,0,"When skiing on a snowy mountain, individuals often seek out the highest point for the most thrilling experience and the best panoramic views. What part of the picture appears to be the highest point that a skier might aim to reach?","When skiing a mountain, many visitors seek out the highest point and the most spectacular views. What part of the picture might someone aim to look for on the skateboard for the most truly panoramic experience?"
,0,"When skiers climb snowy mountains, they usually reach the summit for panoramic views and excitement. Please locate the highest point in the picture where a skier might desire to go.","When skiers reach steep slopes, they usually climb in the direction where the sun may hover. View the picture to hope for a majestic mountain experience."
,0,"For the skiers seeking panoramic views and a thrilling and exciting skiing experience, where would be the highest point they might want to reach in the depicted snowy mountain landscape?","For the skiers looking for the best possible panoramic and spectacular mountain experience, where would they be leaving to escape in a pristine snow rolling terrain?"
,0,"When working from home, it can be common to have a pet accompany us. In the picture, where can the dog be seen lying down?","When staying home alone, it can be common to have a pet seen. In the picture, where can we find us with the cat on?"
,0,"If we're working from home, and we want to find where a dog can be seen lying down in this picture, where should we look?","If we're sitting down and we want to see where a dog can be found in this picture, where might we go home?"
,0,"When working from home, we often have the company of our pets. Please identify in the picture where the dog could be seen resting.","When working in the home, we usually have pets. Please find where in the picture can we spot the dog from our resting."
,0,"If a pet, like a dog, is kept at home while working, where in the picture could the dog be resting?","If a pet, like a dog, is kept in the home while resting, where could the dog be sitting?"
,0,"In cold weather, a device can be used to warm up the room. What in the picture is likely to provide such warmth?","In a cold room, something can warm up the room. What device in the picture is generally used to provide such warmth?"
,0,"In order to heat up a room during cold weather, what item in the picture would likely be used to provide warmth?","In order to warm up a room during cold weather, what item in the picture would likely be used to provide warmth?"
,0,Suppose the weather is cold and you want to warm up the room. What item in the picture could be utilized to provide warmth in this scenario?,Suppose the weather is warm and you want to warm up the atmosphere. What item in the picture could be utilized to provide warmth in this scenario?
,0,What in the picture could be utilized to generate heat in order to warm up a room during cold weather?,What in the picture could be utilized to warm up a room in order to generate heat during cold weather?
,0,the body part used to receive visual signals,the body part used to receive visual signals
,0,What part of the picture can people hold onto for stability while climbing the stairs?,What part of the picture can people hang onto for stability while climbing up the stairs?
,0,What is the part of the picture that people can hold onto for additional stability when climbing the stairs?,What is the part of the picture that people can hold onto for added stability when walking around the stairs?
,0,"When climbing stairs, what can people hold onto for stability in the picture?","When climbing stairs, what can people hold onto for stability in the picture?"
,0,"When climbing stairs, what object in the picture could provide stability for individuals to hold onto?","When climbing stairs, what object in the picture could provide stability for individuals to hold onto?"
,0,"When climbing the stairs, what part of the image could people grasp to maintain their balance?","When climbing the stairs, what part of the image could individuals grasp to maintain balance?"
,0,"When climbing stairs, what could people hold onto for stability in the image?","When climbing stairs, what could people hold onto for stability in the image?"
,0,something that prevents the person from falling down,something that prevents the person from falling down
,0,"During the day, the entrance of natural light can create a good atmosphere in the room. What in the picture can be used to let daylight in and add ventilation?","During daylight, the room in the picture can create a sense of natural light. What in the picture can be used to add in the air and let natural darkness inside?"
,0,the fishes whose mouth are open,the fishes whose mouth is open
,0,"In many countries, it is illegal to park a car in certain areas without proper permission. What part of the picture can help identify the ownership and registration of the car to ensure it is legally parked?","In many countries, it is illegal to park a car at certain parts of the country. What part in the picture can help ensure it is legally owned and protected to ensure proper ownership of car?"
,0,"To ensure that a vehicle is parked legally in specific areas, what region of the image could be used to identify the car ownership and registration?","To ensure that a vehicle is parked legally within the area, what vehicle part could be used to identify the car registration and description?"
,0,"Which part of the picture can be utilized to determine the ownership and registration of a vehicle to guarantee that it is lawfully parked, considering that in many countries it is illegal to park a car in certain areas without proper permission?","Given that it is legal to park and possess a vehicle in many countries, what part of the picture can be utilized to verify that it is parked in any area to ensure proper ownership by lawfully?"
,0,What object/element in the picture could be used to identify the ownership and registration of a vehicle to verify if it has been parked legally?,What object in the picture could be used to verify the registration and ownership of a vehicle if it has been parked legally?
,0,What aspect of the picture might be utilized to verify the ownership and registration of a vehicle in order to ensure that it is legally parked?,What aspect of a picture might be utilized to verify the registration and ownership of vehicles in order to ensure that it is legally parked?
,0,What region of the picture could be utilized to identify the ownership and registration of a car to ensure that it has been legally parked?,What part of the picture could be utilized to identify the location of a car to ensure that it has been legally parked?
,0,"After washing hands or cleaning surfaces with soap and water, what tool in the bathroom is appropriate to dry your hands or clean the surface?","After washing hands and cleaning the surface with soap and water, what tool in the kitchen is available to dry your hands or clean surfaces?"
,0,"Upon washing your hands or cleaning surfaces with soap and water, what object in the bathroom should be used to dry your hands or clean the surface?","Before washing your hands or cleaning the surface with soap and water, what item in the kitchen can be used to dry your hands or clean surfaces?"
,0,What object is appropriate to dry your hands or clean the surfaces of the bathroom after washing hands or cleaning surfaces with soap and water?,What object is appropriate to dry the hands or surfaces of the bathroom after washing your hands with soap and cleaning cloth or surfaces?
,0,"After washing your hands or cleaning surfaces with soap and water, what appliance in the bathroom is suitable to dry your hands or clean the cleaned surfaces?","After cleaning the hands and surfaces with soap or hot water, what appliance in the kitchen is suitable to clean your hands or wash your cleaned surfaces?"
,0,What tool is appropriate in the bathroom to dry your hands or clean the surface after washing hands or cleaning them with soap and water?,What tool are available in the kitchen for cleaning hands and drying them after washing your hands or using soap and water or warm it?
,0,"To make a mixed noodle dish, sauce is poured over the noodles and mixed thoroughly to enhance the flavor. What parts of the picture could be used to pour onto the noodles?","To make the noodles, dried noodles must be poured onto a hot side to enhance the flavor. What component of the sauce is used to pour the noodles mixture over and mixed with the food?"
,0,"In the picture, what are the objects that could be used to pour sauce onto the noodles and mix it to enhance the flavor in a mixed noodle dish?","In the picture, what is the object that could be used to mix the noodles and pour it into a sauce to enhance the flavor on the mixed noodles in dish?"
,0,What items or regions in the picture could be used to pour sauce onto the noodles while making a mixed noodle dish?,What objects or ingredients in the image could be used to stir noodles onto the soup or make a leveled noodle dish?
,0,"For making a mixed noodle dish, often, the sauce is poured over the noodles and mixed thoroughly to enhance the flavor. What items in the picture could be used to pour onto the noodles?","When making the noodles, some dish is often poured onto the noodles to enhance the flavor and texture. What item in the picture could be used to pour the noodles directly into the sauce?"
,0,"What items can be used to pour the sauce over the noodles in a mixed noodle dish, based on what we see in the picture?",What can we use to pour the noodles in a single dish based on the noodles presented in the picture?
,0,What objects or utensils in the picture could be used for pouring sauce onto the noodles to enhance their flavor in a mixed noodle dish?,What utensils or noodles in the picture could be used to enhance the sauces for pouring noodles onto a bland dish in the sauce mixture?
,0,something that people can use to play loud music,something that people can use to play music
,0,"When camping in a forest, what object in the picture could provide shelter and serve as a temporary living space?","When camping in a remote forest, what object in the picture could serve as a shelter and provide temporary living space?"
,0,"During a forest camping trip, what in the picture could provide shelter and serve as a temporary living space?","In a camping trip, what in the picture could serve as a temporary shelter and provide living space?"
,0,"In a forest camping context, what object in the picture can offer shelter and act as temporary accommodation?","In a camping park setting, what object in the picture can serve as shelter and offer temporary accommodation?"
,0,"Assuming you're camping in a forest, what item pictured here might be utilized to provide shelter and serve as a temporary living space?","If you're camping in a pond, what item depicted here could be utilized to serve as a temporary shelter and provide storage space?"
,0,What object in this picture could be used as a shelter or temporary living space while camping in a forest?,What object in this picture could be used as a shelter or camping space while living in a forest?
,0,"In a busy city, there are often traffic congestion and delays. What situation in the picture could cause a delay and make it difficult for vehicles to move smoothly?","In a busy city, there are often traffic delays and congestion. What structure in the picture can cause a traffic delay and make it difficult for vehicles to move smoothly?"
,0,What situation in the image could lead to a delay and make it challenging for vehicles to move smoothly in a busy city with heavy traffic?,What object in the image could make it difficult for vehicles to move smoothly and lead to a busy city in a situation with heavy traffic?
,0,"In a busy city with frequent road traffic, there are often situations of congestion and delays. What scenario in the picture might result in such a delay, making it challenging for vehicles to proceed smoothly?","In a busy city, there are situations where it may experience traffic delays and delay. What segment of the road in such situations can produce a busy commute, making it difficult for traffic to balance smoothly?"
,0,"In a busy city, traffic congestion and delays are common. What situation in the picture might cause a delay and make it difficult for vehicles to move smoothly?","In a busy city, traffic congestion and delays are common. What shape in the picture can cause a vehicle to delay and make it difficult to move smoothly?"
,0,"In a busy city, traffic congestion and delays are quite common. Based on the picture, what situation could make it difficult for vehicles to move smoothly and cause a delay?","In a busy city, traffic congestion and delays are common. Based on the picture, what could cause vehicles to move quite smoothly and struggle during a delay?"
,0,Traffic congestion and delays are common occurrences in a busy city. Which situation in the picture could cause a delay and cause disruption to the smooth flow of vehicles?,Local congestion and delays are common occurrences of traffic in the streets. Which situation in the picture could cause a delay and disruption to a smooth flowy route?
,0,"In a football match, what object is typically used to pass and shoot towards the goal?","In a football game, what object is typically used to reach and throw towards the goal?"
,0,"In a football match, which object is typically employed to pass and shoot towards the goal?","In a football game, which object is typically employed to reach and strike towards the goal?"
,0,"During a football match, which equipment is usually utilized for passing and shooting towards the goal?","During a football game, which equipment is usually utilized towards reaching and throwing for the goal?"
,0,"In a football match, what object is used to pass and shoot towards the goal?","In a football match, what object is used to reach and throw towards the goal?"
,0,What is the object normally used to pass and shoot towards the goal in a game of football?,What is the object normally used to reach and pass towards the goal of football in a game?
,0,Imagine we are astronomers observing the celestial bodies. Can the object shown in the picture allow us to observe the Earth from different angles and perspectives?,Imagine we are observing the planet from the celestial angles. Can the objects shown in the picture allow us to observe human beings in different perspectives?
,0,"If you were an astronomer observing celestial bodies, could the object in the picture potentially allow you to observe the Earth from various angles and perspectives?","If you were an astronomer observing the Earth, could your object in the picture potentially allow you to observe celestial bodies from various angles and directions?"
,0,"As astronomers observing celestial bodies, could the object in the picture allow us to see the Earth from varying angles and perspectives?","As humans observing celestial objects in the picture, what object in the horizon could allow us to see our spherical heads and observers?"
,0,Can we utilize the object in the picture to view the Earth from different vantage points and perspectives during our astronomy observation?,Can we use the object in the picture to observe different angles and perspectives from our viewpoint during astronomy exploration?
,0,Suppose we are astronomers observing celestial bodies. Would the object in the picture allow us to observe the Earth from varying angles and perspectives?,Suppose we are observing celestial bodies to measure the objects in the sky. Would our observing object allow us to see galaxies from various angles and perspectives?
,0,"As astronomers observing celestial bodies, would the object shown in the picture be suitable for observing Earth from different angles and perspectives?","As observers observing celestial objects, what object shown in the picture would be suitable for observing spherical bodies from different angles?"
,0,"When we take a closer look at the sports car in the picture, what important part can we easily spot that is responsible for providing traction and support on the road?","When we take a closer look at the road in the picture, what is important part of the car that we can securely spot providing traction and support on?"
,0,"When we closely examine the sports car in the picture, what important component can be easily identified which helps to provide traction and support on the road?","When we examine the sport car on the road, what can be closely identified that provide important support and traction to help in the picture?"
,0,"When we examine the sports car in the picture more closely, what essential part responsible for providing traction and support on the road do we notice easily?","When we examine the road on the road, what part of the car responsible for providing safety and support in detail visually?"
,0,What important part of a sports car that responsible for providing traction and support on the road can be easily identified when we take a closer look at the picture?,What part of a car that can be easily recognized for providing a safe place and attention when we take a closer look at the picture is critical to the road traction?
,0,"If we examine the sports car in more detail, what is the important part that is clearly visible and responsible for providing grip and support while driving?","If we examine the car in detail, what is clearly visible and important that is providing grip and control while driving?"
,0,What important part of the sports car in the picture is essential for delivering traction and support on the road?,What important part of the road vehicle in the picture is providing support and promoting traction on the field?
,0,the part of cake that was cut down,the part of cake that was cut down
,0,"When serving pizza, what is usually used to hold and serve slices of pizza?","When serving pizza, what is usually used to hold and serve slices of pizza?"
,0,What object is commonly used to hold and serve slices of pizza?,What object is commonly used to hold and serve slices of pizza?
,0,What is the conventional tool used to hold and serve slices of pizza when serving pizza?,What is the principal tool used to hold and serve slices of pizza when serving pizza?
,0,What item is typically used to hold and serve slices of pizza?,What item is typically used to hold and serve slices of pizza?
,0,What is typically utilized for holding and serving slices of pizza during a meal?,What is typically utilized for holding and serving slices of pizza during a meal?
,0,"To serve slices of pizza, what is typically used to hold and deliver them?","To serve slices of pizza, what is typically used to hold and deliver them?"
,0,"When looking at a building, we can often see the surrounding environment reflected in the windows. What specific part in the picture can provide us with this reflection?","When looking at a building, we often see the surrounding concrete in the picture. What part of the window can provide us with this reflection?"
,0,What specific component in the picture is capable of reflecting the surrounding environment in the windows of a building?,What component of the exterior of a building can reflect the surrounding material in the image capable of sensing in the windows?
,0,"What specific element in the picture can offer us a reflection of the surrounding environment, as we view a building?","What element in the picture can provide us a visible view of the surrounding space, as we construct a building?"
,0,"When looking at a building, the windows can often reveal the surrounding environment through reflections. What specific part of this picture can help us to observe such reflections?","When looking at a building, we often observe the surrounding windows to reveal certain reflections. What part of this picture can help us through such reflections?"
,0,"When navigating through a new city, it's important to pay attention to the signs along the road. What objects in the picture can provide useful information and directions for drivers and pedestrians?","When driving through a pedestrian road, it's important to pay attention to signs and signs in the picture. What information in the picture can provide useful directions for drivers and riders?"
,0,"When traveling through unfamiliar city areas, signs on the road can provide useful information and directions for both drivers and pedestrians. Based on the picture, what objects could serve as sources of helpful guidance?","When driving through unplanned areas, signs and roadways can serve as useful information for pedestrians. Based on the picture, what objects in the city could provide helpful guidance and direction?"
,0,"When touring a new city, it's important to keep an eye out for signs along the road that provide helpful information and guidance to both drivers and pedestrians. What objects might serve this purpose in the given image?","When driving along a road, it's important to keep an eye out for signs and warning signs that provide useful information to the driver and passengers. What object in this region might be provided to pedestrians?"
,0,"When traveling through an unfamiliar city, it's important to keep an eye out for signs that provide useful information and directions for both pedestrians and drivers. Based on the provided picture, what objects might serve this purpose?","When traveling through an unoccupied city, it's important to keep an eye out for signs and signals that provide useful information for pedestrians and drivers. Based on the given example, what objects might provide this safety concern?"
,0,"When navigating through a new city, paying attention to the signs along the road can be critical. In the picture, what objects can be helpful in providing useful information and directions for both drivers and pedestrians?","When navigating through the streets and looking for useful information, providing directions can be critical to drivers and pedestrians. What object in the picture can help inform drivers on what is important in a road?"
,0,"In the past, before the popularity of mobile phones, people would often use a particular type of public telephone to make calls. What object in the picture represents this type of telephone?","In the past, when people often used telephones to call public, what type of mobile phone would symbolize the particular type of phone?"
,0,"Before the widespread popularity of mobile phones, a specific type of public telephone was frequently used to make calls. What object in the picture symbolizes this kind of telephone?","Before the widespread popularity of telephones, a specific type of public telephone was often used to make messages. What object in this picture symbolized this type of mobile phone?"
,0,"Before mobile phones became popularized, public telephones were widely used for making phone calls. Based on the image provided, what object represents this particular type of telephone?","Before mobile phones were widely used, public telephones were distributed for specific landlines. Based on this image, what type of phone represented the popular telephone?"
,0,"In the late twentieth century before mobile phones became popular, a specific sort of public telephone was widely used for making calls. What object in this image represents the type of telephone?","In the twentieth century before public telephones became popular, a specific type of mobile phone was used for calling. What object in this picture represents a type of telephone?"
,0,"Before the widespread use of mobile phones, people would typically use a particular public telephone to make calls. Based on the image, which object represents this type of telephone?","During the widespread telephone calls, people typically use phones to display a particular image. Based on this type of mobile phone, which object would be used?"
,0,"Looking at the floor plan of an apartment, where in the apartment could we find the sleeping area?","Looking at the apartment structure of the apartment, where in the bedroom could we find the sleeping area?"
,0,"In a given floor plan of an apartment, where would one find the designated sleeping area?","In a given designated area of a living room, where would one find the floor plan?"
,0,"In an apartment's floor plan, which area indicates where the sleeping area is situated?","In a living-room area, which area indicates where the apartment's floor is situated?"
,0,"In the floor plan of an apartment, what part of the apartment is typically reserved for sleeping?","In the bedroom of a apartment, what part of the apartment is typically reserved for sleeping?"
,0,"Can you identify where the sleeping area is located within the apartment, based on the floor plan?","Can you identify the apartment within the living area, based on where the sleeping area is located?"
,0,"Upon reviewing the floor plan of an apartment, where is the sleeping area typically located?","After reviewing the floor plan of an apartment, where are the sleeping area typically located?"
,0,"In the picture, what part of the car directly contacts the floor when it is parked?","In the picture, what part of the car directly touches the floor when it is parked?"
,0,"When a car is parked, what part of the vehicle makes direct contact with the ground surface in this picture?","When a vehicle is parked, what part of the surface makes direct contact with the ground in this picture?"
,0,"In the picture, which part of the vehicle comes into direct contact with the ground when it is parked?","In the picture, which part of the vehicle is in direct contact with the ground when it is parked?"
,0,"When the car is stationary, which specific part of the car makes contact with the ground surface?","When the car is stationary, which particular part of the car makes contact with the ground surface?"
,0,"When the car is parked, which part of the car is in direct contact with the floor?","When the car is parked, which part of the car is in direct contact with the floor?"
,0,"When parked, which part of the car in the picture makes direct contact with the ground?","When parked, which part of the car in the picture makes direct contact with the ground?"
,0,Imagine a tranquil nature scene with flowing water and lush vegetation. Which part of the picture provides a source of water for the surrounding environment?,Imagine a spacious valley with a clear source of water and vegetation. Which part of the picture provides the surrounding environment for nature activities?
,0,What region of the picture is the source of water in the tranquil natural environment where there is flowing water and lush vegetation?,What type of natural habitat is the region of the picture where there is abundant water and lush vegetation in the tranquil water?
,0,Could you identify what part of the picture provides a source of water for the surrounding environment in a tranquil nature scene with flowing water and lush vegetation?,Can you identify the part of the scene in the picture provides a beautiful flowing vegetation with dense vegetation and water for nature?
,0,"In the tranquil nature scene with flowing water and lush vegetation, what part of the picture serves as a source of water for the natural environment?","In the tranquil natural scene with flowing water and vegetation, what part of the picture serves as the natural source of nature for the environment?"
,0,"In a calm natural environment with vibrant vegetation and flowing water depicted in the picture, where can we find a water source for the surrounding ecosystem?","With a vibrant ecosystem and water supply filled with naturally occurring spray, where can we find natural vegetation in the picture for this environment?"
,0,"In the tranquil nature scene with flowing water and lush vegetation, what is the source of water that provides nourishment to the surrounding environment?","In the tranquil water setting, what is the source of nourishment and lush vegetation that provides nature with surrounding water?"
,0,the damaged part of the silk stockings,the damaged part of the silk stockings
,0,"If there were restrictions on crossing the river by boat or swimming, what object in the picture would provide a safe passage?","If there were restrictions on crossing the river by a boat or swimming, what object in the picture would provide shelter?"
,0,"If crossing the river by boat or swimming were restricted, what object in the picture could be utilized to provide safe passage?","If crossing the river by boat was restricted, what object in the picture could be utilized to provide shelter and secure crossing?"
,0,"If it's not allowed to cross the river by boat or swimming, what item in the picture can provide an alternative safe passage?","If it's not safe to go swimming by the river, what item in the picture can provide an alternative route to dock?"
,0,What object in the picture could provide a safe passage if crossing the river by boat or swimming was restricted or not possible?,What object in the picture could provide safe passage if crossing a river or swimming is not possible?
,0,"In case swimming or using boats to cross the river is not allowed due to certain restrictions, which object in the picture could provide a safe and efficient passage?","If crossing the boat is not allowed due to a river, which object in the picture could provide safe and efficient routes?"
,0,What in the picture allows people to enter and exit the living room?,What in the picture allows people to enter and exit the living room?
,0,What could be utilized to enter and exit the living room in the picture?,What could be utilized to enter and exit the living room in the picture?
,0,What architectural element in the picture serves as the primary means of entry and exit to the living room or other living spaces?,What architectural element in the picture serves as the primary entrance to the living room or other spaces of living spaces?
,0,What part of the picture is typically used for entering and exiting the living room?,What part of the picture is typically used for entering and exiting the living room?
,0,What part of the living room allows people to enter and exit the space?,What part of the living room allows people to enter and exit the space?
,0,What part of the picture serves as an entrance and exit for people to access the living room?,What part of the picture serves as a entrance and exit for people to access the living room?
,0,"In formal attire, people often wear a black accessory around their neck to add a touch of elegance. What object in the picture can be used as this accessory?","In traditional attire, people often wear a black necklace to add a touch of elegance. What object in the picture can be used to accessorize this attire?"
,0,What object in the picture could be utilized as an accessory worn around the neck to add elegance to formal attire?,What object in the picture could be utilized to attire as an ornamental accessory worn around the neck?
,0,"To add a touch of elegance to formal attire, people frequently adorn a black accessory around their neck. In this picture, what items might be used as such accessories?","To add a touch of elegance to attire, people often wear small accessories under their neck. In this picture, what item might be used as such accessories?"
,0,"In formal attire, people often wear a black accessory around their neck to add a touch of elegance. Can you please identify what object present in the picture could be used as this accessory?","In formal attire, people often wear a black necklace to add a touch of elegance. Can you identify the object present in this picture could be used to accessorize their attire?"
,0,Formal attire frequently includes a black accessory worn around the neck to add a touch of sophistication. What item is present in the picture that could be used as this accessory?,A personal accessory is often worn around the neck to add a touch of sophistication. What item present in this picture could be used as the neck that holds the attire?
,0,What item in the picture could be utilized as the accessory that people typically wear around their neck for elegant formal attire?,What item in the picture could be utilized as a formal attire that people typically wear around their neck for elegant accessories?
,0,the unopened flowers,the unopened flowers
,0,the part of the vehicle that can be opened,the part of the vehicle that can be opened
,0,something that the players use to smoothen the ground and make the curling stone slide further,the players that some use to smooth the ground and make the tennis curling stone move further
,0,"It is too hard for the man to lift up, can you segment something that he should drop?","It is too hard for the man to lift something up, should you spot that he can drop?"
,0,Certainly. Could you indicate what the man should drop since lifting it is too difficult?,Certainly. Should you guess what the man is cutting after lifting it might be difficult?
,0,The object that the man may need to drop due to its weight or difficulty in lifting.,The object that the man may need to lift by its weight or difficulty in dropping.
,0,Sure! Which object should be placed down to make it easier for the man in the picture?,Which object should be placed down for the man to make it easier in the picture?
,0,It appears that the man is having difficulty lifting a certain object. Can you indicate which item he should put down or drop?,It appears that the man is having difficulty lifting a certain item. Which object can he put down or drop?
,0,The man appears to be struggling to lift something. What item should he set down or release to make the task easier?,The man appears to be pushing something harder. What item should he press to help him to set up or accomplish the task?
,0,the persons preparing to perform surgery on the patient,the persons preparing to perform surgery on the patient
,0,"In a boxing match, what object is usually worn on the hands to protect them from getting injured during punches?","In a boxing match, what object is usually worn on the hands to prevent them from getting injured during punches?"
,0,What object is traditionally worn on the hands to protect them from injury during punches in a boxing match?,What object is traditionally worn on the hands to protect them from punches during a boxing match?
,0,What is typically worn on the hands to protect them from getting injured during punches in a boxing match?,What is typically worn on the hands to protect them from punches during a boxing match?
,0,"In a boxing match, what item is typically worn on the hands to prevent them from getting injured during punches?","In a boxing match, what item is typically worn on the hands to prevent them from getting injured during punches?"
,0,"In a boxing match, what item is traditionally worn on the hands to safeguard them from injury during punches?","In a boxing match, what item is traditionally worn on the hands to safeguard them from punches during bowl movements?"
,0,What protective gear is generally worn on the hands during a boxing match to prevent them from sustaining injuries while punching?,What protective gear is generally worn on the hands to prevent them from sustaining punching during a boxing accident?
,0,"In order to enjoy a good seasonal view indoors, people often hang what objects on the wall?","In order to enjoy a good view on the wall, people often hang seasonal objects indoors?"
,0,What objects are commonly hung on a wall for people to enjoy a good seasonal view indoors?,What objects are usually hung on a wall for people to enjoy a good view indoors?
,0,What objects do people commonly hang on the wall to enjoy a good seasonal view indoors?,What objects can people generally hang on top to enjoy a good seasonal view indoors?
,0,What objects are commonly hung on walls to enjoy a good seasonal view indoors?,What objects are often hung indoors to enjoy a good seasonal view on walls?
,0,What do people typically hang on walls indoors in order to enjoy a good seasonal view?,What do people typically hang on top of trees in order to enjoy a good indoor view?
,0,What objects do people usually place on the wall to enjoy a great seasonal view indoors?,What objects can people usually place on the wall to enjoy a seasonal view indoors?
,0,"Snails have a soft, fragile body that requires hard materials to protect them. What part in the picture can accomplish this task?","Snails have a hard, durable shell that requires strength to handle objects. What part of the picture can assist them in this task?"
,0,"Snails have soft, fragile bodies, and they require hard materials for protection. What in the picture could be an example of such hard materials that can fulfill this task?","Skunks have hard, protective coats that require materials to handle their tasks. What in the picture could be an example of such materials?"
,0,"What item in the picture could provide adequate protection for the soft, fragile body of snails?","What item in the picture could provide adequate protection for the soft, fragile snails of body?"
,0,"Snails have a fragile, soft body that requires hard materials to protect them. What object in the picture can serve this purpose?","Snails have a hard, protective shell that needs to handle soft materials to protect them. What object in the picture can serve this purpose?"
,0,What part of the picture can be used to protect the soft and fragile body of a snail with hard materials?,What part of the picture can be used to protect the soft and fragile outer shell of a snail with hard materials?
,0,"When going shopping, people often use a specific type of bag to carry the items they purchase. What object in the picture could be used for this purpose?","When shopping for a particular purpose, people often use a specific kind of bag to carry their goods. What object in the picture could be used to carry this item?"
,0,What in the picture can be used as a type of bag that people use when shopping to carry the items they purchase?,What in the picture can be used as a type of item that people use when shopping to carry their items?
,0,"When going shopping, what object in the picture might serve as an appropriate bag to carry purchased items?","When shopping for items, what object in the picture might serve as an appropriate carry to carry purchased items?"
,0,"In the context of shopping, what object from the picture would commonly be used to carry items and purchases?","In the context of shopping, what object from the picture would commonly be used to carry items and purchases?"
,0,"When shopping for items, people often utilize a specific type of bag to carry their purchases. What item in the picture could be used for this purpose?","When shopping for items, people often use a specific type of bag to carry their purchases. What item in this picture could be utilized for this purpose?"
,0,What object in the picture is suitable for carrying items bought while shopping?,What object in the picture is suitable for carrying items while shopping?
,0,"In a bedroom, people often have a specific piece of furniture where they can store their clothes and personal belongings. What object in the picture could serve this purpose?","In a living room, people often have a specific piece of furniture where they can store their personal belongings or clothes. What object in the picture could be used to handle this purpose?"
,0,What object in the picture might people use to store their clothes and personal belongings specifically in a bedroom?,What object in the picture might people use to store their personal belongings and clothes specifically in a bedroom?
,0,What object in the picture can best be used in a bedroom to store clothes and personal belongings?,What object in the picture can be used in a bedroom to store clothes and personal belongings?
,0,What item in the picture could be utilized as a piece of furniture for storing clothes and personal belongings in a bedroom?,What item in the picture could be utilized as a piece of furniture for storing clothes and personal belongings in a bedroom?
,0,"In a bedroom, which piece of furniture might people utilize to store their clothes and personal belongings?","In a bedroom, which piece of furniture might people utilize to store their personal belongings and small items?"
,0,the winner of this game,the winner of this game
,0,图中有什么动物是常年生活在水下的？,(Redirected from Chuck Jones). Chuck Jones has previously filed for divorcewithoutwithoutwithoutwithoutwithoutwithoutwithoutwithoutwithoutwithoutwithoutwithoutwithoutComputer Media
,0,有哪些水下生活的动物可以在这张图片上找到？,. {\displaystyle {\mbox{Denotes}}}. including one or more other than one person or party to licensing
,0,哪种动物在图中是常年生活在水下的？,"Henry Katz(NOT) and/or Henry Katz(NOT). since filing for divorce, whether you have previously married or filed a civil action to the Federal Court. Henry Katz(."
,0,请问有什么动物在这张图片中是长期生活在水下的呢？,(Redirected from Unlawful) or (Redirected) other than unlawful (nonlawful)thelessthelessthelessthelessthelessthelessthelessthelessthelessthelessthelessthelessthelessthelessthelesstheless
,0,哪种动物通常在水下生活？,"_________________________________________________________.due to divorce or other licensingtheless, file a crime against police"
,0,Refrigerators are commonly used to store all kinds of food. What food in the picture may be used to hatch chicks?,Whole foods are often used to store all kinds of trimmings. What in the picture could be used to fry potatoes?
,0,Can you tell me which food in the picture is commonly used to help hatch chicks?,Can you tell me which food in the picture is commonly used to help hock chicks?
,0,Which food item in the picture can be used to hatch chicks?,Which food item in the picture can be used to hatch chicks?
,0,What item in the picture could be used to hatch chicks?,What item in the picture could be used to hatch chicks?
,0,"What type of food is commonly utilized for hatching chicks, as depicted in the picture?","What type of food is commonly utilized for hanging fries, as depicted in the picture?"
,0,"During the process of remodeling or repairing a room, what tool in the picture could be used to create holes in the walls or ceiling?","During the process of remodeling a room or painting a ceiling, what tool in the picture could be used to create holes in the walls or trim?"
,0,"In the process of remodeling or repairing a room, which tool in the picture would be used for creating holes in the walls or ceiling?","In the process of remodeling a room or creating a wall, which tool in the picture would be used for fixing holes in the ceiling or walls?"
,0,What object in the picture could be utilized to create holes in the walls or ceiling during the process of remodeling or repairing a room?,What object in the picture could be utilized to create holes in the ceiling or wall for remodeling or repairing the process of a room?
,0,"If someone was remodelling or repairing a room, what tool in the picture could be used to create holes in the walls or ceiling?","If someone was remodeling a room or creating holes in the ceiling, what tool in the picture could be used to paint or hook a roof?"
,0,"If you are remodelling or repairing a room, what tool in the picture could be used to create gaps in the walls or ceiling?","If you are remodeling a room or creating gaps in the ceiling, what tool in the picture could be used to paint or cut a wall?"
,0,What object in the picture is a realistic representation of a gecko or a lizard?,What object in the picture is a representation of a gecko or a realistic lizard?
,0,What object in the picture is a realistic representation of a gecko or lizard?,What object in the picture is a representation of a gecko or lizard?
,0,Which item in the picture is similar in appearance to a gecko or a lizard?,Which item in the picture is similar in appearance to a gecko or a lizard?
,0,Which object in the picture possesses realistic characteristics of a gecko or a lizard?,Which object in the picture possesses characteristic features of a gecko or a lizard?
,0,Which item in the picture resembles a gecko or a lizard in terms of appearance?,Which item in the image resembles a gecko or a lizard in terms of appearance?
,0,Which object in the picture is a realistic representation of a gecko or a lizard?,Which object in the picture is a representation of a gecko or a real lizard?
,0,something that absorbs moisture and inorganic salts from the soil,something that absorbs moisture and inorganic salts from the soil
,0,"When visiting a park, it is common to find designated areas for relaxation and seating. What object in the picture could be used for sitting and resting?","When visiting a park, it is common to find suitable places for sitting and resting. What object in the picture could be used to seal and relaxing?"
,0,"At the park, where could one locate something specifically designated for sitting and resting?","At the park, where could one locate something specifically designated for sitting and resting?"
,0,"In a park, designated areas for relaxation and seating are common. What item in the picture could be utilized for sitting and resting?","In a park, designated areas for relaxation and sitting are common. What item in the picture could be utilized for seating and resting?"
,0,"When visiting a park, it is common to find designated areas reserved for relaxation and seating. What object in the picture could be used for sitting and resting in such circumstances?","When visiting a park, it is common to find places for sitting and resting. What object in the picture could be designated for use in relaxing conditions?"
,0,"When exploring a park, designated areas for relaxing and seating are often present. What object in the picture can be utilized for sitting and resting?","When exploring and relaxing, areas for sitting and resting are often utilized. What object in the picture can be placed nearby to offer seating?"
,0,"During a visit to a park, it's typical to encounter dedicated areas such as benches or seating arrangements that provide space for relaxation and sitting. Based on the image, what object could reasonably be utilized for sitting or resting?","During a walk, it's common to utilize places such as restrooms and benches that are suitable for sitting or relaxing. Based on the picture, what object in place could potentially be utilized to accommodate sitting or relaxation?"
,0,the decoration made of something inside shells,the decoration made of shells inside something colored
,0,the tennis player,the tennis player
,0,What object in this picture is often used to place coffee cup and pastry while sitting?,What object in this picture is often used to place coffee and cup while sitting?
,0,What is the item in the picture that people often utilize to keep their coffee cups and pastries upright while sitting?,What is the item in the picture that people often utilize to keep their cupboards and cups upright while sitting?
,0,What object in the picture is commonly used to hold a coffee cup or pastry when sitting?,What object in the picture is commonly used to hold a cup or coffee when sitting?
,0,What in the picture is commonly used to rest a coffee cup and a pastry on while seated?,What in the picture is commonly used to seal a cup and a coffee cup while on table?
,0,What is the common name of the object in this picture that is frequently utilized to hold coffee cups and pastries while seated?,What is the general purpose of this picture that is often utilized to hold coffee beans and biscuits in the table?
,0,What in the picture is commonly used to hold a coffee cup and pastry while someone is seated?,What in the picture is commonly used to hold a cup and coffee while sewing is dug?
,0,What object can be used to hold the towel in the bathroom?,What object can be used to hold the towel in the bathroom?
,0,What is typically utilized in the bathroom to hold and store towels?,What is typically utilized in the bathroom to hold and store towels?
,0,What household item could be used to hang a towel in the bathroom?,What household item could be used to hang a towel in the bathroom?
,0,What item would you use in the bathroom to hang a towel on?,What item would you use in a bathroom to hang the towel on?
,0,What item in the bathroom can be used to hold a towel?,What item in the bathroom can be used to hold a towel?
,0,"In the bathroom, what object might be used to hold the towel?","In the bathroom, what object might be used to hold the towel?"
,0,the area for people to walk through the tall grass,the area for people to walk through the tall grass
,0,Yoga is a popular exercise that involves various poses and stretches. What object in the picture can provide a comfortable and supportive surface for practicing yoga?,Running is a popular exercise that involves various poses and stretches. What object in the picture can provide a comfortable and supportive surface for practicing yoga?
,0,Yoga is an exercise that includes various postures and stretches.  What item in the picture can serve as a comfortable and supportive surface for practicing yoga?,Yoga is an endeavor that includes various postures and stretches. What item in the picture can serve as a comfortable and supportive surface for practicing yoga?
,0,Yoga involves different poses and stretches and requires a comfortable and supportive surface for practice. Please identify the object in the picture that could be used for this purpose.,Yoga involves different poses and requires different stretches and exercises for different purposes. Please identify the surface that can be used in this picture for the comfortable and functional frame.
,0,Which object within the image could be used as a comfortable and supportive surface for performing yoga poses and stretches?,Which object within the image could be used as a comfortable and supportive surface for performing yoga poses and stretches?
,0,"What item in the picture could be utilized to create a supportive and comfortable surface for practicing yoga exercises, which typically involves various stretches and poses?","What item in the picture could be utilized to create a comfortable and comfortable surface for exercising and practicing stretches, which typically involves exercises?"
,0,"Yoga involves various poses and stretches, and a comfortable and supportive surface is necessary to practice. What item in the picture could be useful for this purpose?","A comfortable pose for yoga involves various muscles and stretches, and appropriate exercises are common. What item in the picture would be useful to serve this purpose?"
,0,Vehicles that are designed for off-road driving can easily maneuver through challenging terrains. What in the picture could be driven on a dirt road?,Vehicles that are designed for off-road driving can easily maneuver through dirt roads. What in the picture could be driven on a challenging skate?
,0,"Which object in the picture appears suitable for driving on a dirt road and navigating through challenging terrain, as commonly required for off-road vehicles?","Which object on the picture is suitable for navigating through dirt roads, potentially essential for driving and challenging on a off-road vehicle?"
,0,Vehicles designed for off-road driving are capable of smoothly navigating through difficult terrain. Please identify the object or objects in the picture that would be suitable for traveling on a dirt road.,Drivers capable of navigating through rough terrain are designed for non-trivial driving. Please select the objects or items on the map that are suitable for travelling through a road.
,0,"What object in the picture is capable of traversing a dirt road, given that vehicles designed for off-road driving can easily maneuver through challenging terrains?","What object in the picture can easily maneuver on a flat road, given that off-road vehicles are capable of traversing dirt roads?"
,0,"What in the picture is suitable for driving on a dirt road, especially when dealing with challenging terrains?","What in a picture is suitable for dealing with dirt roads, especially when challenging on a skating ride?"
,0,"When driving on an unpaved road or challenging terrain, off-road vehicles are typically better suited to maneuvering. Could you identify what object in the picture would be suitable for travel on a dirt road?","When driving on a snowy road, vehicles capable of paving or traversing untrained terrain are typically suitable for off-road travel. What object in the picture could be appropriate to approach a dirt road?"
,0,"In a public building, what should people use to discard the paper towels used to dry their hands after washing in the restroom?","In the public bathroom, what is people using to wipe their hands after using to dry their cloths in a towel?"
,0,"In a public building, what object should people use to dispose of the paper towels used for drying their hands after washing in the restroom?","In a public bathroom, what object might people use to wash their hands after using the cloth for drying the parts of towels placed in public?"
,0,"In a public building, which spot is considered the appropriate place for people to dispose of the paper towels after using them to dry their hands in the restroom?","In the public place, which area is considered suitable for the workers to place their hands in a bathroom after using them to wipe their towels?"
,0,"If the restroom is inside a public building, what could people use to dispose of the paper towels after hand-washing?","If one is empty of paper towels, what could the people use to dispose of the hand-washing inside a public building after hand-washing?"
,0,"In a public building, what item would someone typically use to dispose of the paper towels used for drying their hands after washing in the restroom?","In a bathroom, what item would someone typically use to dry their hands after using to wash the rest of the paper towels stored in public?"
,0,What item should individuals use to dispose of paper towels used to dry their hands after washing in a public restroom?,What item might individuals use to dry their hands after using towels to wash in a public restroom?
,0,"During a festive event, people often give small gifts to each other as a token of celebration. What object in the picture could be used to hold and display these gifts?","In weddings, people often hold small gifts as a symbol of each other. What object in the picture could be used to give to this celebratory event?"
,0,"In a festive event, small presents are often exchanged as a gesture of celebration. What object in the picture might be suitable for storing and displaying these gifts?","In a festive occasion, gifts are often exchanged for displaying something as a gift. What object in the picture might be suitable for storing and displaying these celebrations?"
,0,"During a festive event, people often exchange small gifts as a token of the celebration. Based on the picture, name an object that could be used to hold and display these gifts.","During a big celebration, people often hold gifts based on the events. Using this as a gift, place an object attached to the bear to mark and display such gifts."
,0,"If we are to exchange small gifts with each other during a festive celebration, what could be used in the picture to hold and display these gifts?","If we are to gather and share gifts in a festive celebration, what could be used between these individuals to display small gifts?"
,0,"In order to capture a stable and clear photo or video, what object in the picture might be used to hold the camera steadily?","In order to capture a strong picture or video, what object in the picture might be used to hold the camera steady and neatly?"
,0,What object in the picture could be utilized to stabilize and take a steady photo or video?,What object in the picture could be utilized to stabilize and take a steady video or photo?
,0,"To capture a stable and clear photo or video, what object in the picture could be utilized to hold the camera steadily?","To capture a strong and steady picture, what object in the picture could be utilized to hold the camera or camera smoothly?"
,0,"To capture a stable and clear photo or video, what object in the image could be utilized to hold the camera steadily?","To capture a strong and steady image, what object in the picture could be utilized to hold the camera or camera smoothly?"
,0,something that the person uses to fish,something that the person uses to fish
,0,"In the picture, there seems to be a dish with various ingredients mixed together. What utensil in the picture could be used to scoop up a portion of this mixed dish?","In the picture, there seems to be a dish with a mixed mixture of ingredients. What utensil in this picture could be used to scoop up a portion of this dish?"
,0,"What kitchen tool from the picture can be leveraged to scoop up a portion of the mixed dish, which seems to include various ingredients?","What kitchen tool can be spotted to scoop up a portion of the raw ingredients, which seems to include similar serving from the slice?"
,0,What tool or object in the picture would you use to scoop up a portion of the mixed dish that you mentioned?,What tool or portion of the picture would you use to scoop up a diced item from that?
,0,"In the picture, what tool could be utilized to scoop up a portion of the mixed dish with various ingredients?","In the picture, what tool could be utilized to scoop up a portion of the various ingredients with dish?"
,0,"If you would like to scoop up a portion of the mixed dish in the picture, what utensil could be utilized to do so?","If you would like to scoop up a portion of the dish in the picture, what utensil could be utilized to do so?"
,0,the part of the pear that has been bitten by insects,the part of the pear that has been bitten by insects
,0,something that the cat uses to receive sound signals,something that the cat uses to receive sound signals
,0,the button used for refreshing the page,the button used for refreshing the page
,0,Pelicans are known for their unique hunting technique of diving into the water to catch fish. What body part of the pelican is primarily used to catch the fish?,Pelicans are known for their unique technique of digging into the water to catch fish. What part of the pelican is primarily used to trap the fish?
,0,What component of the pelican's anatomy is predominantly used when it dives into the water to capture fish while hunting?,What aspect of the pelican's anatomy is predominantly used to capture the sand when diving into waves?
,0,"In devising a strategy to catch fish, pelicans are known for their unique hunting style of diving into the water. Which body part of the pelican is primarily utilized to catch fish?","In pursuing their main method of catching pelicans, fish are known to utilize a body of pelican into the water. Which side of the pelican is unique to catching the fish?"
,0,Pelicans are known for their unique hunting technique of diving into the water to catch fish. What main body part of the pelican is employed to seize the fish during the hunting process?,Pelicans are known for their unique hunting technique of securing pelicans to catch various fish. What part of the body of the pelican is used to dig into the water during the hunting process?
,0,"What body part of a pelican is primarily utilized to catch fish while hunting, given their unique diving technique?","What particular part of a pelican is utilized to establish their body weight while hunting, based on diving fish?"
,0,"What body part of the pelican is primarily utilized for catching fish, as they are well-known for their unique hunting technique of diving into the water to grab their prey?","What area of the polar bear is well-known for its unique technique of digging into the water to catch fish, primarily as they are utilizing their snout to trap their prey?"
,0,"In the morning every day, most people develop a habit of brushing their teeth to remove the strange smells that may build up overnight. What object is used in this routine to remove the foods and other substances stuck on teeth during the night sleep?","During the night, people try to brush their teeth on something else to remove the unwanted smells and mouthfeels during sleep. What object in this routine is used to consume the substances that are often started brushing overnight?"
,0,"In the morning, most people have a habit of brushing their teeth to remove any buildup of smell overnight. Which object, when used during this routine, can help remove food and other residue from teeth?","In a nap, people often brush their teeth after eating. Which object, when done, can remove any buildup of food or fluid from the nap to keep this feeling during hours?"
,0,What item is typically utilized to remove food and other substances that may be stuck on teeth after a night's sleep as part of a morning teeth-brushing routine?,What item is typically utilized to keep teeth and other mouth parts after a night's sleepiness that might be placed on as part of a sleep-sucking routine?
,0,"When people wake up in the morning, they generally develop a habit of brushing their teeth to get rid of food debris and other substances that may have accumulated overnight. What instrument is typically used in this routine to remove these substances from the teeth?","When people wake up in the morning, they often brush their teeth to get rid of substances that may have accumulated in their mouth during the night. What are typically used to remove this substance from foods and develop other types of toothbrushes?"
,0,"In the morning when you wake up, brushing your teeth can help remove strange smells that may have accumulated overnight. What object is used in this routine to remove food and other substances that might be adhered to your teeth while you were sleeping?","When you wake up, you might remove certain foods that are used to absorb sweetened breath during a nap. What object in the picture can be used to brush your teeth and other objects that were initially absorbed while you were sleeping?"
,0,What object is typically utilized as part of the morning routine to remove the food particles and other substances that may have stuck to the teeth overnight?,What object is typically utilized by the teeth to remove the food and other substances that might have been stuck to the morning routine?
,0,"During the cold winter months, people often gather around a source of heat in their living rooms to keep warm. What object in the picture could provide heat in this scenario?","During the cold winter months, people often gather in places to keep their heat in a cold environment. What object in the picture could provide some warmth for this?"
,0,"When it's cold during the winter months, people typically stay around a source of heat in their living rooms to keep warm and cozy. Please aid me in identifying what object within the picture could be utilized to generate warmth in such a circumstance.","When it's cold in the winter months, people often utilize something in their living room to keep warm and keep themselves cozy. Please help me locate what object in the picture could be utilized to establish such a temperature within a given area for warmth."
,0,"In the cold winter months, people frequently gather around sources of heat in their homes to stay warm. Based on the picture, what item could function as a source of heat in this scenario?","During the cold winter months, people often build their homes as sources of heat in this situation. Based on the picture, what item could be useful to gather in heat in this season?"
,0,"In order to stay warm during the cold winter months, people often congregate around a source of heat in their living rooms. What in the picture might supply heat in this situation?","In order to conserve heat in winter, people often hang out in cold places during the cold weather. What in the picture might provide a source of heat in this room?"
,0,"In cold winter months, people often gather around a source of heat in their living rooms to keep warm. Please identify the object in the picture which could be utilized to provide heat in this scenario.","In cold climates, people often find a place in the scene where they can gather warm air to provide heat. Please identify the object in this picture which might be utilized to keep warm in the cold of this household."
,0,"To stay warm during the cold winter months, people often gather around a source of heat in their living rooms. Please tell me which object(s) in the picture could serve as a source of heat in this situation?","To serve as a source of heat during cold weather, people often gather in their bedrooms in this situation. Please tell me which object(s) in the picture could serve as a source of heat in this cold?"
,0,"In modern cities, power cables are usually installed overhead to supply electricity to buildings. What part of the picture is likely to be used to support these power cables?","In buildings, electric power cables are often installed to power grid equipment. What portion of this picture is likely to be used to supply power to the buildings?"
,0,"In modern cities, how are power cables typically installed to deliver electricity to buildings? What part of the picture is utilized to support these power cables?","In modern homes, power cables are typically installed to deliver electricity. What portion of these power cables is utilized to power the grid?"
,0,"To supply electricity to buildings in modern cities, power cables are typically installed overhead. Please identify the object in the picture that is likely to be used to support these power cables.","To install electric cables, power plants are typically installed in buildings. Please identify the object in the picture that might be used to supply power to these cables."
,0,Where in the picture is typically used to support power cables that supply electricity to buildings in modern cities?,Where in the picture is typically used to supply electricity to power buildings in modern hospitals?
,0,"In urban areas, power cables are often installed overhead, providing electricity to buildings. What part of the image would typically be utilized as support for these power lines?","In rural areas, electric power lines are typically installed to provide electrical power to buildings. What part of this infrastructure would often be utilized as power feeders?"
,0,"In modern cities, power cables are frequently strung overhead to provide electricity to buildings. What object in the picture appears to be utilized to support these power cables?","In many buildings, electric cables are often utilized to deliver power to grid systems. What object in the picture appears to be strung towards these cables?"
,0,"When playing the piano, what object in the picture does the pianist typically sit on?","When playing the piano, what object in the picture does the pianist typically sit on?"
,0,"While playing the piano, what item in the picture is typically used as a sitting surface by the pianist?","While playing the piano, what item in the picture is typically used as a sitting surface by the pianist?"
,0,"What is the furniture item that a pianist typically sits on while playing the piano, based on the picture?","What is the furniture item that a pianist typically sits on while playing the piano, based on the picture?"
,0,What as an object in the picture does one typically sit on while playing the piano?,What in the picture does one typically sit on while playing an object as a piano?
,0,"When playing the piano, what object in the picture is commonly used as a seat for the pianist?","When playing the piano, what object in the picture is commonly used as a seat for the pianist?"
,0,"When playing the piano, what object does the pianist typically sit on in the picture?","When playing the piano, what object does the pianist typically sit on in the picture?"
,0,the fallen chess piece,the buried chess piece
,0,"Flowers are a beautiful part of nature, and their appearance can vary greatly. What object in the picture is commonly associated with the beautiful blossoming of flowers?","Flowers are a beautiful element of nature, and their appearance can vary greatly. What part of the flower commonly associated with the blooming of flowers is in the picture?"
,0,What item in the picture is typically related to the blooming and appearance of flowers?,What item in the picture is typically related to the blooming and appearance of flowers?
,0,"What object in the picture is typically associated with the beautiful blossoming of flowers, which can appear in a variety of shapes and colors?","What object in the picture can typically represent the blossoming of flowers and plants, which is present in a variety of shapes and colors?"
,0,What object in the picture is often connected with the beautiful blooming of flowers?,What object in the picture is often connected with the beautiful blooming of flowers?
,0,What common object in the picture is associated with the beautiful blossoming of flowers?,What common object in the picture is associated with the beautiful blossoming of flowers?
,0,"What object is often a symbol of memories and personal experiences, generally placed on the table or hung on the wall?","What object is often found on the wall, often wrapped around a plate and held for personal experiences or symbols?"
,0,"What object, which is often hung on walls or placed on tables, is considered a symbol of memories and personal experiences?","What object, which is usually hung on walls and seen on tables, is considered a symbol of personal memories or experiences?"
,0,"What is the object that serves as a symbol of memories and personal experiences, usually placed on a table or hung on a wall?","What is the object that serves as a symbol of memories or personal experiences, usually hung on a table and placed on a wall?"
,0,What object is typically associated with personal experiences and memories and is commonly placed on a table or hung on a wall?,What object is typically associated with personal experiences and memories and is typically hung on a wall or placed on a table?
,0,"What type of object might be seen as a symbol of memories and personal experiences, often found on a table or hung on a wall?","What type of object might be seen as a symbol of memories or personal experiences, often found on a wall and hung on a table?"
,0,"In formal occasions, it is common for men to wear a particular accessory around their neck. What object in the picture could be used for this purpose?","In formal occasions, it is common for men to wear a particular accessory in their head. What object in the picture could be used for this purpose?"
,0,What object in the picture can be utilized by men to wear around their neck during formal occasions?,What object in the picture can be utilized by men to wear around their neck during formal occasions?
,0,"In formal occasions, men often wear a specific accessory around their necks. What object in the picture could be used for this purpose?","In men, men often wear a specific accessory for their formal occasions. What object in the picture could be used to do this?"
,0,"On formal occasions, it is customary for men to wear a particular accessory around their neck. What object in the picture could serve this purpose?","In formal occasions, it is customary for men to wear a specific accessory around their neck. What object in the picture could serve this purpose?"
,0,"For formal occasions, men often wear a specific accessory around their necks. What item in the picture could be utilized for this type of formal wear?","For formal occasions, men often wear a specific type of attire. What item in the picture could be utilized to hang around their necks for this formal occasion?"
,0,"In formal occasions, men often wear a specific accessory around their neck. What item in the picture could be utilized for this purpose?","In formal occasions, men often wear a specific accessory on their neck. What item in the picture could be utilized for this purpose?"
,0,What kind of object can be opened and closed to connect different rooms and allow people to easily get in and out?,What kind of object can be opened and closed to allow people to get in and out easily?
,0,"What type of object can be opened and closed to connect different rooms, allowing individuals to easily move in and out?","What type of object can be opened and closed, allowing individuals to connect and move in to easily move out?"
,0,"What kind of fixture could be opened and closed to connect various rooms, allowing people to move in and out comfortably?","What kind of fixture could be moved in and out, allowing people to open and close comfortably to connect rooms?"
,0,What object in a house or building can be opened and closed to connect different rooms and allow people to easily enter and exit?,What object in a building or building can be opened and closed to allow people to enter and exit easily?
,0,"What object can be utilized to connect different rooms and allow people to easily access them, given that it can be opened and closed?","What object can be utilized to connect and open spaces and allow people to access them easily, given that it can be moved?"
,0,What is the object that can be opened and closed to connect different rooms and enable easy access in or out?,What is the object that can be opened and closed to enable different access or out in?
,0,the object that protects reproductive organs,the object that protects reproductive organs
,0,"Sometimes, dogs need to be restrained and controlled to ensure their safety and the safety of others. What part of the picture is used to physically control the movement of the dog?",Sometimes dogs need to be controlled to regulate the movement and safety of others. What part of the dog is used to control the motion of the dog?
,0,What part in the picture is utilized to physically restrain and control the movement of a dog when necessary to ensure the safety of both the dog and others?,What part of the dog is utilized to control the movement of the hand while medically necessary to ensure the safety and comfort of both others?
,0,"What part in the picture is used to control the movement of the dog physically, as needed for ensuring its own and others' safety?","What part of the dog is used to control the movement alone, as necessary for ensuring its own safety and others' self?"
,0,"What part of the picture is utilized to physically restrain and control the movement of the dog, which is occasionally necessary to maintain the safety of both the dog and others?","What part of the picture is generally used to regulate the movement of the dog, which is necessary to comfortably control and maintain the safety of both the hand and others?"
,0,"To ensure the safety of dogs and others, physical control may be necessary. Which part of the image is intended to restrict and manage the dog's movements?","To ensure the proper control of dogs and others, the image may be necessary. Which part of the dog's movement is intended to monitor or manage physical limitations?"
,0,"In certain situations, it becomes necessary to restrain dogs to ensure their own safety and that of other people around them. What in the picture is an example of an object that may be utilized to physically control the movement of a dog?","In certain situations, it is necessary to control the movement of an object to ensure the safety of others. What in the picture is an example of something that could be utilized to physically restrain themselves and their dogs around?"
,0,"In a forest, water from a river or creek often flows through various natural formations. Can you identify a particular formation in the picture where the water is running swiftly?","In a river or creek, water flows through various formations. Can you identify the water in the picture where a river is typically flowing through a natural formation near a steep?"
,0,Can you point out a formation in the forest shown in the picture where water is flowing quickly through natural streams or rivers?,Could you point out in the picture where water is flowing rapidly through the rivers producing a natural flow in hills or mountains?
,0,"In a forest, water from a river or creek may flow through various natural formations, including swift streams. Can you identify a particular natural water formation in the picture where the water is seen running swiftly?","In a natural waterfall, water from a stream or river can be identified through various natural creeks, including rivers. Can you identify the body of water in a direction where the water is flowing sharply?"
,0,"In the forest, water from a river or creek commonly passes through different natural formations. Can you locate a specific formation in the picture where water is flowing rapidly?","In a river, water from a creek or valley is commonly flowing through various forms. Can you identify the location where water flows in a specific formations?"
,0,"In the image, can you identify a natural formation in the forest where the water is flowing rapidly, such as a rapid or a waterfall?","In the image, can you identify a natural flowing in the water where the movement is rapid, such as a lake or a dense forest?"
,0,"In a forest, water from a river or creek typically flows through various natural formations. Can you identify a particular formation in the picture where the water is flowing swiftly?","In a river or creek, water flows through various formations. Can you identify the water in a natural flowing where a river is typically located near a narrow valley?"
,0,What kind of cushion object can be placed on an armchair or couch to make sitting or lying more comfortable?,What kind of cushion or armchair can be placed on a sitting or sitting position to make couch more comfortable?
,0,What is an object which can be placed on an armchair or couch to improve the comfort of sitting or lying down?,What is an object which can be placed on an armchair or chair to improve comfort or sitting down?
,0,What is the name of the type of cushion that can be positioned on an armchair or couch to improve comfort when sitting or lying down?,What is the name of type of cushion that can be positioned on an armchair or chair to improve comfort when sitting or lying down?
,0,What is the name of the cushion object that can be placed on a chair or couch to provide additional comfort when sitting or lying down?,What is the name of the couch object that can be placed on a chair or cushion to provide comfort when sitting or lying down?
,0,What type of cushion can be put on a couch or an armchair to provide additional comfort while sitting or lying down?,What type of cushion can be placed on an arm or a chair to provide comfort while lying down or sitting on a couch?
,0,What type of cushion object is often utilized on an armchair or couch to increase comfort while sitting or lying down?,What type of cushion item is often utilized on an armchair or chair to promote comfort while sitting or lying down?
,0,"In ice hockey, teams compete to score goals against each other. What object in the picture should the players aim to shoot the puck into?","In ice hockey, the teams aim to score points against each other. What object in the picture should the team shoot to score in?"
,0,"In a game of ice hockey, what should the players aim to shoot the puck into, as depicted in the picture?","In a game of ice hockey, what should the players take to catch the puck, depicted in the picture as in this picture?"
,0,"In ice hockey, what should the players aim to shoot the puck into to score a goal, according to the picture?","In ice hockey, what should the players aim to score to get the puck into the shot, according to the picture?"
,0,"In ice hockey, players aim to score goals against one another. What object in the picture should they aim to shoot the puck into?","In ice hockey, players aim to score their goals against each other. What object in the picture might the player aim to shoot into?"
,0,"What is the goal post that hockey players typically aim to shoot the puck into, in order to score a goal?","What is the goal that hockey players typically aim to score in order to shoot a puck, into the shot?"
,0,Ice hockey is a sport in which teams compete to score goals against each other. What object should the players aim to shoot the puck into in the picture?,Soccer is a sport in which players aim to score balls against each other. What object should the team use to shoot the puck into the scoring in?
,0,"Which furniture in a room is used for writing or drawing with chalk or markers, for example to explain a mathematical formula or draw up a meeting summary?","Which furniture or paper in a room is used for writing or sketching a formula, for example to explain a statement or answer questions with a formal scoring scale?"
,0,"What furniture commonly used in a room is utilized for writing or drawing with chalk or markers, such as when explaining a mathematical formula or creating meeting notes?","What furniture or composition commonly used in a room is used for expressing ideas or formulas, such as when analyzing with a drawing or writing notes?"
,0,"What type of furniture present in a room is typically used for writing or drawing with chalk or markers, say to explain a mathematical formula or a meeting summary?","What type of furniture usually present in a room is used for talking or writing with a formula or diagram, say to describe a research proposal or puzzle statements?"
,0,"What furniture item within a room is typically designated for writing or drawing with chalk or markers, such as for outlining a mathematical formula or creating a summary for a meeting?","What furniture item in a room is typically set aside for writing or analyzing for a formal statement, such as for drawing lines or analyzing a formula or with a board?"
,0,"What is the name of the furniture in a room that is commonly used for writing or drawing with chalk or markers, for example, to explain a mathematical formula or draw up a meeting summary?","What is the general name of a thing that is commonly used in a writing or drawing to describe a structure or sketch, for example, for chatting with a table or sketch a formula statement?"
,0,What furniture in a room is typically used for writing or drawing using chalk or markers for purposes such as explaining a mathematical formula or drafting a meeting summary?,What furniture in a room is typically used for writing or analyzing a statement using a formula or sketching for formal purposes such as answering questions or scoring a sheet?
,0,"When reading at night, what object can be used to provide sufficient lighting for the book?","When reading at night, what object can be sufficient to provide light for the reading?"
,0,"If you were reading a book at night and needed adequate lighting, what item could you utilize for this purpose?","If you were reading at night and needed adequate lighting, what item could you utilize for this purpose?"
,0,What item could be used to provide enough light to read a book at night?,What item could be used to provide enough light to read a book at night?
,0,"When reading a book at night, what object could provide adequate lighting to make it easier to read?","When reading a book at night, what object could provide adequate light to make it easier to read?"
,0,What object can be used for sufficient book lighting when reading at night?,What object can be useful for reading sufficient light when at night?
,0,Could you point me towards the object that can be used to provide sufficient lighting for a book when reading at night?,Could you please provide a object that can be useful for reading at night when towards bed?
,0,the signal lights on the vehicle to inform the turning direction,the lights on the vehicle to signal the turning direction
,0,Wedding ceremonies or festive occasions sometimes involve dressing up and wearing decorative accessories. What in the picture can be worn on the head to enhance the appearance?,Funerals and decorative occasionities are often worn on the head to enhance the look. What in the picture can be dressed with dressing up or displaying decorative attachments?
,0,"During festive or celebratory occasions such as weddings, people often dress up and wear decorative accessories. What item in the picture can be worn on the head to enhance one's appearance?","During festive or celebratory occasions such as birthdays, people often wear and decorate their outfits. What item in the picture can be worn on a person's neck to enhance the appearance?"
,0,"During festive occasions or wedding ceremonies, people often dress up and adorn themselves with accessories to elevate their appearance. What item in the picture could be worn on the head for this purpose?","During birthday ceremonies, people often dress up and wear them for special occasions. What item in the picture could be worn on their head to imitate this appearance?"
,0,"During festive occasions or wedding ceremonies, it is common to dress up and wear decorative accessories. Please point out what in the picture could be worn on the head to enhance the appearance?","During festive occasions, it is common to wear decorative accessories and make out wedding ceremonies. Please confirm in the picture what might be worn on the head to enhance the appearance?"
,0,"A part that is in direct contact with people""s buttocks when they use the toilet is not easy to clean and is prone to bacterial growth. What part in the picture should be used to cover it and reduce bacterial growth?",What part of the toothpaste that is in direct contact with bacterial growth is often used to cover and protect it when it is not being used? This part should be easy to see and is in no dirt to the tooth.
,0,"When using the toilet, an area that comes into direct contact with human buttocks can be difficult to clean and is susceptible to bacterial growth. Which item in the picture can be used to cover the area to reduce bacterial growth?","When using a towel to clean and remove bacterial growth, the area in the towel can be susceptible to bacterial growth. Which item in the picture can be used to cover an area that is difficult to come into contact with?"
,0,"To reduce bacterial growth and facilitate cleaning, what part in the picture could be utilized to cover the portion of the toilet that is in direct contact with people's buttocks during use?","To reduce the growth of bacteria in toilet paper during cleaning, what part of the picture might be utilized to cover and make it in contact with the toilet's side that is easily accessible?"
,0,"In order to mitigate bacterial growth, which item in the picture should be used to cover the region that comes in direct contact with a person's buttocks while using the bathroom?","In order to help mitigate the bacterial growth, which item in the picture should be used to touch a person's face when coming in contact with the towel?"
,0,"What object can be used to cover and reduce bacterial growth on the part of a toilet that comes into direct contact with people's buttocks, which is difficult to clean?","What object can be used to cover and clean parts of a person's toilet that is often coming into direct contact with bacteria, which is hard to clean?"
,0,"When making cupcakes or muffins, it is common to add a sweet and decorative layer on top. What in the picture can be used to add this layer to enhance the taste and appearance?","When making muffins and cookies, it is common to add a sweet and tangy taste. What item in the picture can be used to enhance this top to add flavor and texture?"
,0,"When baking cupcakes or muffins, it is typical to add a sweet and decorative layer on top to enhance their taste and appearance. Please identify the item in the picture that could be utilized to add this layer.","When baking cupcakes, it is common to add a soft and sweet layer to the inside. Please locate on the table that could be utilized to add and decorate this layer to mimic their taste."
,0,"When making cupcakes or muffins, people often add a sweet and decorative layer on top to enhance taste and appearance. What in the picture is best suited to be utilized for this purpose?","When making muffins and cookies, people usually stick with sweet toppings to enhance and impart flavor. What in the picture is commonly utilized for this purpose?"
,0,What tool or object is typically used to add a sweet and decorative layer on top of cupcakes or muffins to enhance the appearance and taste when making in the kitchen?,What type of object in the kitchen is typically used to add a decorative layer or texture to muffins and cupcakes when placed on the counter or to enhance the look and taste?
,0,"When making muffins or cupcakes, a sweet decorative layer is frequently added on top. What could be used to create this layer to improve flavor and aesthetic appeal?","When making muffins or cakes, a sweet toothlike texture is often added to make it decorative. What could be used to enhance top texture and flavor profile?"
,0,What tool is used for typing and text processing on a computer?,What tool is used for typing and text on a computer?
,0,What is the name of the tool used to input and process text on a computer?,What is the name of the tool used to input and input text on a computer?
,0,What is the tool that people utilize for typing and text processing on a computer?,What is the tool people utilize for typing and text on a computer?
,0,What is the name of the tool that is commonly used on a computer for typing and text processing?,What is the name of the tool that is commonly used for typing and text on a computer?
,0,What is the tool commonly used for processing and typing text on a computer?,What is the tool commonly used for typing and processing text on a computer?
,0,What is the name of the tool used for processing and typing text on a computer?,What is the name of the tool used for typing and processing text on a computer?
,0,"When playing golf, it is important to have appropriate attire that allows for a comfortable and unrestricted swing. What article of clothing in the picture might hinder the person's movement during a golf swing?","When attending a tennis game, it is important to have appropriate clothing that allows for a comfortable and unrestrained movement. What part of the dress in picture might permit the player's hand to bend during regular tennis?"
,0,"During a game of golf, appropriate attire is essential to ensure that the player can make comfortable and unrestricted swings. Based on the image, which clothing item could possibly hinder a person's movement during a golf swing?","During a golf game, the player should ensure that their hands are comfortable. Based on the picture, which attire item could possibly enhance a player's movement during casual and unplanned golf swing?"
,0,"When playing golf, what object of clothing in the picture may cause hindered movement during a golf swing, which requires unrestricted movement?","When playing a tennis, what object in the picture permits unrestricted movement during clutch wear, which may cause fashionable movement?"
,0,"When playing golf, it is crucial to wear appropriate clothing that allows for a comfortable and unimpeded swing. What item of clothing in the picture could potentially impede the individual's movement during a golf swing?","When playing tennis, it is essential to wear appropriate clothing that would allow for a comfortable and uninterrupted movement. What item in the picture could potentially impede a player's sport clothing during this round?"
,0,Playing golf requires appropriate attire that allows for a free and relaxed swing. Please identify what clothing item from the picture might interfere with the person's movement during a golf swing?,Playing requires appropriate clothing. Please select a casual item that helps facilitate a relaxed and forward movement during the tennis game?
,0,"When playing golf, it is crucial to wear suitable attire that allows for a comfortable and unrestricted swing. What article of clothing in the picture might restrict the wearer's movement during a golf swing?","When attending a tennis game, it is important to wear comfortable and tight clothing. What item in the picture might permit the wearer's movement which restricts movement for a comfortable constricted tie?"
,0,"In the picture, there is a woman wearing a dress and a pair of sandals. What part of her body can be seen clearly?","In the picture, a woman is wearing a dress and a piece of sandals. What can she be seen clearly?"
,0,"Which part of the woman's body is clearly visible in the picture, given that she is wearing a dress and sandals?","Which part of the woman's body is clearly visible in the picture, given that she is wearing a dress and shoes?"
,0,"In the picture, which part of the woman's body is clearly visible given that she is wearing a dress and sandals?","In the picture, which part of the woman's body is clearly shown wearing a dress and shoes?"
,0,"What part of a woman's body, who is wearing a dress and sandals in the picture, is clearly visible?","What piece of clothing, which is clearly visible in a woman's face and wears a dress, is seen?"
,0,"In the picture, what part of the woman's body is clearly visible?","In the picture, what part of the woman's body is clearly visible?"
,0,What part(s) of the woman's body can be vividly observed in the picture since she is wearing a dress and sandals?,What part(s) of the woman's figure can be seen in the picture wearing a dress and dress sharply?
,0,"In schools or offices, where can the teacher place their teaching content and allow the audience to see it more clearly?","In schools, where can teachers place their content or presentation directly and allow the audience to see it more clearly?"
,0,Where is the area in schools or offices for teachers to display their teaching content and make it easier for the audience to see?,Where is the area in schools or schools for teachers to display and make it easier for their audience to see?
,0,"In schools or offices, where might a teacher or presenter place teaching content to allow the audience to view it more clearly?","In schools or teaching contexts, where might a teacher or audience place content to allow the presenter to see it more clearly?"
,0,Where can educators showcase teaching content and enable the audience to view it more effectively in schools or offices?,Where can educators showcase content and enable teachers to view it more effectively in schools or offices?
,0,Guests usually dine in their private rooms in hotels. What furniture in the image would they use to eat?,Guests usually eat in hotels. What furniture in the image would they use to dine in their private rooms?
,0,"If guests usually dine in their rooms in a hotel, what piece of furniture in the image would they likely use to eat?","If guests eat their meals in a hotel, what piece of furniture in the image would they typically use to eat in a room?"
,0,"Considering that hotel guests usually have their meals in private rooms, what furniture would be utilized for dining purposes, based on the image?","Considering that hotel guests have the convenience of dining out on tables, what furniture would be utilized for private purposes, based on their rooms?"
,0,"When guests dine in their private hotel rooms, what furniture in the picture are they likely to use for eating?","When guests spend their dining room eating, what furniture in the picture are they likely to use for hotels?"
,0,"When dining in their private rooms in hotels, what furniture in the image would guests typically sit at to eat?","When dining in hotels at guests sit in, what furniture in their rooms would guests typically sit to eat?"
,0,"In hotels, guests usually take their meals in their private rooms. Could you identify which piece of furniture in the image they would be likely to use for this purpose?","In hotels, guests usually eat their meals in private rooms. What object could you identify which areas they would like to use in this piece for their purpose?"
,0,the object that the dogs battle for,the object that the dogs battle for
,0,"When playing golf, players often carry extra balls, tees, and other accessories. What in the picture could be used to carry these items?","When playing tennis, players often carry extra shoes, boots, and other items. What in the picture could be used to carry these items?"
,0,"When playing golf, what object in the picture could be utilized for carrying extra balls, tees, and other related accessories?","When playing tennis, what object in the picture could be utilized for carrying extra shoes, balls, and other related items?"
,0,"While playing golf, players often require additional balls, tees, and other accessories. Please help me identify which object in the picture could be utilized to transport these items.","While playing tennis, players often require additional equipment to carry items. Please identify which shoe, pin, and other items could be utilized within the picture?"
,0,"What in the picture would be used to store and transport items such as extra balls, tees, and other accessories while playing golf?","What in the picture would be used to store and access additional items such as coins, golf balls, and other tees while playing tennis?"
,0,"What item in the picture could be utilized to store extra golf balls, tees, and other accessories while playing golf?","What item in the picture could be utilized to store tennis balls, tees, and other golf accessories while playing?"
,0,"When playing golf, what in the picture could be used to transport accessories such as extra balls, tees, and other items?","When walking around tennis, what in the picture could be used to carry additional items such as tees, balls, and other items?"
,0,"When enjoying a meal, it is common to use utensils to scoop up gravy or sauce to enhance the flavor of the food. What utensil in the picture is specifically designed for this purpose?","When cooking, it is common to use utensils to sweeten the sauce to enhance the flavor of a meal. What utensil in the picture is specifically designed for this purpose?"
,0,It is common to use utensils to scoop up gravy or sauce to enhance the flavor of the food while having a meal. What utensil in the picture is typically designed to suit this purpose?,"Sometimes, people use utensils to sauce or to enhance the flavor of a meal to scoop up sauce. What is the utensil commonly found in the picture that is designed to hold this in mind?"
,0,What type of utensil is specifically designed to help scoop up gravy or sauce to improve the flavor of the food during a meal in the picture?,What type of utensil in the picture is specifically designed to help enhance the flavor of a gooey meal to serve soup or sauce during the meal?
,0,"When consuming a meal, it is common to use utensils to scoop up gravy or sauce to enhance the flavor of the food.  Which utensil in the picture is specifically designed for this purpose?","When eating soups, people often use utensils to enhance the flavor of the sauce. Which utensil in the picture is designed to carry a sauce to stuff up?"
,0,Which utensil in the picture is designed for scooping up gravy or sauce to enhance the flavor of food during meals?,Which utensil in the picture is designed to enhance the flavor of sauce for pickling up meals or sauce during food?
,0,"During a meal, it is not uncommon to employ utensils to scoop up gravy or sauce to enhance the food's flavor. What utensil in the image is tailored particularly for this purpose?","In meals, it is not uncommon to use utensils to sweeten a sauce or to enhance the meal's flavor. What utensil in the picture is tailored for this purpose?"
,0,the object that helps to keep the neck warm,the object that helps to keep the neck warm
,0,Bonsai trees require special care and attention to maintain their miniature size and aesthetic appeal. What object in the picture is used to contain and display a bonsai tree?,Bonsai trees require a special attention and display to display their small and delicate appearance. What object in the picture is used to design and label bonsai toys?
,0,"What object in the picture could be used to display and contain a bonsai tree, given that the tree requires special attention and care to maintain its miniature size and aesthetic appeal?","What object in the picture can be used to hold a bonsai tree and display its appearance, given that it requires special attention and mature and functional characteristics?"
,0,"When maintaining and displaying bonsai trees, it requires a certain level of special care and attention. What item in the picture can be utilized to display and contain a bonsai tree?","When maintaining a tree bonsai, it requires special attention and care. What item in the picture can be utilized to display and display various levels of bonsai?"
,0,"What object in the picture is utilized to display and contain bonsai trees, which require special care and attention to maintain their miniature size and aesthetic appeal?",What object in the picture is utilized to display small mammoth teeth and require special attention and aesthetics to maintain their shape and display?
,0,"What is the tool utilized to contain and show a bonsai tree in the picture, provided that bonsai trees require specialized care and attention to maintain their miniature size and aesthetic appeal?",What is the tool utilized to display a bonsai tree and require specialized attention and aesthetics to ensure that the bonsai trees in the picture have their small size and shape?
,0,the object that both teams are fighting for in a game of American football,the object that both teams are fighting for in a game of American football
,0,"Dogs enjoy playing with different toys, and one popular toy is specifically designed to be bitten and chewed on. What object in the picture can serve as a toy for the dog?","Dogs enjoy different toys, and one toy is specifically designed to be chewed on. What object in the picture can be used as a toy to play with the dog?"
,0,What object in the picture can be utilized as a toy for dogs to bite and chew?,What object in the picture can be utilized to bite and chew to as a toy?
,0,"What object in the picture can be used as a toy for a dog, given that dogs are known to enjoy playing with a variety of toys, including some designed for biting and chewing?","What object in the picture can be used to play with a variety of toys, such as dogs, given that some dogs are known for being stylish and chewing for a toy?"
,0,"Please identify which object in the picture could serve as a toy for a dog, as dogs relish playing with a variety of different toys that are specifically designed for biting and chewing.","Select a object in the picture that might serve as a toy for a dog, as dogs are capable of chewing and sharing various toys with different dogs."
,0,"If you want to enjoy the scenery outside, what object can be used to control the amount of sunlight coming into the room by adjusting the angle?","If you want to enjoy the sunlight travelling through the room, what object can be used to control the amount of exposure by adjusting the intensity inside?"
,0,"If you wish to adjust the amount of sunlight entering a room while still admiring the outdoor scenery, what object can be utilized to modify the incoming sun rays by changing the angle?","If you wish to adjust the outdoor sunlight while enjoying the evening, what object can be utilized to change the amount of sunlight reflected by the walls without damaging the angle?"
,0,"What object can be used to adjust the amount of sunlight entering a room by controlling the angle, to enable one to enjoy the scenery outside?","What object can be used to adjust the level of light entering the room, by allowing one to enjoy the sunlight to navigate outside?"
,0,"To adjust the amount of sunlight entering a room by altering the angle, what object can be utilized for this purpose?","To adjust the amount of sunlight entering the room by changing the external medium, what object can be utilized for this purpose?"
,0,"If you would like to enjoy the outdoor scenery, what object could be adjusted to control the amount of sunlight entering the room by modifying the angle?","If you would like to enjoy the outdoor scenery, what object could be adjusted to control the amount of sunlight entering the room by modifying the angle?"
,0,"In order to take in the beautiful scenery outside and control the amount of sunlight entering the room by adjusting the angle, what object could be used?","In order to take in the sunlight and control the amount of natural light entering the room by adjusting the visibility, what object could be used?"
,0,"In the picture, there are various modes of transportation parked in a grassy field. What objects are commonly placed on the front of these vehicles to provide illumination at night?","On the streets, there are various types of vehicles parked at a illumination. What component is commonly found in the picture to provide transportation on these fields of parked front?"
,0,Vehicles parked in the grassy field in the picture might have some objects installed on the front that provide illumination at night. What are these objects called and how do they function?,Vehicles parked at the ground in the parkway might have some structures installed on the side that provide illumination. What are these objects called in here and do they look like?
,0,What objects are commonly found on the front of these vehicles in the picture that provide illumination at night?,What objects are commonly found on the front of vehicles in this picture that provide illumination at night?
,0,"In the image, there are various modes of transportation parked in a grassy field. What items are often positioned on the front of these vehicles to offer lighting at night?","On the streets, there are several types of vehicles parked at a lighted position. What items are often present in the image to park on footing?"
,0,"Vehicles parked in a grassy field can serve as various modes of transportation in the picture. What items are typically located on the front of these vehicles, providing illumination during nighttime travel?",Vehicles parked on vehicles can serve as various types of transportation during a snowy night. What items are typically located in the center of these vehicles providing privacy?
,0,"In the picture, various modes of transportation are parked in a grassy field. What objects are commonly attached to the front of these vehicles to provide illumination during the night?","In many places, vehicles are parked under a block of snow to provide illumination. What objects are commonly attached to the front of these vehicles to function in the clear?"
,0,"In certain sports, athletes use specific equipment to perform gravity-defying tricks. What object in the picture could be used for such purposes?","In sports, certain athletes use specific equipment for such tricks. What object in the picture could be used to practice sport-defying purposes?"
,0,"There are certain sports in which athletes perform gravity-defying stunts utilizing specific pieces of equipment. Based on the picture, what object could be utilized within such sports?","Given that there are sporting objects utilizing specialized sport, what type of gears can be drawn in such structures based on the picture?"
,0,Can you point me to the object in the picture that might be useful for performing gravity-defying tricks in certain sports?,Can you point me in the image that might be useful for controlling certain mechanical devices in sport?
,0,Some athletes use specialized equipment to perform gravity-defying stunts in certain sports. Can you identify the item in the picture that could be utilized for this purpose?,Some athletes utilize specialized gears to stun certain tactical vehicles. Can you identify the item in the picture that might be used for this purpose in sport?
,0,What object in the picture has the potential to be utilized to perform gravity-defying tricks in specific sports?,What object in the picture has the potential to be utilized to perform gravity-defying tricks in specific sports?
,0,Some athletes use specific equipment to perform gravity-defying tricks in certain sports. What item in the picture could be employed for such purposes?,Some athletes use certain equipment to throw certain tricks in certain sports. What item in the picture could be employed for sport-specific purposes?
,0,What object do we usually use to prevent water from splashing in the bathroom during a shower?,What object do we usually use to prevent water from splashing in the bathroom during a shower?
,0,What object is commonly utilized in a bathroom during a shower to avoid splashing water outside the area?,What object is commonly utilized in a bathroom to avoid splashing water outside of a shower?
,0,What object is typically utilized to prevent water splashing in the bathroom while taking a shower?,What object is typically utilized in a bathroom to prevent water splashing in the shower?
,0,What object could be utilized in a bathroom to prevent water from splashing while taking a shower?,What object could be utilized in a bathroom to prevent water from splashing while taking a shower?
,0,What object can be used to prevent water from splashing around during a shower in the bathroom?,What object can be used to prevent water from splashing around in a bathroom during the shower?
,0,What object is commonly used to prevent water from splashing out of the shower and onto the bathroom floor?,What object is commonly used to prevent water from splashing out of the bathroom floor onto the shower?
,0,Road maintenance departments often need to inspect roads for damage and perform maintenance to ensure safety. What location in this picture could potentially cause rainwater to penetrate into the ground?,Road maintenance facilities often need to inspect roads to ensure proper water quality and prevent pollution. What surface in the picture could potentially penetrate into this ground for maintenance?
,0,What area or location in the picture could be potential for rainwater to infiltrate the ground and cause problems for road maintenance crews inspecting and repairing road damage?,What area in the picture could be potential for groundwater to infiltrate and repair the surface causing problems for construction contractors inspecting and repairing groundwater?
,0,Road maintenance departments often need to inspect roads for damage and perform maintenance to ensure safety. Can you identify the location that might potentially cause rainwater to penetrate into the ground in the picture?,Water safety inspectors are required to inspect roads to ensure that water can flow safely through the surface. Can you identify the spot in the picture to potentially catch ground pollution and drive down for maintenance?
,0,"Which location might potentially allow rainwater to infiltrate the ground, as road maintenance departments often require road inspections to check for damage & ensure safety?","Which location might require water to diligently cover the ground, as roads often require water safety checkups to infiltrate and restore traffic?"
,0,Please identify the region in the picture that can lead to rainwater seeping into the ground and may require inspection and maintenance by road maintenance departments to ensure safety.,Please specify the location in the road that can lead to rainwater seepage through the soil and may require investigation and maintenance to ensure safety.
,0,"During road maintenance, it's important to inspect roads for damage and perform maintenance to ensure their safety. Based on this picture, what particular area could potentially allow porous rainwater to seep into the ground?","During construction, it's important to inspect roads to ensure proper water flow and protect them from potential rain. Based on this picture, what area could potentially haul water into for cleanup?"
,0,the egg,the egg
,0,the biscuits that have not been broken up into pieces,the biscuits that have not been broken up into pieces
,0,"In the living room, what object are we most likely to sit on comfortably for a period of rest?","In a living room, what object are we most likely to sit on comfortably for a period of rest?"
,0,"In a living room, what is the object that we are likely to sit on comfortably for a period of rest?","In a living room, what is the object that we are likely to sit on comfortably for a period of rest?"
,0,"In the living room, what object is typically utilized for sitting comfortably during rest periods?","In the living room, what object is typically utilized for sitting comfortably during rest periods?"
,0,"In a typical living room, what object would be most comfortable for sitting and taking a rest?","In a typical living room, what object would be most comfortable for sitting and taking a rest?"
,0,Which object in the living room is typically used for comfortable sitting and relaxing for a period of time?,Which object in the living room is typically used for relaxing and sitting for a long period of time?
,0,"In a living room setting, what is the most comfortable object to sit on during a period of rest?","In a living room setting, what is the most comfortable item to sit on during a period of rest?"
,0,Backpacks are commonly used for carrying personal belongings during outdoor activities and travel. What part of the backpack in the picture can be used to store smaller items or accessories?,Backpacks in the picture are often used to store small items and accessories during outdoor activities. What part of the backpack can be used for carrying personal belongings or supplies?
,0,"In a backpack, what part of the one shown in the picture could be utilized to store small items or accessories when carrying personal belongings during outdoor activities or travel?","In the picture, what part of a backpack shown in the picture can be utilized to carry small items or accessories when carrying out personal belongings or other outdoor activities?"
,0,"In a backpack, what region could be utilized to store smaller items or accessories in the picture?","In a backpack, what item could be utilized to store smaller items or accessories in the picture?"
,0,"In a backpack that is used for carrying personal belongings when engaging in outdoor activities or traveling, what section or part could be utilized to store smaller accessories or items?","In a backpack used to carry small items or accessories, what section might be utilized when carrying out a backpack or other activity for storing personal belongings or projects?"
,0,What part of the backpack in the picture is designed to hold smaller items or accessories that you might need to carry during outdoor activities or travel?,What part of the backpack in the picture is designed to carry small items or accessories that might be worn during outdoor activities or work?
,0,"In a backpack, which part can be utilized to store smaller items or accessories when traveling or engaging in outdoor activities?","In a backpack, which item can be utilized when packing small items or engaging in outdoor activities?"
,0,"Among the writing tools commonly used, which one in the picture is typically made of wood and has graphite or lead core for writing and drawing?","Among the writing tools in the picture, which one is typically made of wood and has core commonly used for drawing or writing?"
,0,"Which writing tool commonly used has a graphite or lead core and is typically made of wood for writing and drawing, according to the picture?","Which writing tool commonly made of wood is the core and has a graphite or drawing tool, typically used for writing and draw?"
,0,"Among the frequently used writing implements, what object in the picture is typically composed of wood and possesses a graphite or lead core to facilitate writing and drawing?","Among the many objects within the artistry, what object commonly used to create writing is typically composed of lead and possesses a sketch or pin and support?"
,0,"What is the name of the writing instrument that is often produced with wood, and features a lead or graphite center that is utilized for writing and drawing purposes?","What is the name of the writing and drawing tool that is utilized with a lead or graphite surface, and is often produced for writing purposes?"
,0,"Of the writing tools which are commonly used, which one featured in the image typically has a lead or graphite core and is constructed of wood and utilized for both writing and drawing?","Of the writing tools featured in the image, which one is commonly utilized for drawing or writing and has a wooden core which is often created and used in drawing or sketch?"
,0,"When it comes to writing tools, what object shown in the picture is usually made of wood and contains a graphite or lead core used for writing or drawing?","When it comes to writing, what object shown in the image is usually made of a lead or metal and used for drawing or sketching?"
,0,something that eats leaves,something that eats leaves
,0,"In a zoo, it is common to see animals being given toys or objects to play with for enrichment. What item in the picture could be used as a plaything for a bear in its enclosure?","In a zoo, it is common to see animals with toys or enclosures for play. What item in the picture could be used as a basket for something to be taught in?"
,0,"In a zoo, animals are often given toys or objects to play with to enhance their lives. Suppose there is a bear in its enclosure, what item in the picture could be used as a plaything for the bear?","In a playground, animals are often given toys to play with for themselves. Suppose there is a bear in the picture that can be used as a toy or item, what objects in the pocket could show them?"
,0,"In a zoo, it is common to see animals being given toys or objects to play with for enrichment. What item in the picture is suitable to be used as a plaything for a bear living in a zoo?","In a zoo, it is common to see animals with toys or playsets for a companion animal. What item in the picture can be used as a beverage to lay in for a zoo enjoying?"
,0,"What item in the picture could be used as a plaything for a bear in its enclosure, since it's common to observe animals being provided with toys or other objects for play and enrichment in zoos?","What item in the picture could be used as a plaything for animals to play with in quandaries, since it's common to have a bear or other animal enclosure in it for shoes and play?"
,0,"When reading in bed at night, what object in the pictures is often used to illuminate the pages so that they are visible?","When reading at night, what object in the pictures is often used to illuminate the pages so that they are visible?"
,0,"What tool in the picture is commonly utilized to allow for reading in bed at night, providing enough illumination to make the pages legible?","What tool in the picture is commonly utilized to provide enough illumination for reading on pages, making pageantry indefinitely necessary to read at night?"
,0,"When reading in bed at night, what object in the picture could you use to illuminate the pages and make them visible?","When living at night, what object in the picture could you use to illuminate the pages and make them visible?"
,0,"When the indoor air becomes muggy, what appliance should be turned on to make it more comfortable?","When the indoor air becomes more muggy, what appliance should be turned on to make it comfortable?"
,0,Suppose you are feeling hot and the indoor air is humid. What appliance would you turn on to adjust it to a more comfortable level?,Suppose you are indoor and the room is feeling humid. What is you adjust to on an electric level to feel more comfortable?
,0,"What appliance would you advise turning on if you're inside and the air has become humid, causing discomfort?","What appliance might you turn on if you're under the air and the exterior is discomforting, causing humidity?"
,0,"When the indoor air becomes humid and uncomfortable, which appliance should be turned on to adjust the climate and make it more comfortable?","When the air is uncomfortable and the indoor environment becomes more comfortable, what appliance might be turned on to adjust it to feel warm?"
,0,"As a smart home AI, what appliance should you activate to adjust the indoor air quality and make it more comfortable when it becomes muggy?","As an indoor comfort, what appliance should you set on to make it more comfortable when it is mature and activate the air smoker?"
,0,"As a smart home AI, what appliance would you turn on to adjust the humidity indoors and ensure comfort?","As an indoor comfort, what appliance would you turn on to adjust the A/I humidity and ensure comfort?"
,0,"When recording a video or giving a speech, it is important to ensure that the audio is clear and audible. What equipment in the picture can help achieve this?","When recording a video or giving a speech, it is important to ensure that the audio is audible. What equipment in the picture can help achieve this?"
,0,"When recording a video or giving a speech, the audio clarity and audibility are crucial factors. Can you identify the equipment in the picture that can help to achieve the necessary quality?","When recording a video or listening to the audio, the equipment necessary are the key components. Can you identify the equipment that can help to achieve a visual clarity and quality in the picture?"
,0,"When recording a video or giving a speech, it is important to guarantee clear and audible audio. What equipment within the picture could potentially assist in this objective?","When recording or recording a video, it is essential to guarantee the correct audio or a document. What equipment within this picture might offer to facilitate something?"
,0,"When recording a video or giving a speech, clear and audible audio is critical. Please indicate in the picture the equipment that can assist with achieving this.","When recording or amplifying the information in a video, providing the necessary equipment is critical. Please tell the image that can assist with achieving this."
,0,"While recording a video or delivering a speech, it is essential to make sure that audio is audible and clear. Please locate the essential equipment in the image that will help achieve this.","While recording and delivering the audio, it is essential that you locate the equipment needed to ensure that sound is reflected or understandable. Please help in creating a video that will help this."
,0,the food containing the most Vitamin C,the food containing the most Vitamin C
,0,"After having dinner, what is the most common place to go to wash the dishes?","After dinner, what is the most common place to go to wash the dishes?"
,0,"After having dinner, where is the most usual location to go to wash the dishes?","After having dinner, where is the most usual location to go to wash the dishes?"
,0,"After having dinner, what is the most typical location to wash the dishes?","After having dishes, what is the most typical location to wash the dishes?"
,0,"After having dinner, where is the most common place to wash the dishes?","After sitting, where is the most common place to wash the dishes?"
,0,"After a meal, where is the most common place to wash the dishes?","After a meal, where is the most common place to wash the dishes?"
,0,It can be difficult for people to climb up a bare pole and inspect or repair the upper part. What object is the person in the picture relying on to accomplish this task?,It can be difficult for someone to climb down the wooden handle and accomplish a task. What is the person in the picture using to reel or lift this important item?
,0,"What object is the individual in the picture relying on to accomplish the task of inspecting or repairing the upper part of a bare pole, which can be challenging to climb without assistance?","What is the object in the picture of the upper section of a pole tasked with to assist the person in tackling or challenging to remove, which can be difficult to accomplish without fixing a leak?"
,0,"What object is the person utilizing for support to inspect or repair the upper part of a bare pole, as it can be quite challenging to climb unaided?","What object can someone be utilizing to assist in grasping the main part of a grass tack, as it is extremely difficult or expensive to lift for?"
,0,What does the person in the picture rely on to climb up a bare pole for the purpose of inspecting or repairing the upper portion?,What does the person in the picture stand on to use for the sole purpose of climbing or removing a poor pole?
,0,"What object is being employed by the individual in the picture to aid in the process of inspecting and repairing the upper part of the bare pole, which is often difficult to climb without support?","What is the part of the animal in the picture which is often employed to aid in the proper process of mounting and lifting the upper part against the roof, which is difficult to scrutinize without contact?"
,0,"I see there's a person climbing a bare pole. What equipment is he relying on to accomplish this task, as it can be challenging to climb a bare pole without assistance?","There's a job people are pursuing to climb a snowboard, as it can be challenging to climb a snowboard without any assistance?"
,0,What object is most commonly used together with a keyboard when typing on a computer?,What object is most commonly used when typing on a computer?
,0,"While typing on a computer, what is the item that is typically used along with a keyboard?","While typing on a computer, what is the item that is typically used along with a keyboard?"
,0,"When typing on a computer, what accessory is typically utilized in conjunction with a keyboard?","When typing on a computer, what accessory is typically utilized in conjunction with a keyboard?"
,0,"When typing on a computer, what object is frequently used in conjunction with a keyboard?","When typing on a computer, what object is often used in conjunction with a keyboard?"
,0,"When typing on a computer, which item is most frequently combined with a keyboard?","When typing on a computer, which item is most frequently combined with a keyboard?"
,0,"When typing on a computer, what object is typically used in combination with a keyboard?","When typing on a computer, what object is typically used in combination with a keyboard?"
,0,"When we purchase a bottled beverage, what part of the packaging should be opened to access the drink inside?","When we purchase a bottled beverage, what part of the packaging should be opened to access the drink inside?"
,0,"When we purchase a bottled beverage, which part of its packaging should be opened in order to access the drink within?","When we purchase a bottle of beverage, which part of its packaging should be opened in order to access the drink within?"
,0,"When we purchase a bottled beverage, which section of the packaging typically needs to be opened to access the drink within it?","When we purchase a bottle of beverage, which part of the menu typically needs to be opened to access the drink within it?"
,0,"When purchasing a bottled beverage, what section of the packaging should be opened to access the drink inside the bottle?","When purchasing a bottle of beverage, what section inside the bottle should be opened to access the packaging?"
,0,"When purchasing a bottled beverage, which part of the packaging needs to be opened to access the drink inside?","When purchasing a bottled beverage, which part of the packaging needs to be opened inside to access the drink?"
,0,"When purchasing a bottled beverage, which part of the packaging should be opened to gain access to the drink inside?","When purchasing a bottled beverage, which part of the opening should be placed inside to gain access to the drink packaging?"
,0,"What furniture is usually put next to a bed to hold things like books, lamps and phones?","What furniture is usually put on a bed to hold things like phones, books and lamps?"
,0,"What is the usual name of the item of furniture that is placed next to a bed and used to store items such as books, lamps, and phones?","What is the name of the item of furniture that is usually placed next to a bed and used to store items such as phones, toys, and TV?"
,0,"What piece of furniture is commonly placed beside a bed for holding items such as books, lamps, and phones?","What piece of furniture is generally placed on a bed to hold items such as lamps, phones, and books?"
,0,"What is the name of the furniture usually placed next to a bed for holding items such as books, lamps, and phone?","What is the name of the furniture usually placed on a bed for holding items such as books, lamps, and phone?"
,0,"What is the name of the furniture that is typically located next to a bed to store small items such as books, lamps, and phones?","What is the name of the large furniture that is typically located next to items such as books, phones, and bedding?"
,0,There are different types of barriers that can be used to enclose a shower area for privacy and to prevent water from splashing out. What part of the picture represents a common type of barrier used in showers?,There are different types of barriers that can be used to protect from water entering a shower or to discourage cluttering. What part of the picture represents a common type of barrier used in showers?
,0,A shower area needs to be enclosed to maintain privacy and to prevent water from splashing out. Which part of the picture represents a common type of barrier utilized in showers?,A shower area needs to be kept clean to prevent water from entering. Which part of the picture represents a common barrier utilized in showers?
,0,"In showers, barriers are often used to provide privacy and prevent water from splashing out of the shower area. Can you identify the common type of barrier used for shower enclosures in the picture?","In showers, barriers are often used to protect the privacy of showers from slipping or clutter. Can you identify the common barrier type used for shower enclosures in an area?"
,0,"In the context of enclosing shower areas for privacy and to prevent water from splashing out, what part of the image would typically be used to represent a common type of barrier?","In context of enclosing a bathroom to discourage water from splashing out, what part of the barrier would typically be used for the name of visible areas?"
,0,"In the picture, what part represents a typical barrier used in a shower area to provide privacy and prevent water from splashing outside?","In the picture, what part is typical inside a shower used to provide a small barrier and prevent water from splashing out?"
,0,"In showers, a range of barriers can be utilized to provide privacy and prevent water from splashing out. What aspect in the picture typically represents a common type of barrier used in shower areas?","In a bathroom, water can be trapped and spread out to provide a barrier. What specific feature in the picture typically represents a common type of barriers utilizing showers in areas of disposal?"
,0,"Given that the decor in this picture is mainly furniture required for teaching, what furniture is mainly used for writing something in front of the students?","Given that the furniture in this picture is mainly used for writing, what furniture in front is meant for teaching the students?"
,0,"Since the decor in this picture mainly consists of furniture required for teaching, please identify the piece of furniture most commonly utilized for writing something in front of the students.","Given the furniture in the picture most commonly used for teaching, what piece of furniture is comprised of of basic items present in this students to ease writing."
,0,"Considering that the decor in the picture is primarily classroom furniture, which piece is generally employed to write or present in front of students?","Considering that the decor in the picture is primarily used to present or sort of grasp classroom items, which piece is generally present in students?"
,0,"Regarding the furnishings depicted in this picture, which piece of furniture is primarily utilized for writing in front of students during the teaching process?","Regarding the furnishings depicted in this picture, which piece of furniture is primarily utilized for teaching during the writing process?"
,0,something that lets pedestrians pass through the valley,something that lets pedestrians pass through the valley
,0,"When taking a photo, it is important for the subject to have a clear view of the camera. What part of the human body in the picture could potentially obstruct their vision?","When taking a photo, it is important for the human subject to have a clear vision. What part of the camera in the picture could potentially obstruct their view?"
,0,"When taking a photograph, it's critical for the subject to have a clear line of view toward the camera. Which part of the human body in the picture could potentially impede their view?","When taking a photograph, it's critical for the subject to have a clear view of the camera. Which part of the body in the picture could potentially impede their view?"
,0,"When taking a photo, it is critical that the subject has an unobstructed view of the camera. What part of the human body in the image could potentially block the view of the camera during photography?","When taking a photograph, it is critical that the subject of the camera has a controlled view of the human body. What part of the camera in the picture could potentially block the unobstructed view during photography?"
,0,"When taking a photo, it is important for the subject to have a clear view of the camera. What part of the human body in the picture might obstruct their view when taking a photo?","When taking a photo, it is important for the subject to have a clear view of the body. What part of the human body in the picture might guard their viewing?"
,0,"During a photo shoot, it is important for the subject to have a clear view of the camera. Please let me know which part of the human body in the picture could possibly obstruct the subject's vision.","Before taking a photograph, it is important to know which part of the human body in the picture could expose the subject's vision. Please let me know if the subject in question could have a strong view of the camera."
,0,"What in the picture can be used to secure a boat in place, preventing it from drifting away in the water?","What in the picture can be used to secure a boat in place, preventing it from drifting away in the water?"
,0,"What object located in the picture could be used to secure a boat, preventing it from drifting away in the water?","What object in the picture could be used to prevent a boat from drifting away, secureing it in the water?"
,0,What could be utilized to secure the boat in place and prevent it from drifting away in the water in the picture?,What could be used in place to secure the boat in and prevent it from drifting in the water precisely?
,0,"What in the picture can be utilized to fasten a boat in place, preventing it from drifting away in water?","What in the picture can be utilized to fasten something in a boat, preventing it from drifting away in water?"
,0,What is commonly used in the picture to maintain the stability of a boat and prevent it from drifting in the water?,What is commonly used in a boat to maintain the stability of the water and prevent it from drifting in the skylight?
,0,"When mooring a boat, what can be utilized to ensure that it remains stationary and does not float away on the water?","When sailing on a boat, what can be utilized to ensure that it never slips away and remains stationary?"
,0,"On a sunny day, people like to park their cars in shaded areas to keep them cool. What part of the picture provides shade for parking cars?","On a sunny day, people like to park their cars in shaded areas to keep them warm. What part of the picture provides parking for cars?"
,0,Where in the picture could cars be parked to stay shaded and cool on a sunny day?,Where in the picture cars could be parked on a cool day to stay warm and sunny?
,0,"On sunny days, people often choose to park their vehicles in shaded areas to prevent them from overheating. In this image, which part provides shelter for parking cars?","On sunny days, people often park their vehicles to prevent them from overheating. In this image, which part is reserved for parking vehicles to isolate?"
,0,"On a sunny day, people usually like to park their cars in shaded areas to keep them cool, so please find the part of the picture that provides shade for parking cars?","During a sunny day, people often park on shaded areas that like to keep their cars warm, so please find the part of the picture to parking for them?"
,0,"On a sunny day, people prefer to park their cars in shaded areas to keep them cool in temperature. What part of the picture would provide shade for parking cars in this scenario?","On a hot day, people prefer to park in shaded areas to keep their cars cool. What part of the picture in this picture would be suitable for parking cars in shade?"
,0,"On a sunny day, please indicate where cars could be parked in shaded areas to keep them cool?","On a sunny day, please indicate areas where cars could be parked in shaded areas to keep them cool?"
,0,"A lot of sweat is produced in the kitchen while cooking, and dampness can easily breed bacteria and affect health. What in the picture should be turned on to effectively dissipate the steam, moisture and keep the air fresh during cooking?","Too much moisture can be consumed through cooking and cause bacteria to grow, fry, and burn. What in the picture should be kept warm and gently wipe the cooking with the heat during cooking?"
,0,"When cooking, a significant amount of sweat is often produced in the kitchen. To effectively dissipate steam and moisture and maintain fresh air, what item in the picture should be turned on?","When cooking in the kitchen, a significant amount of moisture is often delivered via the stove. To maintain proper heat and sweat, what item in the picture should be turned on to distribute and thoroughly cook?"
,0,"When cooking in the kitchen, it is common to produce a lot of sweat, which can lead to dampness and the growth of bacteria that can impact health. What item in the picture should be turned on to effectively dissipate steam and moisture, thereby keeping the air fresh during cooking?","When cooking in the oven, it is essential to keep food moist and to retain moisture. What item in the picture could generate a lot of heat that can cause bacteria to break down and distribute heat, which can result in the beating of food?"
,0,"When cooking, the kitchen area can often be damp and filled with steam and moisture, allowing bacteria to thrive and pose potential health risks. What item within the picture can be turned on to effectively dissipate the steam, moisture, improve air circulation, and keep the kitchen environment fresh?","When cooking with the kitchen floor, bacteria can often be drained and become damp, causing moisture, air circulation, and food degradation. What item on the face can serve to keep the kitchen moist, protect the drain and effectively utilize these features?"
,0,"While cooking, steam and moisture can accumulate, which can generate bacteria and negatively affect health. What appliance in the picture would be required to effectively dissipate the steam, moisture, and keep the air fresh in the kitchen?","When cooking, water, and moisture can be imminent, which could potentially irritate the baking process and contribute to health. What appliance would require to properly prepare the pan and keep the water in the moisture, heat, and retain air?"
,0,"While cooking in the kitchen, dampness and excess steam can be produced leading to increased bacterial growth that can adversely affect health. What part of the picture should be activated to effectively decrease steam and moisture while maintaining fresh air inside of the room?","While cooking and increasing moisture, excessive heat can cause bacterial growth that can lead to food being lost. What part of the kitchen should be placed inside the kitchen to ensure proper airflow and maintain health by dramatically increasing the heat present on the surface of cooking?"
,0,"When visiting a restaurant, it is common to see signs that are used to attract customers and indicate the name of the establishment. What object in the picture fulfills this purpose?","When visiting a restaurant, it is common to find signs of customers that mark out the name of the establishment. What object in the picture is used to attract attention and indicates this purpose?"
,0,What object in the picture is commonly utilized to indicate the name of an establishment and attract potential customers visiting a restaurant?,What object in the picture is commonly utilized to attract customers and represent the name of a typical spot visiting a restaurant?
,0,"What object in the picture is typically used to attract customers, indicate the name of the establishment, and commonly seen when visiting a restaurant?","What object in the picture is commonly used to attract customers, usually seen in the hall, and signifies the name of a restaurant?"
,0,"In a restaurant, signage is typically utilized to attract customers and designate the name of the establishment. Which object in this picture serves this function?","In a restaurant, signage is typically utilized to attract customers and designate this object. Which object in the picture serves this purpose?"
,0,What object in the picture can potentially be used for attracting customers to an establishment by indicating its name?,What object in the picture could potentially be used for attracting customers to its name by indicating an establishment?
,0,"In many Asian countries, chopsticks are commonly used as eating utensils. What in the picture may require the use of chopsticks to pick up and eat?","In some countries, chickens are commonly eaten as utensils. What in the picture might require the use of chickens to eat and drink?"
,0,"In many Asian countries, chopsticks are commonly used as eating utensils. What item in the picture might require the use of chopsticks to be picked up and eaten?","In some countries, chickens are commonly eaten and used as snack pickles. What item in the picture might require use of chickens to be consumed?"
,0,"In various Asian countries, chopsticks are a common eating utensil. What item in the picture might require the use of chopsticks for picking up and eating?","In many countries, chopsticks are a popular snack food item. What item in the picture might require using chopsticks for eating and picking up?"
,0,Chopsticks are a commonly used utensil for eating in many Asian countries. What objects in the picture might require the use of chopsticks to be easily picked up and consumed?,Chipots are commonly consumed and used in many Asian cuisines. What objects in the picture might require the use of chipots to be a naturally ingested substance for picking up?
,0,"Please identify the item in the picture that could require the use of chopsticks for picking up and eating, as is common in many Asian countries.","Please identify the item in the picture that might require the use of chopsticks for picking up and eating, as is common in many Asian countries."
,0,"In many Asian countries, chopsticks are commonly utilized as eating utensils. What object or item in the picture might require the utilization of chopsticks for picking up and eating?","In many cuisines, chopsticks are commonly utilized for eating and picking up. What object in the picture might require the use of chopsticks to make or consume utensils?"
,0,What household object is commonly used to preserve or cool food items?,What household object is commonly used to store or preserve food items?
,0,Which common household object is used to store or cool food items?,Which common household object is used to store or cool food items?
,0,What is the common household item usually utilized for preserving or cooling food items?,What is the common household item usually utilized for preserving or cooling food items?
,0,What household object is commonly utilized to preserve or cool food?,What household object is commonly utilized to store and cool food?
,0,What is the household object that being used to store or chilled food items?,What is the household object that is being used to store or chill food items?
,0,What appliance is a household item that is commonly used to cool or preserve food?,What household appliance is a device that is commonly used to cool or preserve food?
,0,"In many cultural festivals, people wear traditional clothing and accessories to represent specific characters or deities. What part of the person in the picture indicates his role in the festival?","In many traditional festivals, people wear specific clothing or accessories to symbolize their roles or prizes. What part of the person in the picture indicates in the culture?"
,0,"In many cultural festivals, people wear traditional clothing and accessories to represent specific characters or deities. Can you identify what aspect of the person in the picture shows his role in the festival?","In many cultural festivals, people wear specific clothing or accessories to symbolize their personality. Can you identify which part of the dress in the picture shows the players in different categories or styles?"
,0,"In many cultural festivals, people wear traditional costumes and accessories to depict specific characters or deities. Could you identify which part of the individual in the picture signifies their role in the festival?","In many festivals, people wear specific costumes to symbolize different national acts or styles. What part of the costume in the picture suggests you identify these players or attire?"
,0,"What part of the person in the picture indicates their role in the festival, given that many cultural festivals involve people wearing traditional clothing and accessories to represent specific characters or deities?","What part of the dress in the picture represent people wearing certain traditional clothing or accessories, indicating that many actors in festivals feature characters and acts?"
,0,"In many cultural festivals, people dress in traditional clothing and accessories to represent specific characters or deities. What part of the person in the picture can be an indicator of their role in the festival?","In many festivals, people wear specific clothing or accessories to symbolize their role in the culture. What part of the person in the picture can be an indicator of specific dress or trends?"
,0,"In many cultural festivals, people wear traditional clothing and accessories to represent specific characters or deities. Please point out the part of the person in the picture that indicates his role in the festival.","In many traditional folk dances, people wear clothing or accessories to symbolize their role in the sport. Please indicate in the part of the figure that indicates his culture or personality."
,0,"If we want to carefully examine the small details of an object, what tool in the picture can help us achieve that?","If we want to carefully check the details of a small object, what tool in the picture can help us achieve that?"
,0,"If we require a closer examination of the small details of an object, which tool in the picture could be useful?","If we need a clearer examination of the details of a small object, which tool in the picture could be appropriate?"
,0,What item in this picture serves as a tool that can facilitate careful examination of the small details of an object?,What item in this picture serves as a tool that can facilitate the careful examination of small details of an object?
,0,"If we want to carefully examine the small details of an object, what tool might we utilize in the picture to assist with that task?","If we want to examine the small details of a task, what tool might we utilize to assist in that object?"
,0,"For closely examining the intricate details of an object, which tool in the picture can be used?","In examining the intricate details of a object, which tool for closely processing can be used?"
,0,What tool in the picture could be used to carefully examine small details of an object?,What tool in the picture could be used to carefully examine small details of an object?
,0,"When making guacamole, it is common to mix avocados with other ingredients to create a creamy and flavorful dip. What item in the picture can be used to mix the ingredients together?","When making cream cheese, it is common to mix ingredients together to create a flavorful and tangy dessert. What item in the picture can be used to mix the ingredients with other avocados?"
,0,"What can be utilized for mixing ingredient together while making guacamole, given that it is often necessary to combine avocados with other components to create a creamy and flavorful dip?","When using ricotta to combine ingredients together, what can be utilized to make it necessary to impart a creamy and flavorful base while containing guacamole or avocados?"
,0,"When making guacamole, what tool in the picture could be used to mix the ingredients together, and create a creamy and flavorful dip?","When making a creamy caracol, what tool in the picture could be used to mix the ingredients together and create a flavorful and tangy dip?"
,0,"What tool in the picture could be utilized to mix the ingredients together in order to make a creamy and flavorful guacamole dip, where the avocadoes are commonly mixed with other ingredients?","Can one be utilized in the picture to make a creamy and flavorful ingredient, where the citrus fruits are commonly combined with guacamole to spread the ingredients together?"
,0,"What item in the picture is typically used to mix together ingredients while making guacamole, creating a creamy and flavorful dip?",What ingredient in the picture is typically used to mix together cream cheese and create a flavorful and tangy stir?
,0,"When driving a car, there are various indicators on the dashboard to provide information about the vehicle. What part in the picture can display the current speed of the car?","When driving a car, there are various features on the dashboard to provide information about the current speed of the car. What indicator in the picture can tell the vehicle to sit?"
,0,"While driving a car, many indicators on the dashboard can convey essential information about the vehicle. What region in the picture can display the current speed of the car?","While driving a car, many key features on the dashboard can convey the current information. What indicator in the picture can represent the speed of the vehicle?"
,0,"While driving a car, what device in the picture typically provides data about the car, including its current speed?","While driving a car, what device in the picture provides information about its current speed, including the car?"
,0,"When operating a vehicle, there are often several indicators on the dashboard that provide data about the car. Please point me to the region in the picture that displays the current speed of the vehicle.","When monitoring the current speed of a vehicle, there are several devices on the dashboard that provide the information. Please point to the window in the picture that displays the vehicle."
,0,"When driving a car, there are various indicators on the dashboard to provide essential information about the vehicle, such as the speed the car is moving. What object in the picture would display the current speed of the car?","When driving a car, there are various key devices to display the current speed of the car. What object in the picture could provide information such as the speed the car is driven on?"
,0,What in the picture could be used to secure and hold an electronic device near the user's head?,What in the picture could be used to secure and hold an electronic device near the user's head?
,0,What item in the picture could be utilized to fasten and hold an electronic device near the user's head?,What item in the picture could be utilized to fasten and hold an electronic device near the user's head?
,0,What in the picture is likely to be used to secure and hold an electronic device close to a user's head?,What in the picture is likely to be used to hold and secure an electronic device to a user's head?
,0,What in the picture could be utilized to hold and secure an electronic device close to the user's head?,What in the picture could be utilized to hold and secure an electronic device close to the user's head?
,0,What could be utilized in the picture to attach and keep an electronic device near the user's head?,What could be utilized in an electronic device to keep the cursor and attach on the user's head?
,0,What object in the picture could be utilized to secure and hold an electronic device in front of the user's head?,What object in the picture could be utilized to hold and secure an electronic device in front of the user's head?
,0,Butterflies rely on certain plant structures to obtain nutrients. What do butterflies typically feed on in order to obtain nectar in the picture?,Butterflies typically rely on nutrients in order to obtain pollination. What do butterflies use to obtain so far to construct certain body parts on?
,0,What do you observe in the picture that butterflies can feed on to obtain nectar and nutrients?,What do you observe in the picture that butterflies can feed on to obtain nectar and nutrients?
,0,What objects do butterflies generally rely on to obtain nectar for feeding in the image?,What objects do butterflies generally rely on for feeding to obtain nectar in the image?
,0,Butterflies require particular plant structures to obtain the necessary nutrients. What is the source of nectar butterflies typically feed on in the picture?,Butterflies require relatively specific nutrients to digest. What is the structure of the body canterflies produce in the picture?
,0,What in the picture do butterflies typically depend on to find nectar that provides them with nutrients?,What in the picture do butterflies typically find with their heads that provides them with nutrients?
,0,"When walking barefoot on the beach, what may leave a visible mark on the sand?","When walking barefoot on the beach, what may mark a visible spot on the sand?"
,0,What might leave a noticeable impression or mark on the sand when someone walks on the beach barefoot?,What might leave a noticeable impression on the beach when someone walks on the sand?
,0,What might leave a visible mark on the sand while walking barefoot on the beach?,What might leave a visible mark on the sand while walking barefoot on the beach?
,0,What may leave a visible mark on the sand when walking barefoot on the beach?,What may leave a visible mark on the sand when walking barefoot on the beach?
,0,What might leave a visible impression in the sand when walking barefoot on the beach?,What might leave a visible impression when walking barefoot on the sand in the beach?
,0,What might leave a visible mark on the sand when someone walks barefoot on the beach?,What might leave a visible mark on the sand when someone walks on barefoot beach?
,0,Suppose I am looking for books on certain topics in a bookstore. What objects in the bookstore will the employee tell me to look for to find them?,Suppose I want to shop for books in a bookstore. What items in the bookstore will someone ask me to find if I look for them?
,0,"If you are searching for books on specific topics in a bookstore, what objects might the staff member suggest you look for to locate them?","If you are searching for items about a book store, what topics might the staff in class suggest you find them to look for?"
,0,"When looking for books on certain topics in a bookstore, what objects would an employee typically suggest searching for to locate them?","When searching for items to mention in a bookstore, what would an individual typically look for on objects that could train them?"
,0,"If you're looking for books on specific topics in a bookstore, what objects might an employee suggest that you search for to locate them?","If you're looking for books that might help you locate a particular item in a store, what topics might you look at them to interpret?"
,0,"If you need to search for books on specific topics in a bookstore, which objects would the employee typically direct you towards to find them?","If you need to search for books in a store, which objects would the business owner usually direct you to find them on specific topics towards?"
,0,What object do we usually put on a table to make the room brighter?,What object do we usually put on a table to make the room brighter?
,0,What objects are commonly placed on a table to provide additional illumination to a room?,What objects are commonly placed on a table to provide illumination to a room?
,0,What object would you normally place on a table to increase the brightness of a room?,What object would you normally put on a table to brighten the brightness of a room?
,0,"Sometimes, tiny droplets of water can accumulate on the surface of plants in the morning. What in the picture can these droplets be found on?","Sometimes, tiny droplets of water can accumulate on the surface of plants in the morning. What can these droplets be found in the picture of?"
,0,Tiny droplets of water often accumulate on plants in the morning. Where in the picture might you observe these droplets?,Large droplets of water often bloom in the morning. Where in the picture might you observe these droplets from?
,0,"Given that tiny droplets of water can accumulate on the surface of plants in the morning, where in the image might such droplets be found?","Given that tiny droplets of water accumulate on the surface of leaves, where in the morning could these droplets be found in the image?"
,0,Under what objects would you normally find tiny droplets of water on plants in the morning based on the picture provided?,Under what areas would you normally find small rectangles of water on the leaves of plants based on the picture provided?
,0,Some reptiles enjoy basking in the sun to regulate their body temperature. What animal in the picture may exhibit this behavior?,Some baskets exhibit glowing in the sun to regulate their body temperature. What animal in the picture might observe this behavior?
,0,Which animal in the picture might exhibit sun-basking behavior to regulate its body temperature?,Which animal in the picture might exhibit sun-bearing behavior to regulate its body temperature?
,0,"Which animal in the picture might enjoy basking in the sun to regulate their body temperature, similar to reptiles?","Which animal in the picture might cope with bubbling in the sun to maintain their body temperature, similar to reptiles?"
,0,Which animal in the picture may exhibit the behavior of basking in the sun to regulate its body temperature?,Which animal in the picture may exhibit the behavior of basking in the sun to regulate its body temperature?
,0,"Which animal shown in the picture may exhibit sunbathing behavior to regulate its body temperature, as some reptiles do?","Which animal shown in the picture may exhibit body temperature, as some shrews do to regulate its body temperature?"
,0,Which animal in the picture may enjoy basking in the sun to regulate its body temperature?,Which animal in the picture may bask in the sun to regulate its body temperature?
,0,the car whose door is open,the door whose car is open
,0,the objects whose body surface is covered with scales,the bodies that are covered with object scales
,0,something indicating the brand of this car,something indicating the brand of this car
,0,Rowing a boat requires certain skills and techniques to propel the boat forward smoothly. What objects in the picture are essential for rowing a boat?,Positioning a boat requires certain tools and equipment to propel the boat smoothly. What objects in the picture are essential for rowing a boat straight up?
,0,"To propel a boat forward smoothly, rowing requires specific skills and techniques. Please identify the essential objects in the picture necessary for rowing a boat.","To propel a boat correctly, you must define the essential tools and equipment necessary for boat rowing. Please locate rowing in a task carefully."
,0,"In order to propel a boat forward seamlessly, proper skills and techniques must be utilized. Which objects in the picture are required for rowing a boat?","In order to propel a boat forward, proper techniques and skills are required. Which object in the picture must be utilized for sailing neatly?"
,0,"To row a boat effectively, certain skills and techniques are required. What objects in the picture are considered essential in the process of rowing a boat?","To ride a boat, certain skills and techniques are required. What objects in the picture are essential for effectively rowing a boat in the process?"
,0,To propel a boat forward smoothly by rowing requires specific skills and techniques. What are some of the important objects in the picture that are necessary for this activity?,To propel a boat safely through its movements requires skill and knowledge. What are some of the important tools in the picture that are necessary for this specific activity?
,0,"Rowing a boat requires specific skills, techniques, and equipment. Could you identify the objects in the picture that are crucial to propelling the boat forward smoothly?",Digging a boat is essential for specific equipment. Could you identify the equipment that requires the hands to navigate the boats skillfully and smooth?
,0,"When taking a photo or selfie, some people prefer to have their hair covering their forehead. What hair style in the picture can achieve this effect?","When having a head style, some people prefer to cut their hair in their face. What facial expression or picture can be done for this purpose?"
,0,"To achieve a hairstyle that allows hair to cover the forehead during a photo or selfie, which hairstyle in the image might be appropriate?","To achieve a hairstyle that covers the face or forehead during a photo session, which hairstyle in the image might be appropriate?"
,0,"In photography and selfies, some people prefer to have their hair covering their forehead. What type of hairstyle in the picture could create this effect?","In some hairstyles, having a hair line in their head can create their appearance. What type of social selfie and beauty could care for this?"
,0,What type of hairstyle in the picture will enable someone to cover their forehead when taking a photo or a selfie?,What type of hairstyle in the picture can help someone to take a photo or selfie when standing on forehead?
,0,"For individuals who prefer a hairstyle that covers their forehead during photographs or selfies, what hairstyle in this picture can create the desired effect?","For a hairstyle that favors individual faces or photos during their masterpieces, what hairstyle in this image can provide the perspective?"
,0,"To achieve the effect of having hair cover the forehead while taking a photo or selfie, which hairstyle in the picture would be suitable?","To achieve the beauty effect of taking a face or hair hairstyle while in the picture, which posture on the forehead would be suitable?"
,0,What object on the wall can we use to check the current time?,What object on the wall can we use to check the current time?
,0,What object mounted on the wall would allow us to accurately determine the current time?,What object mounted on the wall would allow us to accurately determine the current time?
,0,What item positioned on the wall serves as a tool for checking the current time?,What item positioned on the wall serves as a tool for checking the current time?
,0,What object on the wall could be used to determine the current time?,What object on the wall could be used to determine the current time?
,0,"In the picture, what can we utilize to determine the current time?","In the picture, what can we utilize to determine the current time?"
,0,Cars are often displayed at exhibitions or showrooms for people to admire. What area in the picture might be used for displaying cars?,Cars are often displayed at exhibitions or shows for people to watch. What area in the picture might be used for displaying cars?
,0,"Where might cars be on display in this picture, often seen at exhibitions or showrooms for people to admire?","Where might cars be seen in exhibitions, often shown at showrooms or showcases for people to admire?"
,0,"During exhibitions or at showrooms, cars are often showcased so that people may appreciate them. Which part of the picture may be utilized for displaying cars?","During showcases, cars are often exhibited at showrooms for entertaining. What part of the picture may be utilized so that people can display or describe cars?"
,0,"Where in the picture could you showcase cars for people to admire, such as in exhibitions or showrooms?","Where in the picture could people showcase to showcase their vehicles or exhibitions, such as for pools?"
,0,Where in the picture might be a potential area used for exhibiting or showcasing cars for people to view and admire at exhibitions or showrooms?,What in the picture might be an area for people to showcase or visit for exhibiting and looking at exhibits or facilities for showcasing cars?
,0,"When showcasing cars for public display at exhibitions or showrooms, what areas of the depicted scene could be utilized for this purpose?","When exhibiting cars for public displays or showcases, what areas of the showroom could be utilized for this purpose?"
,0,"If a person needs to go to the 2nd floor, what architectural structure in the picture should they use?","If a person needs to go to the 2nd floor, what architectural structure in the picture should they use?"
,0,"If you need to go to the 2nd floor, which structure in the picture should be used for architectural purposes?","If you need to go to the 2nd floor, which structure in the picture should be used for architectural purposes?"
,0,Suppose a person wants to access the second floor. What specific architectural feature in the picture would they need to utilize?,Suppose a person needs to access the ground. What architectural feature in the picture might they need to utilize?
,0,"If someone wants to access the 2nd floor, what structural element displayed in the picture should they utilize?","If someone wants to access the structural aspect displayed in the picture, what primary structure located 2nd should they utilize?"
,0,"If someone needed to reach the second floor, what structural element in the picture would they utilize to do so?","If someone needed to utilize the structural element in the picture, what object would they reach to do so?"
,0,"If someone needs to go to the 2nd floor, what element of the building seen in the picture is appropriate for them to use for this purpose?","If someone needs to go to the 2nd floor, what part of the structure shown in this picture is appropriate for them to use for the purpose?"
,0,"During leisure time, what object in the living room can create an immersive audio-visual experience when paired with other electronic objects?","During an autumn break, what object in the living room can create a sensual audio experience when paired with other creative objects?"
,0,"In a living room, what electronic device can be paired with others to create an immersive audio-visual experience during leisure time?","In a living room, what audio device can be set in an office to create immersive autobiography during some peaceful experience?"
,0,"During leisure time, what item in the living room is capable of creating an immersive audio-visual experience when paired with other electronic devices?","During a leisure time, what item in the living room can create an immersive audio experience capable of interacting with other digital devices?"
,0,"During your leisure time, what device in the living room could be combined with other electronic devices to create an immersive audio-visual experience?","During a leisure time, what device in the living room could be combined with other electronic devices to create an immersive audio-visual experience?"
,0,What object in the living room could create a highly immersive audio-visual experience when used in combination with other electronic devices?,What object in the living room could create an immersive audio experience when used with other highly-digital devices?
,0,"What object in the living room, when paired with other electronic devices, can create an immersive audio-visual experience during leisure time?","What object in the living room, when paired with other electronic devices, can create an immersive experience during playful entertainment time?"
,0,the things that a ship can hit that may cause it to run aground,that the things that a plane can hit cause it to run
,0,What object should we step into to take a bath in a bathroom?,What object should we step into to take a bath in a bathroom?
,0,What object do we typically use in a bathroom to take a bath?,What object do we typically use in a bathroom to take a bath?
,0,"When taking a bath in a bathroom, what structure should you step into?","When taking a bath in a bathroom, what structure should you step into?"
,0,"To take a bath in a bathroom, what is the object we should step into?","To take a bath in a bathroom, what is the object we should step into?"
,0,What object in the bathroom should we step into to take a bath?,What object in the bathroom should we step into to take a bath?
,0,What in the picture is most likely to be the source of the dog's wet fur?,What in the picture is likely to be the source of the dog's fur?
,0,What do you think is the probable source of the wetness in the fur of the dog in the photo?,What do you think is the likely cause of the wetness of the dog in the picture in the source?
,0,What in the picture can be identified as the likely cause of the dog's wet fur?,What in the picture can be identified as the likely cause of the dog's fur?
,0,What in the picture can be determined as the most likely reason for the dog having wet fur?,What in the picture can be determined as likely the reason for the cat having fur?
,0,What in the picture could potentially be responsible for making the dog's fur wet?,What in the picture could potentially be responsible for making the dog's fur wet?
,0,What is the most likely cause of the wet fur on the dog in the picture?,What is the most likely cause of the wet fur on the dog in the picture?
,0,"If we need to paint the walls, what object in the picture can be used to climb up to reach the higher parts of the wall?","If we need to climb the walls of the picture, what object in the image can be used to reach higher up to the wall?"
,0,What object in the picture would be utilized to reach the higher parts of the wall when painting it?,What object in the picture would be utilized to reach the lower parts of the wall when painting it?
,0,What object in the picture could be utilized to climb and reach the higher areas of a wall if we need to paint it?,What object in the picture could be utilized to climb and reach the lower parts of a wall if it?
,0,What in the picture could be utilized to climb and reach the higher parts of the wall when painting it?,What in the picture could be utilized to climb and reach the lower parts of the wall when painting it?
,0,"When painting walls, it is often necessary to access high areas in order to touch up previously un-painted sections. In such circumstances, what object in the picture is used to climb up and reach these unreachable portions?","When building pots, it is often necessary to touch up unattended sections in order to reach and displace these well-maintained sections. In this image, what object in the picture is sometimes used to access down debris?"
,0,What object in the picture could be used to reach the higher parts of a wall for painting or other purposes?,What object in the picture could be used to reach the lower parts of a wall for art or other purposes?
,0,What is the most likely object that someone else has left behind?,What is the most likely object that someone else has left behind?
,0,"Based on the context given, what object is most likely to have been left behind by someone else?","Based on the context given, what object is most likely to have been left behind by someone else?"
,0,Can you give me a context or a scenario for where this question is being asked?,Can you give me a context or scenario for where this question is being asked?
,0,What is the object most likely to have been left behind by someone else?,What is the object most likely to have been left behind by someone else?
,0,What is the object that another person has most likely forgotten or left behind in this location?,What is the object that someone has most likely left or forgotten behind in this location?
,0,What item is most likely to have been left behind by someone else in this scene?,What item is most likely to have been left behind by someone else in this scene?
,0,"To add embellishment to the wall or the room, what structural object is suitable for hanging decorative pictures?","To add decorative or decorative detail to the wall, what suitable object is used for hanging sculptures?"
,0,What structural object could be utilized for hanging decorative pictures to add embellishment to a wall or a room?,What structural element could be utilized to hang decorative attachments to a wall or a room for embellishing a picture?
,0,What structural object would be most appropriate for hanging decorative pictures to add embellishment to a wall or room?,What decorative object would be appropriate to hang a wall or hanging to add structural beauty to rooms?
,0,What structural object could be utilized to hang decorative pictures and enhance the appearance of a wall or room?,What decorative object could be utilized to hang wall designs or enhance the appearance of a wall?
,0,"When decorating a wall or a space, what is the ideal structural object to use for hanging decorative pictures or embellishments?","When decorating a wall or a space, what is the ideal piece of hanging fabric to use for decorative or embellishments?"
,0,What structural object in the room is generally appropriate and suitable for hanging decorative pictures and adding embellishment to the wall or room?,What decorative object in the room is suitable for hanging wallwork and adding decorative or structural interest to the picture?
,0,"When picking cherry tomatoes, what part in the picture should be removed before consuming them?","When picking cherry tomatoes, what part in the picture should be removed before consuming them?"
,0,"When picking cherry tomatoes shown in the picture, which part of the tomatoes should be removed before consuming them?","When picking the whole cherry tomatoes, which part of the tomatoes shown in the picture should be removed before consuming them?"
,0,"When picking cherry tomatoes, which part of the tomatoes displayed in the picture should be removed before consuming them?","When picking whole cherry tomatoes, which part of the tomatoes shown in the picture should be removed before eating them?"
,0,"When picking cherry tomatoes, what part of the tomato in the picture should be removed before they are consumed?","When picking fresh tomatoes, what part of the tomato in the picture should be removed before they are consumed?"
,0,"When harvesting cherry tomatoes, what part of tomato should be removed before consuming?","When harvesting tomatoes before consuming, what part of cherry tomato should be removed?"
,0,"In equestrian sports, riders and horses need to overcome obstacles to complete a course. What in the picture can be used as an obstacle for the rider and horse to jump over?","In equestrian competitions, riders and athletes need to overcome obstacles to ride themselves. What in the picture can be used as an obstacle for a rider to complete a ride?"
,0,"In the context of equestrian sports, what is an obstacle that a rider and their horse could jump over, based on the picture provided?","In the context of the sport, what is an obstacle that a rider and horses could pull over based on their picture given?"
,0,"In equestrian sports, riders and their horses must navigate and overcome obstacles to complete a course. What object in the picture could be utilized as an obstacle for the rider and horse to jump over?","In equestrian sports, riders and athletes must tackle obstacles to navigate their way through. What object in the picture could be utilized for a horse and rider to climb?"
,0,"What object(s) in the picture could be used as obstacles for riders and horses to jump over, in equestrian sports?","What object(s) in the picture could be used as obstacles for riders to ride on, in equestrian sports?"
,0,"In equestrian sports, riders and horses face various obstacles that they must overcome to complete a course. Please identify the object in the picture that could be used for the rider and horse to jump over as an obstacle.","In equestrian competitions, riders and horses must overcome obstacles for the horse to complete themselves. Please identify the object in the picture that could be used as a obstacle for a rider to walk through."
,0,"During equestrian sports, riders and their horses must navigate various obstacles to complete a course. What object or feature could potentially be used as an obstacle for the rider and horse to jump over, based on the picture?","During a horse racing game, riders and athletes must navigate through various obstacles to potentially hunt for themselves. What object in the picture could be used as a specific obstacle for an athlete to complete?"
,0,What is the object that the person in the picture is holding onto while walking his dog?,What is the object in the picture that the person is holding onto while walking his dog?
,0,What is the object that the person is holding while walking their dog in the image?,What is the object that the person is holding while walking in their image?
,0,"While walking his dog, what object is the person holding onto in the picture?","While walking the dog, what object is the man holding onto in his picture?"
,0,"What is the object that the person in the picture is holding onto, while taking his or her dog for a walk?","What is the object that the person in the picture is holding onto, taking his or her dog for a walk?"
,0,What is the object that the man in the picture using to maintain his balance while walking his dog?,What is the object in the picture that the man using to maintain his balance while walking his dog?
,0,What is the object that the person in the picture is holding onto while walking his dog?,What is the object in the picture that the person is holding onto while walking his dog?
,0,"The winter cold can be unbearable, especially when indoors. What can be used indoors to effectively raise the indoor temperature?","The indoor temperature can be unbearable, especially when used indoors? What can be used to raise indoor temperatures?"
,0,"During the winter season, the cold weather can sometimes be unbearable when inside. Can you identify what object could be used indoors to effectively raise the indoor temperature?","During the winter, the indoor environment can sometimes be unbearable. Can you identify what object could be used to raise the temperature inside during cold weather?"
,0,"When indoors and trying to raise the temperature to more tolerable levels during winter, what is an effective option that may be utilized?","When trying to stay indoors and maximize the temperature, what an effective option that may be used during temperatures is to need?"
,0,How can one effectively raise the indoor temperature when it's unbearably cold during winter while inside?,How can one effectively raise the indoor temperature when it's unbearably cold outside during winter?
,0,"In order to make a warm home during the winter, what household item could be used indoors to effectively improve the indoor temperature?","In order to maintain a warm indoor environment during the winter, what household item could be used to heat up the indoor temperature more readily?"
,0,Maintaining a well-groomed lawn requires regular cutting of the grass. What object in the picture could be used for this task?,Maintaining a well-maintained lawn requires the task of cutting grass. What object in the picture could be used for this task?
,0,What tool in the picture is typically used to maintain a well-groomed lawn by regularly cutting the grass?,What tool in the picture is typically used to maintain a well-grown lawn by effectively grassing the yard?
,0,"What item would be useful for maintaining a well-groomed lawn, particularly when it comes to regularly cutting the grass?","What item might be useful when it comes to maintaining a well-maintained lawn, particularly for raising grass?"
,0,What object present in the picture could be utilized to cut the grass and maintain a well-groomed lawn?,What object present in the picture could be utilized to maintain a well-grown lawn?
,0,What object in the picture is suitable for the regular cutting of grass and maintaining a well-groomed lawn?,What object in the picture is suitable for the maintenance of a well-grown yard and maintaining hand-cutting grass?
,0,"To maintain the lawn in a well-groomed condition, which tool could be utilized for regularly cutting the grass in the image?","To maintain a well-maintained lawn in the grassy condition, which tool could be utilized to position the grass for the sampling?"
,0,the soccer goalkeeper,the soccer goalkeeper
,0,"In the summertime, intense sunlight can damage people's skin. What part of the hat shown in the picture can shade the face from the sun?","In the sunny weather, what part of the attire can offset the sun's ray from the face?"
,0,How can the hat shown in the picture protect someone's face from the intense sunlight during summertime?,How can the hat seen in the picture shield someone's face from the intense sun during the summertime?
,0,"During the summer season, exposure to intense sunlight may cause damage to the skin. What part of the hat displayed in the image would be useful in shading the face from the sun's rays?","During intense sunlight, exposure to the sun's rays can cause drying of the eyes. What item in the picture from the hat might serve as a benefit to wear in the sun?"
,0,"When sunlight is intense, it can have damaging effects on people's skin, especially in the summertime. What part of the hat depicted in the image can be utilized to protect the face from the sun?","When sunlight is intense, it can be damaging to the skin, especially in the winter. What part of the picture depicted in the image can be utilized to protect the hands from the sun's effects?"
,0,"During the summer months, intense sunlight can be harmful to the skin. What part of the hat depicted in the picture provides shade to the face to protect it from the sun?","During the sunny months, sunscreen can be harmful to the face. What part of the shirt depicted in the picture provides protection from the sun to warm it to the forehead?"
,0,"When the sunlight becomes too bright in summer, it can cause damage to a person's skin. Which part of the hat in this picture may help to protect the face from the sun's rays?","When the sun's rays are too bright, it can damage the skin in the face. Which part of a person's hat in this picture can help to protect from the sun's rays?"
,0,"Looking at the image, it seems that the dog is engaged in a playful activity. What part of the dog's body is likely to be holding an object during this playful activity?","Looking at the image, it appears that the dog is engaged in a playful activity. What part of the dog's body is likely to be holding this activity during a playful activity?"
,0,"When engaging in a playful activity, which part of the dog's body might be holding an object, based on the information presented in the picture?","When engaging in a playful activity, which part of the dog might be holding a piece of food, based on the information presented in the picture?"
,0,"In this image, it appears that the dog is engaged in a playful activity. During this activity, which part of the dog's body might be holding an object?","In this image, it appears that the dog is engaged in a playful activity. During this activity, which part of the dog's body might be holding an object?"
,0,"When looking at the image, it appears that the dog is actively engaged in a playful activity. What part of the dog's body is likely to be holding an object during this playful activity?","Looking at the image, it appears that the dog is actively engaged in a playful activity. What part of the dog's body is likely to be holding this activity during an activity?"
,0,"During the playful activity being engaged in by the dog in the image, which part of its body might be used to hold an object?","During the playful activity in which an object might be thrown into the dog by its body, which part of the hand is used to hold a activity?"
,0,the hardest part of the turtle,the hardest part of the turtle.
,0,What instrument in the bedroom can be used to play music and help people relax?,What instrument in the bedroom can be used to play music and help relax?
,0,What household device can be used in the bedroom to play music and assist individuals in relaxing?,What household device can be used in bedrooms to assist in relaxation and play sports?
,0,What object can be utilized to play calming music and help individuals relax in a bedroom space?,What object can be utilized to relax and help individuals sit in a bedroom entertaining space?
,0,"What is the instrument in the bedroom, primarily used to play music and help people relax?","What is the instrument in the bedroom, primarily used to play music and help relax?"
,0,What instrument is located in a bedroom and can be utilized to play music and aid in relaxation?,What instrument is located in a bedroom and can be utilized to play music and assist in relaxation?
,0,What object commonly found in the bedroom can be used to play music and promote relaxation?,What object commonly found in the bedroom can be used to relax and promote music play?
,0,"In modern times, what object do people often use to listen to the radio, keep track of time, and set alarms?","In modern times, what object do people often use to set the clock, listen to alarms, and keep track of time?"
,0,"Which object do individuals typically use in modern times for purposes such as listening to the radio, keeping track of time, and setting alarms?","What object do individuals typically use in the kitchen for times such as listening to music, keeping track of time, and setting alarms?"
,0,"What item do people commonly use as a means of listening to the radio, tracking time, and setting alarms in modern times?","What item are people often using to stand up as a means of listening to the radio, and calming time in modern times?"
,0,"Which object is frequently used by people in modern times to listen to the radio, keep track of time, and set alarms?","Which object is often used by people today to listen to the clock, set alarms, and keep track of time?"
,0,"Currently, what is the most commonly used object that people use to listen to the radio, keep track of time, and set alarms?","Currently, what is the most commonly used object that people use to set times, listen to music, and keep alarms?"
,0,the reflection of the car,the reflection of the car
,0,Smoking is a common activity for some people while having a hot drink. What object in the picture can be used to hold the ashes of a cigarette?,Smoking is a common activity for some people while having a cigarette. What object in the picture can be used to hold the drink of a cigar?
,0,What item in the picture could be used to contain cigarette ashes when smoking while drinking a hot beverage?,What item in the picture could be used to contain cigarette smoke when drinking a beverage while smoking?
,0,"While enjoying a hot beverage, some people may choose to smoke, and what is the object in the picture that could be used to contain the ashes from a cigarette?","While enjoying a cigarette, some people may use an object that is used to smoke from a beverage, and what could be the object in the picture to contain?"
,0,"During the act of smoking, some people prefer to have a hot beverage. Could you please tell me what item in the picture might be used to contain cigarette ashes?","During a cigarette, some people prefer to drink beverages. Could you please tell us what item in the picture might be used to contain smoking?"
,0,"If someone is smoking while having a hot drink, what object in the picture could be employed to hold the cigarette ashes?","If someone is having a cigarette, what object in the picture could be used to hold the hot drinks while smoking?"
,0,"Imagine a child playing with miniature toys in a sandbox. If the child wants to create a scene with a house surrounded by water, what object in the picture would be perfect for this?","Imagine a child playing with a toy in a sandbox. If the child wants to create a scene with decorative dolls in the background, what object in this house would be perfect for?"
,0,"If a child intends to arrange a scene with a house surrounded by water while playing with miniature toys in a sandbox, what item in the picture is ideal for creating this scene?","If a child is intending to arrange a scene with a toy in a sandbox, what item in the picture is ideal for creating a scene with wooden toys under the mantle?"
,0,"Suppose a child is playing with miniature toys in a sandbox. If they want to create a scene that features a house surrounded by water, which item in the picture would be most suitable for this activity?","Suppose a child is playing with a sandwich in a zoo. If they want to create a scene in which toys are suitable for this activity, which item in the picture would feature a giant sandbox?"
,0,Suppose a child is playing with miniature toys in a sandbox and desired to establish a setting that involves a house surrounded by water. What object in the picture would be suitable for this purpose?,Suppose a child is playing with sandwiches in a pool and wanted to establish a set that would suit a sandy environment. What object in the picture is suitable for this purpose?
,0,Suppose a child is playing with miniature toys in a sandbox and wishes to create a scene wherein a house is surrounded by water. Which object located in the image might the child utilize for this purpose?,Suppose a child wants to play with toys in a sandbox and creates a planet where the object is organized. Which item in the image might a child utilize for this purpose?
,0,"When traveling, people often need to store their belongings in a secure and organized manner. What object in the picture can be used for this purpose?","When traveling, people often need to store their belongings in a safe and organized manner. What object in the picture can be used for this purpose?"
,0,What object do you suggest as an effective storage solution for securely and systematically storing personal belongings during travel?,What object do you suggest as a secure solution for securely and mechanically storing personal belongings during travel?
,0,"During travel, people frequently need a secure and organized location to store their belongings. What item in the picture could be utilized to satisfy this need?","When traveling, people often need to store their belongings in a secure and organized manner. What item in the picture could be utilized to satisfy this need?"
,0,"While traveling, people often require a safe and well-organized way of storing their belongings. Based on the image, what object can achieve this goal?","While traveling, people often need a safe and organized way to store their belongings. Based on the image, what object can achieve this?"
,0,What object can be used to cover the window to block the outdoor light and provide privacy in a bedroom?,What object can be used to cover the window or block out light to provide privacy in a bedroom?
,0,"As a smart home AI, what object could be utilized to cover a bedroom window and provide privacy while also blocking out outdoor light?","As a home appliance, what object could be utilized to cover out a bedroom and protect a door from indirect light while providing privacy?"
,0,What can be placed on the windows to block outdoor light and provide privacy in a bedroom?,What can be placed on windows to block out light and provide privacy in the bedroom?
,0,"In a bedroom, what object could be used to block outdoor light and ensure privacy by covering the windows?","In a bedroom, what object could be used to block out light and ensure privacy by covering the windows?"
,0,"As an intelligent home assistant, what object would you recommend someone to use to block outdoor light and ensure privacy in the bedroom?","As an indoor guest, what object would you recommend to use to block out light and ensure adequate privacy in a bedroom?"
,0,What object might be used to cover a window to block outdoor light and provide privacy within a bedroom?,What object might be used to cover a window to provide privacy or block out light within a bedroom?
,0,Dolphins are known for their agility and acrobatics. What in the picture will the dolphin likely jump over during a performance?,Dolphins are typically known for their agility and sharp motions. What in the picture will the dolphins shoot out over?
,0,"When performing, dolphins are known for their agility and acrobatics. Identify what will be jumped over by dolphins during a performance, given the picture.","When performing, dolphins are best known for their speed and agility. Identify what is seen during the performance, projected at dolphins by the slide show."
,0,"In dolphin shows, these marine mammals are known for their agility and acrobatics. Based on the image, what object might the dolphin leap over during a performance?","In this marine mammal exhibit, the dolphins are used for performance. What object might these dolphins chase over their acrobatic vision?"
,0,"In a performance, dolphins are known for their agility and acrobatics. Please indicate what object the dolphin is likely to jump over in the image.","To capture sounds, determine the instrument the dolphins are in an activity and likely stand out in their aviation?"
,0,"During a performance, what might a dolphin typically jump over, given their agility and acrobatics?","During a volleyball, what might a players typically perform because of their acrobatics and propulsion?"
,0,"What object is likely to be jumped over by a dolphin during a performance, given their well-known agility and acrobatics?","What object might be expected to hit a bar during a game, given their well-known acrobatics and motion?"
,0,something that the animal can use to pierce other animals' skin,something that the animal can use to pierce other animals' skin
,0,Drawing is a common activity for children to express their creativity and imagination. What objects in the picture can be used to create drawings?,Drawing is a common activity for children to create creativity and imagination. What objects in the picture can be used to draw their faces?
,0,Drawing is a popular activity for children that allows them to explore their creativity and imagination. What objects in the picture might be utilized to create drawings?,Drawing is a popular activity that allows children to explore their creativity and imagination. What objects in the picture might be utilized for creating drawings?
,0,"When drawing, children typically use tools to express their creativity and imagination. Could you please identify the objects in the picture that are commonly utilized to create drawings?","When drawing children, children often utilize tools to create illustrations and pictures. Could you identify the objects in the picture that are commonly used to draw their minds?"
,0,Drawing is an excellent way for children to display their creativity and imagination. What objects in the picture could be used to create drawings?,Drawing is a great way for children to create their creativity and imagination. What objects in the picture could be used to draw objects?
,0,Drawing is a common activity for children to express their creativity and imagination. Please identify the objects in the picture that could be used to create drawings.,Drawing is a common activity for children to create creativity and visual objects. Please identify the objects in the picture that could be used to draw their ideas.
,0,"When taking a cruise along a river, passengers often want to have a good view and enjoy the scenery outside. What specific area in the picture is most likely to be designed for this purpose?","When taking a long cruise, visitors often want to have a good view and visit a specific area to enjoy the lake. What area in this picture is most likely designed for that purpose?"
,0,"When taking a river cruise, passengers often want to enjoy the outdoor scenery. Which specific area in the picture is most likely intended to be used for this purpose?","When taking a beach trip, visitors often want to enjoy the nearby scenery. Which area in the picture is most likely to be intended for this purpose?"
,0,"When taking a river cruise, passengers will often want to enjoy the scenery and have a good view outside. Could you please indicate which specific area in the picture is most likely designed to meet this expectation?","During a cruise, visitors should often have a nice view and enjoy the nearby scenery. Could you please determine which area in this picture is most likely to be comfortable?"
,0,"When taking a river cruise, passengers typically want to appreciate the stunning scenery outside and have a clear view of the surroundings. Please identify the specific location in the picture that is most likely designed for this purpose.","When visiting a large waterfront cruise, guests often want to enjoy the scenery and explore the surrounding areas. Please identify the specific location in the picture that is specifically intended for this purpose."
,0,What area in the picture is likely to be designed specifically for passengers to have a good view and enjoy the scenery during a river cruise?,What area in the picture is likely to be designed specifically for visitors to enjoy a good view and cruise while in a lake?
,0,"When taking a river cruise, passengers typically want to appreciate the outside scenery and have a good view. What specific area in the picture is most likely intended for this purpose?","When taking a long cruise, visitors often want to enjoy the nearby sea and see what is specific for this view. What area in the picture is likely a suitable purpose?"
,0,What tool can be used with paper to write things down?,What tool can be used to write things down with paper?
,0,What item is typically employed in conjunction with paper to write down information?,What item is typically employed in conjunction with paper to write down information?
,0,What object could be utilized to inscribe information on paper?,What object could be utilized to inscribe information on paper?
,0,What writing tool is commonly used with paper to jot down notes or important ideas?,What paper tool is commonly used with jot down notes to write important ideas or comments?
,0,the objects that can be used to produce rhythmic sounds,the objects that can be used to produce rhythmic sounds
,0,Exploring a dark cave can be challenging without proper lighting. What object in the picture could provide illumination in such a situation?,Exploring a dark cave can be a difficult task without proper lighting. What object in the picture could provide illumination in such a situation?
,0,"When exploring a dark cave, proper lighting is crucial. What object in the picture could be utilized to provide illumination in such a situation?","When exploring a dark cave, proper lighting is crucial. What object in the picture could be utilized to provide illumination in such a situation?"
,0,What object in the picture could be utilized to provide illumination when exploring a dark cave?,What object in the picture could be utilized to provide illumination when exploring a cave?
,0,"In a dark cave exploration, what object could provide the necessary illumination as depicted in the picture?","In a mysterious illumination, what object could be employed as depiction provided in the picture?"
,0,"When exploring a dark cave, proper lighting is essential to the task. Please identify what object(s) in the picture could be utilized to provide illumination in this situation.","When attempting to find a dark spot in the picture, proper lighting is essential. What object(s) in the picture could be utilized to illuminate this task?"
,0,the cover that shields the driver's cabin,the cover that shields the driver's cabin
,0,"Birds are known for their ability to fly, but what part of their body in the picture will they primarily use to walk on the ground?","Birds in the picture are known for their ability to run on ground, but what part of their body primarily will they use to walk on the ground?"
,0,"When birds are on the ground, what part of their body in the picture will they primarily use to walk?","When birds in the picture are mainly on the ground, what part of their body will they use to walk?"
,0,"Birds are widely recognized for their ability to fly, but if they need to walk on the ground, what parts of their body could they use, based on the image?","Birds are widely recognized for their ability to fly, but if they needed to see on the ground, what parts of the body could they use based on their visual?"
,0,"Birds are primarily known for their ability to fly, but when they are on the ground, what part of their body in the picture do they tend to use for walking?","Birds are known for their ability to run on the ground, but what part of their body do they generally use to see when they are in the pic?"
,0,"Though birds are recognized for their excellent flying abilities, what part of their body in this picture do they mainly use to walk on the ground?","Though birds are known for their excellent walking abilities, what part of their body do they mainly use to walk on the ground?"
,0,"Although birds are known for their ability to fly, what part of their body in the picture do they primarily use to walk on the ground?","Although birds are known for their ability to run on the ground, what part of their body do they primarily use to walk in the picture?"
,0,the object used for stirring milk or coffee,the object used for stirring coffee or milk
,0,Which object can effectively darken the room and create a suitable atmosphere for sleep?,Which object can effectively darken the room and provide a suitable environment for sleep?
,0,Which object can be utilized to reduce the light level in a room and provide a more conducive environment for sleeping?,Which object can be utilized to reduce the level of light in a room and provide a more environmentally friendly environment for sleeping?
,0,"As a smart home AI, what appliance could you advise to turn on to darken the room and establish a proper ambiance for sleeping?","As a smart home appliance, what could you intervene on to light up the room and set a nice ambiance to maintain?"
,0,What in the picture can be used to create a suitable environment for sleep by effectively darkening the room?,What in the picture can be used to create a comfortable environment for darkening the room by effectively sleeping?
,0,"As an AI-powered assistant, what object would you adjust to create a dark atmosphere that is conducive to sleeping?","As an AI-oriented object, what object would you use to create a medium that is conducive to sleeping?"
,0,"In the backyard, there may be a designated area where the dog can walk and play freely. What area in the picture can be used by the dog for this purpose?","In the backyard, there is an area where the dog can sit and walk normally. What item in the picture may be used by the dog for this purpose?"
,0,What region within the picture could be utilized by a dog to have freedom of movement and play in the backyard?,What region in the picture could be utilized by a dog to have freedom of movement and play within the backyard?
,0,"Where in the picture, can the dog be designated to walk and play freely in the backyard?",Where in the picture can the dog be placed to walk and play freely in the backyard?
,0,What area of the scene can serve as a designated area in the backyard for dogs to walk and play freely?,What area of the yard can serve as a designated area for dogs to walk and play independently?
,0,"Where in the picture can the dog walk and play freely within a designated area, typically found in a backyard?","Where in the picture can a dog sit and play, typically located within a designated area in a backyard?"
,0,"In the evening, what can be turned on in the living room to save electricity and reduce the impact on the eyes while ensuring sufficient lighting?","In the living room, what could be turned on on the lights to reduce the light and facilitate optimal illumination while saving the eye?"
,0,"In the evening, what can be turned on in the living room to ensure sufficient lighting while also saving electricity and reducing the impact on the eyes?","In the living room, what can be turned on while also providing sufficient light and reducing the impact on the eyes?"
,0,What can be turned on in the living room in the evening to ensure sufficient illumination while saving electricity and protecting eyes from excessive exertion?,What can be placed in the living room to ensure sufficient illumination and prevent excessive electricity while waving in their eye?
,0,"What can be switched on in the living room in the evening to conserve energy, minimize impact on the eyes while ensuring sufficient illumination?","What can be turned on in the living room to conserve energy while ensuring adequate illumination, minimize reflection in the eye?"
,0,"In the evening, which electrical appliance can be turned on to conserve electricity, reduce the strain on the eyes while also ensuring sufficient lighting in the living room?","In the given room, which appliance could be turned on to facilitate the proper lighting while also reducing the electricity flow in the kitchen?"
,0,"At night, what can be switched on in the living room to conserve electricity while providing ample illumination without straining the eyes?","In living rooms, what can be compressed at night to provide ample illumination while maintaining the direct light without irrigating the eyes?"
,0,"When presenting a gift to someone, it is common to wrap it in decorative paper or material. What in the picture can be used to wrap a gift?","When decorating a gift, it is common to wrap it in paper or a gift. What in the picture can be used to present something to someone?"
,0,What objects present in the picture could be used to wrap a gift in decorative paper or materials when presenting it to someone?,What objects present in a picture can be used to decorate it when presenting materials or paper to someone in the gift?
,0,"When giving someone a gift, it is customary to wrap it in decorative paper or fabric. Please identify what in the picture could be used for gift wrapping.","When giving a gift, it is customary to wrap it in plastic or fabric. What in the picture might be used for gift wrapping please identify something."
,0,What object can be used to wrap a gift in decorative paper or material in the picture?,What object can be used to wrap decorative material or a paper in the picture?
,0,something that is shining,something that is shifting
,0,"In many historical battles, warriors used a particular object to defend themselves from attacks. What item in the picture can be used as a defensive tool during combat?","In many battles, soldiers use a particular item as a defensive weapon during battle. What item in the picture can be used to defend themselves from enemy forces?"
,0,"During many historical battles, warriors frequently used a particular item to defend themselves against attacks. What object depicted in the picture can be used as a defensive tool during combat?","During battles, various fighters often use a particular weapon as a defensive tool to defend themselves. What item depicted in the picture could be used during ancient wars?"
,0,"During many historical battles, warriors utilized a specific item for self-defense. What object in the picture could be utilized as a defensive tool during combat?","During battles, many warriors utilized a specific weapon for self-defense. What object in the picture could be utilized as a defensive item during battle?"
,0,"In many historical battles, warriors utilized specific equipment to defend themselves during an attack. What object in the picture could be employed as a defensive tool in combat?","In many battles, soldiers utilized specific weapons as an obstacle in battle. What object in the picture could be employed to maintain defensive tactics?"
,0,"In many historical battles, warriors utilized specific objects to protect themselves from attacks. What item in the picture could function as a defensive tool during combat?","In many battles, soldiers frequently utilize specific weapons as defensive weapons. What item in the picture could function as an obstacle to protect against forces?"
,0,"In many historical battles, warriors utilized a specific tool to protect themselves from attacks. Which item in the picture could serve as a defensive tool during combat?","In many battles, soldiers often utilize a specific weapon as a defensive tool. Which item in the picture could serve as weapons during battles?"
,0,Visitors in the waiting room will be bored and may need to temporarily place personal belongings while waiting. What furniture are they likely to use for temporary storage?,Visitors may be anxious and will need to store their belongings temporarily. What items in the living room are they likely to use for temporary storage?
,0,"When visitors are in a waiting room, they may become bored and seek temporary storage for personal belongings. Which type of furniture is most likely to be utilized for this purpose?","When people become unhappy, personal belongings may be placed in a storage room for this purpose. Which type of furniture is likely to be utilized for travel?"
,0,What furniture is typically utilized by visitors in waiting rooms for temporary storage of personal belongings while they wait?,What furniture is typically occupied by guests while waiting for personal belongings in storage rooms?
,0,"When people are in a waiting room, they may become bored and may need to temporarily place personal belongings aside. Please identify what furniture they may use for temporary storage in this scenario.","When people are anxious and may need to leave their personal storage space, they may place bags in for other purposes. Please identify what furniture they may be temporarily used in this situation."
,0,"When waiting in a room, visitors may become bored and require a place to temporarily store their belongings. What type of furniture is likely to be used for temporary storage in this situation?","When waiting for a place to stay, people may be anxious to store their belongings and potentially require a seat. What type of furniture might be affected in this situation?"
,0,"In a waiting room, visitors may need to place personal belongings temporarily, while they wait or may become bored while waiting. What furniture is common to use for temporary personal storage in such cases?","In a waiting room, guests may need to store personal items while waiting or may be left unoccupied. What form of storage is commonly used for such as to store beds temporarily?"
,0,"In a cozy living room, people often sit comfortably while using electronic devices for work or leisure. What object in the picture is commonly placed on the person's lap for this purpose?","In a comfortable living room, people often use something for personal comfort while sitting on their leisurely. What object in the picture is commonly placed on the person's hand for this purpose?"
,0,"In a comfortable living room, people often sit relaxed while using electronic devices for work or entertainment purposes. Which of the objects in the picture is typically placed on the person's lap for this need?","In a comfortable living room, people often sit on their desk for entertainment or personal purposes. Which of the items in the picture is typically used while walking to place the person's needs?"
,0,"What object is commonly placed on a person's lap for work or leisure while sitting comfortably in a cozy living room, as shown in the picture?","What object is commonly placed on a person's foot for comfort or work while sitting comfortably in a cozy living room, as shown in the picture?"
,0,"When in a comfortable living room, people often sit and utilize electronic devices for work or leisure. Identify an object in the picture that is typically placed on someone's lap for this purpose.","When in a living room, people often sit or stand on something for personal use. Identify an object in the picture that is typically placed on this wheel for carrying and utilize heat."
,0,"In a comfortable living room, people frequently sit while using electronic devices for work or leisure purposes. What item is typically put on an individual's lap during this activity, as illustrated in the picture?","When sitting on a leisurely work area, individuals typically carry pads while doing work or in an office. What item is illustrated in this picture, used for personal comfort during the activity?"
,0,"In a cozy living room, people often relax in a comfortable seated position while using electronic devices for work or leisure. What item in this picture is typically placed on a person's lap for this purpose?","In a comfortable living room, people often place items on a leather or seated position for personal use. What item in this picture is typically placed in a person's head while using this for cooling?"
,0,"After a day of tiring work and travel, what object in this hotel room can be used to rest on for relaxation?","After a moment of relaxation and work in this hotel, what object can be used for tucking up to relax?"
,0,"After a long day of work and travel, what can you utilize to unwind and relax in this hotel room?","After a long day of work and relaxation, what can you utilize to unwind and stay in this hotel?"
,0,"After a long day of work and travel, what item in the hotel room would you suggest your guests use to relax and rest on?","After a long day of rest and relaxation, what item in the hotel would you use to rest and enjoy your sleep on?"
,0,"After a long day of work and travel, what piece of furniture in this hotel room could be utilized to relax and rest on?","After a long day of work and relaxation, what piece of furniture in this hotel could be utilized to rest and relax on?"
,0,"If you need to rest and relax after a long day of work and travel, what is an object in the hotel room that can be utilized?","If you need to rest and relax after a long day of work in the hotel, what is an object that can be utilized?"
,0,"In a park or a garden, people often need a place to sit and rest. What object in the picture could provide a comfortable sitting area?","In a park or a walk, people often need a place to rest and relax. What object in the picture could provide a comfortable sitting area?"
,0,"What object in the picture would be suitable for providing comfortable seating in a park or garden, where people often need a place to sit and rest?","What object in the picture would be suitable for providing a place where people can sit and rest, often in a seating or garden?"
,0,"When in a park or garden, people often require a place to sit and relax. What object within the picture could provide such a comfortable sitting area?","When sitting or walking, people often need a place to rest and relax. What object within the picture could provide such a comfortable park?"
,0,"At a park or in a garden, people often require a comfortable seating area to relax and take a break. Which object in the picture could serve as such a seating area?","At a comfortable place like a park or in a seating area, people often require a comfortable seating area. Which object in the picture could serve as a place to rest and take in?"
,0,"In a park or garden, what item in the picture might furnish a comfortable place to sit and rest?","In a park or bed, what item in the picture might provide a place to sit and relax?"
,0,"In a park or garden, people often require a comfortable place to rest and sit. What item in the picture could be utilized as a seating area for this purpose?","In a park or place, people often need a place to rest and relax. What item in the picture could be utilized as a seated area for this purpose?"
,0,something showing the identity of this car,something showing the identity of this car
,0,"In busy city streets, traffic violations can occur frequently, and law enforcement personnel play an important role in maintaining order. What in the picture can be a means of transportation for these law enforcement personnel?","In busy cities, law enforcement officers often play an important role in maintaining order, and traffic violations can occur safely. What in the picture can be a purpose of these law enforcement officers for transportation?"
,0,"In busy city streets, traffic violations can occur frequently, and law enforcement personnel are crucial in maintaining order. What means of transportation can be utilized by these law enforcement personnel in the image?","In urban areas, law enforcement officers are frequently utilized during traffic. What means of transportation and maintaining order can be dangerous in these law enforcement officers,?"
,0,"In busy city streets, maintaining order is very important because traffic violations can occur frequently. What item in the picture could serve as a means of transportation for law enforcement personnel?","In urban areas, keeping order is important because traffic violations can occur frequently. What item in the picture could serve as a means of providing communication service to municipal officers?"
,0,"In busy city streets, maintaining order is critical due to the likelihood of frequent traffic violations, in which law enforcement personnel play a crucial role. What kinds of transportation options can be identified for these individuals in the picture?","In the city, safe transportation practices can be crucial, due to the importance of such individuals in the presence of significant police departments. What task area can law enforcement identify where drivers maintain these trends?"
,0,"Amidst a busy city environment, traffic violations can occur frequently, and law enforcement personnel have a significant role in maintaining law and order. What in the picture can potentially serve as a mode of transportation for these law enforcement personnel?","Across a law enforcement environment, facilities and officers are frequently involved in providing law enforcement services. What in the picture could be a dangerous place for law enforcement officers, and commissions of these personnel have critical responsibilities?"
,0,"Law enforcement personnel play a crucial role in maintaining order in busy city streets where traffic violations can occur frequently. Based on the picture, what object could be utilized as a mode of transportation for these personnel?","Municipalities play a crucial role in maintaining orderly traffic laws based on traffic violations. Given the scenario, what object can be utilized as a type of police station for individuals in these areas?"
,0,"When attending a formal event or a convention, people often wear stylish and coordinated outfits to showcase their personal style. What item in the picture can be used to enhance the appearance of the woman's lips for such an occasion?","When attending a formal event, people often wear outfits and shoes to enhance their personal appearance. What item in the picture can be used to decorate the lips of a lady's event for an elegant occasion?"
,0,"When attending a formal event or a convention, individuals often wear stylish and coordinated outfits to highlight their personal flair. Please help me identify the item in the picture that could be utilized to improve the appearance of a woman's lips to match her stylish outfit.","When attending a formal or professional event, women often wear outfits to enhance the appearance of their favorite dresses. Please find an item in the picture that could be utilized to help me identify a woman's outfit to complement her stylish and personalized look."
,0,What object in the picture could be utilized to enhance the appearance of a woman's lips before attending a formal event or convention to display their personal style?,What object in the picture could be utilized to enhance the appearance of a personal object before attending a formal event to display a woman's smile or appearance?
,0,"For enhancing the appearance of the lips while attending a formal event or a convention, what item in the picture could be utilized?","To enhance the appearance of attire while attending a formal event or a conversation, what item in the picture could be utilized?"
,0,"At a formal event or convention, people often wear coordinated and stylish outfits to showcase their personal style. What item in the picture might a person use to enhance the appearance of their lips for such an occasion?","At formal occasions, people often wear outfits to enhance their personal appearance. What item in the picture might a person wear to display the appearance of their faces for a formal and stylish event?"
,0,"On a camping trip, people often enjoy roasting marshmallows or cooking food over an open fire. What object in the picture could be used to hold the fire and create a cozy atmosphere?","During a camping event, people often enjoy cooking up marshes and creating cool fire. What object in the picture could be used to hold a fire or put out a cozy cooking medium?"
,0,"When on a camping trip, what can be utilized to hold the fire and create a cozy atmosphere while roasting marshmallows or cooking food over the open fire based on the picture?","When cooking out camping activities, what can be utilized to create a warm fire or mimic a fire while sitting on the ground and serving up shrimp over the hot beans?"
,0,"During a camping trip, what object in the picture could be utilized to contain a fire and generate a warm and welcoming ambiance for roasting marshmallows or cooking food?","During a marshmallow camping trip, what object in the picture could be utilized to generate a warm and inviting atmosphere for cooking and serving up roasting beans or candies?"
,0,"In a camping trip, what item in the picture could be utilized to hold an open fire and generate a warm and cozy environment for cooking food or roasting marshmallows?","In a marinade, what item in the picture could be utilized to create a cool and cozy camping environment for cooking or holding up hot roasts?"
,0,Suppose you are on a camping trip where people frequently roast marshmallows or cook food over an open fire. What object in the picture could be utilized to contain the fire and create a warm atmosphere?,"When camping in a charming camp, people often gather over a fire and put out beautiful roasts. What object in the picture could be utilized to surround a fire or add vegetable oil to the atmosphere?"
,0,"In Figure Skating, performers often incorporate spinning movements into their routines. What in the picture can provide stability and enable the skater to spin gracefully?","In skateboards, performers often incorporate spinning into their routines. What in the picture can enable the skater to perform comfortably?"
,0,"In figure skating, spins are incorporated into routines for artistic effect. What in the picture might provide stability, enabling the skater to spin gracefully?","In skateboards, the creatures might spin freely, providing balance. What feature in the image is intended to seize skis for flexing them continuously?"
,0,"In Figure Skating, the spinning movements are common and graceful. Please point me to the object in the picture that can provide the skater with stability and allow them to spin gracefully?","In the picture, the skater is capable of symmetry and giving the legs to move comfortably. Please let me know these object that are graceful in spinning?"
,0,"In figure skating, spinning movements are frequently incorporated in routines. What object in the picture can provide stability and enable the performer to spin gracefully?","When performing routines, creations are often utilized to simulate movements. What object in the picture can provide stability and spinning comfortably in the performer?"
,0,"What in the picture can provide the skater with stability and enable them to execute spinning movements gracefully, which are often incorporated into Figure Skating performances?","What in the picture can allow the skater to rotate their heads comfortably, which are often incorporated into performing skating performances?"
,0,"When performing routines in figure skating, spinning movements are often incorporated. Please tell me what aspect of the picture enables the skater to spin gracefully while maintaining stability?","When navigating skates, sometimes dances are used to maintain balance. What feature in the picture may enable me to perform skate spinning comfortably while maintaining stability?"
,0,the body parts of the bird that grip onto tree branches,the body parts of the tree branches that grip onto the tree rock
,0,"When we manipulate an electronic document, what peripheral device do we need to enter data or instruction?","When we insert data into an electronic device, what peripheral module do we need to manipulate information or instruction?"
,0,"When manipulating an electronic document, what peripheral device would typically be utilized to enter data or commands?","When interpreting electronic data, what peripheral would typically be utilized to insert commands or data documents?"
,0,"When manipulating an electronic document, what peripheral input device is needed for entering data or instructions?","When inputting electronic data, what peripheral mechanism is needed for entering instructions or copying an image?"
,0,"When manipulating an electronic document, what peripheral device is typically used for inputting data or instructions?","When inputting electronic data, what peripheral device is typically used for copying an instrument or instructions?"
,0,"When manipulating an electronic document, what peripheral device do we typically use to enter data and instructions?","When using an electronic document, what peripheral device do we typically use to input data and instructions?"
,0,"When working with an electronic document, which peripheral device is necessary to input data or instructions?","When working with an electronic device or peripheral input, which input device is necessary to instructions?"
,0,What object can effectively block water from splashing outside the shower area?,What object can effectively block water from splashing outside the shower area?
,0,"In order to prevent water from splashing outside the shower area, what object may be utilized?","In order to prevent water from splashing outside the shower, what object may be utilized?"
,0,What item could be utilized to prevent water from spreading outside the shower area effectively?,What item could be utilized to prevent water from spreading outside the shower effectively?
,0,What object can be utilized to prevent water from splashing outside the shower area?,What object can be utilized to prevent water from splashing outside the shower area?
,0,What item can be used to prevent water from spraying out of the shower area?,What item can be used to prevent water from spilling out of the shower area?
,0,Which of the items in the picture can effectively prevent water from splashing outside of the shower area?,Which of the items in the picture can potentially prevent water from splashing inside of the shower area?
,0,What object can we use to control the water flow during the bathing process?,What object can we use to control the water flow during the bathing process?
,0,What is the object used to control the flow of water during the bathing process?,What is the object used to control the flow of water during the bathing process?
,0,What object can be utilized to regulate the flow of water during bathing?,What object can be utilized to regulate the flow of water during bathing?
,0,Which item can be used to manage the water flow during the process of bathing?,Which item can be used to manage the flow of water during the bathing?
,0,What object can be used to regulate the flow of water when taking a bath?,What object can be used to regulate the flow of water when taking a bath?
,0,What object can be used to regulate the flow of water during the process of bathing?,What object can be used to regulate the flow of water during the process of bathing?
,0,What appliance in a room is frequently used for entertainment purposes?,What appliance in a room is frequently used for entertainment purposes?
,0,What object is often utilized for entertainment purposes in a room?,What object is often utilized for entertainment purposes in a room?
,0,Which object is commonly used for entertainment purposes in a room?,Which object is commonly used for entertainment purposes in a room?
,0,What appliance do people regularly use for entertainment purposes in a room?,What appliance do people occasionally use for entertainment purposes in a room?
,0,Which device typically found in a room is often used for entertainment purposes?,Which device typically found in a room is often used for entertainment purposes?
,0,What appliance found in a room is commonly used for entertainment purposes?,What appliance found in a room is commonly used for entertainment purposes?
,0,"When the owner parks the car, which part of the car in the picture will be in direct contact with the ground?","When the car in the picture is parked, which part of the car will direct the car in contact with the ground?"
,0,"When parking the car, what part of the car in the picture will come into direct contact with the ground?","When parking the car in the ground, what part of the car in the picture will come into direct contact with the ground?"
,0,"After the owner parks the car, what section of the vehicle in the picture will be in direct contact with the ground?","When the car is parked, what part in the vehicle in direct contact with the ground will have the picture of the side?"
,0,"When parking a car, which region of the vehicle pictured would be in direct contact with the ground?","When parking a vehicle in direct contact with the ground, which region of the car pictured would be the word?"
,0,"When the car is parked, what part of the vehicle would be in direct contact with the ground in this picture?","When a car is parked in the road, what part of the vehicle would be in direct contact with this picture?"
,0,"When taking a dog for a walk on the beach, what part of the dog's body should be wet if it enjoys playing in the water?","When taking a dog to go on a beach, what part of the dog's body should be wet for enjoying it in the water?"
,0,"Suppose that you were taking the dog for a walk on the beach, which part of the dog's body would be wet if the dog enjoys playing in the water?","Suppose that you were taking a dog to play in the water, which part of the dog's body would be nice for the dog if the dog is enjoying the beach?"
,0,"When taking a dog to the beach, which part of its body is likely to be wet if it enjoys playing in the water?","When taking a dog to the water, which part of its body might be comfortable to play in if it is enjoying wet waters?"
,0,"When taking a dog for a walk on the beach, what part of a dog's body gets wet if it enjoys playing in the water?","When taking a dog on a beach for a walk, what part of the dog's body enjoys getting wet if it goes in the water?"
,0,"When taking a dog for a walk on the beach, if the dog enjoys playing in the water, which part of its body is likely to be wet?","When taking a dog to be in the water for a walk, if the dog enjoys playing on the beach, which part of its body might be hot?"
,0,the reflection of the persons in the mirror,the reflection of the persons in the mirror
,0,"When driving at night, it is important to have proper lighting on the front of the vehicle to ensure safety. What part of the vehicle in the picture provides this lighting?","When driving at night, it is important to ensure the lighting of the vehicle in the front of the vehicle to ensure proper visibility. What part of this picture provides lighting?"
,0,"While driving at night, what component of the vehicle shown in the picture provides proper illumination to ensure safety on the road?","While driving on the road, what component in the picture shown provides proper illumination to ensure safety during the night?"
,0,"During night-time driving, which part of a vehicle is used to provide adequate lighting on the front to ensure driver safety?","During night-time driving, which part of a vehicle is used to provide adequate lighting to ensure safety on the front?"
,0,"When driving at night, proper lighting on the front of a vehicle is essential for safety. Could you tell me what part of the vehicle in the picture provides this lighting?","When driving at night, knowing the lighting on the front of the vehicle is essential for proper visibility. What part of this picture could you provide lighting in?"
,0,"When driving at night, proper lighting on the front of the vehicle is crucial for ensuring safety. What component of the vehicle in the picture provides this lighting?","When driving at night, proper lighting of the vehicle is crucial for ensuring visibility. What component in the picture in this vehicle provides this lighting?"
,0,"In a classroom setting, students often engage in activities that require writing and taking notes. What object in the picture would students use to write with?","In a classroom setting, students often use writing to engage with notes. What object in the picture would they require writing or taking in?"
,0,"During a classroom setting, students usually engage in activities that involve writing and taking notes. What object in the picture would be utilized by students as a writing tool?","During classroom activities, students usually engage in writing and taking notes. What object in the picture would be utilized by students as a writing tool?"
,0,"In a classroom setting, students often engage in activities that require writing and taking notes. Please identify the object in the picture that students would use to write.","In a classroom setting, students often engage in activities that require reading. Please identify the object in the picture that students would use to write and take notes."
,0,What object in the picture would students typically utilize to write and take notes during classroom activities?,What object in the picture would students typically utilize to write and take notes during classroom activities?
,0,"In a classroom setting, what object in the picture might be used by students to take notes or write?","In a classroom setting, what object in the picture might be used by students to take notes or write?"
,0,"During classroom activities that involve note-taking and writing, what object would students use to compose their work?","During classroom activities that involve note-taking and writing, what object would students use to write their work?"
,0,What home appliance is commonly used to store fresh and frozen food at low temperatures?,What home appliance is commonly used to store frozen and fresh food at low temperatures?
,0,What common household appliance is typically used to store fresh and frozen food at low temperatures?,What common household appliance is typically used to store frozen and fresh food at low temperatures?
,0,What electrical appliance is typically used to preserve fresh and frozen food by maintaining low temperatures?,What electrical appliance is typically used to maintain fresh food and frozen temperatures by storing low quality?
,0,What household appliance is usually utilized to store fresh and frozen food at low temperatures?,What household appliance is usually utilized to store frozen and fresh food at low temperatures?
,0,What is the commonly used home appliance to store fresh and frozen food at low temperatures?,What is the commonly used home appliance to store frozen and fresh food at low temperatures?
,0,Flowers need sunlight to grow and bloom. What in the picture can provide the necessary light for the flowers to thrive?,Flowers need light to bloom and grow. What in the picture can provide the necessary sunlight for the flowers to thrive?
,0,"For the flowers to grow and bloom, they require adequate sunlight. Please identify which object in the picture could provide the necessary light for the flowers.","For the flowers to bloom, they require adequate light. Please identify which object in the picture could provide the necessary light for the flowers to bloom."
,0,What in the picture could serve as a source of light to facilitate the growth and blooming of the flowers?,What in the picture could serve as a source of light to facilitate the growth and blooming of flowers?
,0,What in the picture can provide the necessary light for the flowers to grow and thrive?,What in the picture can provide the necessary light for the flowers to grow and thrive?
,0,What in the picture can provide the necessary light for the flowers to thrive since they require sunlight to grow and bloom?,What in the picture can provide the necessary light for flowers to bloom and thrive since they require sunlight to grow?
,0,Flowers require sunlight to grow and blossom. What in the picture might serve as a source of light that could enable the flowers to flourish?,Flowers require light to bloom and emerge. What in the picture could serve as a source of light that could blossom?
,0,"After doing laundry, where should we put the wet clothes?","After doing laundry, where should we put the wet clothes?"
,0,"Once the laundry is done, where should the wet clothes be placed in the picture?","Once the laundry is done, where should the clothes be placed in the picture?"
,0,"After doing laundry, where should the wet clothes be placed for drying?","After doing laundry, where should the clothes be dryed for drying?"
,0,"Once the laundry is done, where is the best place to put the damp clothes until they dry?","Once the dirt is done, where is the best place to put the laundry dry?"
,0,"After washing clothes, where should we put the wet clothing to be properly dried?","After keeping wet clothes, where should the clothes be dried to put out?"
,0,"After doing laundry, where should wet clothes be placed for drying?","After doing laundry, where should clothes be dryed for drying?"
,0,Many trees produce seeds that eventually grow into new trees. What part of the tree in the picture would contain the seeds that can sprout and grow into a new oak tree?,Many trees produce seeds that eventually sprout into new trees. What part of the tree in the picture could contain the seeds that would grow into a new oak tree?
,0,"In the picture, which part of the tree tends to contain the seeds that can grow into new oak trees?","In the picture, which part of the tree might contain the seeds that can grow into new oak trees?"
,0,"In general, trees produce seeds that can sprout and grow into a new generation of trees. Based on the image presented, what part of the tree is most likely to contain seeds that can take root and develop into a mature oak tree?","In general, trees produce seeds that can grow and spread out into a new tree. Based on the picture, what part of the tree is likely to contain seeds that can develop into a mature oak tree?"
,0,"In the picture of the tree, what part(s) do you think would contain the seeds capable of germinating and developing into a new oak tree?","In the picture, what part(s) of the seed might you think would contain the seeds capable of enriching and forming a new tree?"
,0,Which part of the tree in the picture houses the seeds that can sprout and develop into a new oak tree?,Which part of the tree in the picture can enlarge and grow into a seed oil?
,0,What object in the picture can make the air in the indoor environment fresher and more comfortable?,What object in the image can make the indoor environment more comfortable and fresh?
,0,What object in the picture could make the indoor air fresher and more comfortable to breathe?,What object in the picture could make the indoor air more comfortable and to breathe?
,0,What appliance in the picture could be used to make the indoor air fresher and more comfortable?,What appliance in the picture could be used to make the indoor air more comfortable and more comfortable?
,0,What object in the image can improve the freshness and comfort of indoor air quality?,What object in the image can improve the freshness and indoor air quality of comfort?
,0,What object in the picture can promote the circulation of fresh and comfortable air in the indoor environment?,What object in the picture can promote the circulation and fresh air of indoor environment?
,0,What equipment in the picture can be used to make the air quality in an indoor environment feel fresher and more comfortable?,What equipment in the image can be used to make the indoor atmosphere of a coffee shop feel more comfortable and fresh?
,0,"When someone is reading a book or a magazine and wants to take a break, they may need a specific object to mark their place. What item in the picture is commonly used for this purpose?","When someone is reading a book or is taking a break, they need a specific item to mark their place. What object in the picture might be commonly used for this purpose?"
,0,What object seen in the picture is frequently utilized to help someone mark their place when taking a break while reading a book or a magazine?,What object seen in the picture is frequently utilized to help someone keep their mark while reading a book or taking a break in a magazine?
,0,What object could be utilized to mark a reader's place when they take a break from reading a book or a magazine in the given picture?,What object can be used to mark a spot in a reading or a story when they take a reader's break from a given publication?
,0,What object in the image is frequently used to mark one's place when taking a break from reading a book or a magazine?,What object in the image is often used to keep a mark from taking a break when reading a book or a magazine?
,0,"When someone is reading a book or a magazine, and they want to take a break, what item could they use to mark their place?","When someone is reading a book or a magazine, and they want to put something on their shirt, what item can they use to mark a pause?"
,0,What item in the picture is commonly used as a bookmark for someone reading a book or magazine who wants to take a break and come back to the same spot?,What item in the picture is commonly used to catch a break or magazine and want to come back to the same spot as a book?
,0,"In the picture, what object is on the ground and known for its slithering movements?","In the image, what object is on the ground and known for its sliding movements?"
,0,What is the object on the ground in the picture that is known for its slithering movements?,What is the object on the ground that is known for its sliding movements in the picture?
,0,What object is located on the ground in the picture and is typically characterized by its slithering movements?,What object in the image is located on the ground and is typically characterized by its sliding movements?
,0,"What's the object on the ground in the picture, and famous for its slithering motions?","What's the object on the ground, and famous for its slits in the street motions?"
,0,"What animal, known for its slithering movements, is depicted in the picture on the ground?","What animal, known for its sliding actions, is depicted in the picture on the ground?"
,0,"Ladybirds, also known as ladybugs, are common insects found in gardens and fields. What part of the ladybird's body is often brightly colored with spots?","Ladybugs, also known as ladybirds, are often found in gardens and fields. What part of the ladybird's body is commonly colored with bright spots?"
,0,"Ladybirds, commonly known as ladybugs, are common insects that may be discovered in gardens and fields. What component of the ladybird is frequently marked with bright spots or vibrant colors?","Ladybugs, commonly known as ladybugs, are commonly found in gardens and gardens. What bright colored item with certain colors may be seen on plants?"
,0,"Ladybirds, alternatively referred to as ladybugs, are common insects frequently encountered in gardens and fields. What portion of a ladybird's physique tends to be distinctively hued and covered in spots?","Ladybugs, commonly referred to as ladybugs, are commonly brought upon in gardens and fields. What subset of a ladybug's skin is generally well-characterized with unusual spots?"
,0,"Ladybirds, also known as ladybugs, are common insects that can be found in gardens and fields. What part of the ladybird's body is usually brightly colored and marked with spots?","Ladybugs, also known as ladybirds, are usually found in gardens and areas. What part of the ladybird's body is commonly colored with black spots?"
,0,"Ladybirds, also known as ladybugs, are common insects found in gardens and fields. What is the anatomical part of the body where the ladybird's bright spots are located?","Ladybugs, also known as ladybirds, are small insects found in spherical areas. What is the anatomical part of the ladybird's body where they are found?"
,0,"Ladybirds, commonly seen in gardens and fields, have a distinctive appearance. Which part of their body is often brightly colored and spotted?","Birds, commonly seen in gardens, have a distinctive appearance and body color. Which part of their body is often colored and spotted?"
,0,"When playing baseball, it is important to protect our feet from injuries when running and sliding. What item in the picture is specifically designed for this purpose?","When playing baseball, it is important to protect our feet from injury and burning. What item in the picture is specifically designed for this purpose?"
,0,What item in the picture is intended for protecting our feet from injuries while running and sliding during baseball?,What item in the picture is designed for protecting our feet from injuries while running and sliding during baseball?
,0,"In baseball, it is necessary to protect feet from injury while running or sliding. What object in the image is designed specifically for this purpose?","In baseball, it is necessary to protect feet from running or sliding. What object in the image is specifically designed for this purpose?"
,0,What item in the picture is intended to protect the feet from injury during running and sliding while playing baseball?,What item in the picture is intended to protect the feet while playing baseball and preventing sliding from injury while running?
,0,"When playing baseball, what object is specifically designed to protect the feet from injuries when running and sliding?","When playing baseball, what object is specifically designed to protect the feet from injuries and sliding when running?"
,0,"When playing baseball, it is important to protect our feet from injuries when running and sliding.  Stylishly as well, in modern times. Which item in the picture is specifically designed to provide such protection?","When playing baseball, it is important to wear protective shoes. What in the picture is specifically designed to keep this footing up and comfortable, as such in many cases?"
,0,the person who is currently preparing to catch the ball,the person who is currently preparing to catch the ball
,0,"When playing video games, what object in the picture is commonly held and used to control the actions of the characters on the screen?","When playing video games, what object in the picture is commonly used to control the actions of the characters on the screen?"
,0,What item in the picture is typically held and utilized to control the actions of video game characters on the screen?,What item in the picture is typically utilized to control and hold the actions of characters on the video screen?
,0,"When playing video games, what device is typically held and used to control the actions of the characters on the screen, based on the image?","When playing video games, what device is typically used to control the actions of the characters on the screen, displayed and written on the image?"
,0,What item in the picture is often used to control the actions of characters on the screen when playing video games?,What item in the picture is often used to control the actions of characters on the screen when playing video games?
,0,"When playing video games, what controller in the picture is commonly held and utilized to manage the movements and actions of the characters on the screen?","When playing video games, what mechanism in the picture is commonly utilized to hold and control the movements and actions of the characters on the screen?"
,0,"In video gaming, what object is usually held in hand and utilized to control the actions of the game's characters displayed on the screen?","In video game games, what object is typically utilized to control the actions of the mouse and displayed on the screen?"
,0,Teachers usually write key words or questions on what object during the class?,Teachers often write key words or questions on what object during the class?
,0,What is an object that teachers regularly use to write key words or questions on during a class?,What is an object that teachers use to write key words or questions on during a class?
,0,"During a typical class, what object might teachers commonly use to write down key words or questions?","During a typical class, what object might teachers use to write down key words or questions commonly?"
,0,"During class, what object might teachers typically utilize to write down key words or questions?","During class, what object might teachers typically use to write down key words or questions concerning?"
,0,"During a class, what object do teachers commonly use to write down key words or questions?","During a lecture, what object do teachers commonly use to write down key words or questions?"
,0,"During a class, what object do teachers often write down key words or questions on?","During a class, what object do teachers often write down key words or questions on?"
,0,something that prevents the animal from getting out,something that prevents the animal from getting out
,0,the objects that can illuminate the road conditions,the objects that can illuminate the road conditions
,0,What should we use to prevent water from splashing around when taking a shower?,What should we use to prevent water from splashing around when taking a shower?
,0,What object or tool might be used to prevent water from splashing around during a shower?,What object or tool might be used to prevent water from splashing around during a shower?
,0,Which item can be utilized to prevent water from splashing around during a shower?,Which item can be utilized to prevent water from splashing around during a shower?
,0,What can be used to prevent water from splashing outside of the shower area while taking a shower?,What can be used to avoid water from splashing outside of the shower while taking a shower?
,0,What can we utilize to keep water from splashing around while showering?,What can we utilize to keep water from splashing around while showering?
,0,What can be utilized during a shower to prevent water from splashing around?,What can be utilized during a shower to prevent water from splashing around?
,0,"In a fairytale story, what object is often associated with magical creatures and can unlock hidden secrets or treasures?","In an ancient fairytale, what object can contain creatures and unlock mysterious treasures or powers?"
,0,"In many fairy tales, what object is typically associated with magical creatures and is capable of unlocking hidden secrets or treasures?","In many fairy tales, what object is typically associated with magical creatures and is capable of revealing hidden treasures or secrets?"
,0,"In a fairytale, what object is frequently linked with magical creatures and has the ability to unlock hidden secrets or treasures?","In a fairytale, what object is often associated with creatures and has unlimited secrets and magical powers?"
,0,"Magical creatures in fairytale stories are often associated with what type of object, which can have the power to unlock hidden secrets or treasures?","Animals in hidden treasures are often associated with magical powers, which object can showcase how to cut the hidden gems or powers?"
,0,"In a fairytale story, which object is commonly related to magical creatures and has the power to unlock hidden secrets or treasures?","In a fairytale story, which object is related to creatures and can secretly capture magical secrets or treasures?"
,0,"In many fairytale stories, a particular object is often associated with magical creatures and can unlock hidden secrets or treasures. Can you guess what that object might be, based on common fairy tales?","In fairy tales, a certain creature is often associated with hidden creatures, and can often match these magical treasures or mysteries. Can you guess what that object is based on?"
,0,something showing the price,something showing the price
,0,something that can be used to attack enemies from a distance,something that can be used to attack enemies from a distance
,0,Birds often need a high vantage point to observe their surroundings. What in the picture provides a suitable location for birds to perch and rest?,Birds often need a suitable spot to perch and rest. What in the picture provides a vantage point for birds to observe their surroundings?
,0,"What in the picture could function as a suitable location for birds to perch and rest, as they often require an elevated vantage point to observe their surroundings?","What in the picture could serve as a suitable location for birds to perch and explore, as they often require a vibrant surroundings to rest?"
,0,What in the picture might provide a comfortable place for birds to perch and rest while maintaining an unobstructed view of their surroundings?,What in the picture might provide a resting place for birds to rest and enjoy their surroundings while maintaining an unobstructed view of their environment?
,0,"What in the picture could serve as a suitable location for birds to perch and rest, as they often require a high vantage point to observe their surroundings?","What in the picture could serve as a suitable location for birds to perch and observe their surroundings, as they often require a high point to rest?"
,0,the musician,the musician
,0,What in the picture can transport skiers and snowboarders up the mountain to the top of the ski slope?,What can transport skiers and snowboarders to the top of the mountain down the slope?
,0,What equipment or machinery in the picture can be used to transport skiers and snowboarders to the top of the ski slope?,What equipment and machinery in the picture can be used to skiers or snowboarders to reach the top of the ski slope?
,0,What in the picture shows a mechanism used to transport skiers and snowboarders up the mountain to the top of the ski slope?,What in the picture is used to transport skiers and snowboarders down the slope to the top of the ski mountain?
,0,What object can transport skiers and snowboarders to the top of a ski slope in the picture?,What object can transport skiers and snowboarders to the top of a ski slope in the picture?
,0,What is the commonly used equipment in this picture to transport skiers and snowboarders up to the top of the ski slope?,What is the commonly used equipment in this picture to transport skiers and snowboarders up to the top of the ski slope?
,0,"In snowy weather, driving can be challenging due to limited visibility. What part of the car in the picture is used to illuminate the road ahead and improve visibility?","In snowy weather, driving can be difficult due to visibility. What part of the car in the picture is used to illuminate the road ahead and improve visibility?"
,0,"When driving in snowy weather, visibility is often limited, making it challenging. What part of the car in this picture would be utilized to illuminate the road and enhance visibility?","When driving in snowy weather, it is often illuminated to enhance visibility. What part of the road in this picture would be utilized, making the road challenging?"
,0,"During snowy weather, visibility is typically reduced, which makes driving more difficult. What part of the car in the picture is used to illuminate the road ahead and improve visibility?","During snowy weather, driving in the road is usually easier. What part of the car is displayed below to enhance visibility and make driving easier?"
,0,"What part of the car in the picture is used to illuminate the road ahead and improve visibility, particularly during times of limited visibility such as snowy weather?","What part of the car in the picture is used to calm down the road during times of visibility, especially during dark conditions such as snow?"
,0,"When driving under snowy weather conditions, visibility can be a major challenge. What part of the car displayed in the picture is typically utilized to light up the pathway ahead and improve visibility in such circumstances?","When driving over snow in severe weather conditions, visibility is typically a challenge. What part of the car in the picture can be utilized to level up the road and maximize visibility during such a scenario?"
,0,Driving in snowy weather can be challenging due to limited visibility. Which part of the car in the picture is typically utilized to illuminate the road ahead and enhance visibility?,Driving over snow in the road can be tricky due to visibility. Which part of the car in the picture is typically utilized to illuminate and enhance road visibility?
,0,What in the picture can be worn on the feet to glide smoothly on the pavement or floor?,What in the picture can be worn to glide smoothly on the feet or floor?
,0,What object in the picture can be used to glide smoothly on the pavement or floor when worn on the feet?,What object in the picture can be used to stretch comfortably when worn on the pavement or on the feet?
,0,"What type of equipment, which can be worn on the feet to promote smooth sliding on the pavement or the floor, can be identified in the picture?","What type of equipment, which can be worn to promote smooth sliding on the ground or the pavement in the picture, can be identified on the feet?"
,0,What object can be worn on the feet in the image to move smoothly on the pavement or floor?,What object can be worn on the floor to move smoothly in the image on the pavement or feet?
,0,Can you tell me what object in the picture can be worn on the feet to glide smoothly on the pavement or floor?,Can you tell me what object in the picture can be worn to stretch comfortably on the pavement or feet?
,0,What object in the picture should be worn on the feet to move smoothly across the pavement or floor?,What object in the picture should be worn on the floor to move smoothly across the feet or floor?
,0,"Many people like to watch movies on TV, but the sound from the TV itself may not be loud enough or of good quality. What device in the picture can enhance the sound from the TV?","Many people enjoy watching TV from the TV or like it, but the sound in the picture may not be good enough to convey the quality of sounds. What device on the TV can amplify the sound?"
,0,"While many people enjoy watching movies on TV, the TV's sound may not be loud enough or of high quality. What object in the picture can be used to enhance the TV's audio?","While many TVs enjoy the movies on the TV, it may not be good enough to reflect the sound or quality. What object in the picture can be used to amplify TV's sound?"
,0,"When watching a movie on TV, some people may find the sound from the TV itself insufficient or of poor quality. What device in the picture could be used to enhance the TV sound?","When watching a TV from a distant view, some of the sound in the TV could be of poor quality or imminent. What device in the picture could be used to enhance the TV content?"
,0,"If someone wants to watch a movie on TV, but the sound from the TV itself isn't loud enough or is of poor quality, what device in the picture could be utilized to improve the sound?","If someone wants to watch a movie on the TV or is using it to improve the sound quality, what device in the picture could be utilized to provide loud sound isn't good?"
,0,"Assuming this is a restaurant kitchen and the chef finds that there is not enough food, and needs to inform the restaurant staff promptly to notify the customers. Which device in the picture is the chef most likely to use for instant communication?","Assuming that is a restaurant not in the situation, and the restaurant is likely to use the menu to supply the restaurant with the necessary information. What device is the restaurant staff promptly asking guests to eat?"
,0,"Suppose that this is a kitchen within a restaurant and the chef realizes there isn't enough food. To quickly notify the restaurant staff so that they can alert the customers, which object within the picture would the chef most likely utilize for instant communication?","Suppose that there's a restaurant that the customer realizes is not providing enough food. To prompt the customer to turn the tools inside the restaurant so that they can accurately communicate, which kitchen would this manager likely assume within a restaurant?"
,0,"As the chef in a restaurant kitchen, if you discover that there is an inadequate amount of food, and you need to communicate with other staff promptly to inform customers, which device present in the picture would be the most appropriate for instant communication?","If you are a chef, and there is a significant amount of food in the kitchen, which device in the kitchen might be adequate to communicate promptly, ask that if you want to receive additional menu information?"
,0,"In the given scenario of a busy restaurant kitchen where the chef discovers there isn't enough food, and prompt communication with the restaurant staff is essential to notify the customers, what device in the picture could the chef likely use for instant communication?","In the scenario where a restaurant requires enough kitchen equipment to prompt the restaurant manager to enjoy the pleasant food, what message in the picture might kitchen manager be displaying effectively?"
,0,"Suppose it is a restaurant kitchen, and the chef finds that there is not enough food and needs to inform the staff quickly to notify customers. Which device in the picture is the chef likely to use for prompt communication?","Suppose there is a restaurant that needs to be friendly, and the chef is likely not providing the necessary information to alert customers. What device in the picture is the chef pointing to to cook dinner?"
,0,"Suppose this is a restaurant's kitchen, and the chef discovers that there isn't enough food, necessitating a notification to the staff to promptly inform the customers. Based on the picture, which device is the chef most likely to employ to facilitate quick communication?","Given that there's a restaurant, which device is the manager supposed to prompt the restaurant to provide a quick menu, and the manager is likely to inform the staff about the food. Should this be enough to establish a communication with customers?"
,0,"In formal events, people often wear accessories to enhance their outfits. What item in the picture is typically worn around the neck to complement a formal attire?","In formal occasions, people often wear accessories to enhance their formal outfits. What item in the picture is typically worn around the neck to complement a attire?"
,0,"Formal events often require the use of accessories to enhance an individual's outfit. What attire accent is typically sported around the neck to compliment a formal outfit, as indicated by the image?","Formal attire is often utilized to enhance an individual's appearance. What accessories typically fit under the neck of a formal event, as depicted by the image to complement an outfit?"
,0,"At formal occasions, people often wear decorations to embellish their outfits. Which object in the picture is usually worn around the neck to accent a formal ensemble?","To decorate formal occasions, people often wear outfits to imitate a elegant look. Which object in the picture is often worn to enclose the neck at their ambiance?"
,0,"What item would one typically wear around the neck to complement formal attire during events, as seen in the picture?","What item would one typically wear around the neck to represent formal attire, as seen in the picture?"
,0,"In formal events, people often wear accessories to enhance their outfits. What is the item in the picture that is traditionally worn around the neck to complement formal attire?","In formal occasions, people often wear accessories to enhance their formal attire. What is the item in the picture that is typically worn around necklaces to complement the outfit?"
,0,What item could we use to complement our formal attire when attending formal events usually worn around the neck as an accessory in this picture?,What item could we use around our neck to attire an formal attire when worn in formal events usually as part of this picture?
,0,something that can fly out of the earth,something that can fly out of the earth
,0,"If it's very sunny outside, what object can effectively block the sun to let light enter lightly from the window?","If it's sunny outside, what object can block light to let the light completely flow naturally from the window?"
,0,"If it's very sunny outside, what object in the picture can be utilized to block direct sunlight, while still allowing a certain amount of light to enter through the window?","If it's sunny outside, what object in the picture can be utilized to block the sunlight, while allowing a certain amount of light to enter through completely?"
,0,What object could be used to effectively block sun rays from coming in too strongly through a window during very sunny weather but still allow for some light to enter?,What object could be used to block sunlight from coming through but would allow very bright rays to enter something quite permanently during a bad day?
,0,Suppose it's very sunny outside and you want to block the sun while still allowing some light to enter through the window. What item can be used for this purpose?,Suppose it's sunny and you want to block the sun while still allowing some light to enter through the window. What item can be used for this purpose?
,0,"On a bright sunny day, what object could be utilized to effectively block the sun while allowing light to enter the room?","On a bright sunny day, what object could be utilized to block the sun while allowing light to effectively enter the room?"
,0,"On a very sunny day, what object can be used to effectively block out the sun while allowing light to gently filter into the room through the window?","On a sunny day, what object can be used to gently block out the sunlight while allowing light to effectively flow through the window?"
,0,the area on the tennis rackets used to strike a tennis ball,the area on the tennis rackets used to strike a tennis ball
,0,the ring with the largest width,the ring with the largest width
,0,"During a solar eclipse, the Moon passes between the Earth and the Sun, blocking the sunlight. What object in the picture can be responsible for creating the shadow and causing the eclipse?","During an eclipse, the Moon passes between the Earth and the sun, creating a shadow. What object in the picture can be responsible for blocking the sunlight and causing the solar eclipse?"
,0,"During a solar eclipse, the Moon passes between the Earth and the Sun, blocking sunlight. What celestial body or object throughout the image can cast a shadow and cause an eclipse?","During an eclipse, the Moon passes between the Earth and the Sun, creating a solar eclipse. What celestial object or body can cast a shadow over the Moon during an event?"
,0,"What might be responsible for the creation of a shadow during a solar eclipse, resulting in the blockage of sunlight?","What might be responsible for the creation of a shadow during a solar eclipse, resulting in the blockage of sunlight?"
,0,"What object in the image might be responsible for casting the shadow and causing a solar eclipse to occur, during which the Moon passes between the Earth and the Sun and blocks sunlight from reaching the Earth?","What object in the image might be responsible for blocking the sunlight and causing the Moon to pass between the Earth and the Sun, when the Moon passes through an orbit."
,0,The Earth is orbited by man-made objects that serve various purposes. What in the picture is specifically designed to orbit the Earth and carry out specific tasks or missions?,The Earth is surrounded by objects that carry out specific functions or missions. What in the picture is designed specifically to carry and coordinate man-made activities?
,0,What object in the picture is specifically constructed to be placed in orbit around the Earth to execute specific missions or operations?,What object in the image is specifically constructed to be placed around the Earth to carry missions or orbit?
,0,What object in the picture is specifically designed to orbit the Earth and carry out various missions and tasks?,What object in the picture is specifically designed to carry out various missions and orbit the Earth?
,0,"Within the image provided, what is the object that is specifically designed to orbit around the Earth and execute certain tasks or missions?","Within the image presented, what is the object that is designed to carry around the planet or orbit certain objects and tasks?"
,0,Which object in the picture is intended to orbit the Earth and perform specific tasks or missions?,Which object in the image is intended to orbit the Earth and perform specific missions or tasks?
,0,"As an AI assistant, please help me identify the object that is specifically designed to orbit around the Earth and perform specific tasks or complete missions.","As an AI mission specialist, please identify the object that is specifically designed to help you do missions or coordinate objects around the Earth and complete specific missions."
,0,"In the wild, animals often exhibit specific behaviors and adaptations that help them survive in their natural habitats. What part of the animal in the picture can be used for defense and aggression?","In the wild, animals often learn to adapt and survive in specific habitats. What part of the animal in the picture can provide behavioral patterns and tactics that are established for their prey?"
,0,Which body part of the animal in the picture can be used for defense and aggression in the wild?,Which animal in the picture can be used for body and defense in the action of the trout?
,0,"In the wild, animals often exhibit behaviors and adaptations that help them survive in their natural habitats. Which part of the animal in the picture is used for defense and aggression?","In the wild, animals often learn to survive and behave in habitats that offer them prey and behavior. Which part of the animal in the picture is used for their adaptations?"
,0,"What part of the animal in the picture is an adaptation that can be used for defense and aggression, allowing it to survive in the wild?","What part of the animal in the picture is a adaptation that can be used to survive in the wild, allowing it to fight for defense and adaptation?"
,0,"What part of the animal shown in the picture could be utilized for both defense and aggression, as observed in the wild?","What part of the animal shown in the picture could be utilized for both defense and deflection, as observed in the wild?"
,0,Navigating on the sea can often be dangerous due to various hazards. What in the picture could pose a threat to humans?,Traveling on the beach can be dangerous due to various hazards. What in the picture could pose a threat to humans?
,0,"In a maritime setting, there are many hazards that can pose dangers. Based on this image, please identify what objects might threaten human safety?","In a maritime setting, there are many hazards that could pose human danger. Based on this image, please identify areas where passengers might protect others?"
,0,"During sea navigation, there can be numerous hazards and risks. What in the picture could potentially pose a threat to humans?","During ocean waves, there could be a potential threat to safety and hazards. What in the picture could pose significant risks?"
,0,There are often numerous hazardous factors in sea navigation. What objects in the picture might pose a threat to people?,There are often hazardous factors in many objects. What visible danger in the picture might pose a threat to people?
,0,"When navigating on the sea, there are usually various hazards that could pose threats to humans. Based on the picture, what could be some of these potential hazards?","When walking on a boat, there are various hazards that could be potential threats to humans. Based on the picture, what might be some of these hazards?"
,0,What would you consider hazardous to human navigation in the picture owing to challenges that may arise when navigating on the sea?,What would you expect to find in the picture owing to human limitations that arise when navigating on the ground?
,0,"When driving on the road, we often encounter different types of vehicles. What type of vehicle in the picture is commonly used for public transportation and has two levels?","When driving on public roads, we often encounter different types of vehicles. What type of vehicle in the picture is commonly used for transportation and has three levels?"
,0,"When driving on the road, we often encounter a diverse range of vehicles. Among those, which type of vehicle in the picture is commonly used for public transportation, featuring two levels?","When driving on a highway, we often encounter a variety of vehicles. Which type of vehicle in the picture is commonly used for transportation, featuring the following levels?"
,0,"Vehicles come in many shapes and sizes, and we typically encounter a variety of them while driving on the road. In this picture, which form of transportation is common for public use, and typically features two levels?","Vehicles come in many shapes and sizes, and we often encounter one on the road while riding. What type of transportation is common for these purposes, and contains a variety of units?"
,0,"When driving on the road, we often come across a variety of vehicles. What type of vehicle in the picture is frequently employed for public transportation and includes two levels?","When driving on a public road, we come across several vehicles. What type of vehicle in the picture is often utilized for transportation and includes three types?"
,0,"In the picture, what type of vehicle is frequently used for public transportation and often features two levels when driven on the road?","In the picture, what type of vehicle is often used for public transportation and is often built on two levels?"
,0,"When driving on the road, we often see different types of vehicles. What type of vehicle is depicted in the image that is commonly used for public transportation and has two levels?","When driving on public roads, we often see different types of vehicles. What type of vehicle is depicted in the image that is commonly used for transportation and has three categories?"
,0,"In a city landscape, what structure serves as a connection between two areas separated by a river?","In a city setting, what structure serves as a boundary between two communities surrounded by a river?"
,0,"In a city landscape, what structure serves to connect two areas separated by a river?","In a city landscape, what structure serves to connect two areas separated by a river?"
,0,"In a city landscape, what type of structure typically functions as a link between two areas separated by a river?","In a city setting, what type of structure typically functions as a link between two streets separated by a river?"
,0,"In a city landscape, which structure typically serves as a connection between two areas that are separated by a river?","In a city setting, which structure serves as a bridge between two adjacent communities that are usually surrounded by a river?"
,0,"In the context of a city landscape, what type of structure is commonly used to connect two areas separated by a river?","In the context of a city, what structure is commonly used to connect two areas separated by a river?"
,0,What structure typically acts as a connection between two areas separated by a river in a city landscape?,What structure typically acts as a boundary between two cities separated by a river in an area?
,0,the buildings that offer a scenic view,the buildings that offer a scenic view
,0,"When riding a dirt bike, it is important to protect the head from potential injuries. What object in the picture can help ensure the safety of the motorcyclist's head?","When riding a motorcycle, it is important to protect the head from possible injuries. What object in the picture can help to ensure the safety of the bike's head?"
,0,What item in the picture could be used to protect a motorcyclist's head from injury while riding a dirt bike?,What item in the picture could be used to protect a cyclist's head from injury while riding a bike dirt bike?
,0,What item in the picture can be used to ensure the safety of the motorcyclist's head while riding a dirt bike?,What item in the picture can be used to ensure the safety of the head while riding a motorcycle's scooter?
,0,"While riding a dirt bike, it is crucial to protect the head against possible injuries. Which item in the picture can assist in safeguarding the head of the rider?","While riding a bicycle, it is crucial to protect the head of the rider. Which item in the picture can assist in safeguarding the head from the face?"
,0,"When riding a dirt bike, it is crucial to protect the head from potential injuries. Could you suggest what item in the picture can assist in keeping the safety of the motorcyclist's head during a ride?","When riding a motorcycle, it is crucial to keep the head of the bike warm to prevent injuries. What item in the picture could assist you in locating the head's safety from a bicyclist?"
,0,"In an equestrian competition, what objects would the horse and the rider need to jump over as part of the course?","In an equestrian competition, what parts of the horse would the rider need to run as a course?"
,0,"In an equestrian competition, what obstacles do horses and riders need to jump over as part of the course?","In an equestrian competition, what obstacles can riders need to run as part of the course?"
,0,Can you identify the objects that a horse and rider would be required to jump over as part of a course in an equestrian competition?,Can you identify the items that a horse and rider would be required to take part in a horse competition as an equestrian course?
,0,What objects are typically included in an equestrian competition course that the horse and rider must jump over?,What items typically included in an equestrian competition course that the horse and rider must run over?
,0,"During an equestrian competition, what objects will the horse and rider be required to jump over as part of the course?","During an equestrian course, what equipment will the horses and riders be required to take part as part of the race?"
,0,What in the picture provides a fun and bouncy surface for children to play and jump on?,What in the picture provides a fun and playful surface for children to bounce on and play?
,0,What in the picture provides a fun and bouncy surface for children to play and jump on?,What in the picture provides a fun and playful surface for children to bounce on and play?
,0,What object provides a fun and bouncy surface for children to play and jump on in the picture?,What object provides a fun and playful surface for children to bounce on and play in the picture?
,0,What could provide a fun and elastic surface for children to jump and play on in the picture?,What could provide a fun and elastic surface for children to play and jump on in the picture?
,0,What provides a fun and bouncy surface in the picture for children to play and jump on?,What provides a fun and playful surface for the children to bounce on and play around?
,0,What object in the picture might provide a fun and bouncy surface for children to play and jump on?,What object in the picture might provide a fun and play surface for children to bounce on?
,0,the lock of the car doors,the lock of the door of the car doors
,0,What is the object that displays the current time on the wall called?,What is the object on the wall that displays the current time called?
,0,What is the device called that indicates the current time and is generally mounted on a wall?,What is the device called that indicates the time is current and is usually mounted on a wall?
,0,What do you call the item on the wall that displays the current time?,What do you call the item on the wall that displays the current time?
,0,What is the name of the object that often hangs on the wall and displays the current time?,What is the name of the object that often hangs on the wall and displays the current time?
,0,What is the term for the object on the wall that presents the current time?,What is the term for the object on the wall that displays the current time?
,0,What is the common name of the device commonly mounted on the wall that displays the current time?,What is the common device commonly mounted on the wall that displays the name of the time?
,0,"In the picture, there is a tall wooden structure that is carved and often found in certain cultures. What is this structure called?","In the picture, there is a tall structure that is found and often carved in certain cultures. What is this wooden structure called?"
,0,"What is the name of the tall wooden structure, often intricately carved, that is commonly found in certain cultures and present in the picture?","What is the common structure of the ornamental car, that is often found tall and well arranged in various designs, commonly seen in the picture?"
,0,"What is the name of the tall wooden structure that is often carved and frequently encountered in some cultures, as seen in the picture?","What is the name of the tall structure that is often seen in the pictures and carved in some styles, as is frequently encountered by ancient culture?"
,0,"What is the name of the tall wooden structure, which is often intricately carved and can be found in some cultures, as shown in the picture?","What is the name of the tall architectural structure, which can be found in many crops and is often carved in detail, as shown in the picture?"
,0,"What is the name of the tall, normally-carved wooden structure found in some cultures that can be seen in the picture?","What is the name of the tall, usually wooden-like structure that can be found in some cultures seen in the picture?"
,0,"In the picture, a tall wooden structure that is often found in certain cultures and is usually carved. What is the name for this structure?","In the picture, a tall structure that is usually found in certain cultures and is usually carved. What is the name for this wooden structure?"
,0,the people whom i don't know between my leftmost and rightmost friends,the people i don't know between my leftmost and rightmost friends
,0,It is currently very hot inside the room. What object can be used to adjust the indoor temperature to a comfortable level?,It is currently indoor at this warm room. What object can be used to adjust the temperature to a comfortable level?
,0,What object could be used to adjust the indoor temperature to a comfortable level if it is very hot inside the room?,What object could be used to adjust the indoor temperature to a comfortable level if it is very hot inside?
,0,"If it's very hot inside the room, then what object can be used to adjust the indoor temperature to a comfortable level?","If it's very warm inside the room, what object can be used to adjust the indoor temperature to a comfortable level?"
,0,"As a smart home AI, what object would you activate to regulate the indoor temperature to a comfortable level, given that the current temperature is high?","As a smart indoor, what object would you activate to regulate the temperature to a stable level, given that the AH voltage is current?"
,0,What could be used to adjust the indoor temperature to a comfortable level if it's currently sweltering in the room?,What could be used to adjust the temperature to a comfortable level if it's temporarily swimming in the room?
,0,"As a smart home AI, what object would you suggest using to adjust the indoor temperature to a comfortable level, given the high temperatures in the room?","As a smart home comfort, what object would you suggest using to adjust the indoor temperatures in the room on a high level?"
,0,What object provides a platform for us to place the computer when using it?,What object provides a platform for us to place it when using the computer?
,0,"When using a computer, what object could be utilized to provide a platform for it to rest on?","When using a computer, what object could be utilized to provide a platform for it to rest on?"
,0,"When using a computer, what object might provide a platform for it to rest upon?","When using a computer, what object might provide a platform for it to rest upon?"
,0,"During computer use, what item provides a platform on which to place the device?","On a computer, what item provides platform from which to place the device?"
,0,What is the object that offers a surface area for us to place the computer on during its use?,What is the object that provides a surface for us to place our computer on during its use?
,0,"When a plane is ready to land on the airport runway, what area in the picture will it eventually touch down on?","When an airplane is ready to land on, what area in the picture will it eventually run down on?"
,0,"When an airplane is ready to land on an airport runway, what part of the runway would it ultimately glide onto?","When an airplane is ready to run onto a runway, what part of the airplane could it ultimately land on?"
,0,"Where on the runway will a plane typically touch down when it is ready to land at an airport, based on the picture?","Where on the ground will a plane typically run out when it is ready to exit at a airport, based on the picture?"
,0,What specific area on the airport runway will a plane eventually touch down on when it's preparing to land?,What area on the airport floor will a plane typically touch down when it's preparing to land on?
,0,What specific portion of the area pictured would an airplane ultimately touch down on when preparing to land on the runway?,What part of the airplane pictured prior to the final landing area might an airplane seek to touch down on when preparing to land?
,0,"If I want to enter another room and it has a closed entrance, which part of the image should I approach and open?","If I want to enter and it has a closed entrance, which part of the image should I examine and turn down?"
,0,Suppose you wish to enter another room with a closed entrance. What would you approach and open in the picture?,Suppose you wish to enter with a closed entrance. What would you reach in the picture and open?
,0,"If you wish to enter an enclosed room with a closed entrance from your current location in the picture, which area of the image should you approach and open?","If you wish to enter a closed area with a accessible entrance from the wall of the image, which area in your room might you open and enter?"
,0,Suppose you want to access a separate room with a closed entrance. Which area in the picture would you approach to open and gain entry?,Suppose you want to access a closed area and enter a narrow entrance. Which area in the picture would you choose to reach with bed?
,0,"If you want to enter another room and the entrance appears to be closed, what is the appropriate area in the image to approach and open?","If you want to enter an appropriate room and the area is closed, what might be the entrance to open?"
,0,"Suppose you want to move to a restricted area within an edifice, what region in this picture should you approach and open?","Suppose you want to move to an area within a closed approach, what container in this image might you approach and open?"
,0,"When working in a garden, it is common to transport and spread mulch or soil to nourish the plants. What object in the picture would be most useful for transporting these materials?","When transporting plants and animals, it is common to spread and mulch the soil. What object in the picture would be useful for using it to haul in these materials?"
,0,"If you were working in a garden and needed to transport and spread mulch or soil to nourish the plants, which object in the picture would likely be the most useful for this purpose?","If you lived in a forest and needed to spread and fertilize the soil, which object in the picture would likely be useful for this purpose?"
,0,"When working in a garden, it is typical to move and spread mulch or soil to nourish the plants. What object in the picture would be most effective for the transportation of these materials?","When working in a garden, it is typical to spread and transport the soil. What object in the picture would be most effective for the transportation of these materials to nourish?"
,0,"When gardening, mulch and soil are often transported and spread to nourish the plants. Which item in the picture would be most helpful in transporting these materials?","When cultivating and transporting soil, mulch and flowers are often shipped. Which item in the picture could be helpful to spread and nourish these plants?"
,0,"When people are in a waiting room and need to throw away a candy wrapper, what object in the waiting room can be used to put the candy wrap in?","When people are waiting in a candy room and want to put a little stick in the candy can, what object in the room can be used to gather away?"
,0,"In a waiting room, what is the item that can be used to dispose of a candy wrap if necessary?","In a room, what is the empty container that can be used to dispose of a candy if necessary?"
,0,What is the object in the waiting room that people can use to throw away their candy wrappers?,What is the object in the room that people can throw away to store their candy wrappers?
,0,"If someone in a waiting room needs to discard a candy wrapper, what is the object in the waiting area that can be used for that purpose?","If someone in a waiting room needs to discard a candy item, what is the object in the corner that can be used for that purpose?"
,0,"What item, commonly found in a waiting room, could be utilized by someone who needs to dispose of a candy wrapper?","What item, commonly found in a candy basket, could be utilized by someone who needs to dispose of a waiting room?"
,0,Where would you dispose the candy wrapper in a waiting room?,Where would you dispose a waiting candy in the store?
,0,Flying in the air can avoid many obstacles and greatly improve commuting efficiency. What form of transportation in the picture can accomplish this?,Flying in the air can necessitate many obstacles and improve transportation efficiency. What type of transportation in the picture can accomplish this?
,0,"It's hard to cover a long distance in busy traffic, and an efficient way to travel is by flying through the air. Identify the means of transportation in the picture that achieves this.","It's hard to travel in a long distance, and the way to reach it is by organized traffic. Identify the means of transportation that helps to operate through the air in this picture."
,0,"What mode of transportation in the picture can enable flying in the air, enabling users to quickly navigate around obstacles and increase commuting efficiency?","What object in the picture can enable vehicles to travel fast, enabling mobility in the air and reducing overhead features?"
,0,What form of transportation in the picture is capable of flying through the air and can improve commuting efficiency by bypassing obstacles?,What form of aerial transportation in the picture is capable of going through the air and can improve commuting efficiency by resisting obstacles?
,0,"What mode of transportation in the picture can enable flying in the air, avoid obstacles, and improve commuting efficiency?","What mode of transport in the picture can be accomplished through flying, restrict obstacles, and improve air efficiency?"
,0,"What mode of transportation, found in the picture, can facilitate travel through the air to avoid obstacles and improve commuting efficiency?","What mode of transport, found in the picture, can facilitate travel through the air to avoid obstacles and improve commuting efficiency?"
,0,"If we were to transport a large quantity of vegetables from a farm to a grocery store, what item in the picture could we use to store and transport them?","If we were to transport a small quantity of vegetables from a grocery store to a farm, what item in the picture could we use to store and transport them?"
,0,"In the event that we need to transport a large number of vegetables from the farm to a grocery store, what object in the image could be used for storage and transportation purposes?","In the event that we need to transport a large number of vegetables from a grocery store to a transportation location, what object in the image could be used for transportation and storage purposes?"
,0,"If we were to transport a significant quantity of vegetables from a farm to a grocery store, what item in the picture could we use for storing and transporting them?","If we were to transport a small quantity of vegetables from a grocery store to a farm, what item in the picture could we use to transport and store them?"
,0,"If large quantities of vegetables need to be transported from a farm to a grocery store, what in the picture might be used to store and transport them?","If small pieces of vegetables need to be transported from a grocery store to a farm, what in the picture might be used to transport them?"
,0,"Suppose we need to transport a large quantity of vegetables from a farm to a grocery store, what object in the picture would be suitable for storing and transporting them?","Suppose we need to transport a large quantity of vegetables from a grocery store to a farm, what object in the picture would be suitable for transporting and storing them?"
,0,Suppose we need to transfer a large quantity of vegetables from a farm to a grocery store. What item in the picture might be used to store and transport these vegetables?,Suppose we need to transport a large quantity of vegetables from a grocery store to a farm. What item in the picture may be used to store and transport these vegetables?
,0,something that keeps food and coal separated,something that keeps food and coal separated
,0,"When we are in a skyscraper and looking out of the window, what beautiful sights can we see reflected on the glass?","When we are looking out of the window and looking at a beautiful skyscraper, what can we see on the glass?"
,0,"When gazing out a skyscraper's window, what beautiful sights can be seen reflected on the glass surface?","When looking out through a skyscraper's mirror, what beautiful sight can be seen reflecting on the glass surfaces?"
,0,"If someone is inside a skyscraper and looking out of the window, what beautiful sights can be observed that would be reflected on the glass?","If someone is looking out through a skyscraper and looking at the mirrors, what beautiful objects can be seen that would be observed on the exterior of an exhibition?"
,0,What beautiful sights can we see reflected on the glass when we are in a skyscraper looking out of the window?,What beautiful furniture can we see looking out of the window when we are touched on a skyscraper?
,0,"When gazing out of the window of a skyscraper, what magnificent views might we observe that are reflecting on the glass?","When gazing out of the skyscraper, what objects may we observe looking beneath the mirror that is resting on an ocean?"
,0,"When we are inside a skyscraper and peering out through the window glass, what beautiful exteriors or views might we observe being reflected in the glass panels?","When we walk through a white glass window and observing the panels, what decoration might we be exposed to in the sublime skyscrapers below?"
,0,"What furniture can be used to store important office documents, such as contracts and agreements?","What furniture can be used to store important contracts, such as agreements and documents?"
,0,"When you wake up in the morning, your hair is usually messy. What do you use to adjust your hairstyle?","When you wake up in the morning, you usually use your hairstyle. What do you adjust to care for?"
,0,What do you typically use to adjust your hairstyle in the morning when your hair is messy?,What do you typically use to adjust your hairstyle when your hair is messy in the morning?
,0,"When you wake up in the morning, your hair is often disheveled. What tool do you typically use to modify your hairstyle?","When you wake up in the morning, your hair is often disheveled. What technique do you typically use to modify your hairstyle?"
,0,"After getting up in the morning, what tool or product would you utilize to arrange your hair?","After getting up in the morning, what tool or device would you utilize to arrange your hair?"
,0,"When you wake up in the morning and your hair is messy, what tool or item do you use to adjust your hairstyle?","When you wake up in the morning and your hair is dry or messy, what tool do you use to adjust your hairstyle?"
,0,What object would you normally use to fix and style your hair after waking up with a messy hairstyle in the morning?,What object would you typically use to wipe your hair up after a messy and dirty hairstyle in the morning?
,0,the objects that protect people's heads when impacted,the objects that protect people's heads when impacted
,0,"In order to keep a hat in good shape and within easy reach, what object in the picture can be used to hold the hat securely on the wall?","In order to keep the hat in a safe and attractive shape, what object on the wall can be used to hold the hat securely in the picture?"
,0,What object in the image could you use to securely hold a hat and keep it in good shape within easy reach on the wall?,What object in the image could you use to hold a basket and make it securely on the wall with good reach?
,0,"In order to keep a hat in good shape and within easy reach, what object can be utilized in the picture to securely hold it against the wall?","In order to keep a hat secure and easily hold it in the picture, what object can be utilized within the wall to hold it against the hand?"
,0,What item in the picture could be utilized to maintain the shape of the hat and keep it within easy reach by securely attaching it to the wall?,What item in the picture could be utilized to secure the bottom of the hat and keep it securely by attaching it to the shape of the wall?
,0,What object in the picture could be utilized to securely hold a hat on a wall and keep it in good condition and within easy reach?,What object in the picture could be utilized to hold a hat in a secure position and keep it on hand and easily reach good!
,0,"For the purpose of ensuring that a hat remains in good condition and is easily accessible, what item in the picture could be utilized to securely attach the hat to a wall?","In order to ensure that a hat is easily secured and may be unloaded, what item in the picture might be utilized to securely attach the hat to the wall for the purpose of looking good?"
,0,"In a recording studio, there are various types of equipment used to capture and enhance audio. What part of the equipment is used to adjust the volume levels and blend different audio sources together?","In a recording studio, there are various types of equipment used to mix and enhance audio quality. What part of the equipment is used to adjust the volume and amplify different channels together?"
,0,"Within a recording studio, there are various tools involved in capturing and improving audio quality. Which component of the equipment is used to mix different audio sources together and make volume adjustments?","Within a recording studio, there are various equipment involved in mixing and improving audio quality. Which component of the equipment is used to mix audio pieces and make remotes?"
,0,What part of the equipment in a recording studio is utilized to adjust the volume levels and blend various audio sources together?,What part of a recording studio in the room is utilized to adjust the volume levels and mix various audio components together?
,0,"In a recording studio, there are various types of equipment used to capture and enhance audio. Which component of the equipment is typically utilized to adjust the volume levels and blend different audio sources together?","In a recording studio, there are various types of equipment typically utilized to amplify and mix different audio elements. Which component of the equipment is used to enhance the volume and sound quality?"
,0,What is the part of the equipment in the recording studio that's primarily responsible for blending different audio sources together and regulating the volume levels?,What's the part of the audio equipment in the studio that is primarily responsible for regulating the mix volumes and blending different frequencies?
,0,What equipment is typically used in a recording studio to regulate the audio volume and merge various audio sources together?,What equipment is typically used in an audio studio to regulate the audio source and merge various media pieces together?
,0,Flowers have different parts that contribute to their beauty. What part of the flower is responsible for supporting and connecting the blossoms to the rest of the plant in the picture?,Flowers have different parts that contribute to their beauty and blossoms. What part of the flower is responsible for the supporting part of the plant to the rest in the picture?
,0,"In the picture, which part of the flower is responsible for supporting and connecting the blossoms to the rest of the plant?","In the picture, which part of the flower is responsible for supporting and blossoming the rest of the plants?"
,0,Which part of the flower in the picture is responsible for supporting and connecting the blossoms to the rest of the plant?,Which part of the flower in the picture is responsible for supporting and blossoming the rest of the plants?
,0,What part of the flower in the picture is primarily responsible for supporting and connecting the blossoms to the rest of the plant?,What part of the flower in the picture is primarily responsible for supporting and sharing the blossoms to the rest of the plant?
,0,What is the part of the flower in the picture that is responsible for supporting and connecting the blossoms to the rest of the plant ?,What is the part of the flower in the picture that is responsible for supporting and blossoms to the rest of the plant?
,0,What part of the flower is responsible for connecting and supporting the blossoms to the rest of the plant in the picture?,What part of the flower is responsible for supporting and blossoming the rest of the plants in the picture?
,0,"When setting the dining table for a formal dinner, what object in the picture would typically be used to serve and enjoy a bowl of soup?","When setting up a dining table for dinner, what object in the picture would typically be used to serve a bowl of soup?"
,0,"When arranging a formal dining table for a dinner, which object in the picture would usually be employed for serving and enjoying a bowl of soup?","When dining out for a dinner table, which object in the picture would usually be employed for serving and enjoying a bowl of soup?"
,0,"In setting the dining table for a formal dinner, what item from the picture could typically be utilized to serve and savor a bowl of soup?","When setting up a dining table, what item in the picture could typically be utilized to serve a bowl of soup for dinner?"
,0,"During a formal dinner, which object from the picture would typically be used to enjoy and serve a bowl of soup?","During a bowl of dinner, which object from the picture would typically be used to serve and enjoy a soup?"
,0,"In cold weather, dogs may need extra protection to keep them warm. What object in the picture can a dog wear to provide warmth during snowy walks?","In warm weather, dogs may need extra warmth to keep warm. What object in the picture can provide protection for dogs during snowy walks?"
,0,"During cold weather, dogs may require additional protection to keep them warm. Please identify the item in the picture that a dog can wear to stay warm during snowy walks.","During warm weather, dogs may require extra protection to keep warm. Please identify the item that a dog can wear in the picture to keep warm during snowy walks."
,0,"In order to keep a dog warm on a snow day walk, what object displayed in the picture can be worn by the dog?","In order to keep a dog warm on the snow day, what object displayed in the picture can be worn by a dog walk?"
,0,"During colder weather, dogs may require additional protection to keep them from getting too cold. What item could a dog wear to keep them warm during snowy walks, as seen in the picture?","To keep dogs warm during colder weather, certain items may be needed to keep them warm during a walk. What item could a dog wear as seen in their pants, specifically to prevent them from getting too wet?"
,0,What item in the picture could be used to keep dogs warm and provide additional protection during walks when the weather is cold and snowy?,What item in the picture could be used to keep dogs warm and secure when the weather is warm and helpful during walks?
,0,"During cold weather, dogs may require additional warmth to keep them comfortable. Based on the picture, which item could a dog wear to stay warm during snowy walks?","During warm weather, dogs may need extra warmth to keep warm. Based on the picture, which item may a dog wear to keep their shoes warm during snowy days?"
,0,"In a world where digital communication dominates, people may still enjoy writing by hand. What object in the picture can be used to make handwritten notes or letters?","In a world where people may enjoy writing, what object in the picture can be made to print clearly?"
,0,"Although digital communication is prevalent, some people still appreciate handwritten notes or letters. Please identify the item in the picture which can be used for this purpose.","Although electronic communication is prevalent, some people appreciate handwritten items or letters. Please identify the item in the picture which can be used for this purpose."
,0,"Despite the prevalence of digital communication, many people still enjoy writing by hand. What object in the picture could be utilized for the purpose of creating handwritten notes or letters?","Despite the prevalence of electronic communication, many people enjoy writing words or pictures. What object in the picture could be utilized by hand for creating printed words?"
,0,"Although digital communication is now prevalent, some individuals may still find handwriting to be enjoyable. What object in the picture could be used for making handwritten notes or letters?","Although writing may be prevalent, some handwriting devices can be easily made. What object in the picture could be used for displaying personal letters or ideas?"
,0,"In this era of digital communication, people may still enjoy the act of writing by hand. Please identify the object in the picture that could be utilized for creating handwritten notes or letters.","In this modern world, people may recognize the process of creating handwritten letters by hand. Please identify the item in the picture that could be utilized for writing or typing."
,0,"While digital communication dominates in today's world, some people still enjoy writing by hand. What item in the picture might be utilized to create handwritten notes or letters?","While some people enjoy writing in today's world, what item in the picture might be utilized to create handwritten letters or symbols?"
,0,In what part of the room can we put things to make sure they don't litter on the floor and are easy to find?,In what part of the room do we put things in the floor to make sure they aren't easy to find and can hang?
,0,Where is the best location in a room to place items to ensure that they are easily accessible while also preventing clutter on the floor?,Where is the best location on the floor to ensure that they are accessible while also avoiding clutter to store items?
,0,"To ensure that items do not create clutter on the floor and remain easily accessible, where in the room can they be placed?","To ensure that items do not easily slide into the room and remain accessible, where can they be placed on the floor?"
,0,Where in the room can we place objects to prevent them from cluttering the floor and to make them easily locatable?,Where can we place objects in the room to keep them from seating loose and to make them easily accessible?
,0,What part of the room is often utilized for organizing belongings to prevent them from cluttering the floor and to make them easy to locate?,What part of the room is often utilized to keep items from cluttering the floor to make them accessible and to prevent them from searching for easy to clean?
,0,"Sheep are often found in grassy fields, and they provide a valuable resource that is highly valued for its warmth and softness. What part of the sheep is used to make woolen products?","Sheep are often raised in warm and humid areas, which are valued for their strength and beauty. What part of the grass is used to make wooly material that provides a valuable source of hay?"
,0,Sheep are frequently found in grassy fields and viewed as a vital resource due to their warmth and softness. Could you specify which part of the sheep is commonly utilized in the manufacture of woolen products?,Sheep are commonly found in grassy areas and regarded as a vital part of wool and mulch products. Could you please find which part of the field are utilized to produce their softness due to the fibers commonly found in agriculture?
,0,"Sheep are commonly found in grassy fields, and they provide a highly valued resource for their warmth and softness. Please tell me which part of the sheep is utilized to make woolen products?","Sheep are a widely found in woolen and softened areas, and they are often used to provide warmth to sheep. Please tell me which part of the field they produce is desirable for their fibre content?"
,0,Sheep are commonly found in grassy meadows and provide a highly-regarded resource prized for its warmth and softness. What specific aspect of the sheep is used to produce woolen goods?,Sheep are widely found in warm-weather forests and provide a highly prized natural food source. What component of the wool is commonly used to hold sheep and display its facadefulness?
,0,"Sheep are commonly found in grassy fields and provide valuable woolen products, known for their warmth and softness. Which part of the sheep is typically utilized to create these products?","Sheep are often found in grassy areas, known to provide warmth and wool applications. Which part of the sheep are commonly utilized to produce these products?"
,0,"When we are in a coffee shop and want to enjoy our drink while walking around, what object in the picture can we use to hold our beverage securely?","When we are sitting in a coffee shop and want to enjoy our drink, what object in the picture can we use to hold our beverage comfortably?"
,0,What item can be used to carry a drink securely while walking around inside a coffee shop based on the picture?,What item can be used to carry a coffee drink around a restaurant while standing comfortably inside?
,0,"If you want to hold your coffee cup securely as you walk around a coffee shop, what object in the picture can you use?","If you want to hold your coffee cup securely in a coffee shop, what object around the picnic can you use?"
,0,"If we want to take our drink and stroll around the coffee shop, what object in the picture can we use to securely hold our drink?","If we want to take a drink and securely shop around our bar, what object in the picture can we use to hold our drink?"
,0,"When we are in a coffee shop and want to take our drink on the go while strolling around, what item from the picture can be utilized to hold the drink firmly and prevent it from spilling?","When we are sitting on a drink and want to take the drink out of the trash, what item in this picture can be utilized to hold it around and prevent it from screaming properly?"
,0,"If we desire to carry our coffee while walking within a coffee shop, what object in the picture can be used to hold the beverage securely?","If we want to carry our coffee safely while walking around a coffee table, what object in the picture can be utilized to hold the beverage securely?"
,0,"In urban areas, there are often structures that stand out from the surrounding buildings due to their height and architectural design. What objects in the picture fit this description?","In urban areas, there are often buildings that stand out from the surrounding structures due to their architectural design and layout. What objects in the picture stand for?"
,0,"In urban areas, there are often unique buildings that stand out from the surrounding structures due to their height and architectural design. What objects in the picture resemble those buildings?","In urban areas, there are often architectural buildings that stand out from the surrounding buildings due to their unique design and architecture. What objects in the picture resemble those?"
,0,"Urban areas are often characterized by tall structures with unique architectural designs that stand out from surrounding buildings. Based on the image, what objects could fit this description?","Urban buildings are often characterized by tall buildings with distinct exterior designs that stand out from the buildings. Based on this image, what architectural style could fit?"
,0,"Within urban areas, there are often structures that stand out from the surrounding buildings due to their height and unique architectural design. Could you please identify the objects in the picture that suit this definition?","Within buildings, there are certain structures that stand out from the surrounding landscape due to their unique architectural designs. Could you please identify the area in the picture that stands for this?"
,0,"In urban areas, what features of the buildings often stand out from the surrounding structures due to their height and architectural design?","In urban areas, what structures stand out from the surrounding buildings due to their architectural style and the features of the building?"
,0,"In urban areas, certain architectural structures stand out due to their height and unique design compared to surrounding buildings. Which objects in the picture meet this description?","In buildings, certain architectural structures stand out due to their unique design compared to the surrounding areas. Which object in the picture stands for simplicity?"
,0,Which device in a room can print out material and put hard copies of documents in the hands of viewers?,Which device in a room can hold copies of documents and cut out images in the hands of printers?
,0,"What object in a room is capable of producing hard copies of documents, thereby providing viewers with a physical copy of the material?","What object in a room is capable of producing hard copies of the material, thereby providing viewers with a physical copy of documents?"
,0,"What is the name of the device can generate and print material, offering hard copies of documents for viewers in a room?","What is the name of the device can produce and print documents for viewers, accessing content in a room?"
,0,"In a room, what object can be used to produce hard copies (prints) of documents, thereby making them tangible and easily accessible to viewers?","In a book, what object can be used to produce handprints of objects (texts) of visitors, making them easily accessible and transparent?"
,0,What device can be found in a room that can produce hard copies of documents and provide viewers with a physical printout?,What device can be found in a room that can provide printers with a physical printout and produce hard copies of a document?
,0,What device found within a room is designed to print out materials and provide hard copies of documents to viewers?,What device designed within a room is used to print out documents and provide images to viewers?
,0,"Passages between rooms are usually not sealed, leading to poor insulation or noise reduction between rooms. What can improve the sealing and noise-reduction qualities of a door passage in the picture?","Sound transfers are often not seen in sealed rooms, which can contribute to poor sealing and noise-reduction qualities. What can improve the sealing and noise penetration of a door between windows?"
,0,"Passages between rooms are often unsealed, which can impact both insulation and noise reduction between rooms. What can be utilized to enhance the sealing and noise-reducing capabilities of a door passage in the image?",Sound transfers between windows are often utilized to enhance the sealing and noise-reduction capabilities of a window. What can be effectively applied between sealing and insulating windows in the picture?
,0,What aspect of the door passage in the picture could be improved to enhance the sealing and noise-reduction qualities between rooms?,What aspect of the door in the picture could be improved to enhance the sealing and noise-reduction qualities between frames?
,0,What can be used to improve the sealing and noise-reduction qualities of a door passage in the image?,What can be used to improve the noise-transmissibility and sealing qualities of a door in the image?
,0,"Passages between rooms are usually not properly sealed, leading to poor insulation or noise reduction capabilities. What in the picture can be utilized to improve the sealing and noise-reduction qualities of a door passage?",Some doors are often equipped to improve the sealing and noise-reduction qualities of a door. What in the picture can be utilized to achieve sealing or noise reduction without damaging the conveyors?
,0,How can we enhance the sealing and noise-reduction properties of the door passages in the given picture?,How can we enhance the sealing and noise-reduction properties of the glass panels in the given picture?
,0,What object in the picture can we use to place items such as food or drink during a meal?,What object in the picture can we use to place items such as food or drink during a meal?
,0,What object in the picture could be used to hold food or drink during a meal?,What object in the picture could be used to hold food or drink during a meal?
,0,"During a meal, what object in the picture might be used to hold items such as food or drink?","During a meal, what object in the picture might be used to hold items such as food or drink?"
,0,"During a meal, what object in the picture could be utilized to put various items, such as food and drink?","During a meal, what object in the picture could be utilized to put various items, such as food and drink?"
,0,What object in the picture could be utilized to place food or drink items on during a meal?,What object in the picture could be utilized to place food or drink items on during a meal?
,0,What item in the picture can be utilized as a surface to place food or drinks during a meal?,What item in the picture can be utilized as a surface to place food or drinks during a meal?
,0,the fried food,the fried food
,0,"If we need to store a large number of books, what object in the picture should we use for storage?","If we need to store a large number of books, what object in the picture should we use for storage?"
,0,What object can be used for storage when there's a need to store a large quantity of books?,What object can be used when there's a need to store a large quantity of goods?
,0,"If we have to store an extensive collection of books, which object in the picture should we use for storage purposes?","If we need to store a collection of books, which object in the picture may we use for storage purposes?"
,0,"If we need to store a large number of books, what object(s) in the picture could be used for storage purposes?","If we need to store large amounts of books, what object(s) in the picture could be used for storage purposes?"
,0,"If we need to store a large number of books, what object in the picture could we use for organizing them?","If we need to store a large number of books, what object in the picture could we use for organizing them?"
,0,What in the picture appears to be the ideal item to use for storage if you need to store a large number of books?,What in the image appears to be a great item to use if you need to store a large number of books?
,0,Crows are known for their intelligence and curiosity. What part of the crow in the picture would most likely be used to observe its surroundings and gather information?,Crows are most likely known for their crowings and sense of direction. What part of the object in the picture would be used to gather information and observe its keen eyes?
,0,Crows are known for their intelligence and curiosity. What part of the crow in the picture would likely be used to observe its surroundings and gather information?,Crows in the picture are known for their crow dynamics and keen sense of sight. What part of the animal would likely be used to gather information and observe its surroundings?
,0,Crows are known for their intelligence and curiosity. Which part of the crow in the picture would most likely be utilized to observe its surroundings and gather information?,Crows are known for their grasp and sense of humor. Which part of the animal in the picture would most likely be utilized to gather information and observe its surroundings?
,0,"What part of the crow in the picture would most likely be utilized to observe its surroundings and gather information, given that crows are known for their intelligence and curiosity?","What part of the bird present in the picture would most likely be utilized to gather its minds and observe its surroundings, given that crows are known for their curiosity and intelligence?"
,0,"Crows are known for their intelligence and curiosity, so what part of the crow in the picture would most likely be used for observing its surroundings and gathering information?",Crows in the picture are known for their keen sense of sight and would most likely be used for observing objects and gathering information around their mouth?
,0,"Given that crows are known for their intelligence and curiosity, what part of a crow in the picture could it potentially use to observe and gather information about its surroundings?","Given that crows are known for their curiosity and insight, what object in the picture could it potentially use to gather and observe its eyes around a crowd?"
,0,"In the picture, we can see that there is a body of water surrounded by a forest and trees. What man-made structure might be present in this area to control or manage the flow of water?","In the picture, we can see that there is a man-made structure surrounded by water. What body of water in this picture could be used to manage and maintain a stream of trees?"
,0,"In the given picture, I can see a body of water surrounded by a forest and trees. What specialized structure might be located in this region to manage or control the flow of water in the area?","In the given picture, what structure can be located in a large body of water to control and gather water in the area? I'm curious what structure or system surrounding this region to manage the flow of water?"
,0,"In the picture, we can observe a body of water encompassed by a forest and trees. Are there any man-made structures that might be present in the region to manage or control water flow?","In the picture, there is a man-made structure enclosed by bodies of water that could be seen to control and cultivate water flow. Are there any structures in the body that surround us?"
,0,"In the picture, we observe a body of water surrounded by forests and trees. Could you identify any human-made structures that could be present in this area to manage or regulate water flow?","In a picture, we can identify a body of water surrounded by trees and structures that facilitate in-ground water flow. Could you identify any organisms in this body to maintain or manage these structures?"
,0,"Given the picture depicts a body of water surrounded by a forest and trees, what artificial structure might exist in this environment to regulate or manage water flow?","Given a picture of a forest surrounded by water, what body of water exists to regulate and manage this natural environment?"
,0,"If we were planning a road trip and needed a vehicle to carry our belongings and provide a place to sleep, what type of vehicle in the picture would be most suitable for this purpose?","If we needed a place to live and carry a car on a road, what type of vehicle in the picture would be suitable for this purpose and would be most suitable for traveling?"
,0,"If we were preparing for a road trip and wanted a vehicle that could transport our belongings while also offering a place to sleep, what type of vehicle in the picture would be best suited for this purpose?","If we were preparing for a road trip and wanted a place to stay while driving, what kind of vehicle would be best suited for this purpose in the image?"
,0,"If you were planning a road trip and required a vehicle that could accommodate your belongings and serve as a sleeping quarters, which type of vehicle in the picture would be most appropriate for such a purpose?","If you were planning a trip and needed a vehicle that would accommodate a bedside and serve as a handy vehicle for your belongings, which type of vehicle in the picture would be appropriate for this purposes?"
,0,"If we were going on a road trip and required a vehicle that could transport our belongings and also provide a place to sleep, which vehicle from the image would be the most suitable for this purpose?","If we were going on a road and needed a place to sleep, which vehicle from the image would be suitable for that purpose and also provide a transportation?"
,0,"If you were intending to embark on a road trip, and you required a vehicle that would accommodate your luggage and also serve as a sleeping quarter, which type of vehicle in the picture would be the most suitable choice for this purpose?","If you were planning to embark on a trip and hire a vehicle that would serve as a comforting baggage, which type of vehicle in the picture would be the appropriate choice for this purpose?"
,0,the only fruit with different color,the only fruit with different color
,0,"When we want to surprise someone with a gift, we often put it in a decorative wrapping. What in the picture could be used to package a gift?","When we want to gift someone with a surprise, we often put it in a decorative box. What in the picture could be used to wrap a gift?"
,0,What object in the picture could be used to wrap a gift decoratively?,What object in the picture could be used to decorate a gift basket neat?
,0,Objects that could be used to wrap up and present a gift in a visually appealing manner.,Objects that can be used to present a gift and fill it up in a visually appealing way.
,0,What item in the picture can be used to wrap a gift and make it aesthetically pleasing?,What item in the picture can be used to make it aesthetically pleasing and gift?
,0,"When we want to surprise someone with a gift, we often put it in decorative wrapping. Can you help me identify an item in the image that could be utilized to package a gift?","When we want to gift something, we often put it in a container to compliment a gift. Can you identify an item in the picture that could be utilized with decorative wrapping?"
,0,"When we want to give someone a surprise gift, we often wrap it with a decorative wrapping material. Please tell me what in the picture could be used to wrap a gift?","When we want to give someone a gift, we often wrap it in a decorative plastic wrap. What in the picture could be used to tell a friend something?"
,0,"In a roller skating competition, the safety of the skaters' knees is a priority. What object in the picture should be worn to protect the knees during the competition?","In a skateboard competition, the wear of the boots is a priority. What object in the picture should be worn to protect the skates during the competition?"
,0,"During a roller skating competition, the safety of the skaters' knees is a top priority. What item in the picture should be worn to protect the knees during the competition?","During a skateboarding competition, the judges' safety is an important priority. What item in the picture is worn by the skaters to protect the knees during the competition?"
,0,"In a roller skating competition, protecting the safety of skaters' knees is a top priority. What item in the picture should be worn to safeguard the knees during the competition?","In skateboarding competitions, a safety item is the primary concern. What item in the skate is worn by the participants to protect their feet during a skiing competition?"
,0,"In a roller skating competition, what object should be worn to safeguard the knees of the skaters?","In a skateboard competition, what object is being worn to safeguard the hands of the skaters?"
,0,"In a roller skating competition, the safety of the skaters' knees is a priority. Please tell me what object should be worn to protect the knees during the competition, according to the picture.","In a skateboarding competition, the safety of the runners' shoes during the competition is an issue. Please tell me what object is chosen to protect the skates, according to this picture."
,0,"In a roller skating competition, what type of protective gear should skaters wear to protect their knees, and where in the picture can such gear be located?","In a skate park, what type of protective gear can skaters wear to protect their feet and where in the picture should such gear be located?"
,0,A clean and hygienic city environment requires the participation of every citizen. Which opening of the bin in the picture should the garbage be thrown into?,The establishment of a clean and sanitary environment requires the participation of the whole population. Which trash in the mirror should the door be thrown into?
,0,Can you tell me to which opening of the bin in the picture the garbage should be thrown for maintaining a clean and hygienic city environment?,"On what container you can see in the picture which is thrown to be used for maintaining the clean and sanitary hygiene of a clean, empty environment?"
,0,"In order to maintain a clean and hygienic urban environment, every citizen must participate. Which opening of the bin should be used to deposit garbage, as shown in the picture?","In order to maintain a clean and invigorating environment, every citizen must drink. Which container should be used to close the door, as shown in the picture?"
,0,"To maintain a hygienic and clean city environment, what part of the bin depicted in the picture should be utilized when throwing away garbage?","To maintain a clean and hygienic environment, what part of the garbage depicted in the picture should be utilized to carry garbage when clean?"
,0,"To maintain a clean and hygienic urban environment, it is necessary for everyone to play their part. Which opening on the bin in the picture should be utilized for the purpose of depositing garbage?","To maintain a clean and inviting environment, it is necessary for the environment to be populated. Which item on the side of the kitchen should be utilized for the purpose of holding up food?"
,0,"In a library or bookstore, where can we find a variety of books neatly organized for browsing and borrowing?","In a library or bookstore, where can we find a variety of items neatly arranged for browsing and reading?"
,0,"As an AI language model, I can guide you where to locate a broad range of books that are neatly organized for browsing and borrowing in a library or bookstore. Where should we head to?","As a library guide, we can find a broad array of items that are suitable for bidding in or browsing a place where I normally book to read. Where can I start?"
,0,"In libraries or bookstores, where are the books typically arranged in a systematic manner to allow for ease of browsing and borrowing?","Where are the books typically arranged in a systematic manner, where are books and books ideal for stacking or browsing?"
,0,"At a library or bookstore, where might we locate an orderly and diverse collection of books available for browsing and borrowing?","At an open library or shopping mall, where might we find and browse an array of books and items available for borrowing or reference?"
,0,Where can we locate a variety of books arranged neatly for browsing and borrowing in a bookstore or library?,Where can we find a variety of books arranged for browsing or bookstore essentially in a library?
,0,"While waiting for a consultation or interview, we cannot stand all the time and will need to rely on what object to sit down temporarily?","While sitting down and waiting for a consultation, we cannot rely on something to lay down or will need to occur all time?"
,0,"When waiting for a consultation or interview, we may need to sit down temporarily. What item in the pictured environment could be used for this purpose?","When waiting for a consultation or visit, we need to put something in this preoccupied manner. What item in the picture could be used solely for purpose?"
,0,"While waiting for a consultation or interview, what object can we rely on to sit down temporarily since we can't stand all the time?","While waiting for a consultation or session, what object can we rely on to sit temporarily once we can't sit down?"
,0,"In situations where we cannot stand for an extended period, such as while waiting for a consultation or interview, what object can we utilize to sit down temporarily?","In situations where we cannot sit temporarily for an extended period, such as while waiting to stand up, what object can we utilize to consult or dismiss?"
,0,What object in the room can we use to sit down temporarily while waiting for a consultation or interview?,What object in the room can we use to sit down temporarily while waiting for a consultation or interview?
,0,"When waiting for a consultation or interview, standing can be uncomfortable and tiring, so what item could one utilize to sit down temporarily?","When waiting for a walk or meeting, something uncomfortable can sit out and need to position distracting informally?"
,0,"During a brainstorming event, it is common to record and present ideas on what object is the whiteboard in the room?","In an artworkwork event, it is common to sketch out and present ideas on what is the computer monitoring window for your audience?"
,0,Where are ideas commonly recorded and presented during a brainstorming event?,Where are ideas typically displayed during a brainstorming session?
,0,"During a brainstorming event, it's common to record and present ideas. What object in the room is typically utilized for this purpose?","During a brainstorming session, it's common to construct ideas and presentations. What object in the picture is typically utilized for this purpose?"
,0,"in a typical brainstorming session, it is customary to present and document ideas for discussion. What item in the room is commonly used for recording and presenting ideas in such a situation?","In a brainstorming session, it is common to present ideas and present information in a presentation. What item in the picture is typically used for organizing and documenting ideas in this situation?"
,0,"During a brainstorming event, ideas are commonly recorded and presented, and what object in the room could facilitate this process?","During a brainstorming session, ideas are often presented and presented in this room, and how could an object facilitate the process?"
,0,"During a brainstorming event, it is common to record and present ideas. What object in the room might be used for this purpose?","During a brainstorming event, it is common to present ideas and ideas for purpose. What object in the picture might be used for this?"
,0,"When picking blueberries, it is common to collect them in a container to keep them organized and prevent them from getting crushed. What object in the picture could be used as a container for collecting blueberries?","When collecting blueberries, it is important to gather them for storage and keep them in a container. What object in the picture could be used to get them to handle storing blueberries?"
,0,"When picking blueberries, it is common to collect them in a container to keep them organized and prevent them from getting crushed. What item in the picture could be used as a vessel for gathering blueberries?","When gathering berries, it is common to place them in a container to prevent them from getting caught. What item in the picture could be used to gather berries and carry them as a container?"
,0,"When picking blueberries, a container is often necessary to keep the berries organized and prevent crushing. Please identify an object in the picture that could serve as a suitable container for collecting blueberries.","When preparing berries, a container is often necessary to keep the berries in place. Please identify the item in the picture that could be suitable for filtering and locate a designated source for storing berries."
,0,"When picking blueberries, we often require a container to hold and protect them. What object in the picture could be used as a container for collecting blueberries?","When collecting blueberries, we often require a container for holding them. What object in the picture can be used to carry and protect blueberries?"
,0,"While picking blueberries, it is customary to utilize a container to keep them organized and prevent damage. Please identify the objects in the picture that could be used as a container for collecting blueberries.","When storing blueberries, it can be helpful to locate a container to keep them clean. Please identify the objects in the picture that may be utilized as a base for collecting blueberries."
,0,the area where people can walk,the area where people can walk
,0,something containing vitamins and fibers,something containing vitamins and fibers
,0,the sign that reminds people to watch their step,the sign that reminds people to watch their step
,0,"Sitting in a chair for too long can cause fatigue and soreness, so many people choose to lie down and stretch out on something soft. What object in a room is most suitable for this?","Sitting in a chair too long can cause fatigue and pain, and people are afraid to lay down on something suitable for this. What object in a chair is suited to stretch out a lot?"
,0,"After sitting for an extended period, most people experience fatigue and soreness, and prefer lying down and stretching out on something soft. What object in a room could be most suitable for this purpose?","During a sitting period, people often feel tired and have difficulty stretching out and lying down, and prefer something suitable for this purpose. What object on a floor could be suitable for extra intensity?"
,0,A comfortable piece of furniture in a room where one can lay down and stretch to relieve soreness and fatigue from extended periods of sitting.,A comfortable piece of furniture where one can relax and lay down from a chair to relieve soreness and fatigue in periods of sitting.
,0,"After sitting in a chair for too long, many people may find it beneficial to lay down and rest on a soft object. What in the room would be the most suitable object to use for this purpose?","After sitting on a chair for too long, some people may find it desirable to lay down and use a soft object. What in the picture would be the most suitable material for this purpose?"
,0,"When sitting in a chair for extended periods, it's common to feel fatigued and sore, motivating many people to instead lie down on something soft to stretch out. Please suggest what furniture object inside a room would be most appropriate for this.","When sitting on a chair, it's normal for someone to feel sore and tired, suggesting something more stretchy to place in front of. What object would be appropriate to place this furniture for specific reasons?"
,0,"If someone wishes to lie down and stretch out on something soft instead of sitting in a chair for an extended period, what object in a room is typically best suited for this purpose?","If someone wants to sit down and rest on something suited for a purpose instead of sitting down in a chair, what object in this area is typically preferred for this period?"
,0,the objects that don't have wings spread,the objects that don't have wings spread
,0,the area for passengers on the airship,the area on the passengers for airship
,0,"In traditional Western music, what type of musical instrument is commonly associated with cowboys and is often played while sitting on a stool?","In Western musical styles, what type of instrument is often associated with cowboys and is usually played while sitting on a stool?"
,0,What kind of musical instrument is typically associated with cowboys in Western music and is often played while seated on a stool?,What kind of musical instrument is typically associated with cowboys and is often played on stool in a Western music?
,0,Please identify the type of musical instrument that is commonly associated with cowboys and typically played while being seated on a stool in traditional Western music.,Identify the type of musical instrument that is typically played with seated on a stool and commonly used in Western music whilst playing cowboys.
,0,the fruits that are not red,the fruits that are not red
,0,"If someone wants to capture a stable and professional video of a sports car passing by on a bridge, what equipment should they use?","If a player wants to capture a professional and reliable road tracking of a bridge flying on a track, what equipment might they use?"
,0,"To capture a stable and professional video of a sports car driving by on a bridge, which equipment would be most appropriate?","To capture a sporting video of a car on a bridge, which equipment would be most appropriate and reliable?"
,0,"If someone wants to capture a stable and professional video of a sports car passing by on a bridge, what type of equipment should be used for the job?","If a company wants to capture a professional and active video of a road project on a bridge, what type of equipment should be used for the job?"
,0,"To capture a stable and professional video of a sports car passing by on a bridge, what equipment would be most suitable?","To capture a professional and suitable video footing of a bridge flying on a track, what equipment would be most useful?"
,0,What equipment should someone use if they want to capture a stable and professional video of a sports car passing by on a bridge?,What equipment should someone use if they want to capture a stable and professional video of a car flying on a bridge?
,0,"If someone wants to record a stable and professional video of a sports car passing by on a bridge, what equipment is recommended?","If someone wants to watch a professional sports road route recording and supporting a bridge, what equipment is available from a video?"
,0,"In medieval battles, warriors often used a long, sharp object to attack their enemies. What object in the picture would be classified as this type of weapon?","In ancient war, soldiers often use a specific type of weapon to cut their enemies. What object in the picture would be classified as a sharp, dangerous weapon?"
,0,"Identify the object in the picture that could be considered as a long, sharp weapon used by warriors in medieval battles to attack their enemies.","Identify the object in the picture that could be regarded as a long, sharp weapon used by ancient warriors to battle their enemies in battles."
,0,"For battles during the medieval period, warriors had commonly used long and sharp objects for attacking their enemies. Could you please identify the object in the picture that would be classified as this type of weapon?",During ancient times soldiers could use warships for battling enemies whose armies were commonly placed in very specific and sharp objects. Could you identify the object in the picture as being part of this type of weapon?
,0,"During medieval battles, warriors were known to employ a long, sharp object to attack their enemies. What object visible in the picture might be classified as this type of weapon?","During ancient wars, soldiers were often given a special type of weapon to attack enemies. What object shown in the picture would classify this type as a sharp, fragile weapon?"
,0,"In medieval battles, warriors frequently wielded a long, piercing object to attack their opponents. Which component in the picture would be classified as this type of weapon?","In ancient warfare, opponents typically stole a type of sword to battle their opponents. Which object in the picture would be classified as this short, curved weapon?"
,0,"When traveling by car, where do passengers typically sit inside the vehicle?","When traveling by car, where do passengers typically sit inside the car?"
,0,"Typically, where do passengers sit inside a vehicle when traveling by car?","Typically, where do passengers travel by when arriving at a car?"
,0,"Inside a car, where is the typical seating area for passengers?","Within a typical car, where is the seating area for passengers?"
,0,"When traveling by car, which area of the vehicle is typically reserved for passengers inside the car?","When traveling outside of the car, which area of the car is typically reserved for passengers by car?"
,0,What area of the car do passengers typically occupy while traveling inside the vehicle?,What area of the vehicle typically occupy while traveling inside the car?
,0,"In a dense rainforest, there are various types of plants growing, providing a rich habitat for many animals. What is a key feature of the rainforest that helps support the growth of these plants?","In a dense rainforest, there are many plants growing in various types of plants. What is the main feature of this rainforest that can help support the growth of plants?"
,0,"What are some of the key features of the rainforest environment that support the growth and development of the diverse collection of plants found there, which in turn provide a rich habitat for many different kinds of animals?","What are some of the important features of the rain forest that provide the foundation for the development of the diverse collection of plants, which in turn help feed on the different types of large animals?"
,0,What is the key feature of the rainforest that supports the growth of various plant species and provides a rich habitat for diverse animals?,What is the key feature of the rainforest that provides a rich habitat for various species and supports the growth of diverse animals?
,0,"In a dense rainforest, what is the main feature that helps support the growth of various plants, thus providing a diverse habitat for many animals?","In a dense rainforest, what is the main feature that supports the growth of various plants, thus providing a diverse habitat for many animals?"
,0,What essential feature of the rainforest helps facilitate the growth of various types of plants and provides a rich habitat for many animals?,What essential feature of the rainforest helps facilitate the growth of many species and provides a rich habitat for many kinds of plants?
,0,"What is the key feature of the rainforest that supports the growth of various types of plants, creating a rich habitat for many animals?",What is the main feature of the rainforest that helps support the growth of many types of plants?
,0,"In gymnastics competitions, athletes perform a variety of acrobatic movements on different apparatus. What in the picture could be used for athletes to perform impressive and challenging movements such as flips and vaults?","In gymnastics, athletes perform a variety of impressive and powerful movements. What in the picture can be used for athletic performance to perform vestiges and flips on various obstacles such as claws?"
,0,"In gymnastics competitions, athletes often perform a range of acrobatic movements on various pieces of equipment. What item in the picture do you think can be utilized to perform impressive and challenging maneuvers such as flips and vaults?","In gymnastics, athletes often perform impressive and complex movements on various types of pliable shoes. What item in the picture can be utilized to perform a variety of flare and bolts movements such as stews and mechanics?"
,0,What equipment in the picture could be utilized by athletes to perform challenging and impressive movements such as flips and vaults in gymnastics competitions?,What equipment in the picture could be utilized by athletes to perform impressive and vibrant competitions in gymnastics activities such as flips and crossbowing?
,0,"What object or equipment in the picture could be used by athletes to perform impressive and challenging movements, such as flips and vaults during gymnastics competitions?","What object in the picture could be used by athletes to perform impressive and challenging competitions during vaults and gymnastics, such as flips and handrails?"
,0,"In gymnastics competitions, athletes perform a variety of acrobatic movements using different apparatus. Regarding the picture, what equipment could be utilized by athletes to accomplish challenging and impressive movements such as flips and vaults?","In athletic competitions, athletes perform a variety of impressive and powerful movements using various equipment. What facets can be utilized by athletes to perform vestigial movements such as gymnasts and shoulder punches?"
,0,"What would be utilized to support gymnasts as they perform challenging and impressive movements, such as flips and vaults, during a gymnastics competition?","What would be utilized to support and perform vicious movements during athletic competitions, such as gymnasts and fighters, when they perform a vaulting?"
,0,"Wildflowers are often found growing in open fields and meadows, adding beauty to the natural environment. What in the picture can be a type of wildflower with yellow petals?","Wildflowers are often found in the field, living in open habitats with greenery and wild flowers. What can be a type of wildflower in the picture?"
,0,Which aspect within the picture could represent a type of wildflower characterized by yellow petals?,Which aspect of this picture could represent a type of insect characterized by yellow petals?
,0,"If we are looking for a yellow type of wildflower that may be present in the scene, what object(s) in particular should we focus on?","If we are looking for a specific type of yellow object (color) present in the wild, what might we focus on that is?"
,0,"Can you identify the object in the picture that could be an example of a type of wildflower with yellow petals, commonly found growing in open fields and meadows, adding beauty to the natural environment?","Can you identify an example of the object in the picture that could be a type of flowering plant with distinctive green foliage, commonly found in fields and wildlife, giving flowers?"
,0,"Based on the provided picture, can you identify a type of wildflower that is likely to have yellow petals and can be found growing in open fields or meadows?","Based on the given picture, can you identify a type of wildflower that is likely to have open areas and can be found growing in woods or saplings?"
,0,"In the sport of ice hockey, players use a specific tool to hit the puck and control its movement. What object in the picture serves this purpose?","In the sport of ice hockey, players use a specific tool to hit the ball and control its movement. What object in the picture serves this purpose?"
,0,"In the sport of ice hockey, what object in the picture can be used by players to strike the puck and regulate its movement?","In the sport of ice hockey, what object in the picture can be used by players to regulate the puck and strike it?"
,0,What object in the picture is utilized in the sport of ice hockey to hit the puck and control its movement?,What object in the picture is utilized in the sport of ice hockey to hit the puck and control its movement?
,0,What object in the picture can be used in ice hockey to hit the puck and control its movement?,What object in the picture can be used to hit the ice and control its puck in movement?
,0,"In some cultures, elephants are considered sacred animals and are adorned with special markings on their foreheads. What part of the elephant in the picture is often marked with decorative patterns or symbols?","In some cultures, elephants are celebrated with special ornaments and are often dressed with signs of spirituality. What part of the elephant in the picture is often adorned with patterned horns or symbols?"
,0,"In certain cultures, elephants are regarded as sacred creatures, and they're frequently adorned with special markings on their foreheads. What part of the elephant's head is typically decorated with ornamental patterns or symbols?","In certain cultures, elephants are often decorated with special ornaments and are often dressed with special heads. What part of the elephant's foreheads are typically adorned with tangible symbols?"
,0,"In certain cultures, elephants are regarded as sacred creatures with special markings on their foreheads. What part of the elephant is typically adorned with these decorative patterns or symbols shown in the picture?","In certain cultures, elephants are often dressed with special ornaments or symbols. What part of the elephant in the picture is typically adorned with these sacred markings on their forehead?"
,0,"Elephants hold sacred value in certain cultures, and are often decorated with special markings or patterns on their forehead. What area of the elephant is typically adorned with decorative patterns or symbols?","Elephants hold sacred symbols or decorations in a variety of patterns and patterns. What specific area of the elephant is often decorated with precious markings, or are placed on their forehead?"
,0,"Some cultures consider elephants as sacred animals and they are often adorned with special markings on their foreheads, please identify the part that is typically marked with decorative patterns or symbols in this picture.","Some elephants are symbolic of certain cultures and are often identified with special markings on their foreheads, consider these patterns as decorative parts that are usually worn with ornaments printed inside."
,0,"In some cultures, elephants are regarded as sacred animals and are embellished with special markings on their foreheads. Which part of the elephant in the picture is commonly decorated with decorative patterns or symbols?","In many cultures, elephants are regarded as sacred creatures with ornamental markings on their heads. What part of the elephant in the picture is commonly decorated with patterns or horns?"
,0,"In a cold winter, when snow covers the ground, what part of the car in the picture needs to be cleared before the car can be driven safely?","In a cold winter, when the snow in the car needs to be covered, what part of the car in the picture can be driven safely before the ground starts?"
,0,"If the ground is covered in snow during a cold winter season, what part of the car in the picture needs to be cleared before the car can be operated safely?","If a part of the car in the snow falls during a snowy winter, what part of the ground can be covered safely without the car being handled?"
,0,"In a cold winter, when the ground is covered with snow, what part of the car in the picture needs to be cleared before the car can be driven safely on the road?","In a cold winter, when the road in the picture is covered with snow, what part of the car in the ground needs to be kept safely before the car can be driven?"
,0,What part of the car in the picture must be cleared of snow before it can be safely driven in the winter when the ground is covered in snow?,What part of the car in the picture can be covered in snow until it is safely driven when the ground is covered in snow?
,0,"In a cold winter when snow covers the ground, what part of the car in the picture needs to be cleared before the car can be safely driven?","In a snowy winter where the car in the picture needs to be cleared before the road can be handled, what part of the car can safely fill with snow?"
,0,the area that is first impacted when a car is moving forward and crashes,the area that is first impacted when a car is moving forward and accelerated
,0,"If we were to sit and relax in a garden, what objects in the picture could provide a comfortable place to sit?","If we were to sit and relax, what objects in the picture could provide a place to sit?"
,0,Suppose we planned to sit and relax in a garden. Which items in the image might provide us with a comfortable place to sit?,Suppose we wanted to sit in a comfortable place. Which items in the image might provide us with a place to sit and relax?
,0,"If you were to relax in a garden, what objects captured in the picture may provide a comfortable place to sit?","If you were to sit in a comfortable place, what objects in the picture may provide a place to relax?"
,0,"If we were to sit and relax in a garden, please locate the objects in the picture which could provide a comfortable place to sit?","If we want to sit and relax, please locate the objects in the picture which could provide a place to sit?"
,0,"If we were to sit and relax in a garden, what objects could provide a comfortable sitting place based on the picture?","If we were to sit and relax in a comfortable place, what objects could provide a picture based on the garden?"
,0,"During a football game, the marching band often plays music to cheer on the team and entertain the audience. What is the main musical instrument played by the person in the picture?","During a football game, the marching band plays a musical instrument often played by the audience. What is the main sporting item in the picture to entertain the players and follow the music?"
,0,What is the primary musical instrument played by the person in the image when the marching band performs to cheer on the team and entertain the audience during a football game?,What is the primary musical instrument played by the person when the crowd performs on the floor during the marching band and entertain the audience in a baseball game?
,0,What is the primary musical instrument being played by the individual in the picture during a football game as the marching band seeks to energize the team and engage the crowd?,What is the main musical instrument being played by the baseball player during a concert as the band engage the team to motivate and see the movement in the crowd?
,0,"During a football game, the marching band often plays music to cheer on the team and entertain the audience. What is the primary musical instrument used by the individual in the picture for this purpose?","During a football game, the football team plays the musical instrument often and serve the audience. What is the primary organ worn by the performer on the floor for this purpose?"
,0,What primary musical instrument is being played by the person in the picture to provide entertainment and support during a football game?,What primary sport equipment is being provided by the person in the picture to provide entertainment and play during a football game?
,0,"What is the main musical instrument being played by the person in the picture, typically used by marching bands during football games to entertain the audience and cheer on the team?","What is the main musical instrument being played by the person in the picture, typically worn by the band to entertain and entertain the players during pitching games on the team?"
,0,something that emits cool or warm wind,something that emits warm or cool wind
,0,"When you want to know the current time, what part of the watch in the picture do you typically look at?","When you want to know the current time in the watch, what part of the watch do you typically look at?"
,0,"When you want to know the current time, where do you typically look at on the picture's watch?","When you want to know the current time, where do you typically look at on the watch's picture?"
,0,"When you want to know the current time, what specific part of the watch in the picture do you normally check?","If you want to know what part of the watch in the picture, what specific time do you usually check?"
,0,"When you want to know the current time, where would you normally look at typically on the watch in the picture?","When you want to know the current time on, where would you typically look at in the picture?"
,0,What component of the watch in the picture would you typically look at to determine the current time?,What part of the watch in the picture would you typically look at to determine the current time?
,0,"When you need to know the current time, where on the watch face in the picture do you look?","When you need to know the current time on the watch face, where in the picture do you look?"
,0,What part of the plant in the picture is typically harvested for its edible seeds?,What part of the plant in the picture is typically harvested for its edible seeds?
,0,What is the common part of the plant in the picture that is harvested for its edible seeds?,What is the common part of the plant in the picture that is harvested for its edible seeds?
,0,Which part of the plant is usually harvested for its edible seeds in the picture?,Which part of the plant in the picture is usually harvested for its edible seeds?
,0,What would commonly be harvested for its edible seeds in a plant shown in the picture?,What would typically be harvested for its edible seeds in the picture?
,0,"What part of the plant in the picture produces edible seeds, which are typically harvested?","What part of the plant in the picture produces edible seeds, which are typically harvested?"
,0,"In a musical performance, there is often a person who leads and directs the musicians or singers. Who in the picture could be fulfilling this role?","In a musical performance, there are often people who lead the musicians or directors. Who in the picture could be fulfilling this role?"
,0,"In a musical performance, there is typically a person who leads and directs the musicians and/or singers. Which person in the picture could be fulfilling this role?","In a musical performance, there is usually a person who leads and directs the musicians. Which person in the picture could be the performing director or/or fulfilling this role?"
,0,Which individual in the picture could potentially be fulfilling the role of leading and directing the musicians or singers during a musical performance?,Which person in the picture could potentially be leading and fulfilling the role of musicians during a musical performance or directing the singers?
,0,"During a musical performance, who in the picture might be playing the role of leading and directing the other musicians or performers?","In a musical performance, who in the picture might be the leading performer and the role of directing or performing other musicians?"
,0,"In a musical performance, who might be leading and directing the musicians or singers?","In a musical, who might be performing the musicians or directing and producers?"
,0,"In a musical performance, which member(s) of the group in the picture could be responsible for leading and directing the musicians or singers?","In a musical performance, which member of the group could be responsible for directing the musicians and singers of the song?"
,0,the objects used for long-range attacks on enemies from the side of a ship,the objects used for long-range attacks on the sides of a ship from the enemy
,0,What part of the dog's body in the picture appears to be alert and attentive?,What part of the dog in the picture appears to be attentive and alert?
,0,Which part of the dog's body appears to be attentive and alert in the picture?,Which part of the dog's body appears to be attentive and alert in the picture?
,0,Which part of the dog's body in the picture appears to be watchful and attentive?,Which part of the dog in the picture appears to be attentive and watchful?
,0,Which part of the dog's body in the picture seems to be alert and attentive?,Which part of the dog in the picture seems to be attentive and alert?
,0,"Based on the picture, which part of the dog's body appears to be alert and attentive?","Based on the picture, which part of the dog's body appears to be alert and attentive?"
,0,What part of the dog's body appears to be alert and attentive in the given picture?,What part of the dog's body appears to be attentive and alert in the given picture?
,0,Spaghetti is a popular pasta dish that typically includes a sauce made from tomatoes. What is the main ingredient in the sauce that gives it a rich flavor and vibrant red color?,Another common dish that includes tomatoes and sauce is made from red meat. What is the main ingredient in the sauce that typically gives it a spicy flavor?
,0,What is the main ingredient in the spaghetti sauce that gives it a rich flavor and a vibrant red color and is often derived from tomatoes?,What is the main ingredient in the spaghetti sauce that gives it a rich color and is often made from tomatoes?
,0,"In a spaghetti pasta dish, what ingredient constitutes the primary component of the sauce, imparting rich flavor and a vibrant red appearance?","In a dish made with spaghetti, what ingredient constitutes the primary component of the sauce, reflecting a mild flavor and tangy taste?"
,0,What is the primary ingredient in the tomato sauce used in spaghetti that gives the sauce a rich flavor and a vibrant red color?,What is the primary ingredient in the tomato sauce used in the dish that gives the sauce a rich color and a spicy flavor?
,0,"What is the primary component of the sauce that provides it with a rich flavor and vibrant red hue in spaghetti, a popular pasta dish typically served with tomato sauce?",What is the primary ingredient in the tomato sauce that provides it with a distinctive spicy flavor and a rich red color often served with tomato salsa?
,0,Spaghetti is a popular pasta dish that usually includes tomato sauce. What is the key ingredient in the sauce that provides it with a rich taste and bright red color?,What is the main ingredient in pasta that usually serves as a spicy sauce?
,0,"In modern hospitals, advanced technology is often used to monitor patients' vital signs during surgery. What object in the picture is commonly used for this purpose?","In modern hospitals, advanced technology is commonly used to monitor patients' vital signs during surgery. What object in the picture is commonly used for this purpose?"
,0,Advanced technology is often utilized in modern hospitals to monitor patients' vital signs during surgery. What object in the picture is typically used for this purpose?,Modern surgery is frequently utilized in hospitals to monitor patients' vital signs. What object in the picture is typically used for this purpose?
,0,Advanced technology is frequently utilized in modern hospitals during surgical operations to keep track of patients' vital signs. What object can be frequently used for this purpose in the image?,Modern technology is frequently utilized in hospitals for specialized tasks to keep track of patients' movements. What object can be used in this image during surgery?
,0,What object in the picture is frequently used for the purpose of monitoring patients' vital signs during surgery in modern hospitals that employ advanced technology?,What object in the picture is frequently used in hospitals for the purpose of performing advanced surgical procedures that monitor patients' vital signs?
,0,"During surgery in modern hospitals, what item is frequently employed to monitor patients' vital signs with the help of advanced technologies?","During surgery in hospitals, what item is frequently employed with the help of modern technicians to monitor vital signs?"
,0,Modern hospitals utilize advanced technology to track patients' vital health signs while undergoing surgery. Which object displayed in the picture is often applied for this function?,Hospital hospitals utilize unique surgical techniques to perform important patient tasks. Which device displayed in the picture is commonly used for this?
,0,"When entering a building, what structure do people usually use to go from one room to another?","When entering a room, what structure do people usually use to go from one building to another?"
,0,"When moving from one room to another, what architectural feature do people typically utilize to transition between rooms when entering a building?","When moving from one building to another, what structure do architects typically use to enter a room when moving between adjacent buildings?"
,0,What structure is typically used by people to transition from one room to another when entering a building?,What structure is typically used by people to move from one building to another when entering a room?
,0,What kind of feature do individuals normally utilize to move from one room to another when entering a building?,What kind of feature do individuals typically use to move from one building to another when entering a room?
,0,What architectural element would people typically use to move from one room to another when entering a building?,What architectural element would people typically use to move from one building to another when entering a room?
,0,"When entering a building, what structure is typically used to move from one room to another?","When entering a building, what structure is typically used to move from one room to another?"
,0,something that falls from the gun after shooting,something that falls from the gun
,0,"When a plane is flying, what part of the plane rotates quickly and helps generate lift and propulsion?","When a plane is flying, what part of the plane generates thrust and helps propel and rotates easily?"
,0,"When a plane is flying, which part of the plane rotates quickly to generate lift and propulsion?","When a plane is flying, which part of the plane rotates rapidly to generate thrust and propulsion?"
,0,"During flight, which part of the plane rotates quickly and helps to generate lift and propulsion?","During flight, which part of the plane rotates quickly and helps to generate thrust and propulsion?"
,0,"When a plane is in operation, what part of the plane rotates quickly to help generate lift and propulsion?","When a plane is moving rapidly, what part of the plane generates lift and propulsion to rotate?"
,0,"When a plane is flying, which part typically rotates at high speeds in order to generate lift and propulsion?","When a plane is flying, which part typically rotates at high speeds in order to generate thrust and propulsion?"
,0,"During flight, what part of the plane rotates fast and aids in generating lift and propulsion?","During flight, what part of the plane rotates and aids in propulsion and generating lift rapidly?"
,0,"In ancient civilizations, the desert was often home to stunning architectural structures. What in the picture symbolizes the remarkable feats achieved in desert regions?","In ancient civilizations, landforms often exhibit spectacular architecture. What in the image is the characteristic stone ruins achieved in ancient cultures?"
,0,What element in the picture is a symbol of the extraordinary architectural achievements seen in desert regions by ancient civilizations?,What element in the picture is an extraordinary achievement seen in the ancient civilizations of monuments built by architectural habits?
,0,"What aspect of the picture symbolizes the remarkable feats achieved in desert regions, where stunning feats of architecture have been accomplished in ancient civilizations?","What aspect of the image symbolizes the remarkable feats of ancient civilizations achieved in countries, where magnificent feats have been accomplished in deserts?"
,0,What aspect of the image represents the remarkable architectural achievements in desert regions of ancient civilizations?,What aspect of the image represents the remarkable architectural achievements of ancient civilizations in scattered regions?
,0,"In ancient civilizations, the desert was often home to stunning architectural structures. Could you identify any object or feature in the picture that symbolizes the remarkable feats achieved in desert regions?","In ancient civilizations, monuments often represent highly detailed structures. Could you believe the object in the image exhibited above could provide the facade for the spectacular deserts that symbolize ancient cities?"
,0,"In ancient civilizations, the desert was home to some visually stunning architectural structures. What in the image might inspire thoughts of the remarkable achievements of those past civilizations in creating amazing structures in such harsh desert regions?","In deserts, the ancient civilizations were home to some incredible architectural achievements. What might serve as images of amazing civilizations in the image for creating admirably brave environments of these past deserts?"
,0,"If I want to reach the items placed on a high shelf, what tool can I use to climb to a higher point?","If I need to reach a place to stand, what tool can I use to climb to the higher items placed on a shelf?"
,0,What tool could be used to reach items on a high shelf by climbing to a higher point?,What tool could be used to reach items by climbing to a higher shelf on a high spot?
,0,What is the tool that could be utilized to reach items that have been placed on a high shelf?,What is a tool that could be utilized to reach items that have been placed on the shelf?
,0,What in the image can be used as a tool to climb to a higher point when reaching items on a high shelf?,What in the image can be used as a tool to climb to a higher point when shopping on a shelf?
,0,What object can be used to reach items that are placed on a high shelf?,What object can be used to reach items that are placed on a high shelf?
,0,What item would you utilize in order to climb to a higher point to reach items placed on a high shelf?,What item would you utilize on top of a shelf in order to climb to a higher position?
,0,"To ensure proper hygiene, it is common for people to clean the bathroom on a regular basis. What object in the picture needs to be opened or moved to effectively clean the inside of the toilet?","To clean the toilet properly, it is important for people to maintain a regular hygiene. What object in the picture can be placed on the floor to clean or empty the toilet?"
,0,"To effectively clean the inside of a toilet, what object do you need to move or open in the picture?","To clean a dirty object inside of the toilet, what structure do you typically need to open or close in the picture?"
,0,What object should be opened or moved to clean the interior of the toilet effectively in this picture?,What object should be opened or moved to clean the toilet completely in the exterior of this picture?
,0,"When cleaning a bathroom for hygiene purposes, which object in the image should be opened or moved to enable thorough cleaning of the interior of the toilet?","When cleaning a bathroom for hygiene purposes, which object in the picture should be opened or moved to the exterior of the toilet to facilitate cleaning of the sink?"
,0,What is the object that needs to be moved or opened in the picture to clean the interior of the toilet?,What is the object that needs to be moved or opened to clean the toilet in the picture?
,0,What part of the picture needs to be opened or moved to clean the inside of the toilet properly to ensure proper hygiene?,What part of the toilet needs to be opened or worn to properly clean the inside of the bowl to ensure proper hygiene?
,0,Dogs often enjoy playing and running freely in open spaces. What area in the picture would be an ideal location for a dog to run and play?,Dogs often enjoy running and play in open spaces. What area in the picture would be ideal for a dog to sit and play safely?
,0,Which area in the picture would be an ideal location for a dog to run and play?,Which area in the picture would be an ideal area for a dog to run and play?
,0,"If you have a pet dog, what area in the picture would provide an ideal location for your pet to run and play freely?","If you have an ideal pet, what area in the picture would be ideal for your dog to sit and play safely?"
,0,"In the picture, what area would be ideal for a dog to run and play freely?","In the image, what area would be ideal for a dog to run and play comfortably?"
,0,"If a dog wants to run and play freely in an open space, what area in the picture would you recommend as an ideal location?","If a dog wants to play a game and enjoy an open space, what area in the picture would be appropriate as a location?"
,0,Where is an ideal location within this picture for a dog to run and play freely?,Where is an ideal location within this image for a dog to run and play freely?
,0,"When flying an aircraft, the pilot sits in a specific area of the plane. What part of the plane in the picture can we infer the pilot is sitting in?","When flying a plane, a pilot sits in a specific section of the plane. What part of the plane in the picture can we observe in the image?"
,0,"If we assume that there is a pilot in the aircraft shown in the picture, what area of the plane might we infer the pilot to be sitting in?","If we assume that there is a pilot in the plane shown in the picture, what area of the aircraft might we observe to be in the plane?"
,0,"When flying an aircraft, the pilot typically sits in a specific location within the plane. Based on the picture, which part of the plane can we infer that the pilot is seated in?","When flying in a plane, the pilot typically sits in a seated position. Based on the picture, which part of the plane can we identify that the pilot is flying in?"
,0,"When flying an aircraft, the pilot sits in a specific location. Based on the picture, which part of the plane might we infer that the pilot is positioned within?","When flying a plane, the pilot may position themselves in a specific location. Based on the picture, which part of the plane is shown to indicate that the pilot sits in?"
,0,"When operating an aircraft, the pilot typically sits in a specific area. Based on the image, what part of the plane might we assume the pilot would be sitting in?","When operating a pilot, the aircraft typically sits in a flat area. Based on the image, what part of the aircraft might the pilot be standing in?"
,0,"When flying an aircraft, the pilot typically sits in a specific location inside the plane. Based on this image, what region of the aircraft can we reasonably deduce the pilot is seated in?","When flying a plane, the pilot typically sits in an area of the plane. Based on this image, what object in the picture can we accurately determine the aircraft being seated in?"
,0,something that controls the speed and direction of the boat,something that controls the speed and direction of the boat
,0,something that is smoking,something that is smoking
,0,Exploring historical sites often requires entering the interior of a building. What areas in the picture can serve as entry points for exploration?,Exploring areas in a building can provide important historical exploration. What elements in the picture often serve as entry points for the interior?
,0,"When exploring a historical site and gaining entry to the interior of buildings, what areas of the picture could serve as potential entry points for exploration?","When exploring a building and gaining entry into the realms of a cave, what areas of historical entry could serve as potential sites for exploration?"
,0,"Suppose someone wants to explore the interior of a building in a historical site. In the picture, which regions could serve as entryways for such exploration?","Suppose a person wants to explore the main buildings in an urban exploration. In such a map, which item could serve as entrance for those explorations?"
,0,Suppose we want to explore the interior aspects of a building while touring historical sites. What areas in the picture may serve as entry points for such exploration?,We should explore the areas of a building to explore historical elements. What part in the picture might serve as traveling sites for these interesting elements?
,0,something that can help me to wipe my mouth,something that can help me to wipe my mouth
,0,What object is directly connected to the toilet bowl and can be lifted to clean the toilet seat and dirt around the toilet bowl?,What object is attached to the toilet bowl and can be moved around the toilet bowl to clean the toilet and drain the toilet?
,0,What is the object directly connected to the toilet bowl that can be lifted to clean the toilet seat and dirt around the toilet bowl?,What is the object that can be attached to the toilet bowl to clean the toilet bowl and stop the dirt around the toilet?
,0,"What is the name of the object that is connected to the toilet bowl, can be lifted to clean the toilet seat, and can be used to clean dirt around the bowl?","What is the name of the bowl, can be used to clean the toilet bowl, and is connected to the dirt seat that can be placed around the toilet?"
,0,What is the object that is directly attached to the toilet bowl and can be raised to clean the toilet seat and surrounding area?,What is the object that is attached to the toilet bowl and can be raised to clean the toilet seat and surrounding area?
,0,What item is typically connected directly to the toilet bowl and can be lifted for the purpose of cleaning the toilet seat and surrounding area?,What item is usually located on the toilet bowl and can be opened for the purpose of flushing the toilet and surrounding toilet seat?
,0,Which object directly connected to the toilet bowl can be lifted to clean the toilet seat and any dirt present around the toilet bowl?,Which object attached to the toilet bowl can be placed to clean the toilet bowl and any debris present behind the toilet?
,0,something used for protecting the head,something for protecting the head
,0,"If someone wanted to cross from one side of the water to the other, what structure in the picture could they use to do so?","If someone wanted to cross from one side of the water to the other, what structure could they use to do so?"
,0,"In the image, if someone wanted to cross from one side of the water to the other, which structure could they use to accomplish this?","In the image, if someone wanted to cross one side of the water to the other, which structure could they utilize to accomplish this?"
,0,"In the context of crossing from one side of a body of water to the other, what structure in the picture could be utilized to achieve this goal?","In the context of crossing one side of a body from one to the other, what structure in this picture could be utilized to achieve the goal?"
,0,"If someone intended to cross from one side of the water to the other, which structure in the picture could be used to do so?","If one could attach to the other side of the water in the picture, which structure could be used to do so?"
,0,"If someone were wishing to travel from one side of the water to the other, what structure could be utilized to accomplish this goal from the picture?","If one were to need to move from one side of the water to the other, what object could be utilized to accomplish this view?"
,0,What structure in the picture could be used to cross from one side of the water to the other?,What structure in the picture could be used to cross one side of the water from one to the other?
,0,"In public spaces, there are often statues of historical figures or iconic animals. What object in the picture represents a beagle?","In historical statues, there are often public figures or iconic animals. What object in the picture represents a culture of beasts?"
,0,"What object in the picture represents a beagle, which is a common figure found in statues of iconic animals or historical figures in public places?","What object in the picture is a common figure found in statues or beasts of a famous bear, which represents historical figures in public places?"
,0,What item in the picture represents a beagle and is frequently used to depict historical figures or iconic animals in public spaces?,What item in the picture represents a figure or frog and is often used to represent historical figures in public places?
,0,"Regarding statues in public spaces, there are often representations of historical figures or iconic animals. What object in this image represents a beagle?","In historical figures of statues or fruits, there are often artifacts in public spaces. What object in this image represents a culture?"
,0,"In public spaces, statues of historical figures or iconic animals are often present. Can you indicate which object in the picture is a beagle?","In historical monuments or statues, public figures of animals are often present. What object in the picture can you identify a beast?"
,0,"Which object in the picture represents a beagle, which is a popular animal for statues in public spaces?","Which object in the picture represents a public animal, which is a popular object for statues in a terrace?"
,0,"Some dairy products, such as milk and yogurt, are commonly stored in containers to keep them fresh. What object in the picture can be used to cover the opening of a container and prevent the dairy product from spoiling?","Some dairy products, such as yogurt and cheeses, are often stored in a container to keep them fresh. What object in the picture can be used to cover the container of dairy to prevent spoiling?"
,0,What gear in this image could be utilized to cover the opening of a container and avoid spoilage of dairy products like milk and yogurt?,What gear in this image could be utilized to avoid spoilage of a container and cover the yogurt of dairy products like milk or ice cream?
,0,"Some dairy products, such as milk and yogurt, are often stored in containers to preserve their freshness. What item in the picture could be utilized to secure the container's opening and prevent the dairy product from spoiling?","Some dairy products, such as milk and yogurt, are often stored in containers to ensure their freshness. What item in the picture could be utilized to remove the dairy from the container's contents?"
,0,"What item in the picture can be utilized to cover the opening of a container and prevent dairy products, such as milk and yogurt, from spoiling?","What item in the picture can be utilized to prevent dairy products, such as milk and yogurt, from covering the lid of a cup?"
,0,"Some dairy products, such as milk and yogurt, are typically stored in containers to prevent them from developing spoilage. What is the object in the picture that can be placed over the opening of a container to prevent spoilage of dairy products?","Some dairy products, such as milk and yogurt, are typically stored in a container to prevent spoilage. What object in the picture can be placed behind the contents of dairy products to prevent them from spoiling?"
,0,What object in the picture could be utilized to cover the opening of a container and prevent dairy products such as milk and yogurt from spoiling?,What object in the picture could be utilized to prevent dairy products such as milk and yogurt from spoiling on a container?
,0,"When visiting a coastal city with multiple islands, tourists often use a means of transportation to travel between the islands. What in the picture can be used for this purpose?","When visiting a island with multiple islands, tourists often need to use a way of transportation to visit the islands. What in the picture can be used for this purpose?"
,0,"When visiting a coastal city that has multiple islands, what can be used to travel between the islands?","When visiting a coastal island that has multiple islands, what can be used to travel between the islands?"
,0,"When visiting a coastal city consisting of multiple islands, which object in the picture might be utilized for transportation between those islands by tourists?","When visiting a coastal island, which object in the picture might be utilized by tourists for transportation between islands?"
,0,"If you were to visit a coastal city with multiple islands, what object in the image could be utilized as a means of transportation for island hopping?","If you were to visit a coastal island like a city, what object in the image could be utilized as a means of transportation for beach navigations?"
,0,"When visiting a coastal city with multiple islands, what object in the picture can be utilized to travel between the islands?","When visiting multiple islands with different attractions, what object in the picture can be utilized to connect with the islands?"
,0,"In a coastal city with multiple islands, what item in the picture can serve as a means of transportation for traveling between the islands as a tourist?","In a coastal island like the picture, what item in the picture can serve as a transportation between two islands for travelling as a means of tourism?"
,0,What object in the bedroom can people easily use to cover the window to prevent the penetration of sunlight?,What object in the bedroom can people use to easily penetrate the window to prevent the absorption of sunlight?
,0,"To block out sunlight and prevent it from penetrating a bedroom, which object can be utilized to easily cover the window?","To prevent sunlight from penetrating a wall and block out its light, which object can be utilized to easily accommodate the bathroom?"
,0,What item can be easily utilized in the bedroom to cover the window and block sunlight from entering?,What item can be utilized in the bedroom to block sunlight and cover the window from entering?
,0,What is the object located in the bedroom that people can use to block sunlight from entering through the window?,What is the object in the bedroom that people can use to block sunlight from entering through the window?
,0,"What object, present in a bedroom, would be a convenient option for preventing sunlight from entering the room when needed?","What object, present in a bedroom, would be an ideal option for preventing light from entering the room when needed?"
,0,What object in the bedroom can be conveniently used to block sunlight from entering through the window?,What object in the bedroom can be used to block sunlight from entering through the window?
,0,What part of the plant in the picture is primarily responsible for supporting the flowers and leaves and transporting nutrients from the roots to other parts of the plant?,What part of the plant in the picture is primarily responsible for transporting the roots and nutrients to other parts of the plant?
,0,What component of the plant shown in the picture is primarily responsible for providing support to the leaves and flowers and carrying nutrients from the roots to other parts of the plant?,What component of the plant in the picture is primarily responsible for providing nutrients and supporting the roots and leaves to other parts of the plant?
,0,Which component of the plant in the picture is primarily responsible for providing support to the leaves and flowers as well as transporting nutrients from the roots to other areas of the plant?,Which part of the plant in the picture is primarily responsible for providing support and transporting nutrients from the roots to the leaves and other parts of the plant?
,0,Which particular part of the plant in the picture is mainly responsible for supporting the flowers and leaves and transporting nutrients from the roots to other parts of the plant?,Which part of the plant in the picture is mainly responsible for supporting the roots and transporting nutrients and other parts of the flowers to the plant?
,0,"Which part of the plant in the picture is primarily responsible for providing support to the flowers and leaves, as well as transporting nutrients from the roots to other regions of the plant?","Which part of the plant in the picture is primarily responsible for providing support and nutrients to the roots, as well as transporting the flowers to other parts of the plant?"
,0,"What part of the plant seen in the picture is primarily responsible for supporting the flowers and leaves, as well as assisting in the transport of nutrients from the roots to other parts of the plant?","What part of the plant in the picture is primarily responsible for supporting the roots and leaves, as well as assisting in the transport of nutrients from the roots to other parts of the plant?"
,0,something that can protect the persons' heads,something that can protect the persons' heads
,0,"Pure black coffee can be too bitter to drink, so people often add sugar to it to sweeten the taste. What tool in this image can be used to add sugar to coffee and stir it?",Pure sugar in coffee can be bitter and often add to taste. What tool in the picture is used to add sugar to coffee to soothe it?
,0,What object can be used to add sugar to black coffee and stir it to temper the bitterness?,What object can be used to stir brown sugar and add it to the coffee to bitterness?
,0,What in the picture can be utilized to add sugar to coffee and stir it to improve its taste?,What in the picture can be utilized to stir sugar in coffee and add it to its taste?
,0,What object in the picture can be used to add sugar to coffee and stir it?,What object in the picture can be used to add sugar to coffee and stir it?
,0,What utensil in the picture may be utilized to add sugar to coffee and stir it?,What utensil in the picture may be utilized to stir sugar and to consume it?
,0,Which tool from the picture would you use to add sugar to coffee and stir?,Which tool from the picture would you use to add sugar and stir coffee?
,0,"When riding a bicycle and carrying personal belongings, what object should be used to secure and transport the items safely?","When riding a bicycle and carrying personal belongings, what object should be used to secure and transport the items safely?"
,0,"In order to safely transport personal belongings while riding a bicycle, what object should be used to secure and carry the items?","In order to safely and safely carry personal belongings while riding a bicycle, what object should be used to transport the items?"
,0,"When riding a bicycle and carrying personal belongings, what object should be used to safely secure and transport the items?","When riding a bicycle and safely carrying personal belongings, what object should be used to secure and transport the items?"
,0,What item should be used to securely transport personal belongings while riding a bicycle?,What item should be used to securely carry personal belongings while riding a bicycle?
,0,"When riding a bicycle and carrying personal belongings, which object should be utilized to securely transport the items in a safe manner?","When riding a bicycle and transporting personal belongings, which object should be utilized to securely carry the items safely in a safe manner?"
,0,"When we visit a cafe or a restaurant, where can we usually find a place to sit and enjoy our food and drinks?","When we find a place to sit or enjoy a drink or a restaurant, where can we usually look at our food and drinks?"
,0,"When visiting a cafe or a restaurant, where would we typically find a location to sit and enjoy our food and drinks?","When visiting a restaurant or bar, where would we typically find a location to sit and enjoy our drinks or food?"
,0,"When visiting a cafe or restaurant, where is an area where people can commonly find a place to sit and enjoy their food and drinks?","When visiting a cafe or restaurant, where can someone find an area where people can keep their drinks and occasionally eat?"
,0,"When we visit a cafe or restaurant, where is the area that usually provides seating for us to enjoy our food and drinks?","When we are visiting a restaurant or bar, where is the place that typically provides us with food for our drinks?"
,0,"When visiting a cafe or a restaurant, where can we typically find a location to be seated and enjoy our food and beverages?","When locating a location or a restaurant, where can we typically find a place to be at our beverages and enjoy food or bee?"
,0,"When we visit a cafe or a restaurant, what kind of area can we typically find to sit and enjoy our food and drinks?","When we visit a cafe or restaurant, what type of place can we typically find to sit and enjoy our drinks or food?"
,0,What object covers the toilet bowl when the toilet is not in use?,What object covers the toilet bowl when the toilet is not in use?
,0,"In gymnastics, there are different apparatuses that athletes can use for their performances. What object in the picture could be used by a gymnast for their routine?","In gymnastics, there are different equipment that athletes can use for their performance. What object in the picture could be used by a gymnast for exercises?"
,0,Which object in the picture can be used by a gymnast during their routine?,Which object in the picture can be used by a gymnast during their routine?
,0,"In gymnastics, what equipment in the picture can a gymnast use for their performance?","In gymnastics, what equipment in the picture can a gymnast use for their performance?"
,0,What equipment in the picture might be utilized by a gymnast during their performance?,What equipment in the picture might be utilized by a gymnast during their performance?
,0,"In gymnastics, different equipment is used by athletes to perform. Based on the picture, what object could be utilized by a gymnast during their routine?","In gymnastics, equipment is utilized by different athletes. Based on the picture, what object could be used by a gymnast to perform their routine?"
,0,What object in the bathroom can be used to cover the toilet bowl when not in use?,What object in the bathroom can be used to cover the toilet bowl when not in use?
,0,"What is the object commonly used to cover the toilet bowl when the toilet is not in use, located in the bathroom?","What is the object commonly used to cover the toilet bowl when the toilet is not in the bathroom, used for use?"
,0,What object in the bathroom is used for covering the toilet bowl when not in use?,What object in the bathroom is used for covering the toilet bowl when not in use?
,0,What object is commonly used to cover a toilet bowl when it is not being used in a bathroom setting?,What object is commonly used to cover a toilet bowl when it is not being used in a bathroom setting?
,0,What can be used to cover the toilet bowl in the bathroom when it is not in use?,What can be used to cover the toilet bowl in the bathroom when it is not in use?
,0,What can be used to cover the toilet bowl when not in use that is present in the bathroom?,What can be used to cover the toilet bowl when not present in the bathroom?
,0,"You are tired after all day""s hard work and want to rest for a while. What furniture might you choose to sit on to rest?",You are tired all day and want to rest after a hard work. What furniture might you sit on to enjoy without rest?
,0,Imagine that you're feeling exhausted after a long day of hard work and want to take a break. Which piece of furniture in the picture would you choose to sit on and relax?,Imagine that you're feeling tired and forced to sit down after a long day of work. Which piece of furniture in the picture would you want to take on and relax?
,0,"If you are tired after a long day of hard work and want to rest, what kind of furniture might you choose to sit on?","If you feel tired after a long day of rest and want to work on, what kind of furniture might you sit on?"
,0,"If you're feeling exhausted after a long day at work and need to rest, what piece of furniture might you opt to sit on?","If you feel tired after a long day and need to rest on furniture, what piece of furniture might you opt to sit at?"
,0,"After a hard day's work, you want to rest for a while. Which piece of furniture might you select to sit and relax on in the picture?","After a long day's work, which piece of furniture might you sit on for a while?"
,0,Suppose you want to rest for a while after a long day of hard work. What type of furniture would you choose to sit on for relaxation?,Suppose you want to sit on for a long time after a workout. What type of furniture might you choose to relax on for comfort?
,0,"In a hotel lobby, there may be decorative elements that enhance the grandeur and elegance of the space. What object in the picture can be hung from the ceiling and provides both lighting and aesthetic appeal?","In a room, there can be a decorative hue that is hung at the ceiling and provides both elegance and charm. What object in the picture could enhance the artistic and decorative properties of its surroundings?"
,0,"In a hotel lobby, decorative elements are often used to enhance the grandeur and elegance of the space. If we consider the picture shown, which element can be suspended from the ceiling while simultaneously providing lighting and aesthetic appeal?","In a ceiling, ornaments are often placed directly behind the interior. If we consider the obvious, what element can be used to enhance the aesthetic charm and pleasingness of the space?"
,0,"In a hotel lobby, decorative elements can help to enhance the grandeur and elegance of the area. Based on this picture, what item can be suspended from the ceiling to provide both attractive form and lighting functionality?","On a loft, furniture can be placed to enhance the ambiance and charm of the room. Given this image, what decorative item from the gallery could offer to enhance both ventilation and brightness?"
,0,"Hotels typically incorporate decorative elements in their lobbies to enhance their grandeur and elegance. What object can be suspended from the ceiling in the picture, serving both the function of lighting and providing aesthetic appeal?","Many decorative items can be placed in ceilings and incorporated into their hinges to enhance the ambiance of the decor. What object in the picture provides a natural light, expressing its elegance and paradigm?"
,0,"In a hotel lobby, there may be decorative elements that enhance its grandeur and elegance. Could you tell me which object in the picture can be suspended from the ceiling to provide both lighting and aesthetic appeal?","In a loft, there are certain furnishings that can be lit to enhance both natural and decorative appeal. Could you tell me what object in the picture could be designed to attract its ambiance and aesthetic beauty?"
,0,Hotels usually have decorative elements in their lobbies to achieve a grand and elegant look. Could you please identify the object in the picture which can be suspended from the ceiling to provide both aesthetic appeal and lighting?,Doors can be placed in large ceilings to give a unique and elegant appearance. Could you identify the object in the picture to have a natural gingerbread which could be suspended from the ceiling to provide elegance and relaxing?
,0,"As a fighter pilot prepares for takeoff, what area of the plane does the pilot enter and control during the flight?","As a pilot prepares for the flight, what area of the plane does the pilot enter and control during the takeoff?"
,0,"During takeoff preparation, which area of the plane does a fighter pilot enter and control throughout the flight?","During takeoff and landing, which area of the plane does a fighter pilot control throughout the flight process?"
,0,"During takeoff, which part of the plane does a fighter pilot typically enter and control throughout the flight?","During takeoff, which part of the plane does a fighter typically control and control the aircraft during flight?"
,0,"During a takeoff, what area of the plane is entered and controlled by the pilot?","During a takeoff, what area of the plane is controlled and entered by the pilot?"
,0,"As a fighter pilot prepares for takeoff, which area of the plane do they enter and control during the flight?","As a fighter plane prepares for takeoff and exit, which part of the plane does the pilot control during the flight?"
,0,"In order to input information and perform tasks on a laptop, what object in the picture can be used for typing?","In order to input information and perform tasks on a laptop, what object in the picture can be used for typing?"
,0,"To input information and perform tasks on a laptop, what is the object in the picture used for typing?","To input data and perform tasks on a laptop, what is the device used for typing in the picture?"
,0,What object from the picture can be used for typing or inputting information on a laptop in order to perform various tasks?,What object from the picture can be used to input or type information on a laptop for performing various tasks?
,0,"When using a laptop to input information and perform tasks, which object in the picture could be utilized for typing?","When using a laptop to input information and perform tasks, which object in the picture could be utilized for typing?"
,0,"When performing tasks on a laptop, what object in the picture can be utilized for typing and inputting information?","When performing tasks on a laptop, what object in the picture can be utilized for typing and inputting information?"
,0,the region exhibiting unusual color,the region exhibiting color
,0,"When a cat is interested in something and wants to observe it carefully, what part of the cat's body in the picture is most likely to be the focus of attention?","When a cat wants to see something and is keen to pay attention, what part of the cat's body in the picture is most likely to be curious about it carefully?"
,0,"If a cat is interested in something and wants to observe it closely, what part of the cat's body in the picture is most likely to be the center of attention?","If a cat is interested in something and wants to pay attention, what part of the cat's body in the picture is most likely to be nearby?"
,0,"If a cat is intently observing something of interest, what part of its body in the picture is likely to be the focus of attention?","If a cat is observing something in the picture, what part of its body of attention is likely to be of interest?"
,0,"When a cat is interested in something and wants to observe it carefully, what part of its body will most likely be the focus of its attention based on the picture?","When a cat wants to focus on something and is likely curious about it, what part of the body will be the focus of its attention carefully?"
,0,"When a cat is keen on observing something, what part of the cat's body in the picture is usually the focus of attention?","When a cat is focusing attention, what part of the cat in the picture is usually a reflection of the cat's keen mind?"
,0,"When a cat is interested in something and wants to observe it attentively, which part of its body is most likely to be the focus of its attention in the picture?","When a cat wants to pay attention to something and is likely to observe it closely, which part of its body is the focus of its interest in it clearly?"
,0,"Some plants have delicate structures that are visually appealing and often attract pollinators. In the picture, what would be an example of such a plant?","In nature, plants often have pollinators that are attractive and look like intricate plants. What would be an example of such a plant?"
,0,Some plants are visually attractive and possess delicate structures that can attract pollinators. Could you identify an example of a plant in the image that fits this description?,Some plants possess structures that are attractive and can identify an intricate individual of plants. Can you identify a model in this picture that uses them correctly?
,0,"Can you identify a plant in the picture that showcases delicate structures, which are visually appealing and might attract pollinators?","Can you identify a plant in the picture that exhibits attractive pollinators, which are delicate and might identify ornamental structures?"
,0,Could you point me to the plant in the picture that might serve as an example of a plant with delicate structures that are visually striking and likely to draw in pollinators?,Would you suggest me to draw an example in the picture that can serve as a surface in a plant that is intricate and often bearing collectively of pollinators?
,0,It is summer now. What object can help reduce the temperature in the room and make it more comfortable?,Now is the object. What room can make it more comfortable in the summer and reduce the temperature?
,0,"As a smart home AI, what appliance can be activated to decrease the temperature and make a room more comfortable during the summer season?","As a mobile appliance, what accessory can be activated to make a room cool and increase the comfort during a hotter summer?"
,0,"What appliance in the room can be utilized to reduce the temperature and create a more comfortable environment, given that it is currently summer?","What appliance can be used in the room to maximize the environment and maintain a comfortable temperature, given it is already being spent?"
,0,"As a smart home AI, what object can you suggest to reduce the temperature in the room and make it more comfortable now that summer has arrived?","As a home improvement, what object could you use to make it more comfortable and reduce the air temperature in the summer now that is curious?"
,0,"In a cold winter, what appliance can be used to heat the indoor environment?","In an indoor environment, what appliance can be used to heat the cold winter?"
,0,"In a frigid winter, what appliance can be utilized to warm the indoor environment?","In a frigid winter environment, what appliance can be utilized to warm the indoor environment?"
,0,"In chilly winters, what appliance would you use to warm up the indoor environment?","In chilly winters, what appliance would you use to warm up the indoor environment?"
,0,What appliance could be implemented to warm up the indoor environment during a cold winter?,What appliance could be installed to warm up the indoor environment during a cold winter?
,0,"As an intelligent home assistant, what appliance would you advise to be used to heat the indoor environment in a cold winter?","As an indoor engineer, what appliance could you be using to assist in a warm environment in hot summer?"
,0,What type of appliance could be utilized to warm up an indoor environment during a cold winter day?,What kind of appliance could be utilized to warm up an indoor environment during a cold winter day?
,0,"When participating in water activities, it is important to prioritize safety and wear appropriate equipment. What in the picture could provide extra protection and buoyancy to the person in case of any incidents in the water?","When participating in water activities, it is important to wear appropriate equipment and ensure safety in case of any buoyancy. What in the picture could provide additional safety and minimize the activity of people in the water?"
,0,"During water activities, safety should always be a top priority, and it's important to wear appropriate equipment. What item in the picture could provide the person with extra protection and buoyancy in the event of any accidents in the water?","During water activities, safety is a key consideration, and it's always recommended to provide the passengers with appropriate safety gear. What item in the picture could be needed to ensure safety and keep the person in top condition in any event of water hazards?"
,0,"In water activities, it is crucial to prioritize safety by wearing appropriate equipment. Which item in the picture could provide extra protection and buoyancy to the person in case of an incident in the water?","In water, it is crucial to avoid possible trapped water by carrying items in the water. Which item in the picture could provide safety for the person in case of an accident?"
,0,"When participating in water activities, it is essential to prioritize safety and wear appropriate equipment. What item could provide an extra layer of protection and buoyancy in the event of any incidents while in the water?","When participating in water activities, it is essential to carry out appropriate safety and ensure buoyancy. What item in the picture could provide an extra layer of protection and insist on any activities prior to a boom in water?"
,0,"While participating in water activities, one must prioritize safety and wear the appropriate gear. What equipment in the picture can provide extra protection and buoyancy in case of any incidents in the water?","When participating in water activities, one must wear appropriate safety equipment and ensure proper placement of gear. What equipment in the picture can provide safety and minimize the buzz in in any water?"
,0,something that protects the knees,something that protects the knees
,0,Weightlifting is a common exercise in the gym to build muscle and strength. What equipment in the picture is commonly used for weightlifting exercises?,Weightlifting is a common exercise in the gym to train muscles. What equipment in the picture is commonly used for weightlifting and exercising?
,0,What equipment displayed in the picture is typically used for weightlifting exercises in the gym aimed at building muscle and strength?,What equipment in the picture is typically used for exercising in the gym aimed at building muscle and strength lifting?
,0,Weightlifting is a common exercise that many people often practice in gyms to build muscle and improve strength. Can you identify the equipment that is frequently used for weightlifting exercises in this picture?,Weightlifting is a common exercise that is commonly used in gyms to train muscles and build strength. What device can you identify in this picture that people often perform weightlifting exercises?
,0,Weightlifting is a common exercise in the gym that focuses on muscle building and strengthening. What equipment visible in the picture is frequently employed for weightlifting exercises?,Weightlifting is a common exercise in the gym that focuses on muscle strengthening and lifting. What equipment present in the picture is commonly employed for weightlifting exercises?
,0,"What equipment in the picture is typically used for weightlifting exercises, which are a popular method of building muscle and enhancing strength at the gym?","What equipment in the picture is commonly used for exercising muscles and building grip, which is a great method of exercising the weightlifting?"
,0,"When weightlifting in the gym to build muscle and strength, what equipment in the picture is often used to facilitate these exercises?","When exercising in the gym to build muscle and strength, what equipment in the picture is typically utilized to carry these weight lifting exercises?"
,0,something that the animals are tied to,something that the animals are tied to
,0,"In the picture, what objects could be seen in the sky that are usually formed by condensed water vapor?","In the picture, what objects are usually seen in the sky that could be formed by condensed water vapor?"
,0,"What are the objects in the sky that are usually formed by condensed water vapor, which are possibly visible in the picture?","What are the objects in the sky that are usually formed by water vapor, which are commonly seen visible in the picture?"
,0,"What objects, typically created through the condensation of water vapor, can be observed in the sky of the picture?","What objects, typically formed through the condensation of water vapor, can be observed in the picture of the sky?"
,0,What objects could be observed in the sky of the picture that are commonly formed as a result of condensed water vapor?,What objects are commonly observed in the picture that could be formed as a result of condensation of the hot water vapor?
,0,"What type of objects, typically created from condensed water vapor, can be seen in the sky in the provided picture?","What type of objects, typically filled with water vapor, can be seen from frozen water in the described image?"
,0,"In this picture, what objects can sometimes be seen in the sky when water vapor becomes condensed?","In this picture, what objects can sometimes be seen in the sky when water vapor becomes condensed?"
,0,the spare tire that is not used currently,the spare tire that is not currently used
,0,"At a dinner party, a guest may be asked to carve a cake or pie to serve to the other guests. What object in the picture could be used to cut the cake or pie?","At a wedding, one could be asked to serve a pie or cheese cake to the guests. What object in the picture could be used to put the pie or cheese in to serve?"
,0,What in the picture can be utilized to cut a cake or pie during a dinner party to serve to the guests?,What in the picture can be utilized to cut a cake or pie to serve to guests during a dinner?
,0,"In the context of a dinner party, if someone is asked to carve a cake or pie to serve to the guests, what object from the picture could be utilized for this task?","In the case of a cake, if someone wants to serve a dinner or dessert to the guests, what object from the picture could be utilized to prepare this for a task?"
,0,"During a dinner party, a guest might be asked to cut a cake or pie for serving the other guests. What object in the picture might be utilized for this purpose?","During a wedding reception, a guest might be given a cake to serve the guests. What object in the picture could be utilized for this purpose?"
,0,What object in the picture can be used to cut cake or pie when a guest is asked to serve other party guests?,What object in the picture can be used to serve cake or pie when a guest wants to serve other guests?
,0,"Suppose you are attending a dinner party, and you are asked to carve a cake or pie to serve to other guests. What tool in the picture could you use for this purpose?","Suppose you are baking a pie or cake, and you want to serve to a friend at a party. What tool in the picture could you be using to take care of this?"
,0,Which object can be used to put and place things within arm's reach when sitting in the living room?,Which object can be used to put and hold things when sitting in the living room's surround?
,0,What object is commonly used to keep things within arm's reach when sitting in the living room?,What object is commonly used to keep things around when sitting in the living room's reach?
,0,What item in the living room can be used to place objects within arm's reach when sitting?,What item in the living room can be used to place objects around arm's reach when sitting?
,0,"As an intelligent robot, what object would you grab to place items within arm's reach if someone was sitting in the living room?","As an arm object, what object would you place in your living room if someone could pull to sit within the computer's reach?"
,0,What object in the living room can be used for placing items within arm's reach while sitting in the room?,What object in the room can be used for holding hands while sitting in the room's environment?
,0,"In a living room, which object could be used to conveniently place and keep things within arm's reach while seated?","In a living room, which object could be used to place and seize things comfortably while keeping head within reach?"
,0,the motorcycles tied together,the motorcycles tied together
,0,the place where the teacher can write and draw,the place where the teacher can write and draw.
,0,the symbol of the Olympics,the symbol of the Olympic Games
,0,the hardest body part of the animal,the hardest animal part of the body.
,0,Suppose you are a student and need to bring all the required supplies to the library for self-study. What object can be used to facilitate transportation?,Suppose you need to carry all the necessary supplies to a class and can facilitate self-learning. What object can be used to transport students for transportation?
,0,"If you need to bring all your required supplies to the library for self-study, what object could you utilize to streamline transportation of these items?","If you need to carry your supplies to the library for self-service, what object could you utilize to transport some of these organized items?"
,0,"If you need to bring all of your required supplies to the library for self-study, what object could you utilize to facilitate transportation?","If you need to facilitate some of your transportation to the library, what object could you utilize to carry supplies for self-study?"
,0,"If you need to bring all the required supplies to the library for self-study, which object in the picture could be utilized to facilitate transportation?","If you need to transport supplies to get to the class, which object in the picture could be utilized for facilitated transportation?"
,0,"As a student, you need to bring all the necessary supplies to the library for self-study. What item could be utilized to make transportation more convenient?","As a student, you need to carry all the necessary supplies to the library for recreation. What item could be utilized to make your class more self-suited?"
,0,"If you need to bring all of your study supplies to the library for self-study while you are a student, what object could you use to simplify transportation of the items?","If you need to bring some of your supplies to a lecture for self-study, what object can you use to transport all the items of the library while you are?"
,0,the real person,the real person
,0,"In order to maintain a clean and environmentally friendly neighborhood, people often separate their waste materials for recycling. What in the picture could be used to dispose of recyclable items?","In order to maintain a clean and recyclable environment, people often dispose of their recyclables. What in the picture could be used to dispose of recycling materials for food?"
,0,"To reduce waste and preserve the environment, people frequently categorize their refuse for recycling within the community. What in the picture is an effective medium for disposing of recyclable materials?","To reduce the spread of waste and discard, people need to discard their materials wisely. What in the picture is an appropriate resource for recycling for efficient disposal of waste within the environment?"
,0,"In order to maintain a neighborhood that is clean and mindful of the environment, separating waste into different categories for recycling is essential. What item(s) in the picture could be utilized to dispose of recyclable materials?","In order to keep things clean and recyclable, it is necessary to maintain a environment that is attractive to the environment. Which portion of the grid in the picture could be utilized for disposing of specific items into recycling?"
,0,What object in the picture appears suitable for disposing of recyclable items as a means of preserving a clean and eco-friendly environment for the community?,What object in the picture is suitable for the disposal of eco-friendly items as a means of preserving and maintaining a clean and recyclable environment for the community?
,0,"To maintain a clean and environmentally friendly neighborhood, people often separate their waste materials for recycling. Could you tell me what object is present in the image that could be utilized to dispose of recyclable items?","To maintain a clean and recyclable environment, people often utilize special resources to dispose of recyclable items. Could you tell me what area in the picture can be used to dispose of their waste that is generally transparent and recyclable?"
,0,"In hazardous environments, protective gear is necessary to ensure personal safety. What protective item in the picture can help shield the face and eyes from harmful substances?","In protective hazardous situations, protective gear is essential to ensure safe personal effects. What substance in the picture can help protect the eyes and face from harmful substances?"
,0,"When working in hazardous environments, it is generally necessary to utilize protective gear to guarantee personal safety. What protective item displayed in the picture could be utilized to shield the face and eyes from harmful substances?","When working in hazardous situations, it is essential to protect the eyes from harmful substances. What personal protective gear utilized in the picture could be utilized to protect and display gloves?"
,0,"When present in hazardous environments, wearing protective gear is crucial for ensuring personal safety. Please identify the protective item in the picture that could aid in shielding the face and eyes from dangerous substances.","When wearing protective gear, protective gear is essential to ensure the safety of the person in the picture. Please identify what item present in the picture might be useful in protecting hands from hazardous substances and dangerous waves."
,0,"When operating in hazardous environments, it is important to wear protective gear to ensure personal safety. Which protective item in the picture may help protect the face and eyes from harmful substances?","When handling hazardous substances, it is important to wear protective gear to protect the eyes from harmful effects. Which protective item in the picture may help ensure safety and wear?"
,0,"In hazardous environments, it is important to use protective gear to ensure personal safety. What item of protective gear in the picture is designed to protect the face and eyes from exposure to harmful substances?","In hazardous work environments, it is important to protect the eyes from harmful substances. What item of protective gear is designed to protect the eyes from contact with dust and gases?"
,0,"When working in hazardous environments, it is crucial to wear appropriate protective gear to ensure personal safety. Based on the picture, what protective item might assist in shielding the face and eyes from dangerous substances?","When working in hazardous situations, it is crucial to protect the eyes from harmful substances. Based on the picture, what protective gear might be worn to ensure proper wear and protect personal protective equipment while handling potential hazards?"
,0,People usually wash their hands after using the restroom. What object in the picture provides water for hand washing?,People usually wash their hands after using the restroom. What object in the picture provides water for hand washing?
,0,What object in the picture could be used to provide water for handwashing after using the restroom?,What object in the picture could be used to provide handwashing for using water after resting?
,0,What object in the picture could be used to supply water for the purpose of hand washing after using the restroom?,What object in the picture could be used for the purpose of hand washing after using the restroom?
,0,"What object, typically used for hand washing, can be found in the picture?","What object, typically used for hand washing, can be found in the picture?"
,0,What object in the picture serves as a water source for hand washing after using the restroom?,What object in the picture serves as a hand sanitation source for washing after using the restroom?
,0,"Please identify the object in the picture that provides water for hand washing, typically used after using the restroom.","Please identify the object in the picture that provides water for use after washing, typically used for hand washing."
,0,the couple who gets married,the couple who gets married
,0,"In some religious or cultural practices, people may gather in a specific place to perform rituals or prayers. What location in the picture could be associated with such activities?","In some religious rituals or rituals, people gather in a specific location to perform services. What area in the picture could be associated with such practices?"
,0,What location in the picture might be associated with religious or cultural rituals that involve people gathering together to perform prayers or other rituals?,What location in the picture might be associated with people gathering to perform rituals or religious rituals that involve prayers or other religious rituals?
,0,"In some religious or cultural practices, individuals may gather in a particular location to conduct rituals or prayers. What area in the picture may be related to these activities?","In some religious rituals or programs, individuals may gather in a particular area to practice their prayers. What area in the picture might be related to these activities?"
,0,"In religious or cultural practices, people may congregate in particular areas to conduct rituals or prayers. Based on the picture, what location might be related to such events?","In religious contexts, people often gather to perform religious ceremonies or services based on similar events. Based on the picture, what area might be held in these communities might congregate?"
,0,"What part of the picture could be associated with religious or cultural rituals or prayers, where people may congregate?","What part of the picture could be associated with religious rituals or prayers, where people or churches may congregate?"
,0,What part of the picture could be associated with religious or cultural rituals where people gather?,What part of the picture could be associated with religious or cultural rituals where people gather?
,0,"When walking around a college campus, there are multiple buildings to navigate through. What part of the picture is generally used by pedestrians to move from one area to another?","When walking through a neighborhood, students often use one side of the street to move from one place to another. What structure is there that is typically used to navigate through pedestrians?"
,0,"In a college campus, pedestrians travel through various buildings and locations. Please guide me to locate the region in the picture that is commonly used by pedestrians to navigate from one location to another.","As a pedestrians, I frequently travel through a location in one city. Please find the location in the picture that can be used by pedestrians to navigate from one campus to another."
,0,"When traversing a college campus, what part of the picture is typically utilized by pedestrians to move from one area to another?","When moving from one campus to another, what part of the picture is typically utilized by pedestrians to navigate to a particular campus?"
,0,"When navigating through a college campus with various buildings, people usually travel between different areas via paths. What part of the picture do pedestrians primarily use to move from one location to another?","When traveling through a college campus, students often use different routes to move from one place to another. What part of the picture do pedestrians primarily travel through with structures located near various points?"
,0,"When traversing a college campus with numerous buildings, what area of the picture is typically utilized by pedestrians to move between buildings?","When traversing a college campus, what portion of a neighborhood is typically utilized by pedestrians to move around buildings with vehicles?"
,0,something that provides the lift force for the helicopter,something that provides the lift for the helicopter
,0,the person who is pushing the baby carriage,the person who is pushing the baby carriage
,0,"During a carnival parade, people often wear elaborate costumes to enhance the festive atmosphere. What part of a costume would typically be attached to a person""s back to give them a fairy-like appearance?","During a festive costume, people usually wear outfits to give them a funny appearance. What part of a costume would typically be attached to a carnival-like display to enhance the person`s spirit?"
,0,"During a carnival parade, people often wear elaborate costumes to enhance the festive atmosphere. Which part of a costume would usually be attached to a person's back to give them a fairy-like appearance?","During a festive costume, people usually wear outfits to give them a funny appearance. What part of a costume might be attached to the villager's back to enhance a carnival feel?"
,0,"During a carnival parade, elaborate costumes are typically worn to enhance the festive atmosphere. What item would you expect to be attached to a person's back as part of their costume to give them a fairy-like appearance?","During a funeral costume, guests are often worn at a festive occasion to give them a funny look. What item would you expect to be attached to a carrier's costume to enhance their appearance?"
,0,People often wear elaborate costumes to enhance the festive atmosphere during a carnival parade. What part of a costume would typically be attached to a person's back to create a fairy-like appearance?,People often wear costumes during a festive funeral to enhance a festive feel. What part of a costume would typically be attached to the person's back to create a carnival-like outfit?
,0,"During a carnival parade, individuals often wear flamboyant and elaborate costumes to generate a festive atmosphere. What part of a costume can be affixed to a person's back to provide a fairy-like appearance?","During a festive costume, individuals often wear carnival-like outfits to attract a funny impression. What part of a caravan's costume can be sewn up to provide a calamari or other elegant expression?"
,0,"Imagine it's cold outside and you have guests over, you want to create a warm atmosphere for everyone. Which object in the image can create a comfortable warmth inside?","Imagine you have a warm environment in the image, and it's cold outside. Which object in this image can create a warm atmosphere for guests to come inside?"
,0,"Suppose you have guests over in a chilly environment and you wish to create a warm, comfortable ambiance. What object in the picture could you use to achieve this?",Suppose you have warm and chilly environments and you wish to create a cozy atmosphere. What object in the picture could you utilise to achieve this?
,0,"If you want to create a warm atmosphere indoors when it's cold outside and you have guests over, what item in the picture would you use to create a pleasant, temperature-controlled environment?","If you want to create a cozy, pleasant atmosphere in the sun and you're outdoors when it's cold outside, what item would you use to create a friendly, atmosphere-filled environment?"
,0,"Suppose it's chilly outside, and you have guests over, and you would like to create a warm and comfortable indoor atmosphere. What object in the image could help you achieve this objective?","Suppose it's chilly and outside, and you would like to create a comfortable indoor environment. What object in the image could you undertake to achieve this goal?"
,0,"Imagine it's cold outside and you have guests over, and you want to create a warm atmosphere inside for everyone. What object in the image can serve this purpose by producing comfortable warmth?",Imagine it's warm outside and you want to create a warm environment for guests. What object in the image can provide warmth for you by creating this pleasant outside?
,0,"When attending a sports event in a stadium, what would people typically sit on to watch the game?","When attending a sports event on a stadium, what would people typically sit in to watch the game?"
,0,"When attending a sports event in a stadium, which object would people generally use to sit on to watch the game?","When attending a sports event in a stadium, which object would people usually use to sit on to watch the game?"
,0,"At a sports event in a stadium, what is the object that people usually sit on when watching the game?","At a sports event in a stadium, what is the object that people usually watch on when watching the game?"
,0,What objects in the stadium would people usually sit on to watch a sports game?,What objects in the stadium would people usually sit on to watch a sports game?
,0,"When attending a sports event in a stadium, what is the common item people would use to sit and watch the game?","When attending a sports event in a stadium, what is the common item people use to watch and sit on the game?"
,0,"In a children's playground, there are often small structures designed for children to play in. What in the picture can children enter and use as their own little house?","In a children's playground, children often see and play in their own little house. What is there in the picture designed for children to play with?"
,0,"In a children's playground, what structure in the picture can children enter and use as their own little house for playing?","In a children's playground, what structure in the picture can children use as their main house for playing and inhabit?"
,0,What part in the picture could children enter and utilize as a miniature house for playing?,What part of the picture can children utilize in bed as a miniature game for opening and play?
,0,What structure in the picture can children use as their own little house to play in while in a children's playground?,What structure in the picture can children use as their own playground to sit in when little is in a children's house?
,0,Which object in the picture may be considered a small structure that children can enter and utilize as their own playhouse in a playground?,Which object in the picture can be utilized as a small playground that children may own and play in their own house?
,0,"During playtime, children often explore small structures designed specifically for them in a children's playground. What item in the picture could children enter and use as their own little house?","Within children's play, children often explore small spaces in their own home. What item in the picture could children use to locate and play their main structure for a playground?"
,0,"If I want to print out a document, what appliance in this image can I use to accomplish this task?","If I want to print out a document, what appliance in this task can I use to accomplish this image?"
,0,Which appliance could be used in this image to complete a printing task?,Which appliance could be used to complete a task in this image?
,0,"If you want to print a document, what appliance from the provided image can be utilized to help you accomplish this task?","If you want to print a document, what appliance utilized by the task can be provided to accomplish this project?"
,0,the tool used for spreading jam,the tool used for spreading tin
,0,"During a nighttime flight, when an airplane lands, what equipment is typically used to allow passengers to safely exit the aircraft onto the ground?","During an airplane landing, when an aircraft is regularly parked, what equipment is typically used to safely pull passengers onto the ground?"
,0,"After a nighttime flight, what is the common equipment utilized to permit passengers to safely disembark from an airplane and step onto the ground?","After an airplane landing, what is the common equipment utilized to temporarily disengage passengers from a plane and board the ground?"
,0,"When an airplane lands at night, what equipment is typically utilized to ensure that passengers can safely disembark the aircraft and reach the ground?","When an aircraft is disposed to safely land at the ground, what equipment typically utilizes to ensure passengers reach the airplane and arrive?"
,0,"On a night flight, what is the equipment typically used for the safe disembarking of passengers once the airplane has landed onto the ground?","On the night aircraft, what is the device typically used for the disembarking of passengers until the airplane is safely landed on a ground?"
,0,"When an airplane lands at night, what equipment is commonly used to allow passengers to safely disembark from the plane onto the ground?","When an aircraft is placed at night, what materials commonly use to safely disembark from the ground onto a plane?"
,0,the medium for storing information,the medium for storing information
,0,something that controls motion direction in games,something that controls direction in tennis games
,0,something that helps people to cross the river,something that helps people cross the river
,0,"In a music class, students often learn to play different musical instruments. What instrument in the picture is the woman most likely playing?","In a musical class, students learn to play instruments. What instrument in the picture is the woman most likely playing?"
,0,"Based on the picture, which musical instrument is most likely being played by the woman in the music class?","Based on the picture, which musical instrument is most likely being played by the woman in the music class?"
,0,"In a music class, students usually learn to play various instruments. If we assume that the woman in the picture is a beginner musician, what musical instrument is she playing?","In a music class, the student usually plays piano. If we assume that the woman in the picture is studying various instruments, what instrument do they play?"
,0,"In a music class, which musical instrument in the picture is most likely the one being played by the woman?","In a musical play, which musical instrument being played by the woman is most likely the one in the picture?"
,0,"During a music class, students often have the opportunity to play various musical instruments. Based on this image, which instrument is the woman in the picture most likely playing?","During an academic class, children often play various musical instruments. Based on the image, which instrument in the picture is the woman most likely to play?"
,0,"When driving a car, there is usually a specific place in the front of the car where a symbol or logo can be seen. What part of the car in the picture usually displays this symbol or logo?","When driving a car, there is usually a symbol or logo that displays in the front of the car. What part of the car in the picture can usually be seen where this particular symbol or logo is?"
,0,"When driving a car, a specific region towards the front of the car typically displays a symbol or logo. In the given picture, which segment of the car typically exhibits this logo or symbol?","When driving a car, a particular segment of the car typically displays a logo or symbol. In this picture, which region of the car near the logo will display the symbol?"
,0,"When driving a car, there is usually a specific area at the front of the car where a symbol or logo can be viewed. Please identify the part of the car where this symbol or logo is typically displayed in the picture.","When a car is displayed, a specific part of the car is typically displayed at the front of the sign or logo. Please identify the area in the picture where a particular car can be displayed where this symbol is usually displayed."
,0,"In a car, a symbol or logo is typically located in a specific location at the front of the car. Can you identify the part of the car in the picture that normally displays this symbol or logo?","In a car, a symbol or logo is typically located at the front of the car. Can you identify a particular part of a car in the picture that displays the symbol or logo?"
,0,"When cooking, it is important to cover the pot tightly to ensure that the food is cooked evenly. What object in the picture can be used to cover the pot?","When cooking the food, it is important to cover it tightly so that the pot can be cooked evenly. What object in the picture is used to ensure that the pot is covered?"
,0,"When cooking, it is crucial to have the pot tightly covered to guarantee that the food is cooked evenly. Could you identify the object in the picture that can be utilized to cover the pot?","When cooking, it is crucial to ensure that the food can be cooked neatly. Can you identify the object in the picture that might be utilized to hold the soup aside?"
,0,"When cooking, covering a pot tightly can help ensure even cooking of the food. What object in the picture could be utilized to cover the pot while cooking?","When cooking, making sure the handle of the pot is tightly covered can aid in cooking. What object in the picture could be utilized to cover the pot while cooking something?"
,0,"What can be used to cover the pot while cooking to ensure that the food is heated evenly, according to standard kitchen practices?",What can be used to cover the food evenly while cooking to ensure that the food is heated according to standard kitchen practices?
,0,"When cooking, it is important to cover the pot tightly to ensure that the food is cooked evenly. What item in the picture is typically utilized for covering a pot?","When cooking food, it is important to ensure that the item is cooked evenly. What item in the picture is typically utilized to cover the pot for cooking?"
,0,"In cooking, it is important to cover the pot tightly to ensure that the food is cooked evenly. What could you use in the picture to cover the pot?","In cooking, it is important to cover the pot tightly to ensure that the food is cooked evenly. What in the picture can you use to cover the pot?"
,0,What object in the picture is most likely responsible for creating a cloud of dust when it drives on the dirt field or track?,What object in the picture is most likely responsible for creating a cloud of dust when it dumps on the train or driveway?
,0,What is the item in the picture that is most likely responsible for generating a cloud of dust when driving on the dirt field or track?,What is the item in the picture that is most likely responsible for guiding the field of dust when driving a dirt truck or stream?
,0,"When driving on a dirt field or track, which object in the picture is most likely responsible for creating a cloud of dust?","When driving on a dirt road or field, which object in the picture is most likely responsible for creating a cloud of dust?"
,0,"When driving on dirt fields or tracks, what object in the picture is most likely responsible for creating a cloud of dust?","When driving on a dirt road, what object in the picture is most likely responsible for creating cloud of dust?"
,0,"Toy cars can be designed to mimic real vehicles, but they are typically smaller in size. What part of a toy car in the picture is often made of rubber and allows the car to move forward?","Small cars can be designed to toy cars, but they are typically made of rubber. What part of a car in the picture is typically made of plastic and allows the car to move inward?"
,0,Could you identify the component  in the picture of a toy car that's typically made of rubber and facilitates the forward movement of the car?,Can you identify the component of a toy car that's typically made of rubber and facilitates movement in the shape of the car?
,0,The part of the toy car that enables it to move forward and is usually made of rubber.,The part of the car that is usually made of rubber and allows it to move independently.
,0,"What component of the toy car in the picture is usually made of rubber and enables it to move forward, despite being smaller than real vehicles?","What component of the toy car in the picture is usually made of rubber, while being smaller than real vehicles?"
,0,"What component of a typical toy car, sometimes made of rubber, enables it to move forward?","What piece of typical car, usually made of rubber, enables a vehicle to move forward?"
,0,"What is the name of the part in the image that is usually constructed from rubber and employs the movement of the car in a forward direction when discussing toy cars, which are intended to look like real vehicles but are typically smaller in size?","What is the name of the part of the car that is designed to move in a circular direction and is usually used to represent the shapes of toy cars in reality, which are typically composed from rubber and resembles smaller cars?"
,0,"In an ice hockey game, what essential equipment does a player use to hit the puck?","In an ice hockey game, what essential equipment does a player use to hit the puck?"
,0,What equipment is essential for a hockey player to use to hit the puck in an ice hockey game?,What equipment is essential for an ice hockey player to use to hit a puck in the ice hockey game?
,0,"During an ice hockey game, what essential equipment does a player typically utilize to strike the puck?","During an ice hockey game, what equipment does a player typically utilize to hit the puck?"
,0,What equipment does a player use in an ice hockey game to strike the puck?,What equipment does a player use to strike a puck in the ice hockey game?
,0,"In an automobile exhibition, car manufacturers often showcase their latest designs and prototypes. What in the picture can be used to showcase a new and innovative car design?","In the automotive industry, car makers often showcase their new designs and designs. What in an art gallery can be used to introduce a new or innovative car model?"
,0,"At an automobile exhibition, what in the picture can be used to display a brand new, forward-thinking car design?","In an automobile display, what new design can be seen at a post about an artfully innovative, forward-looking car?"
,0,"In an automobile exhibition, car manufacturers often showcase their latest designs and prototypes. What item in the picture can be used to display a new and innovative car design?","In an automotive showcase, car makers often display new and innovative designs. What item in the image can be used to designs a new car prototyp?"
,0,"During an automobile exhibition, car manufacturers frequently present their newest prototypes and designs. What in the picture could be utilized to showcase an innovative new car design?","In automotive design, car makers frequently present their new designs to showcase their innovative designs. What object in the picture could be utilized to develop an ideal new car prototyp?"
,0,"During an automobile exhibition, car manufacturers often showcase their latest designs and prototypes. What specific object can be utilized to present new and innovative car designs, based on the picture?","During car shows and exhibitions, automakers often design new and customized cars to showcase their innovations. What object can be utilized to produce the latest car designs, based on a specific prototypical image?"
,0,"If a person lies down in bed and wants to find something to watch to relax, what appliance in the room can they consider using to watch various programs or movies?","If a person in the room wants to watch something and is wondering what appliance to watch, what item can they use to sit down to relax in bed?"
,0,"If a person lies down in bed and wants to find something entertaining to watch, what appliance in the room is suitable for them to consider using to browse and watch various programs, movies or shows?","If a person in the room is looking to watch something entertaining and enjoy, what appliance in the picture is suitable to use to find various programs or shows to sit down with?"
,0,"If someone is lying in bed and wants to unwind by watching movies or different programs, what appliance in the room can be utilized for this purpose?","If someone is bored in the bed and wants to enjoy movies or games, what appliance can be utilized in this room for some purpose?"
,0,Suppose a person is lying in bed and wants to relax by watching a show or movie. What device could they utilize in the room to browse and watch various programs?,Suppose someone is enjoying a show and movie in a room. What device in the picture could they utilize to sit around and watch various programs?
,0,"When a person is lying down in bed and wants to find something to watch and relax, what device in the room could be used to access various programs or movies?","When someone is in a room and wants to watch movies and TV, what device in the bed could be used to locate something to sit on and relax?"
,0,The teacher needs to write the lesson content on this object when they are teaching in the classroom. What is this object in the picture?,The teacher needs to write the message when they are teaching the material on this classroom. What is the object in this picture?
,0,What is the object in the picture that a teacher in a classroom could use to write lesson content on while teaching?,What is the object in the picture that a teacher in class might use to write a lesson on while teaching?
,0,"In the classroom, what is the object that the teacher utilizes to write the lesson content?","In the classroom, what is the object that the teacher utilizes to write the lesson content?"
,0,What is the object in the picture on which a teacher may write lesson content during classroom instruction?,What is the object on which a teacher may write lesson content during classroom instruction?
,0,"In the context of a classroom, what object might a teacher use to write lesson content?","In the context of a classroom, what object might a teacher use to write lesson content?"
,0,"If a teacher wants to write the lesson content while teaching in a classroom, what is the object in the picture that can be used for this purpose?","If a student wants to teach the lesson in a classroom, what is the object that can be used for the purpose in this picture?"
,0,A fruit salad is a refreshing and delicious dessert that often consists of a variety of fruits mixed together. What object in the picture could be used to hold and serve such a dessert?,A dessert is a spicy and delicious dessert often filled with fruits. What object in the picture could be used to serve a variety of such a dessert?
,0,"What object present in the picture could be utilized to hold and serve a fruit salad, a refreshing and delicious dessert that usually incorporates an assortment of fruits?",What object present in the picture could be utilized to serve a delicious and refreshing dessert that typically entails a full assortment of fruits and vegetables?
,0,"To hold and serve a fruit salad, what object in the picture could be utilized?","To hold and serve a fruit salad, what object in the picture could be utilized?"
,0,"If you were making a fruit salad, which item from the picture would you use to serve and hold the dessert?","If you were making a dessert, which item from the picture would you use to hold the fruit salad?"
,0,What object in the picture could be utilized to contain and serve a delicious and refreshing fruit salad dessert abundantly made up of a diversity of fruits?,What object in the image could be utilized to produce a delicious and refreshing variety of dessert made out of a fruit salad abundantly rich with fruits?
,0,someone who is taking a photo,someone who is taking a photo
,0,the places where people can sit,the places where people can sit
,0,What object in the room can we stuff clothes into for storage or transportation?,What object in the room can we stuff clothes into for storage or transportation?
,0,Which furniture item in the room could be used for storing or transporting clothes when they are jam-packed?,Which furniture item in the room could be used for storing or packing clothes when they are cloth-packed?
,0,Where could we store or transport clothes by stuffing them in an object inside the room?,Where could we store or transport objects by stuffing them inside an object in the room?
,0,What object can be utilized to store or transport clothing by filling it with clothes?,What object can be utilized to store or transport clothing by filling it with clothes?
,0,What is the item in the room that can be used for storing or transporting clothes after being filled with them?,What is the item in the room that can be used for storing or transporting clothes after being filled with them?
,0,What object in the room can be used for the storage or transportation of clothes by stuffing them in?,What object in the room can be used for the storage or transportation of stuff by clothing them in?
,0,the area where people can walk,the area where people can walk
,0,"When enjoying a plate of chicken wings, what in the picture can be used to enhance the flavor of the wings by dipping them in it?","When enjoying chicken wings, what in the picture can be used to enhance the flavor of a bowl of them by eating them in the wings?"
,0,"When enjoying a plate of chicken wings, what in the picture could be utilized to enhance their flavor by dipping the wings into it?","When enjoying chicken wings, what in the picture could be utilized to enhance the flavor of their wings by dipping them into it?"
,0,What in the picture could be a good choice to serve as a dip and enhance the flavor of chicken wings when being enjoyed?,What in the picture could be a good choice to serve as a flavor of chicken wings and enhance the snack when enjoying?
,0,"When savoring a plate of chicken wings, what item in the picture can be utilized to improve their taste by dipping them in it?","When enjoying chicken wings, what item in the picture can be utilized to maximize their taste of it by cutting them in one plate?"
,0,What in the picture can be used to improve the flavor of chicken wings by dipping them in it?,What in the picture can be used to improve the flavor of chicken wings by eating them in it?
,0,"When enjoying a plate of chicken wings, what in the picture can be utilized by dipping them in it to enhance the flavor of the wings?","When enjoying chicken wings, what in the picture can be utilized to enhance the flavor of them by eating them in a bowl of wings?"
,0,"What should we close before take a shower, in order to prevent water from splashing out and getting the whole bathroom wet ?","What should we remove before bathing, in order to prevent the whole bathroom from getting wet and taking a shower?"
,0,What should we close before taking a shower to prevent water from splashing out and getting the bathroom wet?,What should we examine before taking a bath to prevent water from getting wet and splashing out the shower?
,0,"Before taking a shower, what object should be closed to prevent water from splashing out and getting the whole bathroom wet?","Before taking a bath, what object should be closed to prevent water from getting wet and splashing out the shower?"
,0,What item in the bathroom should you close before taking a shower to avoid water splashing and making the floor wet?,What item in the bathroom should you close before taking a shower to avoid water splashing and making the floor wet?
,0,What part in the living room can people sit on and watch TV or take a nap?,What part in the living room can people sit on and watch TV or take a nap?
,0,What furniture item can people sit on in the living room to watch TV or take a nap?,What furniture item can people sit on to watch TV or take a nap in the living room?
,0,What is the typical furniture item in a living room that people sit on when watching TV or taking a nap?,What is a typical furniture item in a living room that people sit on when watching TV or taking a nap?
,0,What area in the living room can people sit on to watch TV or take a nap?,What area in the living room can people sit on to take a nap or watch TV?
,0,What item in the living room provides a comfortable place to sit and watch TV or take a nap?,What item in the living room provides a comfortable place to sit and watch a TV or take a nap?
,0,What furniture item in the living room could be utilized for sitting and watching TV or napping?,What furniture item in the living room could be utilized for sitting or watching TV?
,0,"the most commonly used buttons for moving up, down, left and right","the most commonly used buttons for moving up, down, left and right"
,0,something that shows the destination of this bus,something that shows the destination of this bus
,0,the place where people can sit on a bicycle,the place where people can sit on a bicycle
,0,"When exploring the beach and handling sea creatures, we must be cautious to avoid injuries. What in the picture can cause injuries if touched without proper care?","When exploring the beach, we must be careful to avoid injuries and avoid hiding creatures. What in the picture can cause headache if touched with care?"
,0,"During beach exploration and handling of ocean creatures, it is important to exercise caution to prevent injuries. What in the picture could lead to injuries if not approached with proper care?","During exploration of beaches, it is important to take appropriate precautions to prevent boat injuries. What in the picture could indicate burnout if not handled with care?"
,0,"During exploration of the beach and handling of sea creatures, it is important to exercise caution to avoid injury. What items in the picture have the potential to cause harm if not handled properly?","During exploration of the beach, it is important to have appropriate products to avoid damage if not taken seriously. What item in the picture can cause the exhibits of hunting and creativity?"
,0,"During beach exploration and handling of sea creatures, what object(s) in the picture could cause injury if touched without sufficient precautions?","During exploration of sea creatures, what object in the picture could cause permanent damage and punishment if taken following specific exercises?"
,0,"When exploring the beach and handling sea creatures, it is important to exercise appropriate caution to avoid injuries. Which objects in this picture might cause injury if handled without care?","When exploring beaches and avoiding injuries, it is important to avoid objects that pose serious danger if touched during this hunting. Which animal in the picture may show caution?"
,0,What object would people sit on when eating together at a dining table?,What object would people sit on when eating together at a dining table?
,0,What is the object that people normally sit on while eating together at a dining table?,What is the object that people normally sit on while eating together at a dining table?
,0,What is the object that people typically sit on when they eat together at a dining table?,What is the object that people typically sit on when they eat at a dining table?
,0,What is the object people typically sit on when they eat together at a dining table?,What is the objects people typically sit on when they eat at a dining table?
,0,What object might individuals sit on when having a meal together at a dining table?,What object might individuals sit on when having a meal together at a dining table?
,0,"At a dining table where people gather to eat together, what object is typically utilized for sitting?","At a dining table where people gather to sit, what object is typically utilized for sitting together?"
,0,"In ice hockey, players use specific equipment to control the puck and score goals. What object in the picture could be used by the players for this purpose?","In ice hockey, players use specific equipment to control the pucks for specific goals. What object in the picture could be used by the players in this purpose?"
,0,"In ice hockey, players typically utilize certain equipment to control the puck and score goals. Can you identify what object(s) in the picture could be used by the players for this purpose?","In ice hockey, players typically use specific equipment to control the pucks and score goals. Can you identify what object(s) in the picture could be utilized by these players for this purpose?"
,0,"In ice hockey, players use specific equipment to control the puck and score goals. What object in the picture could be utilized by the players for this purpose?","In ice hockey, players use specific equipment to control the pucks for personal purposes. What object in the picture could be utilized by the players?"
,0,the speaker,the speaker
,0,What equipment can be used to increase the temperature of indoor air in winter?,What equipment can be used to increase the indoor temperature of air in winter?
,0,"What device can be utilized to raise the temperature of the indoor air during winter, in order to keep it warm and comfortable?",What device can be utilized in the winter to raise the temperature of the indoor air to keep it warm and comfortable?
,0,What equipment can be used to raise the temperature of indoor air during the winter months?,What equipment can be used to raise the temperature of indoor air during the winter months?
,0,What appliance can be used to increase the indoor air temperature during the winter season?,What appliance can be used to increase the indoor air temperature during the winter season?
,0,"As a smart home AI, what appliance would you turn on to increase the temperature of indoor air in winter?","As an indoor appliance, what device would you turn on to increase the temperature of hot air in winter?"
,0,the food that is rich in carbohydrates,the food that is rich in carbohydrates
,0,"In homes, perishable foods are often stored in low-temperature appliances to prevent spoilage. What object in a home is mostly adapted for this purpose?","In a house, perishable foods are often stored in low-temperature appliances for protection. What object in a kitchen is adapted to do this?"
,0,What appliance in a home is commonly utilized to store perishable foods at low temperatures to prevent spoilage?,What appliance is commonly utilized in perishable homes to store food at low temperatures to prevent spoilage?
,0,"In a home, what appliance is commonly used to store perishable foods at low temperatures to prevent spoilage?","In a home, what appliance is commonly used at low temperatures to store perishable foods to prevent spoilage?"
,0,"At home, what object is typically used to store perishable foods at low temperatures to prevent spoilage?","At home, what object is typically used at perishable temperatures to store spoils to prevent low temperatures?"
,0,"In homes, perishable foods are frequently kept in low-temperature environments to prevent spoilage. What appliance in the home is typically utilized for this purpose?","In home environments, perishable foods are usually utilized for low-temperature purposes. What appliance in the kitchen is often stored to protect this environment?"
,0,"In a home, what appliance is typically used to store perishable foods in low-temperature environments, in order to prevent spoilage?","In a home, what appliance is typically used in containers to store low-temperature foods, in order to prevent perishable spoilage?"
,0,something indicating the identity of the car,something indicating the identity of the car
,0,"When taking a break outdoors, people often look for a comfortable place to lie down and rest. What object in the picture provides a suitable space for relaxation?","When taking a relaxing break, people often look out for a place to rest and relax. What object in the picture provides a suitable place for sleep?"
,0,"When outdoors and looking to take a break, people often search for a comfortable place to rest. What object in this picture would provide a suitable space for relaxation?","When looking for a comfortable place to rest and seek out a relaxation, people often try to rest. What object in this picture would provide a suitable space for yourself?"
,0,What in the picture would provide a suitable space for relaxation when taking a break outdoors and seeking a comfortable space to lie down and rest?,What in the picture would provide a suitable place for individuals to sit down and seek peace and relaxation when looking out for a comfortable space?
,0,"When people take a break outdoors, often a pleasant spot to rest and relax is sought. Could you identify which object in the picture can provide such a space?","Whenever people take a break from a relaxed environment, sometimes a spot in the picture can provide such relief. What object in this area is likely to provide you to look out?"
,0,"During outdoor breaks, people often seek a cozy place to rest and unwind. What in the picture can provide a suitable location for reclining and relaxation?","In outdoor relaxation, people often seek a place to rest and relax. What in the picture can provide a suitable location for reclining and relaxing pools?"
,0,"When outdoors and in need of a place to relax, what object in the picture could potentially provide a comfortable spot for lying down and resting?","When outdoors and in need of a spot for resting, what object in the picture could potentially provide a comfortable place to sit and relax?"
,0,"In the picture, there are vehicles parked in designated areas. What type of vehicle is parked near the road and used for transporting goods?","In the picture, there are vehicles parked near roads and used for transportation? What type of vehicle is parked in designated areas?"
,0,"In the picture, there are several vehicles parked in designated areas. Could you specify the type of vehicle that is parked near the road and primarily used for transporting goods?","Given the picture, there are several vehicles parked in areas. Can you specify the type of vehicle that is primarily used for transporting goods parked in designated areas?"
,0,"In the picture, there are several vehicles parked in designated areas. What vehicle type is parked close to the road, and is primarily used for transporting goods?","In the picture, there are several vehicles parked primarily in designated areas. What vehicle is used for transportation, and is parked near road vehicles?"
,0,"In the picture, where is the vehicle that is parked near the road, which is often used for transporting goods?","In the picture, where is the vehicle that is used for transporting goods, which is often parked near the road?"
,0,"Looking at the picture, what type of vehicle intended to transport goods is parked near the roadway in a designated area?","Looking at the picture, what kind of vehicle designated for transportation is parked near a designated roadway in the area?"
,0,"In the picture, various vehicles are parked in designated areas. Please point out the vehicle parked near the road, which is typically used for the transportation of goods.","In the picture, several vehicles are parked along designated areas. Please point out the vehicle, which is typically used for the transportation of goods."
,0,"In a baseball game, the pitcher throws the ball to the batter, who tries to hit it. What equipment does the batter use to hit the ball?","In a baseball game, the batter throws the ball to the pitcher. What equipment does the batter use to hit the ball?"
,0,"During a baseball game, pitchers throw the ball to the batter who attempts to hit it. What piece of equipment does the batter utilize to hit the ball?","During a baseball game, pitchers attempt to hit the ball to throw it. What equipment does the batter use to hit the ball?"
,0,"In a baseball game, the pitcher throws the ball to the batter, who tries to hit it with what piece of equipment?","In a baseball game, the pitcher throws the ball to the batter, who tries to hit it with pieces?"
,0,"In a baseball game, the pitcher throw the ball to the batter, who then attempts to hit it. What is the item of equipment used by the batter to hit the ball?","In a baseball game, the batter throws the ball to the batter. What equipment is used by the pitcher to attempt to hit the ball?"
,0,Street artists commonly perform in public spaces and use various instruments to entertain the audience. What musical instrument is the man in the picture playing?,Public musical instruments are commonly played in street parties and entertain the audience. What object in the picture is the artist using to perform various movements?
,0,What musical instrument is the man in the picture playing as a street artist to entertain the audience?,What musical instrument is the man in the street playing as an artist to entertain the audience?
,0,What musical instrument is the man in the picture playing during his street performance?,What musical instrument is the man in the picture playing during his street performance?
,0,"What musical instrument is the man playing in the picture, given that street artists often utilize various types of instruments to entertain their audience in public spaces?","What musical instrument is the man often present in public spaces, given that artists utilize various types of instruments to entertain their audience in the street?"
,0,What musical instrument is the man depicted in the picture playing while performing as a street artist to entertain his audience?,What musical instrument is the man depicted in the picture as a singer while playing music to entertain his audience?
,0,What musical instrument is the man in the picture playing as he performs on the street to entertain the audience?,What musical instrument is the man in the street playing on the street to entertain the audience as he performs?
,0,the more advanced warcraft,the more advanced warcraft
,0,"If you want to watch a movie or a football game in a relatively high-quality screen, what object in the hotel room will help you accomplish this task?","If you want to watch a movie or a movie in a high-quality room, what task in this baseball equipment setup will help you navigate the screen?"
,0,"If you wanted to watch a movie or a football game on a high-quality screen, what item in a hotel room could be used to satisfy this demand?","If you wanted to watch a movie or a game on a high-quality screen, what item in a hotel room could be utilized to satisfy this demand?"
,0,What object in a hotel room could be used to watch a high-quality movie or a football game?,What object in a hotel room could be used to watch a high-quality movie or a game?
,0,"If you are looking to watch a movie or football game on a high-quality screen within your hotel room, what in-room object would likely serve this purpose?","If you are looking to watch a movie or game on a television in a high-definition room, what specific object within your hotel room would serve this function?"
,0,What object in the hotel room can be utilized to experience high-quality video content such as a movie or a football game?,What object in the room can be utilized to deliver high-quality video content such as a movie or a sports game?
,0,"When preparing for a festive event like Halloween, people often use certain objects to decorate their homes. What object in the picture would be suitable for this purpose?","When preparing a Christmas party for Halloween, people often use objects to decorate their homes. What object in the picture would be suitable for this purpose?"
,0,"When preparing for a festive event like Halloween, what objects in the picture could be utilized for decorating homes?","When preparing for a Halloween celebration, what objects in the picture could be utilized for decorating like windows?"
,0,"When people prepare for a festive event like Halloween, what specific object(s) in the picture might be suitable for the purpose of decorating their homes?","When people are preparing for a family holiday, what object(s) in the picture might be suitable for the purpose of decorating their windows?"
,0,"When preparing for a festive event like Halloween, people often use certain objects to decorate their homes. Can you identify an object in the picture that would be suitable for this purpose?","When preparing a festive occasion for a birthday, people often use objects to decorate their homes. Can you identify something in the picture that would be suitable for this purpose?"
,0,"As Halloween is approaching, people usually decorate their homes with various objects. Given the picture, can you identify an object that would be suitable for this purpose?","As Christmas is approaching, people usually hang their clothes with ornaments. Given this, can you identify an object that would be suitable for this purpose?"
,0,"In regions with heavy snowfall, it is important to clear the roads for safe transportation. What equipment in the picture is commonly used for this purpose?","In areas with heavy snowfall, it is important to transport the vehicles for safe transportation. What equipment in the picture is commonly used for this purpose?"
,0,"In areas with heavy snowfall, roads must be cleared regularly to ensure safe transportation. What equipment from the picture is typically utilized for this task?","When maintaining large roads, areas are typically cleared from the snow for transportation. What equipment in the picture must be utilized to perform this task?"
,0,"In regions with heavy snowfall, it is often necessary to clear roads for safe transportation. What equipment can be utilized for this task based on the provided image?","In areas with heavy snowfall, it is often necessary to utilize clear roads for transportation. What equipment can be found based on the given task?"
,0,"In regions with heavy snowfall, it is important to clear the roads to maintain transportation. What equipment is typically employed for this purpose and can be observed in the picture?","In areas with heavy snowfall, it is common to maintain the equipment for transportation. What equipment is observed to be used in this context and should be identified?"
,0,"In areas with heavy snowfall, it is necessary to clear the roads in order to ensure safe transportation, and what equipment in the picture is typically utilized for this purpose?","In areas with heavy snow, it is typically necessary to clear the roads for transportation, and what equipment in the picture is utilized to ensure this purpose?"
,0,What structure in the room allows people to observe outdoor scenery while sitting?,What structure in the room allows people to observe outdoor scenery while sitting?
,0,Which structure inside the room would enable people to observe the surrounding outdoor scenery while also seated?,Which structure inside the room would enable the guests to observe surrounding outdoor space while seated?
,0,Where can a person sit inside the room and observe the outdoor scenery?,Where can a person sit inside the room and observe the outdoor scenery?
,0,What structure in the room would allow a person to observe the outdoor scenery while remaining seated?,What structure in a room would allow the guest to view the outdoor decor while seated?
,0,What object in the room is designed for people to observe the outdoor scenery while seated?,What object in the room is designed for visitors to observe the outdoor scenery while seated?
,0,Smoking is harmful to health and can lead to various diseases. What object in the picture is commonly used to collect cigarette ash and butts?,Tobacco in various objects is commonly used to make cigars and cigars. What object in the picture can be harmful to health and produce toxins?
,0,"Cigarette smoking can result in numerous health problems, and what is the object commonly used in this image to collect cigarette ash and butts?","Cigarette smoke may have many health effects, and what is the object found in this scientific paper used to consume cigarette butts?"
,0,"Given that smoking can be harmful to health and lead to various diseases, what object is typically used to collect cigarette ash and butts, which is shown in the picture?","Given that cigarette can be harmful to health, what object is typically used to produce cigars and cheeses and is shown in the picture?"
,0,What object in the picture is commonly used for collecting cigarette ash and butts due to the harmful health effects of smoking?,What object in the picture is commonly used for cigarette smoking due to the harmful effects of consuming wood and steaming?
,0,"During smoking, cigarette ash and butts are generated and can pose a health hazard. What is typically used to collect cigarette ash and butts in this picture?","During cigarette smoking, smoke can accumulate and produce a butts and ash. What is typically used to smoke cigarette butts and ash is collected in this picture?"
,0,What object in the picture is commonly used for collecting cigarette ash and butts?,What object in the picture is commonly used for collecting cigarette butts and ash?
,0,the equipment that can assist disabled individuals in mobility,the equipment that can assist individuals in mobility
,0,What object in the picture can be used to keep precious memories in the form of photographs and paintings?,What object in the picture can be used to keep in the memory of photographs and artworks?
,0,What object in the picture can be utilized to preserve and display cherished memories in the form of photographs and paintings?,What object in the picture can be utilized to preserve and display photographs and paintings in the form of memories?
,0,What object in the picture is typically used to store and display precious memories in the form of photographs and paintings?,What object in the picture is typically used to store and display photographs and memories in the form of beautiful works?
,0,"What is the item in the picture that can be used to store cherished memories, such as photographs and paintings?","What is the item in the picture that can be used to store memories, such as photographs and cherished paintings?"
,0,"What item in the picture can individuals utilize to safeguard cherished memories, such as photographs and paintings?","What item in the picture can individuals utilize to preserve and preserve photographs, such as memorable memories?"
,0,the tool used for scaling fish,the tool used for scale fishing
,0,"The athlete in the picture seems to be very excited about the competition results. If she needs to maintain clear vision underwater, what item should she wear over her eyes?","The athlete in the picture needs to be very confident about her overall vision. If she is considering taking out snow to keep her eyes cool, what item under the eyes should they wear?"
,0,"What should the athlete wear over her eyes to maintain clear vision underwater, even when excited about the competition results?","What should the cheerleading eyes wear on her eyes to protect against the clouds, even after optimal vision?"
,0,"To maintain clear vision underwater, what item should the athlete wear over their eyes, given their evident enthusiasm for the competition results?","To ensure excellent eye movement under the clouds, what item should the athlete wear for their spectacles?"
,0,"If the athlete needs to maintain clear vision while underwater, what item should she wear over her eyes?","If the athlete needs to maintain clear eye color underwater, what item should she wear over her eyes?"
,0,"If the athlete in the picture needs to maintain clear vision while underwater, what should she wear over her eyes?","If the athlete in the picture needs to maintain good eye protection underwater, what should she wear over her eyes?"
,0,"If the athlete in the picture requires clear vision when underwater, what equipment should she wear over her eyes?","If the athlete requires eye protection under the water, what equipment in her picture should she wear when near vision?"
,0,Where can we stand to get our body clean using water and soap at the same time?,Where can we get our hands clean and dry using soap at the same time?
,0,What area in the picture is suitable for cleaning our body using water and soap simultaneously?,What area in the picture is suitable for water and soap using cleaning our body naturally?
,0,Where is the place where we can stand and cleanse our body using soap and water simultaneously?,Where is the place where we can place soap and water in our body simultaneously?
,0,Where in the picture is the location that one can stand to clean their body while utilizing both water and soap?,Where in the picture is the place that one can stand to clean their body while utilizing water and soap?
,0,What region of an indoor setting provides a suitable space for a person to utilize soap and water to clean their body simultaneously?,What region of an indoor space provides a suitable environment for a person to utilize soap and water to layer their body correctly?
,0,"In the picture, where can we stand to cleanse our body using soap and water at the same time?","At the same time, where can we find our soap and water in the body using to wash ourselves?"
,0,Where can we place an alarm clock to remind us to get up in the morning?,Where can we set an alarm clock to remind us to get up in the morning?
,0,"To help us wake up in the morning, where is the most suitable place to position an alarm clock?","To help wake up the best place in the morning, where is an appropriate clock?"
,0,"As a smart home assistant, where would you suggest placing an alarm clock to ensure reminders to wake up timely in the morning?","As an alarm clock reminder, where would you likely set handy reminders to ensure that you are cleaning up early in the morning?"
,0,In which location could we put an alarm clock to remind us to wake up in the morning?,In which alarm would we put us in to wake up to check the morning?
,0,Where is the optimal location to place an alarm clock to remind us to wake up in the morning?,Where is the primary alarm clock to wake up to set an instant in the morning?
,0,"As a smart home AI, where do you suggest placing an alarm clock to remind us to wake up in the morning?","As an alarm clock, where do you suggest using a smart home to wake up to let you know?"
,0,Many children enjoy building and creating things using small colorful blocks. What objects in the picture could be used to create various structures and shapes?,Many children enjoy creating and creating shapes and objects using small shapes. What objects in the picture could be used to create various colorful shapes?
,0,"For creating various structures and shapes, what items in the picture could be employed using small colorful blocks that children enjoy?","For creating shapes and patterns, what objects in the picture could be utilized using small colorful blocks that many children enjoy?"
,0,"What object(s) in the picture could be utilized to build and construct various shapes and structures, especially those favored by children?","What object(s) in the picture could be utilized to construct and shape objects and objects, especially those favored by children?"
,0,"Many children are fond of building and creating various structures using small and colorful blocks. In the picture, can you point out the objects that may be utilized to construct these structures?","Many people are interested in constructing and building various shapes that are utilized to form small blocks. If you examine the picture, what object can be utilized to create these sorts of blocks?"
,0,"Many children enjoy building and creating structures using small, colorful blocks. Which objects in the picture can be utilized for this purpose to make different shapes and structures?","Children often enjoy creating and building shapes and blocks for different purposes. Which object in the picture can be utilized to create these small, shapeful shapes?"
,0,"To create various structures and shapes, what objects in this picture could be used, particularly for children who enjoy building and creating with small colorful blocks?","In this environment, what shapes and objects can be used for creating small structures, particularly for children with many colorful shapes?"
,0,"When driving a car, it's important to keep an eye on the road and stay aware of the surroundings. What part of the car in the picture helps the driver see what is happening behind the vehicle?","When driving a car, it's important to keep the eye on the road and keep an eye out of the scene. What part of the car in the picture helps understand what is happening behind the vehicles?"
,0,It's important for drivers to stay alert and aware of their surroundings when driving. What part of the car in the picture is designed to enable the driver to see what is happening behind the vehicle?,It's important for drivers to keep their eyes open and to monitor the situation while driving. What part of the car in the picture is designed to let the driver know what is happening behind them?
,0,"When driving a car, staying alert of the surroundings is very important. Can you locate an object in the picture that provides the driver with a rear view?","When driving a car with a clear view, the object is helpful in locating the rear. Can you locate the object that gives you a view of vehicles visible?"
,0,"When driving a car, it is important for the driver to remain vigilant of their surroundings and keep their eyes on the road. Please identify which component of the car in the picture could aid the driver in observing events happening behind the vehicle.","When driving on a road, it is critical that the driver be aware of which objects are present in their vehicle to keep the car quiet and monitor their path. Could the presence of the driver in the picture help ensure approaching vehicles for subsequent stops?"
,0,"When driving a car, it is essential to keep an eye on the road and be aware of surrounding events. Which part of the vehicle in the picture helps the driver see what is happening behind the car?","When driving a car, it is essential to keep an eye on the road and be aware of the surrounding events. Which part of the car in the picture helps the driver see what is happening behind the car?"
,0,"When driving a car, it's important to keep an eye on the road and maintain awareness of the surrounding environment. What part of the car shown in the picture can be utilized by the driver to monitor ongoing activities behind the vehicle?","When driving on a car, it's important to keep an eye on the surrounding road to monitor the activities. What part of the car shown in the picture can be utilized to keep track of the vehicle behind and awaken the surrounding environment?"
,0,"In order to take a clear and stable photo or video, what equipment in the picture can be used to hold the camera steady?","In order to take a clear or steady picture, what equipment in the camera can be used to hold the picture and video smoothly?"
,0,What equipment in the picture can be used to hold the camera steady for taking a stable and clear photo or video?,What equipment in the picture can be used to hold a steady and clear camera for taking the video or photo?
,0,"To capture clear and steady photos or videos, what object in the picture could be used to hold the camera steady?","To capture clear or steady pictures, what object in the camera could be used to hold the video steady?"
,0,I want to take a clear and steady photo or video. What equipment in the picture is designed to hold the camera steady?,I want to take a clear and steady picture. What equipment in the picture is designed to hold the video or video steady?
,0,"To achieve a clear and stable photo or video, what item in the picture can be utilized to hold the camera in a steady position?","To achieve a clear and steady picture, what item in the picture can be utilized to hold the camera in a steady position?"
,0,"To capture a clear and stable photo or video, what item in the picture could be utilized to keep the camera steady?","To capture a clear or steady picture, what item in the picture could be utilized to keep the camera steady?"
,0,"Dogs are known to be playful and sometimes they engage in physical activities with their owners. What body part of the dog in the picture is used to interact and playfully ""fight"" with the person?",Dogs are known to play and engage in physical activities with others. What part of the dog in the picture is used to playful and they actively own their pack?
,0,"What part of the dog's body in the picture is typically utilized to play and interactively ""fight"" with its owner or others?",What part of the dog in the picture is typically utilized to play and actively interact with others or 'fight' by itself?
,0,"Which part of the dog's body in the picture is typically utilized to interact and playfully ""fight"" with its owner?",Which part of the dog's body in the picture is typically utilized to play and interactively mimic its owner?
,0,"When playing with humans, dogs use this part of their bodies to interact and playfight. What part of the dog's body in the picture could fulfill this purpose?","When playing games, dogs use their bodies to play and fulfill their needs. What part of the dog's body in the picture could interact with this organ?"
,0,"Dogs are often playful and engage in physical activities with their owners. What specific body part of the dog in the picture is typically used to playfully ""fight"" with its owner?",Dogs are typically playful and use to actively play with their owners. What specific piece of cud in the picture is typically used to play with certain animals inside of its owner?
,0,What appliance can we use to cook a roast chicken?,What appliance can we use to roast a chicken?
,0,What household appliance might one typically use to cook a whole roast chicken?,What kitchen appliance might one typically use to cook a whole chicken roast?
,0,What type of appliance would you use for cooking a roast chicken?,What type of appliance would you use for cooking a roast chicken?
,0,What household appliance is commonly used to cook a roast chicken?,What household appliance is commonly used to roast a chicken?
,0,Suppose we want to cook a roast chicken. What type of appliance should we use?,Suppose we want to roast a chicken. What type of appliance should we use?
,0,"When cooking roast chicken, what tool is typically used for the task?","When cooking roast chicken, what tool is typically used for the task?"
,0,"In a chicken salad, which ingredients in the picture provide a fresh and crunchy texture?","In a chicken salad, which ingredients in the picture produce a crunchy and fresh texture?"
,0,What items in the picture would provide a fresh and crunchy texture to a chicken salad?,What items in the image would provide a fresh and crunchy texture to a chicken salad?
,0,Which items in the picture could be used to enhance the fresh and crispy texture of a chicken salad?,Which items in the image could be used to enhance the crispy texture of a chicken salad?
,0,Could you identify the ingredients in the picture that would provide a fresh and crunchy texture when used in a chicken salad?,Can you identify the ingredients in the image that would provide a fresh and crunchy texture when used in a salad sweet?
,0,"When making a chicken salad, which ingredients in the image would typically offer fresh and crunchy texture?","When preparing a chicken salad, which ingredients in the image would typically produce crunchy and creamy texture?"
,0,"In a chicken salad, which ingredients in the picture would add a fresh and crunchy texture?","In a chicken salad, which ingredients in the picture would add a fresh and crunchy texture?"
,0,"In the picture, we can see several insects sitting on the leaves and stems of plants. What part of the plant do insects usually hide or camouflage themselves on?","In the picture, we usually see several insects laying on the leaves and stems of plants. What part of the insects can they spot or burrow themselves on?"
,0,"On which part of the plant do insects typically hide or camouflage themselves, based on the picture?","On which part of the plant can moths or hide themselves, typically based on the picture hide their insectagre?"
,0,"The picture shows several insects sitting on the leaves and stems of plants. Generally, on which part of the plant do insects usually hide or camouflage themselves?","Usually, where do insects lay their eggs? On the picture are several insects that usually lay and sting off parts or segments of the plant?"
,0,"When camouflaging themselves, on which part of the plant do insects typically hide or position themselves, as seen in the picture?","When camouflaging themselves, as far as insects can usually spot or hide themselves, which part of the species in the picture do they assume on a row?"
,0,"When observing several insects on the leaves and stems of plants as depicted in the picture, on what part of the plant do insects tend to hide or camouflage themselves?","When observing the insects of the garden, on what part of the leaves and stems are often spotted as insects to camouflage or defend themselves?"
,0,"What structure is usually used to store books, documentation, and other similar materials in an organized manner?","What structure is usually used to store books, documents, and other similar materials in an organized manner?"
,0,"An object, typically used to store books, documentation, and other materials in a structured way.","An object typically used to store documents, materials, and other things in a structured way, using programming."
,0,"What is the conventional name of the structure, which is often used for the clear, organized storage of books, documents, and similar items?","What is the formal name of the similar structure, which is often used for the storage of books, documents, and similar items?"
,0,"What is the name of the structure normally used to stockpile books, documentation, and other similar materials in an arranged way?","What is the name of the structure usually used to stock documents, books, and other similar organized materials in an organized way?"
,0,"What is the common storage solution for organizing books, documentation, and other similar materials in a structured manner?","What is the common storage system for coordinating documents, materials, and other similar items in a structured manner?"
,0,"What structure is typically used to store books, documentation, and similar materials to keep them organized?","What structure is typically used to store books, documents, and similar materials to keep them organized?"
,0,the area that displays current time,the area that displays current time
,0,"During a nighttime gathering around a campfire, people often use objects to add excitement to the atmosphere. What in the picture could be used to create sparks and brighten the surroundings?","During a night out at a barbecue, people often gather to create warmth and capture the lights. What object in the picture could be used to create a fluttering atmosphere around the surroundings?"
,0,"During a nighttime gathering around a campfire, objects are often used to add excitement to the atmosphere. Please identify the object in the picture that could be utilized to create sparks and brighten the surroundings.","During a gathering, lights are often used to create a warm atmosphere and create spectacular sounds. Please identify the object near the fire that might be utilized in the picture to surround the tables."
,0,"When gathering around a campfire at night, people often use objects to enhance the mood. Could you point out what in the picture might be utilized to generate sparks and illuminate the surrounding area?","When gathering at a nightclub, people often use lights to stimulate the atmosphere and convey the warmth. What object in the picture could be utilized to surround an area to make you wonder what might be surrounding?"
,0,"During a nighttime gathering around a campfire, individuals might seek to enhance the atmosphere with fun activities and objects. What can be utilized in the image to create sparks and brighten the surroundings?","During a night out with friends, people might gather to create a warm surroundings and entertain themselves. What object can be utilized in the scene to enhance the lights and enjoy the atmosphere?"
,0,the person with the highest status,someone with the highest status
,0,the part of the car that is used when raining,the part of the car that is used when raining
,0,What furniture should be used to sit on when working in an office?,What furniture should be used to sit on when working in an office?
,0,What is commonly used as seating when working in an office setting?,What is commonly used when working as an seating office?
,0,"When working in an office, which furniture item could be utilized to facilitate sitting comfortably?","When working in a office, which furniture item could be utilized to facilitate sitting comfortably?"
,0,"When working in an office, which piece of furniture could you utilize to sit on?","When working on a piece of furniture, which piece of office could you utilize to sit on?"
,0,Cocktails often require a combination of different types of alcohol and mixers to create a balanced and flavorful drink. What in the picture can be used to mix the ingredients and provide a convenient way to drink the cocktail?,Cocktails often require a combination of ingredients and drinks to create a smooth and cocktail drink. What in the picture can be used to mix the different types of drinking alcohol to provide a flavorful and sweet cocktail?
,0,"What object could be utilized in the picture to mix the ingredients together to create a tasty cocktail, as well as a means of conveniently consuming said cocktail?","What object could be utilized in the picture to create a convenient cocktail, as well as consuming a satiated drink to mix the ingredients together?"
,0,"When mixing cocktails, a variety of alcohol and mixers are often combined to produce a balanced and flavorful beverage. What equipment shown in the picture could be utilized for mixing these ingredients and serving the cocktail in a convenient manner?","When mixing cocktails and drinks, a variety of ingredients are typically combined to produce a pleasant and flavorful cocktail. What tool in the picture can be utilized to mix these ingredients in a beverage?"
,0,Cocktails typically involve a combination of various types of alcohol and mixers to achieve a well-balanced and flavorful drink. Which object can be used to blend the ingredients and provide an easy way to consume the cocktail in the picture?,Cocktails typically contain a combination of ingredients and drinks to perform a well-balanced and cocktail drink. Which object in the picture can be used to blend the various drinks and create an enjoyable cocktail for the spirit?
,0,"When making a cocktail, a combination of different types of alcohol and mixers is often required to create a balanced and flavorful drink. Please identify the object in the picture that can be utilized to mix the ingredients and provide a convenient way to drink the cocktail.","When creating a cocktail, a variety of drinks are often required to mix and serve. Please identify the ingredients in the picture that can be utilized to create a smooth and flavorful cocktail."
,0,"To create an aesthetically pleasing and tasty cocktail, it typically involves combining a variety of alcoholic beverages and mixers. Can you identify what item in the picture could be utilized to mix such ingredients and provide an easy means of enjoying the cocktail?","To create a cocktail, it is typically necessary to combine certain ingredients and enjoy a tasty and visually appealing beverage. Can you identify the item in the picture utilizing such a mixer can provide an energetic way of serving cocktails?"
,0,"When participating in a race, it is necessary to stay on a designated route to ensure fair competition. What in the picture provides a designated pathway for racing?","When participating in a competition, it is important to ensure a designated route to provide a fair course of raceing. What in the picture provides a path for safety?"
,0,What element in the picture provides a designated pathway for racing to ensure fair competition?,What element in the picture provides a designated pathway for competition to ensure fair competition?
,0,"When taking part in a race, it is crucial to remain on a designated route to guarantee fair competition. What objects in this picture create a designated path for racing?","When taking a race in a designated race, it is important to keep track of routes to guarantee competition. What object in this picture could provide a path to sit on?"
,0,"To ensure fair competition in a race, participants must remain on a designated course or track. What is depicted in the picture that provides such a path or route?","To ensure a competitive race, participants must keep a designated route or trail. What is shown in the picture that provides such a course or race?"
,0,"When participating in a race, following a designated route is necessary to ensure fair competition. What would provide a designated pathway for racing in the image?","When participating in a race, providing a designated route would be necessary for competition. What is designated route in the image to ensure a fairing path?"
,0,"Trains are an efficient means of transportation, constantly traveling along fixed routes. What in the picture marks the path or route that the train follows?",Trains are a means of transportation that constantly follows routes or trains. What the vehicle in the picture provides traveling along the route?
,0,"In the context of train travel, what can be found in the picture that indicates the path or route that the train generally follows?","In the context of train travel, what can be found in the picture that indicates the route or route that the train follows?"
,0,"In the picture, what indicates or marks the path or route that a train typically follows?","In the picture, what indicates the route or track that typically follows a train or route?"
,0,What object in the picture is used to designate or mark the path or route followed by a train which is an efficient means of transportation travelling along fixed routes?,What object in the picture is used to facilitate or guide the route followed by goods traveling along a fixed route?
,0,Trains are considered an efficient mode of transportation since they travel along fixed routes. What feature in the picture marks the path or route followed by the train?,Trains are considered a convenient mode of transport since they follow tracks or trains. What feature in the picture indicates the route carried by route along the tracks?
,0,the tool used for grabbing food,the tool used for grabbing food
,0,"Helmets can effectively protect the safety of the head during cycling, but strong winds during high-speed cycling can affect the eyes. What part in the picture can protect the safety of the eyes?","Light goggles can protect the eyes during heavy traps, but safe driving can reduce the speed of the head? What part of the helmet in the picture helps protect the eyes during heavy traps?"
,0,What item in the picture can help protect eyes from strong winds during high-speed cycling?,What item in the picture can help protect eyes from high-speed wind during heavy cycling?
,0,Suppose a person is cycling at a high speed and wants to protect their eyes from strong winds. What object in the picture can be useful to ensure their safety?,A person can be cycling at a high speed and wants to protect their eyes from wind. What object in the picture is useful to ensure their safety?
,0,What can protect the eyes to avoid the wind blowing while cycling at high speed?,What can the vehicles wear to protect their eyes while spinning low wind at speed?
,0,Which object in the picture can be used to shield and protect the eyes from the impact of strong winds during high-speed cycling and other activities?,Which object in the image can be used to protect the eyes from the effects of high-speed winds and other activities during heavy lifting?
,0,"In the image, which part can protect the eyes during high-speed cycling, given that helmets can safeguard the head, but speedy winds can be damaging to the eyes?","In the image, which helmet can protect the eyes, but what speed-regulating gear can be worn to safeguard the eyes during high winds?"
,0,something that the airplane uses to glide on the ground,something that the airplane uses to glide on the ground
,0,the cheongsam hanging on the wall,the hanging hen on the wall
,0,"If we were attending a car show and wanted to sit down and enjoy the view of the displayed cars, where could we find a suitable place to rest?","If we were to sit in a car park and enjoy a relaxing view of the cars, where would we find the place to rest and be presented looking?"
,0,"If we were attending a car show and desired to sit down and observe the displayed cars, where might we locate a suitable place to relax?","If we were to sit around and observe a car show, where might we find an appropriate place to relax?"
,0,"If we were attending a car show and wanted to sit down and enjoy the view of the displayed cars, could you point me out a suitable location where we could find a place to rest?","If we were sitting in a car park and wanted to stroll down a place to relax, would you spot a place where we could enjoy the views presented for us?"
,0,"Suppose we are attending a car show and want to sit down to enjoy the view of the displayed cars, where could we find a comfortable place to rest?","Assuming we are sitting at a comfortable spot to relax, where would we sit to enjoy the views of the car show and find a place to be seated?"
,0,"If we were attending a car show and wanted to sit and enjoy the view of the displayed cars, where could we find a suitable place to rest?","If we were to sit in a car park and enjoyed a place to relax, where would we find the views of the car showing?"
,0,"While attending a car show, suppose we want to sit down and admire the displayed cars. Where would we find a suitable location to rest?","While sitting in a comfortable car show, where would we find a suitable place to sit? Suppose we decided to admire and pick up displays."
