num_steps,beam_width,orig_text,restored_text
5,5,"If we were at the location shown in the picture and wanted to have a picnic, what area would be a suitable spot for us to spread out a picnic blanket?","If we were at the location shown in us and wanted a picnic, what area would be a suitable spot to have a picnic blanket?"
5,5,Suppose you are going to have a picnic at the location shown in the picture. What area is an appropriate location for laying out a picnic blanket?,Suppose you are going to have a picnic at the location shown in the picture. What area is an appropriate location for laying out a blank?
5,5,"If you were at the location shown in the picture and you wanted to have a picnic, which area would be best suited for spreading out a picnic blanket?","If you were located at the table and needed a picnic, which area would be best suited for showing you in the picnic blanket?"
5,5,"If we were at the location shown in the picture and desired to have a picnic, where would be a feasible location to lay out a picnic blanket?","If we were at the location shown in the picture and desired to have a picnic, where would be a feasible location to hang blanket?"
5,5,Suppose we are currently at the depicted location and are seeking to have a picnic. What would be the best area to spread out a picnic blanket?,Suppose we are currently at the depicted area and are seeking a picnic. What would be the best location to spread out a picnic blank?
5,5,"In a modern office, employees often have meetings to discuss work matters. What object in the picture can be used as a surface for employees to place documents or devices during a meeting?","For modern offices, employees often have documents or surfaces during the meeting. What object in a place can be used as a picture to discuss employee matters?"
5,5,What object in the picture might function as a surface for employees to place documents or devices on while holding a meeting to discuss work matters in a contemporary office setting?,What object in the picture might function as a surface for employees to place documents or devices on while holding a work meeting to discuss matters in a contemporary?
5,5,"In a modern office, meetings are frequently held to discuss work-related issues. Which object in the picture could be utilized as a surface to place documents or devices on during such meetings?","On office, meetings are frequently present to address such issues. Which object or device could be utilized as documents in the space during a meeting?"
5,5,"In a modern office, what object in the picture could be utilized as a surface during meetings for employees to place documents or devices?","In a modern office, what object in the picture could be utilized as a surface during meetings for employees to place documents of people or devices?"
5,5,"In a modern office, meetings are a common way for employees to discuss work matters. What object can be utilized as a surface for employees to place documents or devices during a meeting, as portrayed in the image?","During work, office surfaces are a common way for employees to portray a meeting. What can be used as objects or presentations in the office?"
5,5,"In a modern office, meetings among employees to discuss work matters are common. What is the object in the picture that can be utilized as a surface to place documents or devices during such a meeting?","During a meeting, office matters are common. What is the device in the picture to be utilized as buildings or objects among employees of such conversation?"
5,5,What object in a room can put on the floor to make people feel more comfortable walking?,What object in a room can put on the floor just outside the wheel. What it feels can make people feel more comfortable to give self walking to?
5,5,What object could you put on the floor in a room to make people feel more comfortable while walking?,What object you could put on a wall in the floor in a room to bring the space to make people feel more comfortable while walking what people do?
5,5,What can be placed on the floor that would make walking more comfortable inside a room?,That can be placed on the floor that would make walking more comfortable inside a room. What is more practical about letting go the space in a room?
5,5,What can be placed on the floor in a room to create greater comfort while walking?,What can be placed on the floor in a room to create greater comfort in the outer space: what is the ideal for coaching while walking while?
5,5,What object placed on the floor could make people feel more comfortable while walking in a room?,What object really placed on the floor in a room could make people feel more comfortable while walking more comfortable. Would someone convey sound in the space? at
5,5,"In an office, people sometimes need to print a large number of files in a short period. What device can be used to complete this task quickly?","In an office, people sometimes need to print a large number of files in a short period. What device can be used to complete this task quickly?"
5,5,"When there's a need to print a large number of file quickly in an office setting, which device is typically utilized?","When there's a need to print a large number of file quickly in an office setting, which device is typically available to what is utilized?"
5,5,"In an office environment, when a large number of documents need to be printed within a short period of time, what device would you suggest using to accomplish this task quickly?","In an office environment, when a large number of documents need to be printed within a short period of time, what device would you suggest to accomplish?"
5,5,What device can be utilized to quickly complete the printing of a large volume of files in an office setting?,"What device can be utilized to quickly complete the printing of a large set of files, easily extending the volume of many office surfaces in an office?"
5,5,"When there is a large amount of printing required for office documents, what electronic device can be used to complete the task quickly?","When there is a large amount of paperwork which can be used for office projects, what electronic printing device is required to complete the desired task quickly?"
5,5,the food with high protein,the food with the weight of high protein. We all share high quality DNA. with the feature that enables food with high protein raw diet and protein
5,5,the youngest person,"the youngest of all who represents the youngest child in the next step. - Creative.Girlbearing the youngest person, age"
5,5,"In an office setting, people often use writing instruments to take notes or sign documents. What object in the picture would be commonly used for this purpose?","In an office setting, people often use writing instruments to take notes or sign documents. What object in the picture would be commonly used for this purpose?"
5,5,"When working in an office environment, what item in the picture would be typically utilized to take notes or sign documents?","When working in an office environment, maybe in the workplace, what item in the picture would be typically utilized to take notes or sign documents?"
5,5,"In an office setting where individuals often need to take notes or sign documents, what objects could be used for this purpose based on the picture?","In an office setting where individuals often need to take notes or sign documents, what objects could be used for this purpose based on the picture for something?"
5,5,"In an office setting, people regularly use writing instruments to sign documents or take notes. What items in the picture could be used for this function?","In an office setting, people regularly use writing instruments to sign documents or take notes. What items in the picture could be used to write this function?"
5,5,"In an office setting, taking notes or signing documents typically requires the use of certain objects. What item in the picture is commonly utilized for these purposes?","In an office setting, taking notes or signing documents typically requires the use of certain objects. What item in the picture is commonly utilized for these?"
5,5,"In an office setting, what item in the picture would be commonly used for taking notes or signing documents?","In an office setting, what a picture would be commonly used in writing documents? What item in the picture is optional for taking notes or signing pictures?"
5,5,"In military organizations, there are often individuals responsible for leading a group of troops. Who in the picture is likely fulfilling this leadership role?","In military organizations, there are often individuals responsible for leading a group of troops. Who in the picture is likely fulfilling this leadership leadership role?"
5,5,"In a military organization, there are frequently individuals responsible for leading a group of troops. Who in the picture is most likely fulfilling this leadership position?","In a military organization, there are frequently individuals responsible for leading a group of troops. Who in the picture is most likely fulfilling this position?"
5,5,"Who in the picture is likely serving in the role of leading a group of troops, a common responsibility in military organizations?","Who in the picture is likely serving the part in the role of leading a group of troops, a common responsibility in military organizations, when asked military?"
5,5,Which individual in the picture is likely fulfilling the leadership role in a military organization by commanding a group of troops?,Which individual in the picture is likely fulfilling the commanding role of a leadership organization in a military organization by warring a group of troops?
5,5,"Amid military organizations, who among the individuals shown in the picture is most likely to be fulfilling a leadership role and leading a group of troops?","Amid military organizations, who among the individuals shown in the picture is most likely to be a leadership role and fulfilling a group of troops?"
5,5,"In a military organization, there are often individuals responsible for leading a group of soldiers. Who in the picture is likely fulfilling this leadership role?","In a military organization, there are often individuals responsible for leading a group of soldiers. Who in the picture is likely fulfilling this leadership role?"
5,5,the equipment that the workers use to climb upwards,The all the equipment that the workers use to climb upwards: dronewing. which enables the workers to measure the time that weigh down
5,5,"In horse racing, there are often obstacles that the horses and riders need to overcome. What objects in the picture can be used as obstacles in an equestrian course?","In horse racing, there are often obstacles that horses and riders need overcome. What objects in the picture can be used in an obstacle?"
5,5,"While competing in a horse race, what objects in the picture could be utilized as obstacles for the horses and riders to overcome in an equestrian course?","While competing for horses, what objects in the race could be utilized as obstacles to overcome in the horses and an equestrian course?"
5,5,"Equestrian horse-racing often entails overcoming a variety of obstacles. Based on the picture, which objects could be utilized as obstacles for horse riders to overcome?",Equestrian horse-racers often entails overcoming several types of obstacles. Based on which horses could be utilized for obstacles?
5,5,What objects in the picture can be set up as obstacles that horses and riders have to overcome during a horse racing match?,What objects in the picture can be set up as obstacles that horses and riders have to overcome during the racing race following a horsepack match?
5,5,Which objects in the picture could be utilized as obstacles for horses and riders to navigate during an equestrian course?,Which objects in the picture could be utilized as an obstacles for horses and riders to navigate through rosters during a equestrian course?
5,5,"In horse riding, it is important to have control and direction over the horse. What object in the picture is used to guide and control the horse's movements?","In horse driving, it is important to have control and direction over the horse. What object in the picture is used to control and guide the movements?"
5,5,"In horse riding, having control over the horse's movement and direction is vital. Can you identify the object in the picture that is utilized to guide and control the horse?","In horse riding, having control over the horse is vital. Can you identify the object that is utilized to control the horse's direction?"
5,5,"To maintain control and direction over a horse during horse riding, which item in this picture is typically utilized to guide and regulate the horse's movement?","To maintain control and direction over a horse during horse riding, which item in this picture is typically utilized to guide the horse's movement?"
5,5,"In horse riding, it is crucial to have control and direction over the horse. What object in the picture is typically used for guiding and controlling the movements of a horse?","In horse driving, it is crucial to have control over the horse. What object in the picture is typically used for guiding and controlling?"
5,5,"Succulents are plants that can store water in their leaves, stems, or roots. What characteristic of the plant in the picture allows it to survive in dry environments?","Succulents are plants that can store water in their leaves, stems or roots. What characteristic of the plant allows it in the dry?"
5,5,In what way does the characteristic of the plant in the picture allow it to thrive and survive in dry environments?,In what way of how does the characteristic of the plant in the picture serve in the habitat allow it to thrive and survive in dry environments?
5,5,"Succulents are known for their ability to store water in their leaves, stems, or roots, which helps them thrive in arid conditions. In the picture, can you identify the characteristic of the plant that allows it to survive in dry environments?","Succulents can store plants in their leaves, or roots, which provide the symbol for their ability to survive in the dry conditions.?"
5,5,"Please identify the specific characteristic of the plant in the picture that enables it to survive in arid environments, given that succulents are known for their ability to store water in their leaves, stems, or roots.","Please locate the unique characteristic of the plant in their environment, given that succulents are known to allow them to survive in leaves or ends."
5,5,In what specific way do the characteristics of the plant in the picture enable it to survive arid conditions?,In the manner of my story what specific way do the characteristics of the plant in the picture enable it to survive in arid plant marker conditions?
5,5,"What is the feature of the plant in the picture that enables it to survive in arid environments, and how is it related to water storage?","What is the feature of the plant in the picture that enables it to survive in arid environments, and how is it related to water storage?"
5,5,"In a dimly lit room, what can be used to increase the brightness and illuminate the entire space?","In a dimly lit space, what can be used to illuminate a room and further increase the brightness and sunlight in the entire room?"
5,5,"When the room is not sufficiently illuminated, what item can be utilized to increase the brightness and illuminate the entire space?","When the room is not sufficiently illuminated, what item can be utilized to increase the brightness and lightly illuminate the entire space?"
5,5,"If the room is too dark, what can be used to increase the brightness and illuminate the entire area?","If the room is too dark, it all? What can be used to increase the brightness and allow light to illuminate the entire the area?"
5,5,"If you were to enter a dimly lit room, what object would be helpful to brighten up the area and provide illumination throughout the space?","If you were to enter a dimly lit room, what object would be helpful to brighten the area and provide illumination throughout the space?"
5,5,"If you want to increase the brightness and illuminate the entire space in a dimly-lit room, what can you use?","If you want to increase the dimness and illuminate the entire space in a brightly-lit dark room, what can you use to your?"
5,5,"In the picture, there is a type of bird with a distinctive feature on the top of its head, which usually indicates its gender. What part in the picture might have this characteristic?","On the picture, there is a type of bird with a distinctive feature in the top of its head. What part of the picture might indicate?"
5,5,"What is the part of the bird's head that could refer to the gender of a bird which has a unique feature on the top of its head, as shown in the picture?","What is the part of the bird's head that could refer to a gender of the bird which has its feature, as shown on the picture?"
5,5,What part of the picture could have a distinguishing feature on the top of its head that typically indicates the gender of a certain type of bird?,What part of the picture could have a distinguishing feature on the top of its head that typically indicates the gender of a certain type of certain bird?
5,5,"What part of the bird in the picture might have the distinctive feature on top of its head, which usually indicates its gender?","What part of the bird in the picture might have the distinctive feature on top of its head, which usually indicates the gender of its hiding element?"
5,5,"In the picture, which area displays a bird that may bear a feature on the upper end of its head that usually denotes its gender?","In the picture, which area displays a bird that may bear a feature on the upper end of its head that usually denotes the skin beneath its gender?"
5,5,"In the picture, there is a type of bird, and its gender can often be identified by the distinctive feature on the top of its head. What part of the bird in the picture might showcase this characteristic?","In the picture, there is a distinct bird on the top, and what type of the bird can often be demonstrated by the subset of its appearance?"
5,5,What part of the computer can display and show pictures and text?,What part of the computer can display and display text and images? Of course - The computer will let content of the memory show pictures and clues.
5,5,What is the computer component that displays pictures and text?,What's the basic computer component that displays images and text. Answer: What is the quantum memory function that delivers pictures and text pictures?
5,5,What component of the computer is responsible for displaying and presenting visual information in the form of pictures and text?,What component of the computer is responsible for performing and presenting visual information in the form of the text? The object of displaying pictures and scans?
5,5,What is the name of the computer component that can display pictures and text?,"What is the name of the computer data component that gives a computer name? Description of the part that can officially display pictures, words and text text?"
5,5,What device or component of a computer system is commonly used to display images and text?,What one device or component of a computer system is commonly used to display images and text messages? Source: What will describe the system of a memory?
5,5,What object is used to store various toiletries or medication in the bathroom?,What object is used to store toiletries in the bathroom?Note: What is used for various towing and stored medication or?
5,5,"In the bathroom, what object is typically utilized for storing various toiletries or medications?","In the bathroom, what object is typically utilized for storing various toiletries or medications? Consider how to use kitchen wastes?"
5,5,What object is commonly used to store various toiletries or medications in the bathroom?,What object is commonly used to store and transport various toiletries or medications in the bathroom: Is it common to the gutters?
5,5,What object in the bathroom serves to store toiletries or medication?,What object in the bathroom serves to store toilet or medication? What time is for the kitchen to locate toxic residues or.
5,5,Which object is typically used for storing various toiletries or medications in the bathroom?,"Which object is typically used for storing various toiletries or medications, which is used when ordering household toilets in the bathroom?"
5,5,What is the name of the object used to store various toiletries or medication in the bathroom?,What is the name of the object used to store various toiletries or dusting medication when used in the bathroom of the room?
5,5,"When using a film camera, what component in the picture is typically used to attach the camera to a person's body for easy carrying and accessibility?","When using a camera, what component in the picture is typically used to attach the camera to a person's body for easy carrying and accessibility?"
5,5,"When using a film camera, what object in the picture is used to secure and carry the camera conveniently, making it easily accessible to the user?","When using a film camera, what object in the picture is used to secure and carry the camera conveniently, making it easily accessible to the user?"
5,5,"When using a film camera, which component in the picture might be used to attach the camera to a person's body to enable easy carrying and accessibility?","When using a film camera, which component in the picture might be used to attach the camera to a person's body to enable easy carryingibility?"
5,5,"When using a film camera, which part of the picture is usually utilized to attach the camera to a person's body for easy carrying and accessibility?","When using a film camera, which part of the picture is usually utilized to attach the camera to a person's body for easy accessibility?"
5,5,"When using a film camera, the user often attaches the camera to his or her body for easy carrying and accessibility. Which component in the picture is typically used for this purpose?","When using a film camera, the user often attaches the camera to his or her body for easy access and purpose. Which component used for this?"
5,5,"When using a film camera, which component in the picture is typically employed to attach the camera to a person's body for easy carrying and accessibility?","When using a film camera, which component in the picture is typically employed to attach the camera to a person's body for easy carrying and access?"
5,5,"the doughnuts with ""eyes""",the blondes in America with all the doughnuts and nuts:Use the words to finish with 'dougheye's
5,5,the animal with luggage on its back,the cage with luggage on its back for the rescue. animal with a baggy: It contained everything moving over our furdment back
5,5,"In the picture, which part can provide shade for animals and create a habitat for various organisms?","In the picture, which part can provide a shade for various animals and create a habitat for food and which presents car space for different organisms?"
5,5,Which part of the picture can provide shade for animals and create a habitat for various organisms?,Which part of the picture can provide a shade for an animal and create habitat for various animals? What about rainforth and create organisms?
5,5,What part of the picture could provide shade for animals and create a habitat for various organisms?,What part of the picture of a scene could provide enough shade for various organisms for animals and provide nature to create a habitat for all plants?
5,5,What region in the picture can provide shade for animals as well as create a habitat for different organisms?,What region in the picture can provide a shade for the environment as well as create short habitat for plants and animals that describe different organisms there?
5,5,Please point out which part of the picture can provide shade for animals and create a habitat for various organisms.,Please point out which part of the picture can provide a shade for the environment and provide various steps to create habitat for animals for different organisms.
5,5,Which aspect of the picture can provide shade for animals and serve as a habitat for various organisms?,Which aspect of the picture can provide a shade for various organisms and serve as part of the habitat for animals and provide unique soil for animals?
5,5,What object can be used to sit and rest after standing or walking for a long time?,What object can be used to weigh and function after sitting or walking or sitting alone for a long time?Is it safe to sit for long?
5,5,"When standing or walking for a long time, what object can individuals utilize to sit and rest?","When sitting or standing for a long time, what object is designed to utilize for long purposes? What can individuals wish to walk and rest to?"
5,5,What object provides a place to sit and rest after standing or walking for a prolonged period?,What object provides a physical reflection for sitting or resting after a long prolonged period?A place to sit and walk or sleep when it granted?
5,5,"If someone has been standing or walking for a long time and needs to take a break, which object could they utilize to sit and rest?","If someone has been sitting or standing on for a long time and needs to take a break, which object could they utilize to walk and rest?"
5,5,What object might someone use to sit and rest after standing or walking for an extended period of time?,"What object might someone use to sit or walk and rest over time, after standing or performing walking or sitting for an extended period of time for certain?"
5,5,What furniture item in the picture could be used to sit and rest after standing or walking for a long time?,What furniture item in the picture of the sleepcloth could be used to sit or walk and rest for a long time after sitting or running?
5,5,Toddlers are curious and often enjoy exploring their surroundings. What object in the picture can provide a safe and enclosed space for a toddler to play in?,Toddlers are curious and enjoy exploring their surroundings. What object in the line can provide a safe space for an todd play?
5,5,What object in the picture could potentially provide a safe and enclosed play area for a curious toddler to explore?,What object in the picture could potentially provide a safe and safe enclosed playground area for the toddler to suggest a curious toy explore?
5,5,"What object in the picture could potentially provide a safe and enclosed space for a toddler to play in, given that they are inherently curious and enjoy exploring their surroundings?","What object in the picture could provide a potentially safe and accessible space for a toddler to explore, given that they are naturally playing around themselves?"
5,5,"What object in the picture could provide a safe and enclosed environment for a toddler to play in, given that toddlers are inherently curious and tend to enjoy exploring their surroundings?",Which object in the line could provide a safe and comfortable environment for toddlers to enjoy playing and are naturally curious to explore their surroundings?
5,5,"What item in the picture can provide a secure and enclosed space for a toddler to play in, given that toddlers are often curious and enjoy exploring their surroundings?","What item can provide an enclosed space for a toddler to play in, given that they are curious and often enjoying their surround?"
5,5,"What object in the picture can provide a safe and enclosed space for a toddler to play in, given that they are often curious and enjoy exploring their surroundings?",What object in the picture can provide a safe enclosed space for a toddler to play and enjoy given they are often curious along their paths?
5,5,"When we go to a bookstore, where do we usually find books arranged vertically and stored in columns for browsing?","When we go to a bookstore, where do we usually find books stored in rows vertically and arranged by columns and where to book browsing?"
5,5,"When we visit a bookstore, which section of the store can we find books that are arranged vertically and stored in columns to facilitate browsing?",When we visit a bookstore which section of the store can we find books that are arranged vertically and stored in columns to facilitate browsing?
5,5,Where in a bookstore would we typically find books arranged vertically and displayed in columns to facilitate browsing?,Where in a bookstore today would we typically find books arranged vertically and displayed in rows and provided by scriols to facilitate view browsing?
5,5,"When visiting a bookstore, where would one typically find books arranged vertically and displayed in columns for browsing?","When visiting a bookstore, where would one typically find books in a library arranged vertically and by reading columns and displayed directly for browsing?"
5,5,"When we visit a bookstore, where do we typically find books arranged vertically and stored in columns for browsing?","When we visit a bookstore, where do we typically find a book when we read books arranged vertically and stored in columns and for browsing?"
5,5,"When we visit a bookstore, where can we typically find books stored in vertical columns for browsing and selection?","When we visit a bookstore, where can we typically find books stored in vertical columns of entries, when will we read for browsing and selection?"
5,5,the parts of two washing machines that can be opened and clothes can be put inside,the parts of two of the washing machines which can be cut open and tea can be locked inside clothes and wrist rooms that can be put in
5,5,"Looking at the picture, we can see a woman standing elegantly in a flowing dress. What accessory does the woman have in her hand that can complement her outfit?","Looking at a picture, we can see a woman standing flowingly in an elegant dress. What accessory does the woman have that complement her hand?"
5,5,"In the picture, we see a woman standing elegantly in a flowing dress. What accessory does she have in her hand which can complement her outfit?","In the picture, a woman has an accessory dress that is floating lightly in her hand. What fashion do we complement her in her piece?"
5,5,We can see a woman standing gracefully in a flowing dress in the picture. What accessory does the woman have in her hand that can complement her outfit?,We can see a woman standing gracefully in a flowing dress in the picture. What accessory does the woman have that complement her outfit?
5,5,"From examining the picture, we notice the woman standing elegantly in a flowing dress. What item is she holding that could complement her ensemble?","From examining the picture, we notice the woman standing elegantly in a flowing dress. What item is she holding that could complement her ensemble?"
5,5,"In the picture, we can see a woman standing elegantly in a flowing dress. What accessory is held in the woman's hand that complements her outfit?","In the picture, we can see a woman standing elegantly in a fashion dress. What accessory is in the woman that complements her hand?"
5,5,The woman is standing elegantly in a flowing dress in the picture. Could you let me know what accessory she has in her hand that could complement her outfit?,The woman is standing in a flowing dress in the picture. Could you let me know what accessory she has that could complement her outfit?
5,5,Chameleons are known for their ability to change color and blend in with their surroundings. What in the picture could help a chameleon camouflage itself?,Chameleons are known for their ability to show color and surround itself. What in the picture could a chameleon micitate?
5,5,What item in the picture could assist a chameleon in camouflaging to blend in with its surroundings?,What item in the picture could assist a chameleon in camouflaging to blend in with the frame among its surroundings?
5,5,"What part of the picture can facilitate a chameleon's ability to change colors, thereby blending in with its surroundings?","What part of the picture can facilitate a chameleon's ability to change colors, thereby blending in with its surroundings?"
5,5,"What part of the picture can aid a chameleon in camouflaging and blending in with its surrounding environment, given that they are known for their capability to change color?","What part of the image can aid a chameleon in camouflaging its variety and surrounding, given that they are compatible with color?"
5,5,What specific features in the image have characteristics that could help a chameleon blend into its environment?,What specific features of a chameleon blend into its image have certain characteristics that could help the web environment fit in into its perfection?
5,5,"When walking on a hot beach, a refreshing drink can help cool down the body temperature. What fruit in the picture can be used to make a tropical drink?","When walking on a hot beach, a refreshing drink can cool down the body temperature. What fruit in the picture can help make a drink?"
5,5,What fruit shown in the picture can be utilized to make a tropical drink that can help cool down body temperature when walking on a hot beach?,What fruit shown in the picture can be utilized to make a tropical drink that can help cool down body temperature when walking on a hot hot beach?
5,5,"On a summer barbecue, it's common to serve grilled corn on the cob. What item in the picture would likely be used to drain excess water from the corn before serving?","On a summer barbecue, it's common to drain excess corn from the cob. What item would be served in the corn?"
5,5,"During a summer barbecue, it is common to serve grilled corn on the cob. What item in the picture might be utilized to drain excess water from the cooked corn before serving?","During a summer dinner, it is common to drain cooked corn on the cob. What item could be utilized from the corn immediately?"
5,5,"During a summer barbecue, serving grilled corn on the cob is a common practice. What item in the picture would likely be used to drain excess water from the corn before it was served?","During a domestic barbecue, serving corn in the water is the common practice. What item would be used to drain the corn before served?"
5,5,"On a summer barbecue, grilled corn on the cob is often served. What in the picture could be used to remove excess water from the corn before serving?","On a summer barbecue, grilled corn on the cob is often served. What in the picture could be used to remove excess corn?"
5,5,"On a summer barbecue, it is common to serve grilled corn on the cob. What object in the picture can be used to remove excess moisture from the corn before serving?",On a summer barbecue it is common to serve corn on the cob. What object can remove excess moisture from the corn served?
5,5,"During a summer barbecue, grilled corn on the cob is a popular dish. What item from the picture could be used to remove any excess water from the corn cobs before serving?","During the summer treatment, grilled corn from the cob is a popular dish. What item could be used to remove any corn cobs?"
5,5,I will be cooking for dinner tonight but I don’t want to use the oven because it takes up too much time. What electronic appliance should I use instead?,I am cooking up for the oven tonight because it will not require to use too much time. What appliance should I use instead?
5,5,"If you're looking to cook a meal for dinner tonight and don't want to use the oven because it takes longer, what electronic appliance could you use instead?","If you're looking to cook tonight for a meal and want to use the oven sooner, what electronic appliance could you use?"
5,5,"If you need to cook for dinner tonight, but baking in the oven would take a long time, what device would you recommend using instead?","If you need to cook dinner tonight, but baking in the oven would take a long time, what device would you recommend using instead?"
5,5,I understand that you don't want to use the oven as it takes too much time. Could you tell me which electronic appliance would be the best alternative to use to cook dinner tonight?,I understand that you don't want to use the oven as an alternative to dinner. Can anyone tell me which kitchen appliance takes time?
5,5,"If you don't want to use the oven because it takes up too much time and would like to cook dinner tonight, what electronic appliance might be a more preferred option for you?","If you don't want to cook the oven because it can take up too much time, what appliance is a convenient option for you?"
5,5,"When waiting for public transportation in hot weather, people often seek shelter to escape from direct sunlight. What in the picture can offer shade for people waiting at a bus stop?","When waiting for a public transport stop, people often seek shelter from direct sunlight. What in the picture can offer shade for waiting in cars?"
5,5,"When waiting for public transportation under hot weather, people often need shelter to avoid direct exposure to sunlight. What in the picture may provide shade for people waiting at a bus stop?","When waiting for public transportation, people may often avoid exposure to hot weather. What in the mirror provide for sunlight before a waiting stop?"
5,5,"Provided that people are waiting for public transportation in hot weather and attempting to avoid direct sunlight, what object in the picture could provide shade for individuals waiting at a bus stop?","Provided that people are waiting at public transport during hot weather and attempting to avoid sunlight, what object in the picture could provide a bus stop?"
5,5,"When waiting for public transportation in hot weather, people often seek out shelter to escape direct sunlight. What element in the picture could provide shade for individuals waiting at a bus stop?","When waiting for public transport during heat, people often seek out direct sunlight. What shade in the picture could provide shelter for individuals at bus?"
5,5,"When waiting for public transportation in hot weather, people often seek shelter to avoid direct sunlight. What in the picture could offer shade for individuals waiting at a bus stop?","When waiting for public transport during hot weather, people often seek shelter for individuals without sunlight. What in the picture could offer a bus stop space?"
5,5,"When waiting for public transportation in hot weather, people often look for shelter to avoid direct sunlight. In the picture, what specific structure or object can provide shade for people waiting at a bus stop?","Before waiting in public transportation, people often see the specific structure for a car shelter. What allows for hot weather in person waiting near darkness?"
5,5,the frictional part used for igniting,the frictional part used for frictional application. -The frictilator aired to replace the milestone part when involved ining
5,5,"In the winter, when the temperature drops and the snow covers the landscape, what type of structure in the picture can provide shelter and protection from the cold weather?","In the winter, when the temperature drops and the snow covers the landscape, what type of structure in the picture can provide protection from the cold?"
5,5,"When the temperature drops in the winter and the landscape becomes covered in snow, what type of structure in the picture could serve as a means of shelter to protect from the cold weather?","When the temperature drops in the winter and the landscape becomes covered in snow, what type of picture could serve as a shelter for protect the weather?"
5,5,"During winter, when the temperature drops, and snow covers the landscape, what sort of structure in the picture could provide a refuge from the cold weather?","During winter, when the temperature drops, and snow covers the landscape, what sort of structure in the picture could provide a refuge from the cold?"
5,5,"In the picture, the family is enjoying a water activity together. What object is essential for ensuring their safety while riding on the water?","In the picture, the family is enjoying a water activity together. What object is essential for ensuring their safety while riding on the water?"
5,5,"When the family is enjoying a water activity together in the picture, what is the essential object that guarantees their safety while riding on the water?","When the family is enjoying a water activity together in the picture, what is the essential object that guarantees their safety while riding the water?"
5,5,"In the picture where a family is enjoying a water activity, what object is essential for their safety while riding on the water?","In the picture where a family is enjoying a water activity, what object is essential for their safety while riding on the water holding the water?"
5,5,"During a water activity, a particular item is essential in ensuring the safety of individuals. What object could that be in this picture where a family is enjoying a water activity together?","During a water activity, the opposite object could be essential in protecting a family individually. What event is that a person enjoying this water activity?"
5,5,"While engaging in a water activity together, what object is crucial for ensuring their safety in the scene depicted in the picture?","While engaging in a water activity together, what object is crucial for ensuring their safety in the scene depicted in the picture involved in?"
5,5,"While engaging in a water activity together, what is the essential object for ensuring the safety of the family while riding on the water?","While engaging in a water activity together, what is the essential object for ensuring the safety of the water family while riding on the water?"
5,5,"When we need to sleep, what should we use to block light coming in from outside?","When we need to stop sleeping, what should we use to block light from the outside? What comes in from weather when we might need to?"
5,5,"When it is time to sleep, what can be used to block light that may enter into a room from outside?","When it is time to stop to sleep, what can be used to block light that may enter into a room from outside which what can be outside?"
5,5,What should we use to block light coming from the outside when we need to sleep?,What should we use to block light coming from the outside from the wind when we get to sleep? Should we need what we use to stop light?
5,5,"When it is time to rest and sleep, what measures can be taken to block light coming in from the outside?","When it is the time to rest and sleep in the outside, what measures can be taken to block lighting to prevent weights coming in from?"
5,5,What can we use to block external light when we need to sleep?,What can we use to block external light? What we need to do when we want to clear the back of energy when we can sleep to sleep?
5,5,"When we need to sleep, what can we use to prevent external light from coming into the room?","When we have to sleep, what can we use to prevent external light from coming into the room? What to do before the sun causes our attachment?"
5,5,People often need to sit down for long periods of time to work or study. What object in the picture can protect their posture and reduce the damage to the body caused by long-term sedentary work?,People can avoid long periods of time to sit in the back. What object to the body is needed to reduce their pain or long-age work?
5,5,"When you work or study, sitting for long periods of time is frequently necessary. What item in the picture can protect your posture and alleviate the damage to your body caused by lengthy sitting periods?","When sitting or at work, length is helpful. What item in the photo can damage your body to prevent you from treating the long sitting periods?"
5,5,What object in the picture can be used to safeguard people's posture and reduce harm to the body from prolonged sitting during work or study?,What object in the picture can be used to safeguard people's posture and reduce harm to the body from prolonged sitting or work?
5,5,"In a formal event, such as a gala or award ceremony, what accessory in the picture can be worn around the neck to add a touch of elegance to a man's suit?","In a formal event, such as dinner or a man's ceremony, what accessory can be worn to add a glamour to the neck?"
5,5,"In a formal event like a gala or an award ceremony, what is the accessory in the picture that can be worn around the neck to add a touch of elegance to a man's suit?","On a formal occasion like an accessory or ceremony, what is the picture that can add a charm to the dress in a man's neck?"
5,5,"What is the accessory that can be worn around the neck to add a touch of elegance to a man's suit in a formal event, such as a gala or award ceremony, as shown in the picture?","What is the accessory that can be worn in a man's suit to represent a subtle touch during a ceremony, such as the movie?"
5,5,"In formal events, such as galas or award ceremonies, it is a common practice for men to wear a particular accessory around their neck to add a touch of elegance to their suit. What item in the picture can serve this purpose?","Within dinner ceremonies, it is common for women to wear an item in the neck to add charm or charm to their practice. What such item"
5,5,"During a formal event, like a gala or award ceremony, what accessory in the picture could be worn around a man's neck to add a touch of elegance to his suit?","During a formal event, like award or ceremony, what accessory in a man's wall could be worn to add a touch of his wit?"
5,5,"What accessory in the picture can be draped around a man's neck during a formal event, such as a gala or award ceremony, to add a touch of elegance to his suit?","What accessory from the neck can be draped during a man's occasion, such as a ceremony or movie to attract a formal touch?"
5,5,Where can we throw away the waste that has been cleaned up using toilet paper?,Where can we actually throw away the waste that has been cleaned up using toilet paper. Remove what has been towed off timber?
5,5,What is the proper way to dispose of toilet paper after you have cleaned up waste?,What is the proper way to properly dispose of toilet paper after you have cleaned up waste? Given the time you clean up theose?
5,5,"As a robot, where would you dispose of toilet paper after cleaning up waste?","As a toilet robot, where do you dispose of a disk of paper. to clean up dust while cutting out waste after fleeting waste?"
5,5,"As a responsible citizen, where should we dispose the waste that has been cleaned up using toilet paper?","As a responsible, caring citizen, where should we dispose of the waste that has been cleaned up using toilet wast paper?"
5,5,"As a cleaning assistant, please help me identify the appropriate place to dispose of waste that has been cleaned up using toilet paper, according to the picture.","As a cleaning assistant, please help me identify the appropriate place to dispose of waste that has been cleaned up using the toilet paper."
5,5,"In the picture, what is the boy wearing on his head to protect himself from the sun or cold weather?","In the picture, what is the boy wearing on his head to protect himself from the sun or snow coat: Who is about the cold weather?"
5,5,"What item is the boy wearing on his head in the picture, which could provide protection against both sun and cold weather?","What item is the boy wearing on his head in the picture, which is one which could provide covered protection against both cold weather and sunlight?"
5,5,"In the picture, what object is the boy wearing on his head to guard against potential sunburn or cold weather?","In the picture, what object is the boy wearing on his head to guard against potential cold weather: Which he will ignore sunburn or fire?"
5,5,"To shield himself from the weather, what is the boy wearing on his head in the picture?","To shield the sun from the weather, what is the boy wearing on his head in the picture? What he is looking for in the dressed?"
5,5,"What is the boy wearing on his head in the picture, which protects him from the sun or cold weather?","What is the boy wearing on his head in the picture, beside the sunset, which protects him from the skin or cold weather in?"
5,5,"What item is the boy wearing on his head in the picture, which could help protect him from the sun or cold weather?","What item is the boy wearing on his head in the picture, which could help to protect him from the sun or skin following the cold weather?"
5,5,"In order to climb up a tall structure, what in the picture would the ivy plant use as support?","In order to climb up a tall structure, beyond the picture, what in the picture would the ivy plant use as the injust support?"
5,5,"If an ivy plant were looking to climb a tall structure, what part of the picture could it likely utilize as a means of support?","If an ivy plant were looking to climb a tall structure, what part of the picture could it likely utilize as a means of support?"
5,5,"If an ivy plant were attempting to climb a tall structure, what part of the picture would it utilize as a support?","If an ivy plant were attempting to climb a tall structure, what part of the picture would it utilize as a find of a support?"
5,5,What might the ivy plant in the picture use as a supporting structure when climbing a tall object?,What might the ivy plant in the picture give as a supporting structure? what if use of the climbing tree to stretch a tall angular object.
5,5,"Suppose the ivy plant desires to climb up a tall structure, what object or structure in the picture would it likely use as support?","Suppose the ivy plant desires to climb up a tall structure, what object or structure in the picture would it likely likely use as support?"
5,5,the persons who graduate,"the one who achieves the results of the law graduate.jpg. Those persons who currently serve in individuals who graduate, children who skim"
5,5,"During an air show, pilots perform various aerial maneuvers to entertain the audience. What spectacle in the picture indicates that a pilot is performing a spectacular and dazzling aerial stunt?",Aerial pilots perform a spectacular and dazzling event during the head show. What observer indicates is to perform an aerial sc?
5,5,What movement or action in the picture would indicate that a pilot is performing a daring and awe-inspiring aerial maneuver during an air show to entertain the audience?,What movement or show would be the pilot attempting to perform an awe-inspiring and daring picture in the air during a hotel approach?
5,5,What element in the picture provides evidence that a pilot is performing a spectacular and dazzling aerial stunt during an air show?,What element in the picture provides evidence that a pilot is performing a spectacular and dazzling aerial stunt during an airing show?
5,5,Identify the spectacle in the picture that indicates a pilot is performing a spectacular and dazzling aerial stunt during an air show.,Identify the spectacle in the picture that indicates a pilot is performing a spectacular and dazzling aerial stunt during an show.
5,5,Please identify what indicates that a pilot is performing a spectacular and dazzling aerial stunt during an air show?,Please identify what indicates that a pilot is performing a spectacular and dazzling aerial stunt during a known airship at an show?
5,5,Could you identify the specific aspect of the picture that would indicate that a pilot is executing a sensational and spectacular aerial maneuver during an air show?,Could you identify the specific aspect of the picture that would indicate that a pilot is executing a sensational and spectacular aerial maneuver?
5,5,something on the suitcase used for lifting,something new on the suitcase used for the lifting. on a jacket that covers what the rectangular vessel means for painten on projecting
5,5,"In ancient times, soldiers would often carry a weapon made of metal for self-defense or combat. What item in the picture can be classified as such a weapon?","In ancient times, soldiers can usually carry a weapon made of metal for self-defense or combat. What item in the picture would be such?"
5,5,"In ancient times, soldiers often carried metal weapons for self-defense or combat. Please tell me what object in the picture can be classified as such a weapon.","In ancient times, soldiers often class such weapons for self-defense or fighting. Please tell me what object in the picture can be a weapon."
5,5,What item in the picture could be considered a metal weapon used for self-defense or combat during ancient times?,What item in the picture of the metalcove could be considered a weapon used for self-defense or self combat during ancient times? Given?
5,5,"During ancient times, soldiers frequently carried metal weapons for self-defense and combat. Please identify the object in the picture that could be classified as such a weapon.","During ancient times, soldiers normally carried such weapons for self-defense and combat. Please identify the object that could be classified as a weapon."
5,5,What object in the picture could be classified as a metal weapon that soldiers would typically carry for self-defense or combat in ancient times?,What object in the picture could be classified as a metal weapon that soldiers would typically carry for self-defense or combat in ancient ancient times?
5,5,What item in the picture could be classified as a metal weapon carried by soldiers for self-defense or combat in ancient times?,What item in the picture could be classified as a metal weapon carried by soldiers for self-defense or combat and given security in ancient times?
5,5,the tyre that does not touch the ground,the part of the tyre that treads above the tyre:3.the vehicle which does not cause the gravel to touch and ground
5,5,something that prevents people from attacks of the pigs,something that is simple. which prevents all of the damage to the creatures of a pig - prevents people from threatening people from the waterbers
5,5,"If the door of the bedroom is opened, what can we use to close it?","If the door of the bedroom is opened, what can we use to close it? What is the room for our bedding when to close?"
5,5,"In case the door of the bedroom is open, what might you use to close it in the picture?","In case the door of the bedroom is close to open, what might be hidden? What do you wish to use it in the bed picture?"
5,5,"If someone needs to close the bedroom door, what could they utilize?","If someone needs to close up the bedroom doorway, I believe what could they utilize? Given the needs to lock them, what can?"
5,5,"If the door of the bedroom is left open, what object could be used to shut it?","If the door of the bedroom is left open, what object could be used to shut it? Given how the home door it would be buried?"
5,5,Suppose you want to close the door of the bedroom. What item in the picture can you use to accomplish this task?,Suppose you want to close the door of the bedroom. What item in the picture can you use to set the window to accomplish this related task?
5,5,"If pigs are shot and killed, they usually fall to the ground. Which pigs in the picture are most likely to still be alive?","If pigs are shot and killed, they usually fall to the ground. Which pigs in the picture are most likely to still be alive alive?"
5,5,Please identify the pigs in the picture that are not likely to have been shot and killed and are therefore still alive.,Please identify the pigs in the picture that are not likely to have been shot and killed and are therefore still theide who were found still alive.
5,5,"Which pigs in the picture are likely to still be alive if pigs are usually shot and killed, causing them to fall to the ground?","Which pigs in the picture are likely to still be alive if pigs are usually shot and killed, causing them to to fall to the ground?"
5,5,"From the given picture, which pigs are unlikely to have been shot and killed and are still alive?","From the given picture - Given the last, which pigs are unlikely to be killed and have been shot and killed and are still beers alive?"
5,5,"What are the characteristics of the pigs in the picture who are most likely to still be alive, since typically, when pigs are shot, they fall to the ground and die?","What are the characteristics of the pigs in the picture who are likely to be alive, since typically, when pigs are still ground and die?"
5,5,"Without making any assumptions or taking any actions that may lead to harm, it would be best to refrain from answering this question in terms of which pigs in the picture are most likely to be alive.","Without making any complaint from prayer, it would be better to answer any questions in terms of which pigs are most likely to suffer or destroy."
5,5,"In the picture, who is the person that a child is most likely to show affection towards by giving hugs and kisses?","In the picture, who is the person that a child is most likely to show affection towards by giving a parent pair of hugs and kisses?"
5,5,Who in the picture is most likely to receive hugs and kisses from a child as a display of affection?,Who in the picture of a child is most likely to receive hugs and kisses from a person as the display of love and affection in attend?
5,5,"Assuming the individuals in the picture are family members, who might a child be most likely to show affection towards through physical expressions like hugs and kisses?","Assuming the individuals in the picture are family members, who might a child be most likely to show affection towards through physical expressions like hugs and kiss?"
5,5,"As per the given picture, who might be the person that a child is most likely to show their affection towards by giving hugs and kisses?","As per the given picture, who might be the person that a child is most likely to show their affection towards by giving hugs and kisses?"
5,5,"Based on the picture, who is the person that a child is most likely to show affection towards by giving hugs and kisses?","Based on the picture, who is the person that a child is the most likely to show affection towards by giving a girl hugs and kisses?"
5,5,"In this picture, who would a child be most likely to show affection towards by giving hugs and kisses?","In this picture, who would a child be most likely to give warm affection toward, by actually giving a pupale with hugs and kisses?"
5,5,"Among the various animals living in the forest, which one in the picture has a pair of antlers and is often associated with the color brown?","Among the various animals living in the forest, which one in the picture has a pair of antlers and is often associated with the color green brown?"
5,5,The forest is home to a variety of animal species. Who among them typically has a set of antlers and is frequently linked to the color brown?,The forest is home to a variety of animal species. Who among them typically has a set of antlers and is frequently linked to the color brown?
5,5,Which animal in the picture has a pair of antlers and is often associated with the color brown among the different animals living in the forest?,Which animal in the picture has a pair of antlers and is often associated with the color brown among the different animals living in the surrounding the forest?
5,5,"Which animal in the picture is typically associated with the color brown and has a pair of antlers, among the various creatures that dwell in the forest?","Which animal in the picture is usually associated with the color brown and has a pair of antlers, among the various creatures that dwell in the?"
5,5,"Identify the animal within the picture possessing a pair of antlers, that is typically associated with the color brown and is known to inhabit woodland areas.","Identify the animal possessing the color brown within the picture, that is known to inhabit and is typically associated with a pair of woodlands."
5,5,"Which animal found in the forest is typically brown in color and has a pair of antlers, based on the image provided?","Which animal found in the forest is typically dark brown in color and has a pair of antlers, based on the group provided in the image only?"
5,5,"In most cities, there are designated areas for pedestrians to cross the road safely. What object in the picture is commonly used to indicate these areas?","In most cities, there are designated areas for pedestrians to cross these roads safely. What object in the picture is commonly used to indicate?"
5,5,"In order to ensure pedestrian safety in most cities, there are designated areas for crossing the road. What object, typically used to indicate these areas, can be seen in the picture?","To ensure pedestrian safety in cities, there are several designated areas. What object, typically used for these areas, can see in the picture?"
5,5,"At most locations in the cities, there are designated areas that pedestrians can utilize to cross the road safely. The object that is usually used to identify these areas is what?","At most roads, those pedestrians are designated to cross the vehicle spaces. The area that is commonly used in the roads will locate what?"
5,5,"What is the object commonly used in the picture to indicate the designated areas for pedestrians to cross the road safely, often found in most cities?","What is the object commonly used in the picture to indicate the designated areas for pedestrians to cross the road safely, often found in cities?"
5,5,Pedestrian crossing areas are typically designated and clearly marked in most cities. What object in the picture is commonly used for this purpose?,Pedestrian crossing areas are commonly designated and clearly marked in most cities. What object in the picture is typically used in this place for the purpose?
5,5,"In cities, there are usually marked areas that allow pedestrians to cross the road safely. What object is typically used to indicate these areas in the picture?","In cities, there are typically marked areas that allow pedestrians to cross the road safely. What object is usually used to indicate these areas?"
5,5,"If we were observing the sunset and its beautiful colors from the vantage point shown in the picture, what natural feature would obstruct our view to some extent?","If we were observing the sunset and its natural colors from the vantage point shown in the picture, what our view would disturb some extent?"
5,5,"If we were observing a beautiful sunset and its colorful display from the vantage point depicted in the picture, what natural feature could potentially obscure our view to some extent?","If we were observing a beautiful sunset and its vivid display from the color point depicted in our view, what picture could potentially harm?"
5,5,Suppose we were viewing the sunset and admiring the beautiful colors from the vantage point in the picture. What natural feature might partially obstruct our view?,Suppose we were viewing the sunset and admitting the vasis from the beautiful viewpoint. What natural feature might seriously obstruct the picture?
5,5,"If we were observing the sunset and its beautiful colors from the viewpoint shown in the picture, what natural characteristic could obstruct our view partially?","If we were observing the sunset and its beautiful colors from the viewpoint shown in our picture, what natural characteristic could obstruct the view?"
5,5,"Assuming that we were viewing the sunset and its beautiful colors from the same perspective depicted in the image, what natural feature might partially block our view?","Assuming that we were viewing the sunset and its beautiful colors from the same perspective depicted in the image, what might partially block our view?"
5,5,"If we were observing the beautiful colors of the sunset from the vantage point shown in the picture, what natural feature would partially obscure our view?","If we were observing the beautiful colors of the sunset from the vantage point shown in the picture, what natural feature would partially our view?"
5,5,"When fishing on a boat, it is common to catch fish using a tool that is long and flexible. What object in the picture can be used for this purpose?","When fishing in a boat, it is common to catch fish using a tool that is long and flexible. What object can be used for this?"
5,5,"In fishing, it is common to catch fish by utilizing a long and flexible tool. What in the picture could be used for this purpose?","In fishing, it is common to catch fish by utilizing a long and flexible tool. What in the picture could be used for this purpose?"
5,5,"To catch fish while fishing on a boat, which object in the picture could be utilized for this purpose?","To catch fish while fishing on a boat, which object in the picture could be utilized for this purpose, what could be connected on the?"
5,5,What item in the picture can be utilized for catching fish on a boat using a long and flexible tool?,"What item in the picture can be utilized for catching fish on a vessel following the boat for using a long, flexible and shaped tool?"
5,5,"When fishing on a boat, it is typical to catch fish using a tool that is lengthy and flexible. What object in the picture might be fit for this function?","When fishing on a fish, it is typical to catch a tool that is lengthy and flexible. What object in the picture could fit this?"
5,5,What object shown in the picture can be used for catching fish while fishing on a boat? This tool is typically long and flexible.,What object shown in the picture can be used for catching fish while fishing on a boat? This tool is typically long and flexible in depth.
5,5,"If I need to print a document, what object in this room will help me complete the task?","If I need to print a document in the room, what object in this material will help me complete the project? Assuming I wish to answer task?"
5,5,"In the current room, what object would help you to print a document?","In the current room in the house, we hope what would help you to print a document? Following a project, which object would change color books?"
5,5,What tool or device located in this room will aid in the task of printing out a document?,What tool or device located in the living room? What material of course will assist in the task of printing out a document in requesting a document?
5,5,"If you need to print a document in this room, what device should you use to complete the task?","If you need to print a document to record a memory in this room, what device should you use for the project where you must complete the task?"
5,5,Please show me the item in the room that can be useful for printing a document.,Please show me the item in the room. Here is the space that can be useful for documenting the problem for printing a paper in a document.
5,5,What item in the room would assist in the process of printing a document?,What item in the room of the project would be in question? Would the ideal way to assist in the process of printing a sound documenting paper?
5,5,"In many Western movies, cowboys are often seen participating in various activities in the town square. What object in the picture could be used by cowboys to protect themselves from the sun while participating in these activities?","In many western movies, cowboys are used when participating in various activities in the sun. What could lie by the cowboys?"
5,5,"In Western movies, cowboys often partake in a variety of activities in the town square. What item in the picture might be employed by these cowboys to safeguard themselves against the sun while engaging in these pursuits?",Picture cowboys engage in several of these activities while in the movies. What person can generally use these goods to pursue in town?
5,5,"In Western movies, cowboys can often be observed performing various actions in the town square. While participating in such events, what accessory in the picture could provide protection from the sun?","In Western movies, cowboys can often perform prominent activities while participating in the sun. What access in the picture provided could be such?"
5,5,"In Western movies, cowboys are frequently depicted engaging in various activities in the town square. Considering this context, what item in the picture might they utilize to protect themselves from the sun while doing so?","In western movies, men are commonly engaging in numerous activities while depicting themselves in the sun. What item could the cow use within?"
5,5,"In many Western movies, cowboys are often seen participating in various activities in the town square; what object could be used by the cowboys to protect themselves from the sun while taking part in these activities?",During Western movies; what object is often seen by the cowboys as they can participate in various activities in the cowbo air around?
5,5,"In the Caribbean Sea region, pirate attacks are common, so every ship needs to take appropriate defensive measures. What in the picture can be used to protect the ship from pirate attacks?","In the Caribbean region, every pirate attack can be taken to protect the ship from pirate attacks. What needs to use good measures?"
5,5,What object(s) or equipment in the picture could be used to protect a ship from pirate attacks in the Caribbean Sea region where such attacks are common?,What object(s) or weapons in the picture could be used to protect a pirate vessel in the Caribbean Sea where such attacks occur?
5,5,"In the Caribbean Sea region where pirate attacks are common, what object in the picture could be utilized to protect a ship from being attacked?","In the Caribbean Sea region where pirate attacks are common, what object in the picture could be utilized to protect a ship being attacked?"
5,5,"In the Caribbean Sea region, pirate attacks are common, so ships need to take appropriate defensive measures. What in the picture could be utilized to protect a ship from pirate attacks?","In the Caribbean Sea ships, pirate attacks are common in soaring measures. What could be utilized to protect a pirate attack?"
5,5,"What in the picture can be utilized to protect a ship from pirate attacks, given that such events are frequent in the Caribbean Sea region?","What in the picture can be utilized to protect a ship from pirate attacks, given that such events are frequent in the Caribbean region?"
5,5,"In many cultures, brides traditionally wear a specific type of dress for their wedding. What type of garment is commonly worn by brides on their special day?","In many cultures, brides traditionally wear a specific type of dress for their day. What type of garment is commonly worn on wed?"
5,5,"On a bride's special day, what type of garment is often worn as a traditional dress in many cultures?","On a bride's special day, what type of garment is often worn as a traditional dress in many styles, among literary cultures?"
5,5,Brides usually wear a specific type of dress for their wedding in many cultures. What is the name of the outfit that is commonly worn by brides on their special day?,Brides usually wear a specific type of dress in many cultures. What is the name for their outfit that is worn on their wedding?
5,5,What is the specific type of garment that is commonly worn by brides on their wedding day in many cultures?,What is the specific type of garment that is commonly worn by brides on the wedding day of their wedding in many cultureds?
5,5,"What type of clothing is typically worn by brides on their wedding day, across many cultures?","What type of clothing is typically worn by most brides on a wedding day, across many cultures, when treated their weddings?"
5,5,Brides commonly wear a specific type of dress or garment during their wedding as part of many cultural traditions. What is the name or type of outfit that is generally worn by brides on their special day?,Many brides generally wear a name or type of outfit during their weddings. What is the type of dress commonly worn by their culture?
5,5,"While rowing a boat, it is crucial to have synchrony and coordination among the members of the crew. What part of the boat is each member using to propel the boat forward?","While crossing a boat, it is crucial to have member and coordination among each member of the crew. What part of the boat is carrying?"
5,5,"When rowing a boat, synchrony and coordination among the members of the crew is crucial. Could you tell me what part of the boat each member is utilizing to move the boat forward?","When synchronizing a boat, coordination among the boat members is crucial. Can you guess what part of the crew to move the boat within?"
5,5,"When rowing a boat, it is essential to have a synchronized and coordinated crew. What component of the boat is every team member using to push the boat forward?","When rowing a boat, it is essential to have a synchronized and coordinated crew. What component of the boat is every boat member pushing?"
5,5,"While rowing a boat, each member of the crew uses a certain area to help propel the boat forward, what is that part of the boat?","While rowing a boat, each member of the crew uses a certain area to help prop the boat forward, what is that part of the boat?"
5,5,"In rowing a boat, it is essential to have synchronization and coordination among the members of the crew. What part of the boat is each team member using to propel the boat forward?","In rowing a boat, it is necessary to have activation and coordination among each member of the boat. What part of the boat crew build?"
5,5,"While rowing a boat, it is essential for the crew members to maintain synchronization and coordination. What part of the boat is being used by each member to propel the boat forward?","While tuning a boat, it is necessary for the fleet members to maintain port coordination and alignment. What part of the boat is kept around?"
5,5,"In the field of video editing, professionals often use a device to capture high-quality footage for their projects. What object in the picture can help them achieve this?","In high-quality filmography, professionals often use the device to capture a image for their projects. What in the footage can achieve this?"
5,5,Professionals in the field of video editing often require a device to capture high-quality footage for their projects. What object in this picture could be used to assist in achieving this goal?,Professionals in high-quality photography often require a device to assist in achieving this goal. What object could be used for this project?
5,5,"In the field of video editing, professionals frequently rely on a device to capture high-quality footage for their projects. Which item in the picture might serve this purpose?","In the field of video editing, professionals frequently rely on a device to capture high-quality footage. Which item in the picture might serve?"
5,5,Video editing professionals often use a equipment to capture high-quality footage for their projects. What object in the picture could assist in achieving this goal?,Video editing professionals often use a equipment to capture high-quality footage for their projects. What object in the picture could assist in this goal?
5,5,"In the field of video editing, professionals generally utilize a tool to capture high-quality footage for their projects. What object in the picture can assist them in this undertaking?","In the field, professional photographers utilize high footage to assist them in their production efforts. What element in the image for this undertaking?"
5,5,What object in the image can be utilized by video editing professionals to capture high-quality footage for their projects?,What object in the image can be utilized by video editing professionals to capture high-quality footage for their unique project in their works?
5,5,"When it comes to shoes, some people prefer a more elevated style. What part of the shoe in the picture provides this elevated feature?","When it comes to shoes, some people prefer a more elevated style. What part of the shoe in the picture provides this elevated?"
5,5,"Elevated shoe style is preferred by some people. Could you identify the part of the shoe in the picture, which provides elevated feature?","Elevated shoe is preferred by some people. Could you identify the part of the shoe in the picture, which provides elevated feature?"
5,5,"When it comes to shoes, some people prefer an elevated style. Could you identify the part of the shoe that provides this elevated feature shown in the picture?","When it comes shoes, some people prefer an elevated style. Could you identify the part of the shoe that provides this elevated picture?"
5,5,"When it comes to shoes, some people prefer a heightened style. What aspect of the shoe depicted in the picture provides for this feature, or makes the shoe more elevated?","When it comes to shoes, some people prefer this style. What aspect of the shoe depicted in the picture makes a elevated feature?"
5,5,"When it comes to footwear, some people prefer to wear shoes with an elevated design. What part of the shoe in the picture would provide this elevated feature?","When it comes to footwear, some people prefer elevated shoes. What part of the dress in the picture would provide with this feature?"
5,5,"For shoes, some individuals prefer an elevated style. Could you please identify the feature on the shoe in the picture that accomplishes this?","For smaller shoes, some individuals appreciate an elevated style. Could you identify the feature in the shoe on the picture that accomplishes this?"
5,5,"When we want to listen to music or other audio content at a louder volume, what device in the picture can we use to enhance the sound?","When we want to listen to audio or other content at a louder sound volume, what device in the picture can we use to enhance?"
5,5,"When we want to listen to music or other audio content at a louder volume, which device in the picture can be utilized to amplify the sound?","When we want to listen to music or other audio content at a louder volume, which device in the picture can be utilized to sound?"
5,5,Which object in the picture could be utilized to increase the volume and make music or other audio content louder?,Which object in the picture might be further utilized to increase the volume of the content and make music or other audio audio crease louder?
5,5,What device in the image can be utilized for amplifying the sound when we want to listen to music or other audio content at a higher volume?,What device in the image can be utilized for amplifying the sound when we want to listen to music or other audio content at a higher volume?
5,5,"When we want to listen to audio content at a louder volume, what device in the picture can be used to enhance the sound?","When we want to listen to audio content at a louder volume, what device in the picture can be used to enhance the sound in?"
5,5,"During a birthday party, there is often a table set up with various presents for the birthday boy or girl. What in the picture could be used to hold and present these gifts?","During birthday party, there could be various tables normally used to hold and present a gift for the birthday girl. What one with these presents?"
5,5,"At a birthday party, there is typically a table with an array of presents set up for the birthday boy or girl. Please identify which object in the picture could be employed to hold and display these gifts.","At the birthday party, please identify an object with which there may be a table set up for the girl or woman to display these numerous items."
5,5,"When holding a birthday party, one might set up a table with various gifts for the birthday girl or boy. What item in the picture could be utilized to contain and present these gifts?",To set up a birthday party with a girl or girl. What item in the table could be utilized to present these various birth gifts?
5,5,"As a birthday party approaches, many people often display various presents for the birthday boy or girl on a table. Please tell me what in this picture could be used to hold and present such gifts?",As a birthday party many people recall the birthday in a boy or girl. Please describe what can be used to hold such several gifts?
5,5,What in the picture could be used for holding and displaying birthday presents for the birthday boy or girl?,What in the picture could be used for holding and displaying birthday presents for the boy or girl and can wish for the birthday birthday person?
5,5,"If you were setting up a birthday party, what item in the picture could you use to display and present a selection of gifts for the birthday boy or girl?","If you were setting up a birthday party, what item in the picture could you use to present a selection of gifts for the birth boy?"
5,5,What object in the picture can effectively prevent water and foam from splashing outside the shower area and keep the bathroom dry and clean?,What object in the picture can effectively prevent water and foam from splashing outside the shower area and keep the bathroom dry and clean?
5,5,Which item in the picture can be utilized to prevent water and foam from splashing outside the shower area and help maintain a dry and clean bathroom?,Which item in the picture can be utilized to prevent water and foam from splashing outside the bathroom and help maintain a dry area?
5,5,"What object in the picture can function to prevent water and foam from splashing outside of the shower area, thereby keeping the bathroom clean and dry?","What object in the picture can function to prevent water and foam from splashing outside of the shower, thereby keeping the bathroom dry?"
5,5,"What item in the picture can help prevent water and foam from splashing outside of the shower area, keeping the bathroom dry and clean?","What item in the picture can help prevent water and foam from splashing outside of the bathroom, keeping the shower dry and clean?"
5,5,What is the object in the picture that can effectively prevent water and foam from splashing outside the shower area and keeping the bathroom clean and dry?,What is the object in the picture that can effectively prevent water and foam from splashing outside the shower and keeping the bathroom dry?
5,5,What item in the picture can help avoid water and foam splashing beyond the shower area and keep the bathroom clean and dry?,What item in the picture can help avoid water and foam splashing beyond the shower area and keep the bathroom clean and dry away?
5,5,What object in the picture is the most suitable for placing food on and enjoying a meal?,What object in the picture is the most suitable for placing food on top of a meal and what is desired for comfortable and enjoying a me?
5,5,"What object in the picture is the most suitable for placing food on and enjoying a meal, such as dinner or lunch?","What object in the picture is the most suitable for placing food on and enjoying a meal and dinner, such as lunch or lunch?"
5,5,Which object in the picture is the most suitable for holding food and allowing one to enjoy a meal?,"Which object in the picture is the most suitable for holding food and allowing the one to enjoy life, while one is suitable for drawing a meal?"
5,5,the objects that are significantly different in placement and orientation from other objects,the objects that are significantly different in placement and orientation: that explains the orientation of other objects in different aircraft placement and characteristics from other parent objects
5,5,"In agricultural management, it is necessary to spray pesticides on crops in a timely manner to prevent various diseases. What in the picture could be threatened during this process?","On agricultural management, it is necessary to spray pesticides in the manner to prevent diseases. What could be watched in this process?"
5,5,"When it comes to spraying pesticides on crops to stave off various diseases, what might be at risk during this operation?","When it comes to spraying pesticides on crops to stave off various diseases, what might be at risk during this operation?"
5,5,The application of pesticides to crops might be necessary to prevent infections in agricultural administration. What part in the picture is at risk during this process?,The application of pesticides to crops might be necessary to prevent infections in agricultural administration. What part is at risk during this?
5,5,What could be at risk during the process of pesticide application to crops in the picture?,What could be at risk during the process of pesticide application to crops in waste treatment plants: what is seen in the picture?
5,5,"When pesticides must be applied to crops in a timely manner to prevent various diseases, what aspect in the picture might be at risk during this process?","When pesticides should be applied to crops in a timely manner to prevent various diseases, what aspect may be at risk during this?"
5,5,"When applying pesticides to crops, numerous factors are at risk of damage. Based on the image, what might be at risk during this process?","When applying pesticides to crops, numerous factors are at risk of damage. Based on the image, what might be at risk during this?"
5,5,What part of the sink can control the water flow?,That part of the plate of the sink can help control the water supply? What does the wind control the water flow? - what water vapor.
5,5,What is the name of the part that controls the flow of water in the sink?,What's the name of the first part of the tree? What is the function that controls the flow of water for water in the in sink?
5,5,What aspect of the sink can be utilized to manage and regulate the flow of water?,What aspect of the sink can be utilized to ease the flow of water? Should be used to manage and regulate the flow of a pan.
5,5,What is the term for the part of the sink which controls the flow of water?,What is the standard of the term for the part of the sink. Which is what causes the flow of the seed which controls the flow of water?
5,5,What can control the flow of water from the faucet in a sink?,What can be changed to the control of the flow of water from the faucet in a sink? Which energy resells water in the tub?
5,5,"After giving birth, a mother may be too weak to walk and needs to rest in bed to recover. Who in the picture is most likely to be a mother who has just given birth and needs to rest in bed?","After giving birth, a mother is too weak to walk and needs to rest in bed. Who may have just been a mother to rest in bed?"
5,5,This picture doesn't provide any relevant information to identify who is most likely to be a mother who has just given birth and needs to rest in bed.,This picture doesn't provide any relevant information to identify who is most likely to be a mother who has just given birth and needs rest in bed.
5,5,"In the provided picture, it's difficult to determine who's likely to be a mother recovering from childbirth and requiring rest. The picture doesn't provide sufficient information to make this determination.","In this picture, it's difficult to determine who's providing a childbirth and determined to retain the mother. The information provided may matter"
5,5,"From the given picture, who could be a mother that needs to rest in bed to recover, as she might be too weak to walk after childbirth?","From the given picture, who could be a mother that needs to rest in bed, as she might be too weak to walk after childbirth?"
5,5,"In a bakery, bread and pastry products need to be cooled down after they come out of the oven. What area in the picture could be used for this purpose?",In a bakery bread and prints need to be cooled after the product went out in the oven. What area could this be?
5,5,"If you were working in a bakery, where in the picture could you place bread and pastry products to cool them down after they come out of the oven?","If you were working in a bakery, where in pictures could you cook bread and pastry products after they come out of the oven?"
5,5,"If you need to cool down freshly baked bread and pastry products upon removal from the oven in a bakery, what area in the picture might be used for this purpose?","If you need to soften up baked bread and cookies from a bakery for this purpose, what area in the kitchen might be used?"
5,5,"In a bakery, what area in the picture could be used for cooling down bread and pastry products after they come out of the oven?","In a bakery, what area in the picture could be used for cooling bread and pastry products after they come out of the pan?"
5,5,"At a bakery, what area in the picture could be utilized to cool down bread and pastry products after they are finished baking in the oven?","At a bakery, what area in the picture could be utilized to cool down bread and pastry products after they are finished oven?"
5,5,"In a bakery, bread and pastry products will be cooled down after they come out of the oven. Could you point out what area in the picture would be used for this purpose?","In a bakery, bread and coffee can be cooled after what items will come out of the oven? Would you point this idea"
5,5,"If the character in the picture is a wizard from the Harry Potter world, what would he ride on to fly in the air?","If the character in the picture is a wizard in life from the Harry Potter world, what would he ride on to fly in the air?"
5,5,"Assuming that the character in the picture is a wizard from the Harry Potter world, what would he use in order to fly through the air?","Assuming that the character in the picture is a wizard from the Harry Potter world, what would he use in order to fly through the air?"
5,5,"If the character in the picture is a wizard from the Harry Potter world, what kind of object would he typically ride on to fly into the air?","If the character in the picture is a wizard from the Harry Potter world, what kind of object would he typically fly on to hit air?"
5,5,"If a person in the picture is a wizard from the Harry Potter world, what object would he typically ride on to fly through the air?","If a person in the picture is a wizard from the Harry Potter world, what object would he typically ride on to fly through the air?"
5,5,"Assuming that the character in the picture is from the Harry Potter world, what is the object that he would typically ride on to fly in the air?","Assuming that the character in the picture is from the Harry Potter world, what is the object that he would typically ride in to fly on air?"
5,5,"If this character is a wizard from the Harry Potter world, what would he typically use to fly in the air?","If this character is a a wizard from the Harry Potter world, what exactly would he typically use to fly in the water in the air?"
5,5,"If we need to enter a room, what is the object we need to go through to enter it?","If we need to enter a room, what is the object that we need to enter through it? What we need to go through to enter it?"
5,5,"In order to enter a room, what obstruction should we cross through to gain entry?","In order to enter a room to gain entry, what is the obstruction we must cross through to enter? Given what advance passageway should attend?"
5,5,"If we need to access a room, what structure do we typically need to pass through in order to enter it?","If we need to access a room to enter, then what structure do we typically need to pass through in order to address it when we need it?"
5,5,What is the item that needs to be passed through in order to enter a room?,What is the answer? What is the item that needs to be passed through during delivery in order to just enter a room to be entered the house?
5,5,What would you need to go through to enter a room?,What would you need to decide what to do to enter a room? - What is it all you need to hear about to go through through a?
5,5,What object must we pass through to enter a room?,What object must we have to pass through to enter into a room? Answer: What fundamental signal will we all pass through a vehicle to atthe?
5,5,"While working at a desk, it's important to maintain a comfortable seating position. What object in the picture could be used to provide a raised seating area for this purpose?","While working at a desk, it is important to provide a comfortable seating position. What object in the picture could be used for this purpose?"
5,5,"When working at a desk, maintaining a comfortable seating position is critical. What item in the picture could be utilized to provide a raised seating area for added comfort?","When maintaining a seated desk, comfortable seating position is critical. What item in the picture could be employed to provide for increased comfort?"
5,5,"What object could potentially be employed to provide a raised seating area, which can be essential for ensuring a comfortable posture while working at a desk?","What object can potentially be employed to provide a comfortable seating area, which could be essential for ensuring a posture while working at a desk"
5,5,"When working at a desk, it's critical to maintain a comfortable seating position. To achieve this, what tool in the picture could be utilized to provide a raised seating area?","Working at a desk, it's critical to provide a comfortable seating position. To know what tool could be utilized in this space?"
5,5,"When working at a desk, it's important to maintain a comfortable seating position. What object could you use to create a raised seating area for this purpose?","When working at a desk, it's important to create a comfortable seating position. What object could you use to maintain this seating?"
5,5,Herbs and spices are commonly used to enhance the flavor of various dishes. What item in the picture could be used to hold and serve these herbs and spices?,Herbs and spices are commonly used to enhance the flavor of various dishes. What item could be in these herbs and sp?
5,5,What item in the picture could be utilized to hold and serve herbs and spices that are frequently used to enhance the taste of various dishes?,What item in the picture could be used to hold and serve herbs and spices that are frequently utilized to enhance the taste of various?
5,5,What object in the picture could be utilized to contain and dispense herbs and spices used to enhance the flavor of dishes?,What object in the picture could be utilized to contain and dispense herbs and spices used to enhance the flavor of dishes?
5,5,"What object in the picture could be utilized to hold and serve herbs and spices, which are frequently employed to enhance the flavor of dishes?","What object in the picture could be utilized to hold and serve herbs and spices, which are frequently employed to enhance the dishes?"
5,5,"What object in the picture might be utilized to contain and distribute herbs and spices, which are frequently used to enhance the flavor of food?","What object in the picture might be utilized to contain and distribute herbs and spices, which are frequently used to enhance the food?"
5,5,What item in the picture could be utilized to contain and dispense herbs and spices for the purpose of enhancing the flavor of various dishes?,What item in the picture could be utilized to contain and dispense herbs and spices for the purpose of enhancing the dishes?
5,5,What vehicle in the picture is designed to be used in snowy areas and has the ability to land and take off vertically?,What vehicle in the picture is designed to be used in landy areas and has the ability to snow and take off and to fit off vertically?
5,5,Which vehicle in the picture is designed to operate in snowy areas and is capable of vertical takeoff and landing?,Which vehicle in the picture is designed to operate in snowy areas and is capable of vertical take-off and is capable of rapid landing and landing?
5,5,What type of vehicle in this picture is specifically built to operate in snowy regions and has vertical takeoff and landing (VTOL) ability?,What type of vehicle in this picture is specifically built to operate in snowy regions and has vertical takeoff and landing (VTOL) ability?
5,5,What vehicle is present in the image that is intended to be used in snowy areas and has the ability to vertically land and take off?,What vehicle is present in the image that is intended to be used in snowy areas and has the ability to vertically land and let take off?
5,5,What is the name of the vehicle in the picture that has both the capability to take off and landing vertically and is primarily utilized in regions with snow?,What is the name of the vehicle in the picture that has the capability both to take and landing vertically and is primarily utilized with snow?
5,5,"In the picture, what type of vehicle is crafted primarily for use in snowy locations and has the ability to land and take off vertically?","In the picture, what type of vehicle is crafted primarily for use in snowy locations and has the ability to land and take off vertically?"
5,5,"When hiking, it is common for people to take breaks and enjoy the scenic views around them. What object in the picture would provide a stunning natural view for hikers to pause and admire?","When hiking, it is unusual for hikers to enjoy and take pictures. What object would provide a serene view of the views?"
5,5,"When hiking, hikers often take breaks and enjoy the beautiful scenery around them. What item in the picture will offer hikers an enchanting natural view to stop and appreciate?",When hikers often stop watching and enjoy them. What item in the picture will give hikers an enchanting scenery to enjoy?
5,5,"When hiking, it is common for people to take breaks and appreciate the beautiful scenery around them. What object in this picture would offer hikers a stunning natural view to stop and admire?","When hiking, it is common for people to take pictures and enjoy them. What person would appreciate the stunning scenery around this view?"
5,5,"During a hike, it is common for individuals to take a few breaks and appreciate the picturesque surroundings. What object in the picture could provide a stunning natural view for hikers to pause and admire?","During a hike, it is rare for individuals to take some pictures and appreciate the view. What bull surround makes an elegant remodel?"
5,5,"During a hike, people often take breaks to admire the scenic views that surround them. What aspect in the picture would provide a stunning natural view for hikers to pause and admire?","During a hike, people often admire the visitors to walk and surround them. What frame would provide stunning scenic views for view?"
5,5,"For hikers taking a break during a hike to marvel at the natural beauty around them, what object in the picture would offer a stunning scenic view?","For hikers taking a hike to marvel around the natural beauty around them, what object in the picture would offer a stunning view?"
5,5,the person who is doing exercise,The person who is doing the following about the way he is doing exercise. musk. successful in self training: The person who achieves working
5,5,something that can make the food more delicious,something that will make the food more delicious and create cookies more realistic: I. hope that everything can be saved to the food preteble
5,5,the person who is not likely to be a player,the part of whoever is likely to be a young player with a person | The person that resents the person who is not likely to be child
5,5,"When a teacher is explaining the content of a course, what might they use in the classroom to enhance students' understanding?","When a teacher is explaining the content of a course, what might they use in the classroom to provide insight to enhance students's understanding?"
5,5,"In a classroom, what might a teacher use to improve students' comprehension of a course's material when delivering a lecture?","In a classroom, what might a teacher use to improve a student's comprehension of a course's material when delivering a lecture?"
5,5,"When a teacher is explaining the contents of a course, what may they use in the classroom to improve students' comprehension?","When a teacher is explaining the contents of a course, what may they use in the classroom to demonstrate what to improve students's comprehension?"
5,5,"During a classroom lecture, what resource might a teacher use to augment student comprehension of the subject matter?","During a classroom lecture in science, what resource might a teacher conclude, what aid a student use to augment the subject comprehension of the subject?"
5,5,"During a classroom lecture, what could a teacher use to augment students' comprehension of the course material?","During a course lecture in a classroom, what could a teacher use to demonstrate students' comprehension of materials to augment the reader of the course?"
5,5,"When a teacher is explaining the content of a course, what tools or equipment might they utilize in the classroom to aid in students' comprehension?","When a teacher is explaining the content of a course, what tools or equipment might they utilize in the classroom to aid students' comprehension?"
5,5,"When spending time outdoors, it is important to protect ourselves from insect bites. What part of the body in this picture is most susceptible to insect bites?","When spending time outside, it is important to protect ourselves from insect bites. What part of this body is most susceptible to insect?"
5,5,What part of the human body in this picture would be most at risk of insect bites when spending time outdoors?,What part of the human body in this picture would be most of at risk of insect bites when spending time in the earth outdoors?
5,5,"During outdoor activities, it is crucial to safeguard ourselves from insect bites. What part of the body, as shown in this image, is particularly vulnerable to insect bites?","During outdoor activities, it is crucial to protect ourselves from insect bites. What part of the body as shown is vulnerable to insect?"
5,5,"When spending time outdoors, insect bites can be a concern. Which part of the body in this picture is particularly susceptible to bites?","When spending time outdoors, insect bites can be a concern. Which part of the body is particularly susceptible to bites?"
5,5,something that can transfer solar energy to electric energy,something that can transform solar electricity to solar energy. a) This sparks electric energy for solar projects that can transfer water energy to real electric energy
5,5,the part that the deers use for fighting,the part that the deactors use for handling the deer free. 2. the part that we say the forces that theers for fighting
5,5,"If someone wants to relax their back and take a nap, where in the living room is the most comfortable for them to sit on?","If someone wants to relax their back and take a nap, where in the living room is the most comfortable for the family to sit in them on?"
5,5,"If one intends to relieve their back and take a nap, where would be the most comfortable area in the living room to sit on?","If one intends to relieve their back and take a nap, where would be the most comfortable area in the living room to sit at on?"
5,5,"If someone wants to relax their back and take a nap, what furniture in the living room would be the most comfortable for them to sit on?","If someone wants to relax their back and take a nap, what furniture in the living room would be the most comfortable for them to sit on?"
5,5,Where is the most comfortable area in the living room for someone to sit and take a nap whilst also relaxing their back?,Where is the most comfortable area in the living room for someone to sit and take a nap whilst also relaxing a walk in letting their temporary back?
5,5,"If someone wants to relax their back and take a nap, where is the most comfortable spot to sit in the living room?","If someone wants to relax their back and take a nap, where is the most comfortable spot to sit in the living room where to hide the bed?"
5,5,"What object can people use to listen to music, watch videos, or read e-books before going to bed?","What object can people use to listen to music, play music, read e-books, or watch food videos when you can before going to bed?"
5,5,"What object can be utilized to listen to music, watch videos, or read e-books before going to bed?","What object can be utilized to be used to listen to music, watch videos, e-books, or read reality instructions before going to bed?"
5,5,"What device do you recommend people can use to listen to music, watch videos, or read e-books before going to bed?","What device do you recommend people can use to listen to music, watch videos, photos, or read e-books before trying to go to bed?"
5,5,"What object can people utilize to listen to music, watch videos, or read e-books before going to bed?","What object can people utilize to listen to music, watch e-books, play music videos, or explain what to read before going to bed?"
5,5,"What object can individuals use to listen to music, watch videos, or read e-books before going to bed?","What object can individuals use to read music, listen to e-books, listen to videos, or explain listening to food before going to the bed?"
5,5,"What object could you use to listen to music, watch videos, or read e-books before going to bed?","What object could you use to listen to music, watch video videos, read e-books, or read cookies before you going to going to bed?"
5,5,"In order to ensure the tire is inflated properly, what area in the picture could be used to check the air pressure and add air if needed?","In order to ensure the tire is inflated properly, what area in the picture could be used to check the air pressure and add air needed?"
5,5,"When performing tasks such as inflating tires, what region in the image might be utilized for the purpose of checking air pressure and adding air if necessary?","When performing tasks such as checking tires, what region in the image might be utilized for the purpose of inflating air pressure and adding air?"
5,5,"To ensure that a tire is inflated properly, what area in the picture could be used to verify the air pressure and add air as required?","To ensure that a tire is inflated properly, what area in the picture could be used to verify the air pressure and add air as required?"
5,5,"To ensure that the tire is properly inflated, which part of the picture can be used to check the air pressure and add air as necessary?","To ensure that the tire is properly inflated, which part of the picture can be used to check the air pressure and add air as necessary?"
5,5,Which part of the picture can be used to gauge the air pressure in a tire and add air as necessary to achieve proper inflation?,Which part of the picture can be used to gauge the air pressure in a tire and add air as necessary as to achieve proper inflationation?
5,5,"To check and confirm that a tire is properly inflated, what part of the picture can be utilized for assessing air pressure and adding air if required?","To check and confirm that a tire is properly inflated, what part of the picture can be utilized for assessing air pressure if required?"
5,5,What structure in this room can be used to prevent light from outside the window shining directly on the bed?,What functional structure in this room can be used to prevent light from shining directly on the window that covers the window shining outside from the bed?
5,5,"In a classroom setting, students often use electronic devices to assist their learning. What object in the picture could provide visual information and display educational content?","In a classroom setting, students often use electronic devices to assist their learning. What object in the picture could provide visual information and display educational content?"
5,5,"In a classroom setting, electronic devices are commonly used to support and enhance learning. Can you identify the object in the picture that has the capability to display visual information and educational content?","In a classroom, electronic devices are commonly used to enhance learning. Can you identify the object that has the capability to display visual content?"
5,5,"In a classroom setting, students often use electronic devices to assist their learning. Can you identify an object that could provide visual information and display educational content in the picture?","In a classroom setting, students often use electronic devices to assist learning. Can you identify an object that could provide educational content and display the picture?"
5,5,"In an educational setting, students often leverage electronic devices to support their learning. What is the object in the picture that might present visual information and exhibit educational content?","In an educational setting, students often leverage electronic devices to support their learning. What is the object in visual content that might exhibit educational information?"
5,5,"In a classroom setting, students frequently rely on electronic devices to support their learning. Please identify an item in the picture that can display educational content and provide visual information.","In a classroom setting, students frequently rely on electronic devices to support their learning. Please identify an item in the picture that can display educational content."
5,5,"In a classroom setting, electronic devices are often used by students to assist their learning. What object in the picture could be utilized to provide visual information and display educational content?","In a classroom setting, physical devices are often used to assist student learning. What object in the picture could be utilized to provide educational content?"
5,5,"When we are getting down or up a stairway and want to ensure our safety, what do we need to hold or lean on?","When we are getting up or down a stairway and want to ensure our safety, what do we need to hold or allow to lean on?"
5,5,"When descending or ascending a staircase and looking for a measure of safety and balance, what do you need to hold onto or lean against?","When descending or ascending a staircase and looking for a measure of safety and balance, what do you need to lean onto or against?"
5,5,What do we need to hold or lean on to ensure our safety when we are going up or down a stairway?,What do we need to have to lean on or hold for to ensure our safety when we are going up or down a stairway beyond foot?
5,5,What should we hold or lean on when descending or ascending a stairway to ensure our safety?,What should we hold or lean on when descending or ascending or stinging a stairway to ensure what means our safety during stability?
5,5,What do we need to hold onto or lean against when getting up or down a staircase to ensure our safety?,What do we need to hold up or lean against when getting down or onto a staircase or down to ensure we will overcome our safety safety?
5,5,"When using a stairway and aiming to ensure safety while getting up or down, what is typically held or leaned on for support?","When using a stairway and aiming to ensure safety while getting up or down, what is typically held over or leaned on for support?"
5,5,"During the holiday season, children often have the opportunity to sit on someone's lap and share their wishes. Who in the picture is traditionally known for wearing a red suit and sitting on a throne-like chair to listen to children's wishes?",Children often enjoy the evening to have someone's wishes. Who is traditionally shown to sit in a red-drop chair and sitting on wishes?
5,5,"During the holiday season, children often take the opportunity to sit on someone's lap and share their wishes. Who in this picture is typically known for wearing a red suit and sitting on a throne-like chair in order to listen to children's wishes?","During the Christmas season, someone is often entitled to share wishes. Who would sit in a picture on children's seat and enjoy watching these wishes?"
5,5,"Who is traditionally known for donning a red suit and sitting on a throne-like chair to listen to children's wishes during the holiday season, based on the picture?","Who is traditionally known for sitting on children's eyes and talking of a cherish-blue suit to attend the holiday program, after?"
5,5,"During the holiday season, children might have the opportunity to sit on someone's lap and share their wishes. Can you identify who, according to tradition, is known for wearing a red suit and sitting on a throne-like chair to listen to the children's wishes, based on the picture?","Those children are allowed to sit during life and possess a yellow chair, named after the child's signature, to share some insight on the clothes?"
5,5,"Who, traditionally, is known for wearing a red suit and sitting on a throne-like chair during the holiday season to listen to children's wishes?","Who, traditionally, is known for wearing a red chair and sitting on a throne-like suit during the holiday season to listen wishes?"
5,5,"Who is traditionally recognized for wearing a red suit and sitting on a throne-like chair to listen to the wishes of children, which often occurs during the holiday season?","Who is traditionally remembered for sitting on a throne-tip chair and wearing the wishes of children, which often occurs during a holiday season?"
5,5,"After we finish using the washing machine, what part of the machine should be closed?","After we have finished using the washing machine, we suggest what all towels should be cleaned? What part of the machine is closed?"
5,5,"When we are done with using the washing machine, what part of the machine should we make sure to close?","When we are done with using the washing machine, what part of the machine should we make sure to close, before making sure the service is?"
5,5,"When you're done using the washing machine, what part of the machine should be closed/shut?","When you're done using the washing machine, what part of the machine should be closed/shut, remembering the shutroom?"
5,5,What part of the washing machine needs to be closed after it has completed its cycle?,What part of the washing machine needs to be closed after it has finished its willht? Given what it needs to be successful in the cycle?
5,5,"When navigating through rapid waters, it is crucial to have proper safety equipment to ensure personal safety. What item in the picture is essential for this purpose?","When navigating through rapid waters, it is crucial to have personal safety equipment to ensure proper safety. What item in the picture is essential this?"
5,5,"When navigating through rapid waters, what item from the picture is considered crucial for ensuring personal safety by providing the appropriate safety equipment?","When navigating through rapid waters, what item from the picture is considered crucial for ensuring personal safety by providing the appropriate safety strategic equipment?"
5,5,"When navigating through turbulent or rapid waters, what piece of equipment is crucial for ensuring personal safety?","When navigating through turbulent or rapid waters, what is key to personal safety? What piece of equipment is crucial for ensuring nature?"
5,5,"When navigating through rapid waters, safety equipment is essential for ensuring personal safety. Please identify the crucial item in this picture that serves this purpose.","When navigating through rapid waters, safety equipment is essential for ensuring personal safety. Please identify the crucial item in this picture that serves this."
5,5,Which item in the picture is considered essential for personal safety while navigating through rapid waters?,Which item in the picture is considered the essential for personal safety while navigating through wide waters? Answer: what can cause subsequent trims during rapid?
5,5,"What equipment is essential for ensuring personal safety while navigating through rapid waters, as depicted in the picture?","What equipment is essential for ensuring personal safety while navigating through remote waters, as is covered during rapid weather, as depicted in the picture?"
5,5,What appliance in the kitchen is mainly used to make breakfast and produce toast?,What appliance in the kitchen is mainly used to make anday the breakfast toast?The following is how to produce food and ale for household?
5,5,Which kitchen appliance is primarily utilized for making breakfast and creating toasted bread?,Which kitchen appliance is the basis for making coffee. Which breakfast kitchen is primarily utilized for trying to create toasted bread and grilled eggs?
5,5,What kitchen appliance is typically utilized to make breakfast and produce toast?,What commercial kitchen appliance is typically utilized to make and produce breakfast? Although breakfast is the standard to be used to load milk toast me?
5,5,What appliance in the kitchen is primarily used for making breakfast and producing toast?,What appliance in the kitchen is primarily used to produce toast and soaking ale? The conventional project is what food processor for making breakfast and?
5,5,"In the kitchen, what appliance is primarily used to prepare breakfast and produce toast?","In the kitchen, the following is traditional. What appliance is primarily used to prepare food-safe toast and how to produce breakfast weave?"
5,5,"In the picture, there is a stylish and fast car. Who in the picture is most likely the owner or driver of this car?","In the picture, there is a stylish and fast car. Who in the picture is most likely the owner or the driver of this brand car?"
5,5,Who in the picture is most likely the owner or driver of this stylish and fast car?,Who in the picture is most likely the owner and driver of the family of this stylish and stylish car? That truly or quick stopwe?
5,5,Who is most likely the owner or driver of the fast and stylish car in the picture?,Who is most likely the owner and owner of the fast and stylish or comfortable car in the last picture: It is the driver of the dog?
5,5,Who might be the owner or driver of the stylish and fast car depicted in the picture?,"Who might be the owner and driver of the stylish and fast driving car, Since the family or friend of the car depicted in the picture?"
5,5,Who is most likely the owner or driver of the stylish and fast car in the picture?,Who is probably the most likely the owner or driver of the stylish and fast and easy car in the picture: Well the car owner in return?
5,5,"Among the individuals in the picture, who is most likely to be the owner or driver of the stylish and fast car depicted in the image?","Among the individuals in the picture, who is most likely to be the owner or driver of the stylish and fast car depicted in the image?"
5,5,Which object in the picture can be opened and closed to control the amount of light entering the indoor environment?,Which object in the picture can be opened and closed to control the amount of light entering which user can set the indoor environment outside the indoor?
5,5,What object can be opened and closed to regulate the quantity of light entering an enclosed space in the given picture?,What object can be opened and closed to regulate the quantity of light entering an enclosed space in the given picture when presented in the land area?
5,5,What part of the picture allows for controlling the amount of natural light that enters indoors by being open or closed?,"What part of the picture allows for controlling the amount of natural light that enters indoors by being open or closed, because of aerating?"
5,5,What object in the picture is used to regulate the amount of sunlight entering the indoor environment?,"What object in the photo above is used to regulate the sunlight, which defines the amount of air quality invening the indoor environment?"
5,5,What object in the picture functions to regulate the amount of light that enters the indoor environment by being able to open and close it?,What object in the picture functions to regulate the amount of light that enters the indoor environment by being able to open and close and access it?
5,5,the object used for holding food,The part of the object used for drawing food to all machines. Product Description. thedish used for holding thermal energy specified for object while projecting
5,5,"In a multistory building, people often use a specific means of transportation to move up or down between different levels quickly and conveniently. What object in the picture provides this function?","In a multitelight building, people often use different types of transportation to move up or down quickly. What object within the function provides this?"
5,5,What object in this picture is commonly used in a multistory building to move up or down between different levels quickly and conveniently?,What object in this picture is commonly used in a multifactorial building in the topology to move up or down between different levels quickly and conveniently?
5,5,"In a multistory building, what object is often utilized to travel between different levels quickly and conveniently?","In a medieval multifactorial building, what object is often utilized to travel between different levels quickly and conveniently? How is a problem adjacent?"
5,5,"In a multistory building, people typically utilize a particular object for quick and convenient transportation between different floors. What is this object in the picture?","In a multistory building, people typically utilize the particular object for quick and convenient transportation between different floors. What is this object in?"
5,5,What object in the picture is commonly used to easily and expediently move between various levels of a multistory building?,What object in the picture is commonly used to easily and multitudeuordinarily move between various possible levels of a building during the entry chapel?
5,5,"When we need to sit down and prepare for meals at the dining table, what object do we need to move to be able to do so?","When we need to sit down and prepare for meals at the dining table, what object we need to be able to move to do so?"
5,5,What is the object that we typically move to be able to sit down and prepare meals at the dining table?,What is the object that we are typically determined to be able to sit down and move to prepare what meals to cook at the dining table?
5,5,What item should be moved to begin preparing for a meal at the dining table?,What item should be moved to begin preparing for a finished meal at the dining table: Are you planning to dinner for the dough?
5,5,"To prepare for a meal at the dining table, which item should be moved to create seating space?","To prepare for a meal at the dining table, which item should be moved to create a seating space, to fit inside shade?"
5,5,Children often like to sleep with their favorite toys by their side. What object in the picture can be served as a child's favorite toy?,Children often like to sleep with their favorite toys by their side. What object in the picture can be served as a child's favoritey?
5,5,What object in the picture might be considered a favorite toy for a child who likes to sleep with their toys?,What object in the picture might be considered a favorite toy for a child who likes to sleep with their toys other than a toile?
5,5,What object in the picture might be considered a favorite toy for a child to cuddle with while sleeping?,What object in the picture might be considered a favorite toy to cuddle with for a child to mile when sleeping while sleep?
5,5,What objects in the picture could serve as a child's favorite toy to sleep with?,What objects in the picture might serve as a childhood toy to sleep with? That is what makes it a mouse's favorite to have?
5,5,What about the objects in the picture could potentially serve as a child's favorite toy to keep by their side while sleeping?,What about the objects in the picture could potentially serve as a child's favorite toy to keep by their side to help them while sleeping?
5,5,"When driving on the road, one may encounter situations where they need assistance from law enforcement to ensure safety and maintain order. What type of vehicle in the picture could provide this assistance?","When driving on the road, one could encounter situations where they need assistance from law enforcement to provide safety. What type of vehicle in this order?"
5,5,"In situations where safety and order need to be maintained during driving, what type of vehicle in the picture could provide assistance from law enforcement?","In situations where safety and order need to be maintained during driving, what type of vehicle in the picture could provide assistance with assistance from law enforcement?"
5,5,"During road travel, there may be situations where law enforcement intervention is required to ensure safety and maintain order. What type of vehicle in the picture is capable of providing such aid?","During road travel, there may be situations where law enforcement is required to ensure safety and provide such advance. What type of vehicle invention is?"
5,5,"During a drive on the road, one may encounter circumstances that necessitate the involvement of law enforcement to ensure safety and maintain order. What type of vehicle in the picture might be able to provide this assistance?","On the road, one may encounter situations that necessitate involvement in the police order to ensure safety. What type of vehicle be able to provide?"
5,5,"When driving on the road, one may encounter situations where assistance from law enforcement is required to ensure safety and maintain order. Which type of vehicle could potentially offer this necessary aid in the provided picture?","When driving in the road, one may encounter situations where law enforcement could ensure the proper delivery of this vehicle. Which assistance is needed per feature?"
5,5,What type of vehicle in the picture could be used by law enforcement to ensure safety and maintain order while driving on the road and encountering challenging situations?,What type of vehicle in the picture could be used by law enforcement to ensure safety and maintain order while driving on the road and challenging situations?
5,5,"In a classical music concert held in a living room, what instrument would typically be played to create beautiful melodies?","In a classical music concert held in a studio in a living room, what musical instrument would typically be played to mean to create beautiful melodies?"
5,5,"At a classical music recital in a living room, which musical instrument is commonly used to produce beautiful melodies?","At a classical music recital in a living room, which musical instrument is commonly used to produce beautiful melodies, what a musical spoil?"
5,5,"To create a beautiful melody in a classical music concert held in a living room, what musical instrument is commonly played?","To create a beautiful musical melody in a classical music instrument held in a living room in a concert hall, what musical instrument is commonly be played?"
5,5,"In a classical music concert held in a living room, which musical instrument would typically be played to create beautiful melodies?","In a classical music concert held in a living room, which musical instrument would typically be played to create a musical room to define beautiful melodies?"
5,5,"In a classical music concert held in a living room, what type of instrument would commonly be played to produce beautiful melodies?","In a classical music concert held in a living room, what type of instrument would commonly be played to produce beautiful sound to meet natural melodies?"
5,5,the owner of this car,"We all believe that the owner of the owner of this accident. -The owner of the car that produces the car home:Deaded, bra"
5,5,"In urban areas, there are often signs placed on poles to provide information or directions. What specific type of sign can be found attached to a pole in the picture?","In urban areas, there are often signs placed on poles to provide information or directions. What specific type of sign can be attached to the picture?"
5,5,"In urban areas, poles are often utilized to display signs that provide information or directions to the public. What specific type of sign can be observed attached to a pole in the picture?","In urban locations, poles are often utilized to display information or signs that relate to the public. What type of a pole can be shown?"
5,5,"In urban areas, poles often contain signs that offer relevant information or guidance. Based on this picture, what particular kind of sign can be found attached to a pole?","In rural areas, poles often feature specific signs that provide relevant information or guidance. Based on this picture, what kind of sign can be contained?"
5,5,"In urban areas, it is common to see signs attached to poles that provide information or directions. What specific type of sign is visible in the picture?","In urban areas, it is common to see signs attached to poles that provide information or directions. What specific type of sign is visible in the?"
5,5,"In urban areas, poles are frequently used to exhibit signs for directions and information. Which specific type of sign is mounted on a pole in the picture?","In urban areas, poles are frequently used to exhibit specific directions and information. Which type of sign is mounted on a pole in the picture?"
5,5,"In urban areas, different types of signs are often attached to poles, providing people with information or directions. Please identify the specific type of sign that can be found affixed to a pole in the picture.","In rural areas, different types of signs can be attached to poles, Please provide information identifying a sign or structure that is common in the shot"
5,5,"In this picture, there are objects flying in the sky. Which object is specifically designed for human passengers to fly and travel in the atmosphere?","In this picture, there are objects flying in the sky. Which object is specifically designed for human passengers and humans to fly and travel in the atmosphere?"
5,5,"Among the objects flying in the sky depicted in the picture, what object is specifically designed to enable human passengers to travel through the atmosphere?","Among the objects depicted in the sky flying in the picture, what object is specifically designed to enable human passengers to travel through the atmosphere as described?"
5,5,"In this picture, which object is distinctively designed for human passengers to travel and fly within the atmosphere?","In this picture, which object is distinctive and uniquely designed within the atmosphere, here are the aircraft for human passengers to travel and fly passengers?"
5,5,"Among the objects that are flying in the sky in the picture, which one is specifically designed to transport human passengers and travel in the atmosphere?","Among the objects that are flying in the sky in the picture, which one is specifically designed to transport human passengers and travel the terrain in the atmosphere?"
5,5,"Among the objects present in the sky in the picture, which item is designed to enable human passengers to travel and fly through the atmosphere?","Among the objects present in the sky in the picture, which item is designed to enable the human passengers to travel through space and fly to the atmosphere?"
5,5,There are objects flying in the sky in this picture. Which of these objects is specifically designed to allow human passengers to fly and travel within the atmosphere?,There are objects flying in the sky in this picture. Which of these objects is specifically designed to allow human passengers to fly and travel within the atmosphere?
5,5,What object should be used to support a video camera while shooting to capture stable images?,What object should be used to support a camera to demonstrate stable sound while shooting images? What if used to fit a video capture vector to video enemies?
5,5,What is the recommended tool that should be used to support the video camera to capture stable images during a shoot?,What is the recommended set of tool that should be used to support the video camera to capture stable sound images during a shoot to help the video project?
5,5,What device should be used to support a video camera while shooting to capture stable images?,What device should be used to support a video capture vector that helps a camera to demonstrate stable sound while shooting images? Should be used to capture media?
5,5,What can be utilized to support a video camera and capture stable images while shooting?,What can be utilized to support a stable visual drive and enable a video camera: Could one be used to capture and capture images while shooting video?
5,5,"When recording a video, what object can be utilized to stabilize the images captured by the camera?","When recording a video, something can be utilized. What object will be used to stabilize the data captured by the camera when capture the images?"
5,5,"What object could be used to support a video camera while shooting, in order to obtain stable, shake-free images?","What object could be used to support a video camera while shooting, in order to obtain image while ready to produce stable, shake-free images?"
5,5,"Humidity in the bathroom can cause towels to become damp, which can breed bacteria. What object in the bathroom can be used to hang the towel up to dry and avoid direct contact with the ground?",Sediment in the bathroom can cause tow doors to be wet or to lose bacteria. What can lie around the bathroom with?
5,5,"When humidity in the bathroom causes towels to become damp, it can lead to bacterial growth. What object in the bathroom can be utilized to hang the towel up to dry and avoid direct contact with the ground?","Where bacterial towels are in the bathroom to become damp, it can raise the door and cause contact with the bath material?"
5,5,"In a bathroom, towels can become damp due to high humidity, creating a breeding ground for bacteria. What can be utilized to hang towels and prevent them from having direct contact with the ground in order to dry them?","In a bathroom, can towels become damp due to lack of bacteria to carry the ground and aid them in cooking."
5,5,"When there is high humidity in the bathroom, towels can become damp and begin to accumulate bacteria. What can be used to hang the towels and keep them dry, minimizing contact with the ground or other surfaces?","Because of high temperature bathing, where can the towels grow and be damp in the room. Can be used to isolate clothes?"
5,5,"What object can be found in the bathroom that can be utilized to hang towels and prevent them from coming into direct contact with the ground whilst they dry, thereby preventing bacteria growth caused by moisture and humidity?",What object can be utilized in the bathroom by preventing bacteria coming to the ground and prevent them from carrying warm moisture??
5,5,something that makes the coffee more sweet,that is something that looks more simple. something that helps to make the wine more sweet about the apple the Sugar: making coffee coffee happy and eager
5,5,the part of the mask that people use to see the outside world,the part of the Icing mask used in place. the blue that the rest of the face tells people to see the reality that humans outside the world
5,5,"In this picture, what part of a building provides support and stability to the overall structure?","In this picture, what really is the goal of a structure? What part of the building provides support, stability and stability to a total interior building?"
5,5,"In this picture, what is the component of the building that provides support and stability to the entire structure?","In this picture, this is what? What is the core of the structure that provides reinforcement and stability to the entire component of the building?"
5,5,The structural component of the building that provides it with stability and support in this picture.,The structural component of the building that provides the stability and stability of it in this following picture. Structural configuration that it carries and support.
5,5,What part of the building provides support and stability to the structure in the given picture?,What part of the structure provides space and stability to the building and support the finish of the structure? The given framework best describes what in the picture?
5,5,Which part of a building provides support and stability to the overall structure in the given picture?,Which part of a building provides support and stability to the overall part of the structure in the given picture: which is what represents a finished frame cause?
5,5,"In the picture of the building, what part provides support and stability to the overall structure?","In the picture of the core structure, let's describe the part of the building? What provides support and stability to the overall building equity?"
5,5,the area on the basket used for lifting,the area on the toilet used for lifting. the time period: Limestone covering the hole that is supplied on a basket for hurling
5,5,the tyre that does not touch the ground,the part of the tyre that treads above the tyre:3.the vehicle which does not cause the gravel to touch and ground
5,5,"If we were inside the building shown in the picture, what part of the building would allow natural light to enter and illuminate the interior?","If we were inside of the building shown in the picture, what part of the building would allow natural light to enter and illuminate the interior interior?"
5,5,"If we were inside the building shown in the picture, what part of the building would allow natural light to enter and illuminate the interior?","If we were inside of the building shown in the picture, what part of the building would allow natural light to enter and illuminate the interior interior?"
5,5,Suppose we are inside the building in the picture and would like to allow natural light to enter and brighten the interior. What part of the building would facilitate this?,Suppose we are inside the building and would like to allow natural light to enter and brighten the picture. What part of the building would facilitate this
5,5,"Suppose we were inside the building shown in the picture, what part of the building would be responsible for allowing natural light to enter and illuminate the interior?","Suppose we were inside the building shown in the picture, what part of the building would be responsible for allowing natural light to enter and illuminate the?"
5,5,"If we were inside the building shown in the picture, what architectural feature would allow natural light to enter the building and illuminate the interior?","If we were inside the building shown in the picture, what architectural feature would allow natural light to enter the building and illuminate the interior interior?"
5,5,Suppose we are inside the building shown in the picture. Which part of the building would allow natural light to enter and brighten the interior?,Suppose we are inside the building shown in the picture. Which part of the building would allow natural light to enter and let brighten the interior structure?
5,5,something that can be used to wipe the mouth,Something that can be used for a single moment. which can be used to whiten the mouth of the teeth Things that can be wipe the mouth
5,5,"If we were standing on the shore across the water from the location in the picture, what structure would we see stretching across the water?","If we were standing on the shore across the water from the location in the picture, what structure would we see from us stretching across the water?"
5,5,"Assuming that we were standing on the shore located opposite from the area shown in the picture, which structure would be visible stretching across the water?","Assuming that we were standing on the shore located close opposite from the area shown in the picture, which structure would be visible stretching across the water?"
5,5,"If we were standing on the shore opposite to the location in the picture, which structure would we see stretching across the water?","If we were standing in the water stretching across the structure in the picture, which location would we see exactly opposite to the shore on the passage?"
5,5,"Assuming that we are standing on the shore across the water from the location presented in the picture, what structure would be visible and appear to stretch across the water?","Assuming that we are standing on the shore across the water from the location presented in the picture, what structure would be visible and appear across the water?"
5,5,"If we were standing on the shore across the water from the location depicted in the picture, what structure would we view stretching across the waterbody?","If we were standing on the shore across the water from the location depicted in the picture, what structure would we view stretching across the body?"
5,5,"Assuming that we are standing on the shore that is across the water from the location shown in the picture, what structure might we see stretching across the water?","Assuming that we are standing on the shore that is across the water shown in the picture, what structure might we see stretching across the water location?"
5,5,"If the books are too tall to put on a normal table, what furniture is usually used to store them?","If the books are too tall to put on a normal table, what the furniture is usually used to store them? What to store objects normally?"
5,5,"When books are too tall to fit on a typical table, what piece of furniture can be utilized to store them?","When books are too tall to fit to fit on a typical table, what piece of furniture can be utilized to store the material of them?"
5,5,Suppose the books are too tall to fit on a regular table. What piece of furniture is typically used to store them?,Suppose the books are too tall to fit on a regular table when placed. What piece of furniture is typically used to store them to tell them?
5,5,"If the books are too tall to be placed on a normal table, which furniture is commonly used for storing them?","If the books are too tall to be placed on a normal table, which furniture is commonly used for storing them, when the table might work?"
5,5,"Assuming that the books are too tall to fit on a regular table, what furniture is typically used for storage purposes?","Assuming that the furniture is too tall to fit on a regular table, which allows for storage rows, what books are typically used for food purposes?"
5,5,"When books are too tall for a standard table, what furniture is usually utilized to store them?","When literary books are usually too tall to stand for a standard table, what furniture is normally utilized over the table, when to store them?"
5,5,something used for playing music,"something used for the sound of music new for music simulations. something used to describe everything we are playing Music used for music, annoying dancing and"
5,5,"If you want to keep important documents in order and don't want to lose them, where should you place them?","If you want to keep important documents in order and don't want to lose them and why you want them, where should you place them back?"
5,5,Where is the most suitable place to keep important documents in good order and to avoid loss?,"Where is the most suitable place for good order and where to keep the most important documents in good condition, while Geography is safe to avoid losing loss?"
5,5,"As a personal assistant, where would you suggest your owner to place important documents to keep them organized and secure?","As a personal assistant assistant, where would you suggest that your owner to place important documents to keep them organized? How to collect them safe and secure?"
5,5,Where should you place important documents if you want to keep them organized and avoid misplacing them?,Where should you place important documents when you want to keep organized and store them. How to avoid misplacing them if you have them occupied them?
5,5,"If you would like to keep your important documents in order and minimize the risk of misplacing them, where would be an appropriate place to store them?","If you would like to keep your important documents in order and minimize the risk of duplying them, where would be an appropriate place to store?"
5,5,Where should you store important documents to keep them organized and prevent losing them?,Where should you store stored documents to keep them organized? What is important when changing documents to protect them from losing its memory and avoid getting them prior?
5,5,Cats often mark their territory by scratching objects. What part of the cat's body in the picture would be involved in this behavior?,Cats often mark their territory by scratching certain objects. What part of the cat's body in the picture would be involved in this behavior?
5,5,What part of a cat's body in the picture is typically utilized in marking territory through scratching behavior?,What part of a cat's body in the picture is typically utilized in marking territory through the pocket by defining scratching kinds behavior?
5,5,Which part of the cat's body in the picture would be involved in marking territory by scratching objects?,Which part of the cat's body in the picture here of the animal would be involved in scratching territory by marking certain ending objects?
5,5,Which part of the cat's body shown in the picture is typically involved in the behavior of marking their territory by scratching objects?,Which part of the cat's body shown in the picture is typically involved in the behavior of marking their territory by scratching charactering objects?
5,5,Which part of the cat's body in the picture could be involved in marking its territory by scratching objects?,Which part of the cat's body of the creature in the picture could be involved in scratching its territory by marking certain knowing objects?
5,5,Which part of the cat's body in the picture could be involved in the cat's territory-marking habit of scratching objects?,Which part of the cat's body in the picture could be involved in the cat's territory-markmarking habit of scratching objects?
5,5,"When eating fish and chips, which part of the meal might be used to add flavor and squeezed onto the fish?","When eating fish and chips, which part of the meal might be used to add flavor and squeezed onto the fish?"
5,5,What part of the meal might be used to add flavor to the fish and can be squeezed onto it when eating fish and chips?,What part of the meal might be used to add flavor to the fish and can be squeezed onto it when eating fish?
5,5,What part of the fish and chips meal is often used to add flavor and squeezed onto the fish?,What part of the fish and chips meal is often used to add flavor and food to use and squeezed onto the fish?
5,5,Which part of the fish and chips meal could be used to add flavor by being squeezed onto the fish?,Which part of the fish and chips meal could be used to add flavor by being squeezed to the fish onto the fish?
5,5,What food item might you use to add flavor to the fish and to which you might apply pressure to release the juice?,What food item might you use to add flavor to the fish and to which you might apply pressure to release the salt to cause the juice?
5,5,"When eating fish and chips, which condiment is typically used to add flavor and squeezed onto the fish?","When eating fish and chips, which condiment is typically used to add flavor and toast and squeezed onto the fish?"
5,5,"When we step out of the shower, what object can be used to dry ourselves?","When we step out of the shower, we all vanish ourselves. What object can be used to describe something wet during the time to dry?"
5,5,What object can be used to dry ourselves when we step out of the shower?,What object can be used to dry ourselves out of the lawn? -are it universal when we test when we step out of the shower?
5,5,What do you typically use to dry yourself off after stepping out of the shower?,What do you typically use to dry up after stepping off to the shower - show what I believe when stepping yourself out of your home?
5,5,What item might we typically utilize after exiting the shower to dry ourselves off?,What item might we typically utilize before exiting the shower to let us dry ourselves off after unsighting what the vehicle retains off?
5,5,What object do you use to dry yourself off after getting out of the shower?,What object do you have to use to dry yourself out of after running off the shower? What if we feel wet after getting into the den?
5,5,the animal being dragged,the warrior wearing a root for all the animals being dragged and dragged.jpg. image: The animal being forced to grow deathed
5,5,"When enjoying a cold beer outdoor, it is important to have a stable surface to place the beer glass on. What in the picture can provide a stable surface for placing the beer glass?","During outdoor weather, it is important to place a stable beer glass on. What can provide the surface for having a stable beer glass?"
5,5,"When having a cold beer outdoors, what in the picture would be able to provide a stable surface to place the beer glass on?","When having a cold beer outdoors, what in the picture would be able to provide a stable surface to place the beer glass on?"
5,5,"When enjoying a cold beer outdoors, having a stable surface to place the beer glass on is of high importance. What in the picture could potentially offer a flat and secure placement for the beer glass?",Having a large beer glass on the surface is likely to enjoy and offer good comfort. What in the spot for issuing a beer glass?
5,5,"When enjoying a cold beer outdoors, it's important to have a dependable surface to place the beer glass on. What in the picture can provide a stable platform for the beer glass?","When enjoying beer glass, it is important to have a coldly surface out in the can. What provides a suitable environment for the glass?"
5,5,"When enjoying a cold beer outdoors, one may need a stable surface to set the beer glass on. What item in the picture could be used as a stable surface for this purpose?","When having a cold beer outdoors, one could use a stable glass surface for this purpose. What item to be used as the cold?"
5,5,"When enjoying a cold beer outdoors, what object in the picture could one utilize to provide a stable surface on which to place the beer glass?","When enjoying a cold beer outdoors, what object in the picture could one utilize to provide a stable surface on which the glass?"
5,5,"What object typically provides a flat and stable surface for people to place cups, plates, or books in a living room?","What object typically provides a flat and stable surface for people to place cups, plates, books, or when spare surfaces in a living room?"
5,5,"What type of object is typically employed within a living room setting to provide a flat and stable surface for placing cups, plates, books, or other items upon?","What type of object is typically employed within a living room setting to provide a flat and stable surface for placing cups, books, or other items?"
5,5,"In a living room, what object would typically provide a flat and stable surface for people to place cups, plates, or books?","In a living room, what object would typically provide a flat and stable surface for people to place cups, plates, floor, or books?"
5,5,"What object in a living room is commonly used to provide a flat and stable surface for cups, plates, or books?","What object in a living room is commonly used to provide a flat and stable surface to use for cups, plates, tile, or books?"
5,5,"What item typically provides a flat and stable surface for placing cups, plates, or books in a living room?","What item typically provides a flat and stable surface for a living room when placing cups, plates, books, or supplies in a flatboard?"
5,5,"In a common living room, what object would usually provide a stable and flat surface for placing cups, dishes, or books?","In a common living room, what object would usually provide a stable and flat surface for placing cups, dishes, letices, or books?"
5,5,"When pouring liquid from a container, which part of the container in the picture will be gripped and used to control the flow of the liquid?","When pouring liquid from a container, which part of the liquid in the picture will be gripped and used to control the flow of the?"
5,5,"When pouring liquid from a container, which part of the container in the picture is typically held to regulate the flow of the liquid?","When pouring liquid from a container, which part of the container in the picture is typically held to regulate the flow of the liquid? liquid?"
5,5,"When pouring liquid from a container, which part of the container in the picture is to be handled and used to regulate the-flow of the liquid?","When pouring liquid from a container, which part of the container is to be handled and used to regulate the-flow of the liquid picture?"
5,5,"While pouring liquid from a container, what would be gripped and utilized to control the flow of liquid?","While pouring liquid from a container, what would be gripped and utilized to control the flow of liquid before looking to control the liquid?"
5,5,"When pouring liquid from a container as shown in the picture,  which part of the container experts use to control the flow of the liquid?","When pouring liquid from a container as shown in the picture, which part of the container experts use to control the flow of the liquid?"
5,5,"When pouring liquid from a container, which part of the container shown in the picture is typically held to control the flow of the liquid?","When pouring liquid from a container, which part of the container shown in the picture is typically held to control the flow of the liquid the container?"
5,5,Some cities have developed waterways as scenic routes for leisurely sightseeing. What mode of transportation in the picture can provide a unique and enjoyable experience for exploring these waterways?,Some waterways have unique and enjoyable scenic experiences. What mode of transportation can provide a sightseeing for exploring these waterways?
5,5,What type of transportation in this picture can be utilized to offer a unique and enjoyable experience for exploring these scenic waterways in some cities?,What type of transportation in this picture can be utilized to offer a unique and enjoyable experience for exploring some waterways in these cities?
5,5,What method of transportation is depicted in the picture that could provide a unique and enjoyable experience for exploring waterways that have been developed as scenic routes in certain cities for leisurely sightseeing?,What method is provided for the transportation in several scenic areas that can have scenical views for experiencing a popularly leisure trip?
5,5,"In some cities, waterways have been developed as a scenic route for leisurely sightseeing. Based on the picture, which form of transportation could be ideal for exploring such waterways and offer a unique and enjoyable experience?","Based on some waterways, which form of transportation can be the ideal destination for sightseeing on a scenic and enchantive experience?"
5,5,"When cities develop waterways for leisurely sightseeing purposes, what vehicle in the picture could offer a distinctive and pleasurable method for traveling along these routes?","When cities develop distinctive methods for leisurely sighting, what the river could provide a pleasurable route along in these travel situations?"
5,5,"When sightseeing in some cities that have developed waterways as scenic routes, what mode of transportation in the picture can offer a unique and pleasant experience for exploring these waterways?","When sightseeing in several cities that exhibited transportation, what alternative the terrain in these waterways can offer a beautiful and scenic experience?"
5,5,What object in the picture is commonly used as an entry point to enter a building?,What object in the picture is a pivot point that is commonly used as an entry point to enter the building?n: originally used in a building?
5,5,What in the picture is typically utilized as an entry point to access the interior of a building?,What in the picture is typically utilized as an entry point to access the interior of a building: What is the opportunity to simply enter the home?
5,5,"What structure or part of a building often serves as an entry point for individuals, in general, and could be observed in the picture?","What structure or part of a building often serves as an entry point for individuals, in general, and could be observed in the work in the picture?"
5,5,What object in the picture frequently functions as an entrance for accessing a building?,What part of an object used in the picture precisely functions as an entry entrance for a building? What-indicates when accessing the door as?
5,5,In which part of the picture could you find a common entry point used to access a building?,In which part of the picture could you hope to find a crosswalk?What is the common entry point used to access a part of a building?
5,5,What object in a room is commonly used to cover windows and provide privacy?,"What object in a room is designed to cover windows and provide privacy? Well, when used in a car is commonly used to address privacy:"
5,5,What object in a room is usually installed over windows to offer privacy and block light?,What object of a room in a home is usually installed over windows and windows is chosen to offer privacy issue and let light transport over lightning?
5,5,"What type of object, typically used to cover windows and confer privacy, can be found in a room?","What type of object, which typically used to cover windows and confer surrounding privacy, can be found in a room, often refers to caser?"
5,5,Which object is typically used to cover windows and provide privacy within a room?,Which object is typically just used to cover interior windows and provide privacy within a room? Although the standard is used to address personality in one?
5,5,What object in a room is typically utilized to provide privacy and cover windows?,What object in a room is typically utilized to provide privacy and security: What reason might be chosen to handle and provide cover windows over home?
5,5,"In order to stabilize and capture steady footage, what tool in this picture can be used to support and hold the camera or camcorder?","In order to stabilize and capture steady footage, what tool in this picture can be used to support and hold the camera or camcorder?"
5,5,What tool in the picture could be utilized to stabilize and capture steady footage by supporting and holding the camera or camcorder?,What tool in the picture could be utilized to stabilize and support steady footage by fully holding and captureing the camera or camcorder?
5,5,What object in the picture can be utilized to support and steady a camera or camcorder to capture smooth footage?,What object in the picture can be utilized to support and help to frame a camera or camcorder to capture steady smooth or loud footage?
5,5,What equipment in the picture is utilized to stabilize and capture steady footage by supporting and holding the camera or camcorder?,What equipment in the picture is utilized to stabilize and capture steady footage by supporting and holding the camera or capture of the camcorder?
5,5,What item in the picture can be utilized to stabilize and capture steady footage by holding and supporting the camera or camcorder?,What item in the picture can be utilized to stabilize and support steady footage by holding and captureing the camera or camera camcorder?
5,5,"When enjoying pastries, people often use paper plates or napkins to hold them. What item in the picture could be used to hold a pastry?","When enjoying pastries, people often use paper plates to hold them. What item in the picture could be used to hold a napkin?"
5,5,"What item in the picture could be utilized to hold a pastry, given that people often use paper plates or napkins for this purpose?","What item in the picture could be utilized to hold a pastry, given that people often use paper plates or napkins for this purpose?"
5,5,"When consuming pastries, people often use paper plates or napkins to hold them. Can you point out an object in the picture that could be utilized to hold pastries?","When consuming pastries, people could use paper plates or napkins to hold them. Can you point out an object that is utilized?"
5,5,What item in the picture can be used to hold a pastry when consuming it?,What item in the picture can be used to convey the price of a pastry when consuming it -anything can be used while wearing?
5,5,"When enjoying pastries, people frequently employ napkins or paper plates to carry them. What object in the picture can be used to hold a pastry?","When enjoying pastries, people frequently employ napkins or paper plates to carry them. What object in the picture can be used to pas?"
5,5,Which key part in the computer can convert code into signals visible to humans?,Which key part of the computer can convert the key as key to real objects in memory? What difference will render code and signals quickly to humans?in
5,5,What is the key component in a computer that can translate code into signals that are visible to humans?,What is the key component of a computer in Python - What is the code that can translate data into signal signals that can be visible to to humans?
5,5,What is the essential component of the computer system that can translate code into signals visible to the users?,What is the essential component of the computer operating system that can translate data code into the system? Because what is the natural signals to appear to users?
5,5,What component of the computer is responsible for translating code into signals that can be seen and understood by humans?,What component of the computer is responsible for translating data through the kernel into code: which is signals that can be seen and understood and taught humans?
5,5,Which component of a computer is responsible for converting code into signals that are visible to humans?,"Which component of a computer is responsible for converting magnetic signals and signals into a kernel, which is related to rendering code that are potentially visible to humans?"
5,5,What is the name of the part in a computer that translates code into human-readable signals?,What is the name of the part of a computer code that is what translates in human-readable signals into a written dragon for memory?
5,5,What appliance in the image can be used to control lighting in this room?,What appliance in the image can be used to control allusion lighting in this window? The power can be used for caring in the?
5,5,What object in the image could you use to adjust the lighting in the room?,What object in the image could you use to adjust the lighting to the eyes? What is the LED light that you wish in the rooming?
5,5,What device or appliance in the image can be used to regulate lighting in the room?,What device or appliance that exists in the image can be used to regulate interior lighting in the room? To test light on the app.
5,5,What electrical appliance in the image can regulate the illumination within the room?,What electrical adulation to regulate the appliance in the room can modify the illumination within the image? Now understand what home image:
5,5,Which appliance in the picture could be utilized to manage the lighting within this space?,"Which appliance in the picture could be utilized to solve the outlook regarding the lighting, which can be connected to this light within space?"
5,5,What device or appliance in this image can be used for lighting control in this room?,What device or appliance in this design can be used for lighting control on this image? What other device can identify beating in the room?
5,5,What object is used to prevent water from splashing out of the bathtub and wetting the bathroom floor?,What object is used to prevent water from splashing out of the bathtub and wetting out the bathroom floor of the rubber?
5,5,What item is commonly placed around the perimeter of a bathtub to prevent water from splashing outside of the tub and onto the bathroom floor?,What item is commonly placed around the perimeter of a bathtub to prevent water from splashing outside the tub and onto the bath floor?
5,5,What object can be used to prevent water from splashing out of the bathtub and wetting the bathroom floor?,What object can be used to prevent water from splashing out of the bathtub and from wetting the bathroom floor of the kitchen?
5,5,What is the object called that is used to prevent water from splashing out of the bathtub and wetting the bathroom floor?,What is the object called that is used to prevent water from splashing out of the bathtub and wetting the bathroom flo floor?
5,5,What object typically helps to prevent water from splashing out of the bathtub and wetting the surrounding bathroom floor?,What object typically helps to prevent water from splashing out of the bathtub and wetting out the surrounding bathroom floor over the kitchen?
5,5,"Birds often find their food in the water, and they have a specific body part to help them catch the food. What part is likely to be used by the bird in the picture to catch its food?","Men often find its food in the water, and they have a specific part to catch the bird. What part is likely used to catch the food?"
5,5,"Birds typically obtain their food from water bodies, and they have evolved specific physical attributes to assist them in catching their prey. What characteristic of the bird in the picture is likely to be utilized in catching food?","Birds derive their food, and they typically may be utilized to catch their prey. What characteristic of the bird in catching food attributes?"
5,5,"Birds frequently find food in the water and have specific body parts to facilitate catching prey. Based on the picture, what body part of the bird is being used to catch its food?","Birds frequently locate body food to be used in catching prey. Based on the water, what body part of the bird has the catch?"
5,5,"What body part is likely to be utilized by the bird in the picture to catch its food, given that birds frequently forage for their food in the water?","What body part is likely to be utilized by the bird in the picture to catch its food, given that birds frequently forage for their water?"
5,5,"What part of the bird's anatomy in the picture can be used to catch its food, given that birds often search for meals in the water?","What part of the bird's anatomy in the picture can be used to catch its food, given that birds often search in the water?"
5,5,"In order to catch their food, birds frequently seek it out in the water and have developed a specific body part to aid them in this task. What part of the bird in the picture is likely used to catch food?","Furthermore, birds in the water seek out their food in order to catch a specific food part. What part of the bird has frequently used this task?"
5,5,"What part of the picture represents a key objective in a football or rugby game, where players attempt to score points?","What part of a picture of the stitch represents a key objective in a football or rugby game, where many players attempt to score points in players?"
5,5,"In both football and rugby games, players strive to score points by achieving a specific objective on the field. What area in the picture represents this objective?","In both football and rugby games, players strive to score a specific objective by achieving points in the field. What area on this objective represents?"
5,5,"In football or rugby, what is a key objective where players attempt to score points, and where might that be represented in the picture?","In football or rugby, what is a key objective where players attempt to score points, and where is that which might be represented in the winning picture?"
5,5,"What area of the picture represents a key objective in rugby or football games, where players attempt to score points?","What area of the picture of the map represents a key objective in rugby or football games, that concerns players, where players attempt to score hard points?"
5,5,"What part of the picture represents a key objective in a football or rugby game, where the players are trying to score points?","What part of the picture represents a key objective of a game in a football or rugby game, where the players are trying to score the leading points?"
5,5,The kitchen is an important place for cooking and food processing. What object in the kitchen is mainly used for baking or roasting food?,The kitchen is an important place for cooking and food processing. What object in the kitchen is mainly used for baking or roasting food?
5,5,"In the kitchen, which object is primarily utilized for baking or roasting food?","In the kitchen, which is primarily adapted for baking or cooking, What main object is utilized for waging or roasting food?"
5,5,What object in the kitchen is commonly used for baking or roasting food?,What object that is used in the kitchen is commonly used for baking or cooking food? The object originally for grinding or roasting:
5,5,"In a kitchen where cooking and food processing are performed, what object is primarily utilized for baking or roasting food?","In a kitchen where cooking and food processing are performed, what object is primarily utilized that is used for baking or roasting food?"
5,5,The object in the kitchen that is primarily used for baking or roasting food.,The food that is originally suitable for cooking in the kitchen. The object that is primarily used for baking or roasting truck food.
5,5,What kitchen appliance is primarily used for baking or roasting food?,"What the simplest kitchen appliance is primarily used for baking, cooking or roasting food? Is it used for hailing milk products?"
5,5,the supervisor,that we offer the supervision supervisor in shining the subchapter of clients. - The supervisor dr. explains why the supervisor elector
5,5,Wolverine's body parts used for attacking enemies,Hammer's ancient wires. Wolverine's base parts used to test human body's characters while being used for attacking enemies
5,5,the object that can prevent hands from being burned,the end of the object that can be burned and that warns. how to prevent lung cancer from forcing hands to prevent objects from being steamed
5,5,"Jewelry is often made with precious gemstones, such as emeralds and turquoise. What piece of jewelry in the picture may contain these gemstones?","Jewelry is often made with precious gemstones, such as emerquoise. What piece of jewelry contains these?"
5,5,Which item of jewelry in the picture has the potential to contain precious gemstones such as emeralds or turquoise?,Which item of jewelry in the picture has the potential to contain precious gemstones such as turquoises or surald?
5,5,"Which item of jewelry in the picture may contain precious gemstones, such as emeralds and turquoise?","Which item of jewelry in the picture may contain precious gemstones, such as emeralds, and turquoise?"
5,5,Which piece of jewelry displayed within the picture could potentially be adorned with precious gemstones such as emeralds and turquoise?,Which piece of jewelry displayed within the picture could potentially be adorned with precious emeralds such as gemquoise?
5,5,"Which piece of jewelry displayed in the picture could potentially contain precious gemstones, such as emeralds and turquoise?","Which piece of jewelry displayed in the picture potentially could contain precious gemstones, such as emeralds and turquoise"
5,5,Jewelry often incorporates precious gemstones such as emeralds and turquoise. Which item of jewelry in the picture has the potential to contain these types of gemstones?,Jewelry often incorporates precious gemstones such as mesquoise. Which item of jewelry has the potential in these
5,5,What in the picture can be used to hold onto while standing in a swimming pool?,What in the picture below can be used to hold onto floating teeth in a swimming pool? It can be remembered for while standing in the boat?
5,5,What object in the picture can be utilized as something to hold onto while standing in a swimming pool?,What object in the picture can be utilized as a floating stone: what is something to hold onto while unlocked in during a swimming pool?
5,5,"What can be grasped to maintain balance while standing in a swimming pool, based on the picture?","What can be grasped to maintain the balance of sleep while standing in a swimming pool, based on the picture, provided to fit a runner?"
5,5,What in the picture can be used as a handhold while standing in a swimming pool?,What in the picture below can be used as a handhold in a swimming pool? What is the benefit of sitting while standing in a sand?
5,5,What can be used to hold onto while standing in a swimming pool in the picture?,What can be used to hold onto while standing in a horizontal swimming pool in the face? When allotted for while wearing in the picture?
5,5,What object in the picture can one hold on to while standing in a swimming pool?,What object in the picture can one hold on to while standing in a wooden swimming pool? Suppose what one wiping from in the sun?
5,5,"the food containing proteins, carbohydrates and other nutrients","the food containing carbohydrates and other nutrients, which carry proteins, metabolites and lipid nutrients"
5,5,Which object in the picture can be used to stabilize a camera or telescope to maintain a steady shot?,Which object in the picture can be used to stabilize a camera or telescope to be able to maintain a steady beam in case of a shot?
5,5,What object in the picture can be utilized to stabilize a camera or a telescope and ensure that the shot is stationary?,What object in the picture can be utilized to stabilize a camera or a telescope and ensure that the frame of the shot is stationary?
5,5,What object in the picture would be useful for stabilizing a camera or telescope and maintaining a steady shot?,What object in a picture would be useful to the camera or telescope and be helpful for stabilizing a shadow beam and maintaining a steady shot?
5,5,People can play beautiful music by pressing the keys on the piano keyboard. What part of the piano in the picture can be used for playing?,People can play beautiful music to play by pressing the keys on the piano keyboard. What part of the piano in the picture can be used for playing?
5,5,How do you play beautiful music on a piano? What part of the piano keyboard in the picture would you utilize?,How do you play beautiful music on a piano? What part of the piano keyboard in the picture would you utilize? What the playing character is?
5,5,What part of the piano in the picture can be pressed to play music?,The fine part of what part of the piano in the picture can be pressed for the mouse to play music? What music can be touched through dance?
5,5,"In playing beautiful music on a piano, what part of the keyboard is typically used for pressing the keys to produce sound?","In playing beautiful music on a piano, what part of the keyboard is typically used for a piano: what is pressing the keys to produce key sound?"
5,5,the road in which we can go to the house without getting shoes wet,the road in which we can get to the house without going through meios.he weather that requires moving to the road without a shoes wearing
5,5,the tools that can record time,the tools that can support the results of time. . We believe in how to record and document the time blocks Storage processes that that ultimately quies longer
5,5,"In a martial arts competition, there is usually a person responsible for maintaining order, enforcing rules, and making judgments. Who in the picture is likely to have this role?","In a martial arts competition, there is usually a person responsible for keeping order, enforcing rules, and making measures. Who in the picture?"
5,5,"In a martial arts competition, there is often a person responsible for enforcing rules, maintaining order, and making judgments. Which individual in the picture might hold this role?","In a martial arts competition, there is often someone responsible for enforcing rules, holding judgments, and keeping this order. Which person?"
5,5,"In a martial arts competition, the individual who maintains order, enforces rules, and makes judgments is typically called the referee. Could you identify who in the picture is most likely to perform this role?","Within legal practice, the person who is in the dance role is typically identified who makes judgments, or produces a penalty. Should you continue this"
5,5,"During a martial arts competition, there is typically an individual who is responsible for maintaining order, enforcing rules, and making judgments. Based on the picture, who might be fulfilling this role?","During classroom activities, there is a person who is typically responsible for enforcing the ball, and fulfilling judges. Given this nature?"
5,5,"In a martial arts competition, what individual in the picture is most likely responsible for maintaining order, enforcing rules, and making judgments?","In a martial arts competition, what individual in the picture is most likely responsible for maintaining order, making rules, and enforcing judgments"
5,5,"In martial arts competitions, there is usually an individual responsible for maintaining order, enforcing rules, and making judgments. Who would be the most likely person to have this role in the picture?","During martial arts, there is a most likely person responsible for enforcing rules, and making judgments. Who should be in the picture?"
5,5,the spare wheel,The value of the spare wheel for the next time. we all demonstrate the spare wheel. Â«sparkling spare wheel and spare twinest
5,5,Bees play a vital role in pollinating plants and producing honey. What occupation in the picture is dedicated to the care and management of bees?,Bees play a vital role in pollinating plants and producing honey. What occupation in the picture is dedicated to the management of bees?
5,5,"In regards to the care and management of bees, which profession appears to be represented in this picture?","In regards to the care and management of bees, which within which crew appears to be represented, what profession is considered to be in this picture?"
5,5,"In the picture, who is involved in the care and management of bees, which have an important role in pollinating plants and producing honey?","In the picture, who is involved in pollinating plants, which have an important role in the care and management of beets and producing honey"
5,5,"Which occupation, as depicted in the picture, involves the care and management of bees, which are critical for pollinating plants and generating honey?","Which occupation, as depicted in the picture, involves the care and management of bees, which are critical for pollinating plants and generating?"
5,5,"Given that bees play a crucial role in pollination and honey production, who is responsible for the care and upkeep of bees in the picture?","Given that bees play a crucial role in honey production, who is responsible for the care and upkeep of bees in the picture?"
5,5,"In the given picture, which profession is associated with the cultivation and management of bees, which play an important role in pollination and honey production?","In the given picture, which profession is associated with the cultivation and production of bees, which play an important role in honey management and?"
5,5,"When making fried rice, it is common to use a variety of ingredients and mix them together in a pan. What tool in the picture could be used to mix the ingredients and ensure they are evenly cooked?",Many cooked food can be used to combine the ingredients and mix them appropriately. What is the case to combine them in a pan?
5,5,"When preparing fried rice, a range of ingredients are generally utilized, and they are often mixed together in a pan. What object in the picture could be utilized to stir and ensure that the ingredients cook evenly?","When cooking a dinner, several ingredients are generally matched in the pan. What ingredients can be utilized to combine and them?"
5,5,"For making fried rice recipes, it's usual to use a variety of ingredients and mix them together in a pan. Can you suggest me the tool that could be used for mixing the ingredients and ensure they're evenly cooked?",Also use a cafeterin for mixing several ingredients. What should be possible to combine the ingredients and make them cooked?
5,5,"During the process of cooking fried rice, various ingredients are typically mixed together in a pan. Please suggest what tool in the picture could be utilized to mix these ingredients and guarantee that they are cooked evenly?",During the process of cooking several mixed pieces can be combined in a pan. Allow consideration to indicate what these ingredients are cooked simply??
5,5,"During the preparation of fried rice, people usually mix various ingredients together in a pan. Please tell me which tool in the picture might be utilized to perform this task and help ensure that the ingredients are evenly cooked?","During the preparation of fried ingredients, please explain which ingredients are utilized in the pan and which one might easily work?"
5,5,"When making fried rice, it is common to mix multiple ingredients in a pan. What in the picture can be utilized as a tool to stir the ingredients and help them cook evenly?","When making fries, it can be used to share several ingredients. What is the way to slice the ingredient in a pan?"
5,5,"In a busy parking lot, it can be difficult to find your car among many other vehicles. What in the picture can help you identify your car?","In a busy parking lot, it can be difficult to find your car among many other vehicles. What in the picture can help identify your car?"
5,5,"When searching for your car in a busy parking lot, what in the picture might assist you in identifying it among numerous other vehicles?","When searching for your car in a busy parking lot, what in the picture might assist you in identifying it among some numerous other vehicle vehicles?"
5,5,"In a large and busy parking lot, there may be numerous similar-looking cars that make it difficult to locate your vehicle. Based on the picture, what can be used to help identify your car?","In a large parking lot, there may be several similar-looking cars that can help you locate the vehicle. What made to find your car?"
5,5,"In a crowded parking lot, it can be difficult to locate your vehicle among many other cars. Could you tell me what specific item in the picture could help you identify your car?","In a crowded parking lot, it can be difficult to locate other vehicles. Could you tell me what specific picture among you could your car?"
5,5,"In a crowded parking lot, it can be challenging to identify your vehicle among many others. What tool in the picture could assist in identifying your car?","In a crowded parking lot, it can be challenging to identify your vehicle among many others. What tool in the picture could assist ident?"
5,5,What in the picture could be utilized to help you locate your car in a busy parking lot with many other vehicles?,"What in the picture could be utilized to help you locate your car in a busy parking lot with many, many other vehicles inside the car?"
5,5,the cars that are not taxi,the cars and cars that are not the tax planner are the cities that are so time to die - reason why we are not taxi taxi
5,5,something indicating that the tank belongs to the USA,something that reveals that the tank would be permanent from the USA. anything from China Meaning that the incoming glass tube belongs to the group of
5,5,"After changing clothes, what type of object can we use as a container to collect dirty clothes?","After changing clothes, what type of object we wish for dirty clothes? What time can we use as a container to collect artificial clothes as the container?"
5,5,"After changing clothes, where should you place dirty clothes, and what should be utilized as a container to collect them?","After you place changing clothes, where should you remove dirty clothes, and what should be utilized as a container, before wanting to collect them them?"
5,5,"After changing clothes, where can we usually put our dirty clothes in the room?","After changing clothes, where can we usually put our dirty clothes in the room? How about when we decided to leave clothes cutting our washable?"
5,5,"Once you change clothes, what type of object can be utilized as a container for collecting soiled clothing?","Once you are chosen to change clothes, what type of object can be utilized as a storage container for collecting soiled clothing during space?"
5,5,What type of object can be utilized as a container to collect dirty clothes after changing?,Which type of object can be utilized as a storage container to capture dirty clothes after time of transformation: What material used to be able as an?
5,5,"After changing clothes, which item could be used to contain and store dirty clothes?","After changing clothes, which item contains different clothes? The answer is What could have to be used to store and store stored clothes and remove fake clothes?"
5,5,"In a dark tunnel, where the lighting is limited, what part of the car in the picture is crucial for providing visibility and ensuring safety while driving?","In a dark tunnel, where the lighting is limited, what part of the car in the picture is crucial for ensuring safety and driving?"
5,5,"When driving through a dark tunnel with limited lighting, what part of the car in the picture is essential for providing visibility and ensuring safety during travel?","When driving through a dark tunnel with limited lighting, what part of the car in the picture is essential for providing visibility and ensuring travel safety?"
5,5,"If driving in a dark tunnel with limited lighting, what part of the car would be important for providing visibility and ensuring safe passage, according to the picture?","If driving in a dark tunnel with limited lighting, what part of the car would be important for providing safe visibility and ensuring passage, according?"
5,5,"When driving in a dark tunnel with limited lighting, what part of the car is critical for providing visibility and assuring safety, according to the picture?","When driving in a dark tunnel with limited lighting, what part of the car is critical for providing visibility and assuring safety, according to the?"
5,5,"When driving in a dark tunnel with limited lighting, which component of the car in this picture is critical for ensuring visibility and safety?","When driving in a dark tunnel with limited visibility and lighting, which component of the car in this picture is critical for ensuring true safety needs?"
5,5,"In a dark tunnel where lighting is limited, which part of the car is crucial to supply visibility and ensure safety whilst driving in the picture?","In a dark tunnel where lighting is limited, which part of the car is crucial to supply visibility and ensure safety whilst driving in the picture?"
5,5,"In a modern car, there are various instruments and displays on the dashboard that provide information to the driver. What part in the picture could show the current speed of the car?","In a modern car, there are various lights and measurements on the dashboard that provide information. What part in the car could display the current driver?"
5,5,"In a modern car, the dashboard typically contains a range of instruments and displays that provide relevant information to the driver. Based on the picture, which part of the car would normally display the current speed of the vehicle to the driver?","In a car, the dashboard typically display a range of current information to the driver. Based upon which part of the car would perform the drivers?"
5,5,"In a modern car, the dashboard has various instruments and displays providing important information to the driver. Which part of the picture is likely to display the current speed of the vehicle?","In a modern car, the dashboard has various instruments providing information to the vehicle. Which part of the picture is likely to display the current speed?"
5,5,Modern cars are equipped with various instruments and displays on the dashboard that provide the driver with information. Where in this image could indicate the current speed of the car?,Modern cars are equipped with various instruments and images on the dashboard that provide the driver with information. Where in this could indicate the current speed?
5,5,"What part of the picture could display the current speed of the car, as there are various instruments and displays on the dashboard in a modern car designed to provide information to the driver?","What part of the picture could display the current speed on the car, as there are various instruments and vehicles designed to provide information in a modern dash?"
5,5,"When an aircraft is ready to depart from the airport, where does it usually begin its takeoff?","When an aircraft is ready to depart from the terminal of the airport, where does it usually begin, when is it expecting its air takeoff?"
5,5,Aircraft typically begin their takeoff from which part of the airport?,Aircraft typically begin to take off their maximum avalanche? Because of what happens during which part of the airport from the airforce construction?
5,5,"Before taking off from the airport, from where does the aircraft typically begin its departure?","Before starting to take the aircraft off from the airport, where does it typically begin? From the airbor, when must its passengers assume departure?"
5,5,"When an aircraft is ready to depart from an airport, from which area does it typically begin its takeoff?","When an aircraft is ready to depart from an airport, from which area does it typically begin, when will it determine its exit a takeoff?"
5,5,something that is cutting the tree trunk,something that has been cutting the trunk of the tree all the time - This. hypothesis says something that is cutting the yard yard trunk carving
5,5,What object do we use to dry our hands after washing them in the bathroom?,What object do we originally use to wash our hands after washing them: what time we drink the wet cloth for them in the bathroom?
5,5,What is the item that we typically use to dry our hands after washing them in the bathroom?,What is the item that we typically wish to dry the hands - what is it used to wash our hands after soaking in the bathroom?
5,5,What object in the bathroom is typically used to dry your hands after washing them?,What object in the bathroom for washing tea is typically thought to be used to dry the hands that drain them after your hands washer?
5,5,"When assembling an electronic device, such as a computer, various components need to be interconnected to enable proper functioning. Which object in the picture can be used to establish electrical connections between different parts?","When assembling various electrical devices such as an inside picture, different components need to be interconnected. Which part can function to enable the computer?"
5,5,"When assembling an electronic device such as a computer, it is often necessary to connect various components to allow for proper functioning. What item in the image is typically used to establish electrical connections between different parts?","When assembling electrical components, it is typically necessary to allow a physical connection between various parts. What item is used in the computer to design?"
5,5,"When assembling an electronic device, such as a computer, it is necessary to establish electrical connections between various components to ensure proper functioning. Based on the image provided, what tool or object could be utilized to achieve this?","When assembling an electronic device, such as the computer, it is necessary to locate various hardware or components to achieve functioning. What could enable this"
5,5,"In the context of assembling an electronic device such as a computer, what item in the picture can be utilized to establish electrical connections between distinct components?","In the context of assembling an electronic device such as a computer, what item in the picture can be utilized to establish connections between distinct components?"
5,5,"When assembling an electronic device, such as a computer, what object can be used to establish electrical connections between different parts as depicted in the image?","When assembling an electronic device, such as a computer, what object can be used to establish electrical connections between different parts as in the image?"
5,5,"When assembling an electronic device, such as a computer, it is necessary to interconnect various components to ensure proper functionality. What item in the picture can be utilized to establish electrical connections between different parts of an electronic device?","When assembling an electronic device, it is necessary to modify various components such as a computer to provide electrical interaction. What inside of the device?"
5,5,the landmark in Paris,the foreword in the Denmark in Paris Paris. Released in the German Renaissance. the landmark landmark in all landing landowner
5,5,something to prevent athletes from falling and getting injured,anything that prevents athletes from falling and getting injured. something simple for Olympic athletes to help prevent victims from getting cancer and from being aching
5,5,"In a game of darts, what part of the dartboard should you aim for to maximize your points?","In a game of darts, what part of the dartboard should you aim for to meet certain points to maximize the value of your?"
5,5,Where should you aim on the dartboard to maximize your points during a game of darts?,Where should you aim on a dartboard to maximize your goals with the game of darts: where to continue your balls during dart?
5,5,"To maximize your points in a game of darts, which part of the dartboard should you aim for?","To maximize your performance of your points in a game of darts, which part of the dartboard should you aim at what to for?"
5,5,"In a game of darts, to acquire the maximum points possible, at what part of the dartboard should you aim?","In a game of darts, to acquire the maximum points of a aim possible, at what part of the dartboard should you aim?"
5,5,What is the optimal area of the dartboard to aim for in order to maximize your score while playing a game of darts?,What is the optimal area of the dartboard to aim for in order to maximize your score to score while playing a game of darts?
5,5,"To earn the most points possible, where should you aim on the dartboard during a game of darts?","To earn the most points possible on the dartboard, where should you aim to play with your eyes during a game of darts immediately?"
5,5,"When it gets cold, people often gather around a cozy place to warm themselves up. What objects in the picture can provide heat and create a warm atmosphere?","When it gets cold, people often gather around a cozy place to warm themselves up. What objects in the picture can provide heat and create atmosphere?"
5,5,"When it gets cold, people often seek a warm and cozy place to keep themselves comfortable. What objects in the picture could provide heat and create a warm ambiance?","When it gets cold, people often seek a cozy place to keep themselves comfortable. What objects in the picture could provide heat and create ambiance?"
5,5,"As it gets colder, individuals tend to gather around a source of heat to warm up. What items in the picture can create a warm atmosphere and provide warmth?","As it gets colder, individuals tend to gather around to provide a heat and warm up. What items in the picture can create a warm atmosphere?"
5,5,"What objects in the picture are capable of creating a warm atmosphere and providing heat, which is useful when it gets cooler?","What objects in the picture are capable of creating a warm atmosphere and providing heat, which is useful in creating a surface when it gets much cooler?"
5,5,"In cold weather conditions, people often seek out cozy and warm environments to keep themselves comfortable. Please identify the objects in the image that can provide heat and create a warm atmosphere.","In cold weather conditions, people often seek out cozy and warm environments. Please identify the objects in the image that can provide heat and create warm."
5,5,"What objects in the picture can provide heat and create a warm atmosphere, that people could gather around to keep themselves warm when the weather turns cold?","What objects in the picture can provide heat and create a warm atmosphere, that people could gather around to keep themselves warm when the weather turns warm cold?"
5,5,"High-heeled shoes are known for their elegant appearance, but they can also be challenging to walk in for extended periods. What part of the shoe in the picture might make it difficult for the woman to walk comfortably?",High-eyed dresses are also unusual for walking comfortably. But what part of the row can make it difficult for the person to walk?
5,5,"High-heeled shoes are often lauded for their elegant appearance, yet walking in them for extended periods can be challenging. What aspect of the shoes in the picture might contribute to discomfort while walking?","High-faced shoes can contribute to perception during the day, while walking are somewhat difficult. What the shoes enjoyed in it for?"
5,5,"High-heeled shoes can be challenging to wear for extended periods, despite their elegant appearance. In the picture, which part of the shoe can make it difficult for women to walk comfortably?","High-heeled shoes can be difficult for women to walk comfortably, despite the appearance. Which part of the suit can travel difficult?"
5,5,"High-heeled shoes are often admired for their elegant appearance. However, they can be challenging to walk in for extended periods. What part of the shoes in the picture might impede the wearer's ability to walk comfortably?","Full-bred shoes are often admired for the person's ability to walk comfortably. However, what can stretch in the appearance?"
5,5,"High-heeled shoes are famous for their elegant appearance, but they can be challenging to walk in for an extended duration due to various factors. Based on the picture, what part of the shoe could make it uncomfortable for the woman to walk comfortably?",High-end shoes are unusual due to the characteristics of the person. But could it make it uncomfortable to walk for several inches?
5,5,What part of the shoes in the picture can make it uncomfortable for the woman to walk in high heels for extended periods?,What part of the shoes in the picture can make it uncomfortable for the woman to walk in high heels for extended long periods?
5,5,One of the things people value in a bed is its comfort. What object can help support the neck and improve the overall comfort of sleep?,One of the things people value in a bed is its comfort. What object can help support the neck and help improve the overall comfort of the sleep?
5,5,What object can provide support for the neck when sleeping and enhance the overall sleeping experience by improving comfort?,What object can provide the support for the neck when sleeping and enhance the overall sleeping experience by improving comfort and how to offset stress?
5,5,"When it comes to a bed, what type of object can aid in supporting the neck and increasing the general comfort of sleep?","When it comes to a bed, what type of object can aid in supporting the neck and increasing the comfort of the rest, when considering general sleep?"
5,5,"To improve comfort while sleeping, what object can be used to support the neck?","To improve the comfort of sleeping while sleeping, what can be used to support memory? What object is meant to satisfy child clothing neck?"
5,5,"To enhance the overall comfort of sleep, what object can be used to provide support for the neck?","To help enhance the overall comfort of sleep, satisfy the design of neck, what object can be used to provide additional support to the forear?"
5,5,"To improve the overall comfort of sleep, what object is typically used to support the neck in bed?","To improve the overall comfort of sleep, in childhood, what object is typically used to support the desired weight of the neck to fit the bed?"
5,5,"In the picture, there are various containers used to hold fruit. Which container would be most suitable for serving and holding sliced apples?","In the picture, there are various containers used to hold fruit. Which container would be the most suitable for serving and holding sliced apples?"
5,5,Which container in the picture would be the most suitable for holding and serving sliced apples?,"Which container in the picture would be one of the most suitable for holding and serving sliced apples, which would fit the potted cleaner?"
5,5,"Out of all of the containers shown in the picture, which would be the most appropriate for storing and serving sliced apples?","Out of all of the containers shown in the picture, which would be the most appropriate for the scope of storing and serving sliced apples?"
5,5,"Out of all the containers seen in the picture, which one would be most suitable for holding sliced apples?","Out of all of the containers seen in the picture, which one would be the most suitable for holding sliced apples and which bagits?"
5,5,"In the picture, which container would be most appropriate for serving and holding sliced apples?","In the following picture, which container would be the most appropriate for serving, and where to plan for holding sliced slicing apples?"
5,5,"In the picture, where can you locate the container that would be most appropriate for serving and storing sliced apples?","In the picture, where can you locate the container that would be the most appropriate for serving and storing foodigues for sliced apples?"
5,5,"To display large amounts of information visually in a meeting, what object can be used to write it down on and display it on the wall?","To display large amounts of information visually in a meeting, what object can be used to write it down on and display it in on the wall?"
5,5,"To display a significant amount of data visually during a meeting, what device can be utilized to write it down and present it on the wall for all to view?","To display a significant amount of data during a meeting, what device can be utilized to write it down and present it on the wall for view?"
5,5,"When needing to visually display large amounts of information during a meeting, what can be utilized to write this information down and project it onto a wall for all to see?","When needing to visually display large amounts of information during a meeting, what can be utilized to write this information onto a wall and see?"
5,5,"In a meeting where there is a large amount of information to be presented visually, what object could one use to write down the information and display it on the wall?","In a meeting where there is a large amount of information to be presented visually, what object could one use to write the information on the wall?"
5,5,the body part used to receive scent signals,the way that a body part is used to recall the scent key.ent used to receive body energy and plasma signals associated with sound deter
5,5,the reflection of the light in the mirror,the alliterative of the reflection of the light in a mirror.reimage geometry the light that bears the shadow of the sun in the stone
5,5,"In military operations, soldiers rely on accurate information to make tactical decisions. What object in the picture might contain crucial information about the battlefield?","In military operations, soldiers rely upon accurate information to make tactical decisions. What object in the picture might contain crucial information about the battlefield"
5,5,"During military operations, having access to reliable information is essential in making tactical decisions. What item in the picture might be used to contain vital information about the battlefield?","During battle, having access to valuable information is essential in making military decisions. What item in the picture might be used to contain important naval information?"
5,5,"During military operations, soldiers often depend on precise information to make tactical decisions. What object in the picture could potentially contain vital battlefield intelligence?","During military operations, soldiers often depend on precise information to make tactical decisions. What object in the picture could potentially contain vital battlefield intelligence?"
5,5,"In military operations, soldiers depend on accurate information to make tactical decisions. What object in the picture could potentially contain crucial information about the battlefield?","In military operations, soldiers depend on accurate information to make crucial decisions. What object in the picture could potentially contain information about the battlefield?"
5,5,"During military operations, soldiers rely on accurate information to make tactical decisions. What could potentially contain crucial information about the battlefield in the picture provided?","During military operations, soldiers rely on accurate information to make tactical decisions. What could potentially contain crucial information about the battlefield in provided?"
5,5,"During military operations, soldiers rely on accurate information to make tactical decisions. Based on the picture, what items might contain crucial information about the battlefield?","During military operations, soldiers rely on accurate information to make tactical decisions. Based on the picture, what items might contain crucial information about?"
5,5,"In a desert environment, it may be difficult to travel on foot due to the rough and uneven surface. What type of transportation can be used to navigate the desert more easily?","On a desert environment, it may be difficult to travel due to the rough surface. What type of transport can be used in the desert more easily?"
5,5,"In a desert environment, rough and uneven ground can make travel on foot difficult. What type of transportation is typically utilized to navigate the desert more easily?","In a desert environment, rough and uneven ground can make travel easier. What type of transportation is typically utilized to navigate the desert easily?"
5,5,"When traveling in the desert, the uneven terrain can make traveling on foot difficult. What type of transportation can be used to navigate the desert more easily?","When traveling in the desert, the uneven terrain can make walking harder. What type of transportation can be used to navigate the desert easily?"
5,5,"In a desert environment, it may be challenging to walk due to the uneven and rugged terrain. Please suggest what type of transportation can be used to navigate the desert more efficiently?","In a desert environment, it may be challenging to walk due to the uneven terrain. Please suggest what type of transportation can handle more?"
5,5,"When travelling through a desert environment, it can be challenging to travel on foot due to the uneven surface. What form of transportation might facilitate easier navigation of the desert?","When travelling through a desert environment, it may be difficult to navigate due to the desert. What form of transportation can facilitate difficult edges?"
5,5,"When traveling in desert environments, it can be challenging to traverse on foot due to the rough and uneven terrain. What type of transportation could be utilized to move more comfortably and easily in such an environment?","When traveling on desert surfaces, it could be challenging to move easily and comfortably due to the terrain. What type of recreation can?"
5,5,the object that can expand the volume,the object that is complex. The objective for expanding the volume of the object object.d What the object that can automatically change the height to volume
5,5,"If I want to enter this room, what object should I pass through?","If I want to enter over this room, I think what object should I pass through? Should I objectify this path, when would I arrive?"
5,5,What do I need to pass through in order to enter this room?,What do I need to turn through in order for me to enter this room? Given what I need to pass through in advance to enter the birth?
5,5,"To enter this room, what would you have to pass through?","To enter this room, this is what we would have to pass through. What would you wish to pass from the gate To have to meet through?"
5,5,What object should you pass through to enter this room?,What object do you wish to pass through to enter into this room. What object should I enter from the entrance to determine this object?Dave?
5,5,"To enter this room, what structure or feature do I need to pass through?","To enter this room, what structure or functioning feature do I need to pass through? What is the path to make upon then I need to?"
5,5,What object can we sit on while working or studying in the office?,What is the object we can work on while sitting or studying in the office? Suppose we define what time to conclude while working on the field or?
5,5,What object might we use for sitting while working or studying in a office-like setting?,What object we might use for working or studying in a university-like setting: Should the user remember typing while sitting in office or working for space?
5,5,What type of furniture can be used for sitting while working or studying in an office?,"What type of furniture can be used for working in a room, while studying labor when being used for sitting or welding in an office?"
5,5,What furniture item can be utilized while working or studying in the office?,What furniture item is able to be used or utilized while working in the office? Given the task of grinding and studying on workplace?
5,5,"In an office environment, what object is commonly used to sit while working or studying?","In an office environment, a computer object is commonly used to work while studying? What defines what the norm originally meant to work while sitting or playing?"
5,5,What essential piece of furniture would be used for sitting while working or studying in an office environment?,What essential piece of furniture would be used for working and studying in an office environment - what object is used while sitting or living in a hospital?
5,5,"The weather can be unpredictable, especially during the colder seasons. What item in the picture can provide extra warmth and protection against the cold?","The weather can be unpredictable, especially during the colder seasons. What item in the picture can provide extra comfort and protection against the cold?"
5,5,"In the colder seasons, people often require additional warmth and protection from harsh weather. Based on this image, what item could be utilized to provide additional warmth and protection from the cold?","In these seasons, people often require additional warmth and protection from the colder weather. What item could be utilized to provide additional warmth?"
5,5,"What object in the picture could help provide added protection from the cold during unpredictable weather conditions, particularly during the colder seasons?","What object in the picture could help provide added protection from the cold during unpredictable weather conditions, particularly during the warm during the colder seasons?"
5,5,"In colder seasons, when the weather can be unpredictable, please identify the item in the picture that can provide additional warmth and protection against the cold.","In colder seasons, when the weather can be unpredictable, please identify the item in the picture that can provide additional warmth and protection."
5,5,"During the colder seasons, the weather can be unpredictable, so what item in the picture could provide additional warmth and protection against the cold?","During the cold seasons, the weather could be unpredictable, so what item in the picture can provide additional warmth and protection against the col?"
5,5,"In a fish market, it is important to provide clear information about the various types of seafood available for sale. What object in the picture can be used to display the names and prices of different fish?",In a fish market it is important to provide information about the prices of seafood available. What object can be used to picture the various prices?
5,5,"In a fish market, it is essential to provide clear information about the various types of seafood available for sale. What item within the picture would be useful for displaying the names and prices of the different fish?",Within a sea market it is useful to provide detailed information about the types of fish available for sale. What items would indicate the different titles and food?
5,5,"In a fish market, effective communication of the available seafood varieties for sale is important. What object in the picture might be used to display the names and prices of various fish?","In a fish market, possible distribution of seafood prices is available. What message in picture should be used to describe the various names and plants?"
5,5,"When presenting various types of seafood at a fish market for sale, it is vital to provide clear information about the respective costs of different fish available. What object in the picture could be utilized to exhibit the names and prices of various fish for sale?","When presenting various types of seafood for sale at a fish market, what is feasible to represent the details and items of various fish?"
5,5,"The image is not provided. However, in a fish market, what equipment or tool can you suggest to display the names and prices of various fish available for sale?","The image is not provided. However, in a fish market, what equipment or tool can you suggest to display the names and prices of various sold?"
5,5,"When preparing a fruit salad, what in this image can be used to sprinkle on top of the mixed fruits to add some additional flavor and texture?","When preparing a fruit salad, what in this image can be used to sprinkle on the fruits to add some additional flavor?"
5,5,What object in the image might be used to sprinkle on top of mixed fruits to add some additional flavor and texture while preparing a fruit salad?,What object in the image might be used to sprinkle on top of mixed fruits while preparing a salad to add additional flavor?
5,5,"When preparing fruit salad, what item in the image may be utilized to sprinkle over the mixed fruits to give them an added flavor and texture?","When preparing fruit salad, what item in the image may be utilized to sprinkle over the mixed fruits to give them texture?"
5,5,"During the preparation of a fruit salad, what item in the picture might be used to sprinkle over the mixed fruit to add new texture and flavor?","During the preparation of a fruit salad, what item in the picture might be used to sprinkle over the new fruit to add texture?"
5,5,"When preparing a fruit salad, what object could be used to sprinkle on top of the mixed fruits, providing additional flavor and texture?","When preparing a fruit salad, what object could be used to sprinkle on top of the mixed fruits, providing additional flavor?"
5,5,"In the process of making a fruit salad, what item in this image can be utilized to sprinkle on top of the mixed fruits for the purpose of adding extra flavor and texture?","In the process of making salad fruit, what item on this image can be utilized to sprinkle for the purpose of adding extra flav?"
5,5,something that the car driver uses to observe the rear conditions,something that we think about to assist in the car crash conditions. a car wheel implements the colour that the vehicle operator uses to observe the rear toms
5,5,"If we were to visit this place, which area in the picture would be a popular tourist spot to explore and admire?","If we were to visit this place, which area in the picture would be a popular tourist destination spot to explore and which you would admire?"
5,5,"If one were to visit this location, which part of the picture is likely to be a popular tourist spot to explore and admire?","If one were to visit this location, which part of the picture is likely to be a popular tourist spot to explore and imagine and admire?"
5,5,"If we were to visit this place, what part of the picture would likely be a popular tourist attraction that people would want to explore and admire?","If we were to visit this place, what part of the picture would likely be a popular tourist attraction that people could explore and admire?"
5,5,Suppose we were visiting this site; which section of the picture appears to be a popular area for tourists to discover and appreciate?,Suppose we were visiting this site; which section of the picture here appears to be a popular area for tourists to discover and identify and appreciate?
5,5,"If we were to visit this place, which part of the picture is a popular tourist spot to explore and admire?","If we were to visit and explore this place, which part of the picture is the part of a popular tourist destination to spot and admire?"
5,5,"If we were to visit this location, which specific region depicted in the picture would likely be a popular tourist spot to explore and admire?","If we were to visit this location, which specific region depicted in the picture would likely be a popular tourist spot to explore and admire?"
5,5,"When attending a formal event, people often wear a small accessory around the collar of their dress shirts. What object in the picture could be used for this purpose?","When attending a formal event, people wear a small accessory around the collar of their dress shirts. What object could be used?"
5,5,What objects in the picture need to be plugged into a power source to operate?,What things in the picture need to be plugged into a power source to be used? Which objects in a voltageed platter to fully operate?
5,5,What items in the picture require connection to a power source in order to function?,What items in the picture in the background need to reproduce for a power source purpose? That which units enable voltage to connection in order to function?
5,5,What are the devices or objects that require an external power source for their functionality in the picture?,What are the basic devices or objects that require an external power source for the device and what enables them for their functionality in the picture above workets?
5,5,"In the given picture, could you identify the objects that need to be connected to a power source to function properly?","In the given picture, you searched to identify the objects that need to be connected to a power source, how could the power system function properly properly?"
5,5,What objects in the picture require connection to a power source to function?,What parts of a picture in the background mean that the transformer needs power to function? Given objects to connection to the power source for purpose to?
5,5,What are their power requirements? Could you please point out in the picture which appliances or devices need to be connected to a power source to function?,What are their power requirements? Could you please point out in the picture which appliances or devices need to be connected to a power to function?
5,5,A wine enthusiast has a large collection of wines that need to be stored properly. What area in the picture would be most suitable for storing these wines?,A wine enthusiast has a large collection of wines that need to be stored properly. What area in the picture would be suitable for storing these?
5,5,"As a wine enthusiast, what region in the picture would be best for preserving a sizable wine collection?","As a wine enthusiast, what region in the picture would be best for preserving a sizable wine collection? The best option for a wine?"
5,5,"As a wine enthusiast with a significant collection of wines, where would you find the most appropriate location in the picture to store these wines properly?","As a wine enthusiast with a significant collection of wines, where would you find the most appropriate location to store these wines in the properly?"
5,5,"As a helpful robotic assistant, I would recommend you locate the ideal area from the picture to store a large collection of wine bottles properly for the wine enthusiast.","As a helpful helper, I would recommend you locate the ideal area from the computer to store a large gallery of bottles for the wine enthusiast."
5,5,"A wine enthusiast with a large wine collection often needs an appropriate place to store them. In this picture, what is the most suitable area for storing wine?","A wine enthusiast with a large wine collection often needs an appropriate place for storing them. In this picture, what is the most suitable wine area?"
5,5,A wine enthusiast has a large collection of wines that require proper storage. What area in the picture would be the most appropriate choice for storing these wines?,A wine enthusiast has a large collection of wines that require proper storage. What area in the picture would be the most appropriate choice for storing?
5,5,"Dogs are not typically allowed to freely roam in public spaces, and they usually need to be kept under control when walking indoors. What object in the picture could be used to keep the dog restrained in a hallway?","Dogs are normally not allowed to stand in public spaces, or can be utilized in the back of a hallway. What dog should wonder when"
5,5,"When walking dogs indoors, they usually need to be kept under control. Could you identify what object in the picture could potentially be utilized to keep a dog restrained in a hallway?","If dogs remain, you can walk outside the hallway. Probably what objects in a dog commonly used could be utilized to keep them in control?"
5,5,"Since dogs are not typically permitted to roam freely in public spaces, they are often required to be restrained while indoors. What object could be used to keep a dog restrained in a hallway according to the picture?","Since dogs are typically not allowed to rest indoors while in public places, what could the dog be permitted to be restrained in a wall?."
5,5,"When a dog is being walked, it is typically necessary to keep the animal under control and not allow it to wander freely in public spaces.Some pet owners may utilize equipment to restrain the dog while indoors. Can you point me to the object which could be used to keep the dog restrained in a hallway as shown in the picture?","An animal detector may permit others to walk in front, but should you use the equipment where it is utilized to keep the animal in space?"
5,5,Dogs are typically required to be restrained indoors and in public areas. What object in the picture may be used to keep a dog restrained in a hallway?,Dogs are typically required to be restrained indoors and in public areas. What object in a picture may be used to keep the dog?
5,5,"Dogs are typically restrained when walked inside or taken to public places. Based on the image, what object can be utilized to keep the dog restrained when walking through hallways?","Dogs are typically restrained when walking through or walked to public places. Based on the image, what object can be utilized when keeping dogs?"
5,5,something that is most likely to be the backup light,something that is most likely to be the hardcore backup light. which is likely to be likely for the next time wearing the part that are shelter
5,5,What object hanging on the wall in the bedroom can make the atmosphere more artistic and decorative?,What object hanging in the wall on the home mirror in the bedroom can make the atmosphere more decorative and artistic? It harmful?
5,5,What decoration hanging on the wall in the bedroom can make the atmosphere more artistic and decorative?,What decoration hanging on the wall in the bedroom in the garden can make the atmosphere more artistic and decorative a reality ornate?
5,5,What is the object that hangs on the wall in the bedroom which can enhance the atmosphere of the room and give it a more artistic and decorative feel?,What is the object that hangs in the bedroom wall which can enhance the atmosphere of the room and give it a more artistic feel?
5,5,What object is hanging on the bedroom wall that can make the room look more decorative and artistic?,What object is hanging on the bedroom wall that is decorative and artistic? how can make the room look more ornate the home?
5,5,"When we enter a room, what object can be used to remove dirt and moisture from shoes, and avoid slipping hazards indoors?","When we enter a room, what object can be used to remove dirt from shoes, and avoid slipping hazards indoors?"
5,5,"Upon entering a room, what object can you use to prevent dirt and moisture from shoes, reducing the risk of slipping hazards inside?","Upon entering a room, what object can you use to prevent moisture from shoes, reducing the risk of slipping hazards inside?"
5,5,"As a smart home AI, which object can be used to remove dirt and moisture from shoes, preventing slipping hazards indoors, when entering a room?","As a mobile AI, which object can be used to prevent spluttering hazards from shoes indoors, when entering room?"
5,5,What object can be used to prevent slipping hazards indoors and remove dirt and moisture from shoes when entering a room?,What object can be used to prevent slipping hazards indoors and remove dirt and moisture when entering shoes a room?
5,5,"When entering a room, what item can be used to remove dirt and moisture from shoes and prevent slipping hazards indoors?","When entering a room, what item can be used to remove shoes and moisture indoors and prevent slippery from hacks?"
5,5,"After entering a room, what object can be utilized to eliminate dirt and moisture from shoes to prevent the risk of slipping indoors?","After entering a room, what object can be utilized to eliminate moisture from shoes to prevent the risk of slipping indoors?"
5,5,"When riding a boat at high speed on the sea, it's important to have suitable clothing to protect against the water. What item of clothing in the picture can provide protection and insulation in the water?","Before riding on a boat, it is appropriate to have high protection in the water. What clothing and items can provide protection from the water?"
5,5,What piece of clothing in the picture can provide protection and insulation during high-speed boat riding on the sea?,What piece of clothing in the picture can provide protection and insulation that covers the mist during high-speed boat riding on the marine sea?
5,5,"When traveling at high speed on the sea by boat, it is necessary to wear protective and insulated clothing to protect against water. What is the object specifically designed for this purpose in the picture?",When travel at high speed in the sea it is necessary to wear protective clothes and cover by water. What is the object specifically designed for this?
5,5,"When riding a boat at high speed on the sea, it is important to have appropriate clothing that can provide insulation and protection against water. Please indicate the item of clothing in the picture that could be useful for this purpose.","Before riding a vessel on the sea, please indicate the signal of clothing that can be useful in this particular place and that can provide protection."
5,5,"When riding a boat at high speed on the sea, it is essential to wear appropriate clothing that can provide protection and insulation from the water. Can you identify an item of clothing in the picture that would help in this situation?","When riding an angel on the boat, can you suggest adequate clothing and protection from the water that can display this in situations."
5,5,"To protect yourself against the water when riding a boat at a high speed in the sea, what type of clothing can provide insulation and keep you warm?","To protect yourself against the water when riding on a boat at a high speed in the sea, what type of clothing can keep you warm?"
5,5,"In a community with strict environmental awareness, residents are encouraged to sort the garbage they produce and put it into different containers for recycling. What is the object in the picture that is designed specifically for this use?",Within environmental awareness people have the intent to recycle and catch the containers that are used in a particular container. What is this designed for?
5,5,"In a community that emphasizes environmental awareness and recycling, residents are encouraged to sort their waste and dispose it into appropriate bins. What object in the picture is specifically designed to support this practice?",In a community that emphasizes natural recycling and waste is instructed specifically to help participants close the bags. What object of this concept?
5,5,"In a community with a strict awareness of environmental protection, people are encouraged to sort the waste they generate and discard it in dedicated receptacles for recycling. What object in the picture is specifically designed for this purpose?","Within a conservation community, people are subjected to a careful encapsulation for waste and discard the food in it. What diagram in design is"
5,5,"In a community with strict environmental awareness, residents are encouraged to separate the waste they produce and place it into different containers for recycling. What object in the picture is specifically designed for this use?",Within a community with environmental awareness people are encouraged to separate the waste into their container for recycling. What object is specifically used?
5,5,"In a community with a strong focus on environmental awareness, residents are typically encouraged to sort their waste and place it in separate containers for recycling. Which object in the picture is designed specifically for this purpose?",People with a community focus on recycling in a container and be especially aware of the items designed for their purpose. Which object in this pattern?
5,5,"Suppose that I am afraid of the dark, what object can I turn on to make me feel safe and secure?","Suppose that I am afraid of the dark, what object can I turn on to make me feel safe and secure? to make that I unaware?"
5,5,"If you are afraid of the dark and want to feel safe and secure, what object can you turn on to make you feel that way?","If you are afraid of the dark and want to feel safe and secure, what object can you turn on to make you feel you feel that way?"
5,5,"Suppose you are afraid of the dark and need to feel secure, what object can be turned on?","Suppose you are afraid of the dark and want to feel secure and face the need of memory, what object can be turned on? Should we be?"
5,5,"If you are afraid of the dark and want to feel safe and secure, what object can you turn on according to the picture?","If you are afraid of the dark dark and want to feel safe and secure according to the picture, what object can you have to turn on the?"
5,5,Suppose you are afraid of the dark and are seeking comfort. What can you turn on to make yourself feel safe and secure?,Suppose you are afraid of the dark and are seeking comfort. What can you turn on to make yourself feel safe and secure? to be afraid of?
5,5,Public transportation is an efficient way to travel in a city. What mode of transportation in the picture can carry many passengers and travel along the tracks?,Public transportation is an efficient way to travel a city. What mode of transportation in the picture can carry many passengers and travel along the tracks?
5,5,"In a city, what form of transportation can carry many passengers and travel along tracks?","In a city, think of transportation along a route? But what form of transport can provide many passengers and carry high speaches whenever traveling?"
5,5,"What mode of transportation is depicted in the picture that can transport large numbers of passengers and operate on tracks, making it an efficient form of public transportation within cities?","What mode of transportation is depicted in the picture that can transport large numbers of passengers, making it an efficient form of public transport within tracks?"
5,5,"In the context of public transportation, which mode of transportation in the picture can carry many passengers and travel along designated tracks?","In the context of public transportation in the picture, which mode of transportation in car nature can carry many passengers and travel along the designated tracks?"
5,5,"When traveling in a city, public transportation is often an efficient option. What mode of transportation in the picture can carry many passengers and move along tracks?","When traveling in a city, public transportation is often an efficient option. What mode of transportation in the picture can carry passengers along tracks?"
5,5,Public transportation is an efficient way to travel in a city. What transportation mode is present in the picture that is capable of carrying many passengers and traveling along the tracks?,Public transportation is an efficient way to travel in a city. What transportation mode is present in the picture that is capable of carrying the tracks?
5,5,the part of the bird that is used for eating,The part of the daimber that is used for birds. the part of the egg that describes the tissue which is used for eating living
5,5,someone with bare arms,I dream of someone with barefoot with bare arms. a word for the answer | Ruby wearing a parent with unrestrained tailor and labor
5,5,What is often placed in the corner of the bedroom to add beauty to the indoor environment?,What is often placed in the outside corner of the bedroom to add beauty to the indoor home environment: what it is beautiful to the area?
5,5,What object is typically placed in the corner of a bedroom for aesthetic purposes?,What object is typically placed in the corner of the interior of a bedroom for aesthetic purposes? Is it reason for wound walls?
5,5,What object is typically placed in the corner of a bedroom to make the indoor environment more attractive?,What object is typically placed in the corner of a bedroom in the interior to make the indoor environment more attractive?are it snicker?
5,5,What item is frequently placed in the corner of the bedroom to enhance indoor aesthetics?,What item is frequently placed in the corner of the bedroom theater to enhance soft and shade in home indoor aesthetics?
5,5,What indoor decoration is typically placed in the corner of a bedroom to enhance its aesthetic appeal?,What outdoor indoor decoration is typically placed in the corner of a bedroom to enhance the appeal of its aesthetic properties?
5,5,What is commonly placed in the corner of a bedroom to enhance the aesthetics of the indoor environment?,What is commonly placed in the corner of a bedroom to enhance the aesthetics of the interior of the indoor butai environment?
5,5,"On a windy day at the beach, you may see colorful objects soaring high in the sky. What object in the picture represents this activity?","On a windy day at the beach, you may see colorful objects soaring high in the sky. What object in this picture represents activity?"
5,5,"What object in the picture depicts an activity that you may observe on a windy day at the beach, where you might see colorful objects soaring high in the sky?","What object in the picture depicts an activity that you may observe on a windy night, where you might see colorful objects at sea?"
5,5,"During a windy day at the beach, what objects in the picture might be seen soaring high in the sky and adding color to the scenery?","During a windy day at the beach, what objects in the photo might be seen soaring high in the sky and adding color to the scenery"
5,5,What object in the picture could represent colorful objects flying high in the sky on a windy day at the beach?,What object in the picture could represent colorful and thoughtful objects flying high in the sky on a windy day in the ocean outside the beach?
5,5,"On a windy day at the beach, what object in the picture could you use to fly colorful kites?","On a windy day at the beach in the forest, what object in the picture could you use to fly a colorful sunlike kites?"
5,5,Participating in car racing requires special safety equipment to protect the eyes from wind and debris. What item in the picture can provide this protection?,Participating in car racing requires special equipment to protect the eyes from wind and debris. What item in the picture can provide this protection?
5,5,"In car racing, special safety equipment is required to protect the eyes from wind and debris. Could you specify what item in the picture could provide this type of protection?","In car racing, special equipment is required to protect the eyes from wind and debris. Could you specify what item in the picture provides protection?"
5,5,"When participating in car racing, what object is commonly utilized to protect a person's eyes from wind and debris?","When participating in car racing, what object is commonly utilized to protect a person's eyes from wind, around light and debris?"
5,5,"When participating in car racing, it is essential to have specialized safety equipment to protect the eyes from wind and debris. Can you tell me what object in the picture provides this eye protection?","When participating in car safety equipment, it is necessary to have specialized glass to protect the wind and eye. Can you tell where in this"
5,5,Having a clean kitchen environment plays an important role in ensuring food hygiene and health. What object can be used to hold all the discarded food or trash to keep the kitchen cleanly?,Having clean kitchen space plays a vital role in treating all food and hygiene. What object can be trashed to keep the clean clothes?
5,5,Maintaining a clean kitchen environment is critical for maintaining food hygiene and ensuring good health. What item in the picture could be utilized to store discarded food or trash in order to keep the kitchen clean?,Maintaining a clean kitchen environment is vital for maintaining food and hygiene. What item could be discarded in the kitchen to clean?
5,5,Maintaining a clean kitchen environment is essential for food safety and hygiene. What object could be used to store discarded food or trash and keep the kitchen clean?,Maintaining a clean kitchen environment is essential for kitchen safety and hygiene. What object could be used to keep food or trash clean?
5,5,"To maintain a hygienic and healthy kitchen environment, what object can be utilized to contain all food waste or discarded items and keep the kitchen tidy?","To maintain a hygienic and healthy kitchen environment, what object can be utilized to contain all food or keep the kitchen waste covered?"
5,5,Ensuring a clean kitchen environment is essential in maintaining food hygiene and overall health. What object could be used to collect all discarded food or trash to maintain a clean kitchen?,Ensuring a clean kitchen environment is essential in maintaining all food or health. What object could be used to collect trash to maintain clean kitchen?
5,5,the object that prevents people from walking on railroad tracks,the object that prevents all people from walking and walking on the railroad tracks.during civil war the reason for people who connects trees to distance
5,5,"In a high-energy sporting event, the audience often cheers for the athletes to show their support and excitement. What object or area in the picture could the spectators be directing their cheers towards?","A high sporting event generally, the audience can express their cheers and ideas for their action. What person in the spectators could cheering?"
5,5,"During a high-energy sports match, where could the audience be directing their cheers and excitement towards in the image provided?","During a high-energy sports match, where could the audience be directing their cheers and excitement towards in the image provided before the programming contacts?"
5,5,"In a high-energy sporting event, where might the spectators be directing their cheers towards to show their support and excitement in the picture?","In a high-energy sporting event, where might the spectators be directing their greers towards in the excitement to show their support picture?"
5,5,"In a high-energy sporting event, where would the audience most likely direct their cheers in this picture to show their support and excitement for the athletes?","In a high-energy sporting event, where would the audience most likely direct their cheers in this picture to show their excitement and athletes?"
5,5,"In a high-energy sporting event, audience members often cheer for the athletes to demonstrate their enthusiasm and support. Based on the image, what area or objects might the spectators be directing their cheers towards?","During a high-energy sporting event, the participants characterize their feelings and support for. What directions are the audience enthusiasts might give?"
5,5,"During a high-energy sporting event, the audience often cheers the athletes on as a display of support and excitement. In the provided picture, towards which object or area might the spectators be directing their cheers?",During a high-energy sporting event the specter might present as the audience of the performances or encouragement. In which directions can the fans please
5,5,"When participating in a car show, showcasing the unique features of each car is crucial. What part of the car can be showcased by opening it in the picture?","When participating in a car show, showcasing each unique features is crucial. What part of the car can be showed in the picture?"
5,5,"During a car show, showcasing the unique features of each vehicle is essential. What aspect of a car can be demonstrated by opening it, given the current picture?","During a car show, showcasing the unique features of each vehicle is essential. What aspect of a car can be demonstrated by opening the picture?"
5,5,"When participating in a car show, it's crucial to showcase a vehicle's unique features. Which part of the car could be highlighted by opening it according to the picture?","When participating in a car, it's crucial by displaying it according to unique features. Which part of the car could highlight the picture?"
5,5,"When participating in a car show, it's important to highlight the unique features of each car. What part of the car, as shown in the picture, could be revealed to showcase its features?","When showcasing a car, it is possible to highlight each car's features. What part of the car to show, as shown in?"
5,5,"An essential component of car shows involves displaying the unique features of each car to the audience attending the event. What aspect of the vehicle can be showcased by opening a portion of it, as depicted in the picture?",What elements of each car lead to at the event? It can be depicted by displaying a unique portion of the car as featured in the picture.
5,5,"When participating in a car show, it's important to showcase the unique features of each car. Based on the image provided, which part of the car could be displayed by opening it to highlight its distinctive characteristics?","On presenting a car display, it's important to highlight which part of the car could complement it by displaying the unique features of each event?"
5,5,the persons who are recording the game,the individuals who are recieving the events in the game.answers.. Those who are recording the song are known for the means of the person playing
5,5,"In a team competition, winning athletes and teams often stand together for a group photo to celebrate their victory. What in the picture could signify their achievement?","In a competition, sitting teams and teams often sign a picture to celebrate their achievement for their victory. What in the team photo could define?"
5,5,Group photos are commonly taken to celebrate victory in team competitions. What object or feature in the picture might signify the team's accomplishment?,Group photos are commonly taken to celebrate victory in team competitions. What object or feature in the picture might signify the team's accomplish?
5,5,"In a team competition, athletes and teams who achieve victories often assemble for a group photograph to commemorate their triumph. What aspect in the picture could be a symbol of their success?","In a team photograph, athletes and teams often exhibit for their triumph to commemorate their success. What aspect of the picture could symbol?"
5,5,"When athletes or teams win a competition, they often take a group photo to celebrate their victory. What could signify their achievement in the picture?","When athletes or teams win a victory, they often take a group photo to celebrate their achievement. What could signify in the picture?"
5,5,"After winning a team competition, athletes and teams often come together for a group photo to commemorate their victory. What element of the picture might represent their accomplishment?","After winning a team competition, athletes and teams often come together for a photo to represent their achievement. What element of the picture might honor?"
5,5,"When winning athletes and teams take a group photo to celebrate their victory in a team competition, what aspect of the picture could symbolize their achievement?","When winning teams and teams take a photo to celebrate their victory in a team competition, what aspect of the picture could symbolize their achievement?"
5,5,Some people enjoy having a view of the outside world while still being comfortable inside their homes. What part of the house in the picture can provide such an experience?,Some people enjoy having an view of the outside world while still being comfortable inside their homes. What part of the house in the picture can provide such?
5,5,"For someone who enjoys the comfort of their homes but also wants to have a view of the outside world, could you help me identify which part of the house in the picture can provide such an experience?",For someone who loves the inside of your home but is able to provide a view of the landscape could one of my experience tell you such situations?
5,5,What aspect of the house in the picture can enable people to overlook the outdoor world while remaining indoors and comfortable?,What aspect of the house in the picture can enable people to overlook the outdoor world while remaining indoors and bring outdo comfortable?
5,5,What part of the house in the picture can provide people with a view of the outside world while still being able to stay inside and be comfortable?,What part of the house in the picture can provide people with a view of the outside world while still being able to stay inside and be comfort comfortable?
5,5,"For people who enjoy admiring the outdoors from the comfort of their own home, which part of the house in the picture could offer such an experience?","For people who admire the comfort of outdoors from their own home, which part of the house in the picture could offer such an experience?"
5,5,"In some cases, people enjoy being able to view the outside world while inside their homes. What section of the house in the picture might provide such an experience?","In some cases, people enjoy being able to view the outside world while inside their homes. What section of the house in the picture might provide such?"
5,5,"In a snack mix, various ingredients can be combined to create a flavorful and nutritious blend. What in the picture can provide a crunchy and nutritious addition to the mix?",Other ingredients can be combined in a snack mix. What in the mix presents to create a crunchy and nutritious picture?
5,5,"In a snack mix, multiple ingredients can be combined to contribute to a delicious and healthy blend. What item in the picture could be utilized to introduce a crunchy and nutritious component to the mix?",Multi-use components in the mix. What item could be used to introduce a crunchy and nutritious contribution to a delicious mix?
5,5,A snack mix can be made flavorful and nutritious by combining various ingredients. What object in the picture could be used to provide a crunchy and nutritious component to the mix?,A snack mix can be flavored by combining various ingredients. What object could make a pleasant and nutritious part of the mix?
5,5,What item(s) in the picture might provide a crunchy and nutritious addition to a snack mix?,What item(s) in a hint in the picture might provide a crunchy and nutritious addition to a healthy snack mix?
5,5,"A snack mix can be comprised of several different ingredients, which when combined, can produce a flavorful and nutritious blend. Please identify the components in the picture that can provide a crunchy and nutritious addition to the mix.","Please represent several ingredients in a snack mix, which can produce a nutritious and busty combination that can complement the combination."
5,5,"During festive occasions or religious ceremonies, it is common to see symbolic representations or idols of deities being worshiped. What objects in the picture could be used as idols or representations of deities?","Usually, objects in ceremonies could be used to wear idols or religious deities. What impression of the party is seen as idols?"
5,5,"In festive occasions or religious ceremonies, it is common to see symbolic representations or idols of deities being worshiped. Please identify which objects in the picture are appropriate to be utilized as such symbolic representations.","In religious instances of birth ceremonies, it is appropriate to see such objects or deities that may be symbolicized as symbolic wishes."
5,5,"During festive occasions or religious ceremonies, people often use idols or symbolic representations of deities for worship. What elements in the picture might be suitable for this purpose?","During festive occasions or religious ceremonies, people may use idols or symbolic characteristics for worship. What objects in the design be useful?"
5,5,"During festive occasions or religious ceremonies, it is common to depict symbolic representations or idols of deities while performing worship. What objects in the picture appear capable of being utilized as such idols or representations?","During religious ceremonies, it is characteristic of idolized acts or deceptions or exhibit such occasions. What images appear in the church"
5,5,"During festive occasions or religious ceremonies, people commonly use idolistic depictions or representations of deities in the form of objects for worship. Based on the picture, what objects might be utilized for this purpose?","During religious parties or parade formations, people utilize idolistic depictions for the form of objects. Was what might be like?"
5,5,"In today's digital age, many people prefer to use mobile payment methods instead of carrying cash. What in the picture might become less popular due to this trend?","In today's digital age, many people prefer to use payment methods instead of carrying cash. What in the mobile might become this trend?"
5,5,What item visible in the picture might become less popular because of the increasing trend of people choosing to use mobile payment methods instead of carrying cash?,What item visible in the picture might become less popular because of the increasing trend of people choosing to use mobile payment methods instead of carrying cash?
5,5,"Given the trend of mobile payment methods in today's digital age, what item in the picture may decline in popularity as a result?","Given the trend of mobile payment methods in today's digital age, what item in the picture may decline in popularity as a result?"
5,5,"In the age of digital technology, many people prefer to use mobile payment methods rather than carrying cash. Please identify the item in the picture which may become less popular as a result of this trend.","During the digital age, many countries prefer to use payment technology instead of cash. Please identify the item which may become more popular in this approach."
5,5,"Due to many people choosing mobile payment methods over carrying cash, what might become less popular because of this trend, based on the image?","Due to many people choosing mobile payment methods over carrying cash, what might become less popular based on the trend, because of this visible image?"
5,5,where we can sit down,the place where we can stand up for a while. | Sleep. to help us understand how we can weigh down to millenia straight down
5,5,"If a person wants more privacy when using the bathroom, what structure in the picture can be closed to separate the bathroom from the outside environment?","If a person wants more privacy when using the bathroom, what structure in the picture can be closed to separate the bathroom from the outside?"
5,5,"If someone requires additional privacy while using the bathroom, which area of the picture could be closed to isolate the bathroom from the outside environment?","If someone requires additional privacy while using the bathroom, which area of the picture could be closed to isolate the bathroom from the environment?"
5,5,What structure in the picture can be closed to provide more privacy to a person using the bathroom and separate it from the outside environment?,What the structure can be moved in the outside window to provide more privacy to a person using the bathroom and separate it from the visible environment?
5,5,"What structure, visible in the picture, can be closed to provide more privacy when using the bathroom?","What structure, one of visible in the picture window, can be closed to provide more privacy when wearing the bath? Regarding the bathroom?"
5,5,"To curtail interference and improve privacy when using the bathroom, what item in the picture can be closed to partition the bathroom from the outdoors?","To curtail interference and improve privacy when using the bathroom, what item in the picture can be closed from the the bathdoors?"
5,5,What structure in this picture can a person close to increase privacy while using the bathroom and separate it from the outside environment?,What structure in this picture can a person close by building to enhance enough privacy while using the bathroom and separate it from the outside environment?
5,5,"After washing hands in the bathroom during the cold winter months, what should be used to dry them?","After washing hands in the bathroom in the cold during the cold winter months, what should be used to dry them - why shouldying wet?"
5,5,What should be used to dry hands in the bathroom during the cold winter months after washing?,What should be used to wash dry lips in the bathroom after washing the hands during the cold winter weather months from during the washing?
5,5,What should you utilize to dry your hands after washing them in the bathroom during the cold winter months?,What should you utilize to washing your hands to dry them after weeping them in the bathroom during the cold cold of the winter months?
5,5,"After washing one's hands in the bathroom, what object should be used to dry them during the cold winter months?","After washing one's hands in the bathroom, what object should be used to dry them as they rinse during the cold winter months?"
5,5,"During the cold winter months, what should be used in the bathroom to dry your hands after washing?","During the cold weather months in the winter time, what should be used in the bathroom to dry your hands after washing what to washing?"
5,5,"After washing hands in the bathroom in cold winter months, what object should be used to dry them?","After washing hands in the bathroom in cold weather in the winter months, what object should be used to dry bathers, let dry them?"
5,5,"When it comes to fashion, high-heeled shoes are often considered a stylish choice for women. What part of a shoe is typically elevated to create the heel?","When it comes to fashion, high-heeled shoes are typically considered a fashion choice for women. What is integral to the heel?"
5,5,"In fashion, high-heeled shoes are often seen as a stylish choice for women. Which part of the shoe is commonly raised to form the heel?","In fashion, high-heeled shoes are seen as a stylish choice for women. Which part of the shoe is often raised?"
5,5,"In fashion, high-heeled shoes are often considered a stylish choice for women. What section of the shoe is often raised to create the heel?","In fashion, high-heeled shoes are often considered a stylish choice for women. What section of the shoe is often raised?"
5,5,"In fashion, high-heeled shoes are a popular choice for women. Which part of such shoes is typically raised to create the elevated heel?","In fashion, high-heeled shoes are popular choice for women. Which part of such shoes is typically raised to create the elev?"
5,5,High-heeled shoes are often considered a stylish choice for women in fashion. Which part of the shoe is usually raised in order to create the heel?,High-heeled shoes are often considered a fashion choice for women. Which part of the shoe is usually raised in order to make?
5,5,What type of container is commonly used to hold water and keep flowers fresh in a living room?,"What type of container is commonly used to hold water and keep flowers fresh in a bathroom, which can make it rare for patients while a home?"
5,5,What kind of container is typically used to hold water and keep flowers fresh in a living room?,What kind of container is typically used to hold water and keep flowers fresh and dry in a living room? While what standard basket is meant to flowers?
5,5,What is the common container type to hold water and keep flowers fresh in a living room?,What is the common plastic container type to hold water and keep the flower fresh and dry in a living room? Is it standard for home flowers?
5,5,What is the typical type of container that is used in a living room to store water and keep flowers fresh?,What is the typical type of container that is stored in a living room and is the standard water used to store flowers that help keep garden food fresh?
5,5,What type of container is typically utilized in a living room to hold water and help keep flowers fresh?,"What type of household container is typically utilized in a living room to hold water and provide ice, and when needed to help keep the flowers fresh?"
5,5,Creating visual representations of military equipment can be an interesting art form. What object in the picture could be a subject for a doodle or drawing related to the military?,Creating visual representations of military equipment can be an interesting art form. What object in the drawing could be the subject for a doodle or military?
5,5,"When creating visual representations of military equipment, what objects in the picture could potentially serve as a subject for doodles or drawings?","When creating visual representations of military equipment, what objects in the picture could potentially serve as a subject for doodles, images or relative drawings?"
5,5,"In the picture, which object might potentially serve as the subject matter for a doodle or drawing related to the military?","In the picture, which object might potentially serve as the subject for a doodle or an objecticting the fieldwork related to the military?"
5,5,"In the art form of drawing visual representations of military equipment, what item in the picture could be a subject or inspiration for such a doodle?","In the visual form of drawing representations of military equipment, what item in the picture could be a subject or inspiration for such a doodle?"
5,5,Which object in the picture could serve as inspiration for a doodle or drawing focused on military themes?,Which objector in the picture could serve as an inspiration for a doodle or drawing on items meant to focus on universal military themes?
5,5,What in the picture might be a suitable subject for a military-themed doodle or drawing?,"What possibly is the right picture of a subject in the subject might be suitable for a military-themed doodle, or circuit drawing?"
5,5,The image suggests that the animal shown has a certain level of aggression and dominance. What part in the picture indicates this aggression?,The image shown suggests that the animal has a certain level of aggression and dominance. What part in the picture indicates this resulting of aggression?
5,5,What part of the picture suggests that the animal displayed possesses a level of aggression and dominance?,What part of the picture of the food stole presents suggests that the animal possesses a level of aggression and dominance and represents actual performance?
5,5,Could you please point out the region of the image that indicates the portrayed animal's aggression and dominance?,Could you please point out the region of the image that explains the image to indicate the portrayed animal's damaged aggression and dominance?
5,5,What part of the picture indicates that the animal in the image has a level of aggression and dominance?,What part of the image in the picture indicates that the animal of the image has a level of aggression and dominance and a animal preformation?
5,5,Could you please identify the region in the picture that indicates aggression and dominance of the animal depicted?,"Could you please identify the region of the affected in the picture you described, that indicates blue aggression and dominance of the animal animal depicted?"
5,5,"From the image, what aspect of the animal suggests that it exhibits aggression and dominance?","From the image, what aspect of the character suggests that it exhibits a culture of the animal, and that it follows aggression and dominance?"
5,5,We need to browse the internet or write documents in a quiet environment. What object can be used to input non-vocal instructions to the computer to fulfill this task?,We need to browse the internet or input non-vocal instructions in a quiet environment. What object can be used to fulfill this task?
5,5,"When browsing the internet or working on documents, a quiet environment is often necessary. What object can be used to provide non-vocal instructions to the computer to accomplish these tasks?","When browsing the internet or working on a computer, quiet instructions can be necessary. What object to provide non-vocal documents to these tasks?"
5,5,"When browsing the internet or writing documents, we may require a quiet environment. What device can be utilized to provide non-vocal input instructions to the computer to complete these tasks?","When browsing the internet or writing documents, we require a practical direction. What device can be provided to the computer to perform nonvocal tasks?"
5,5,"In order to browse the internet or write documents in a quiet environment, what object can be used to input non-vocal commands to the computer?","In order to browse the internet or write documents in a quiet environment, what object can be used to output non-vocal commands to the computer"
5,5,"What object can be utilized to provide non-vocal instructions to the computer, enabling us to browse the internet or write documents in a quiet environment?","What object can be utilized to provide non-vocal instructions in the computer, enabling us to browse the internet or write quiet documents?"
5,5,What object can be utilized to issue non-vocal instructions to a computer for browsing the internet or composing documents in a quiet environment?,What object can be utilized to issue non-vocal instructions to a computer for browsing the internet or composing documents in a quiet environment?
5,5,"When it comes to indoor gardening, what is an essential item that is commonly used to hold soil and support the growth of plants?","When it comes to indoor gardening, what is an essential item that is commonly used to hold soil and help support the growth of plant plants?"
5,5,What is an essential item used for indoor gardening that is commonly utilized to hold soil and provide support for the growth of plants in the picture?,What is an essential item used for indoor gardening that is commonly utilized to hold soil and provide for the growth of plants in the picture?
5,5,"In indoor gardening, what is the essential item that is used to hold soil and support the growth of plants?","In indoor gardening, what is the essential item of food that is used to hold the soil and support the natural growth of wearing plants?"
5,5,What is an essential item that is commonly used to hold soil and support the growth of plants in indoor gardening?,What is an essential item of a building soil that is commonly used to hold grass and helps support the growth of plants in indoor consumer gardening?
5,5,"In indoor gardening, what is an essential item frequently used to hold soil and provide support for plant growth?","In indoor gardening, what is an essential item used to maintain dry soil and provide support for plants?ost aiding frequently in plant growth?"
5,5,"Indoor gardening often involves the use of a necessary item, which holds soil and provides support for plant growth. What is this item typically called?","Indoor gardening often involves the use of a necessary item, which holds soil and provides support for plant growth. What is this item typically called?"
5,5,What object is used to hang on the walls that can enhance the beauty of a room and make it look more attractive?,What object is used to hang on the walls that can enhance the beauty of a room and make it look more attractive that the decor feels?
5,5,What item used for wall decor adds beauty to the room's aesthetic and enhances its overall appearance?,"What item used for wall decor adds beauty to the room's aesthetic and enhances its overall look, when added to interior appearance?"
5,5,What decorative objects are typically hung on walls to enhance the beauty of a room and make it look more attractive?,What decorative objects that look or look like are typically hung on walls to enhance the beauty of a room and make it more attractive to?
5,5,Tell me what object can be hung on walls to enhance the beauty of a room and make it look more attractive?,Tell me what object can be hung on walls to enhance the beauty of a room and make it look more elegant and make life attractive?
5,5,What object could be hung on walls to enhance the beauty of a room and make it look more attractive?,What object could be hung on walls of a room to enhance the beauty of the room and make it look more attractive when it was eleg?
5,5,What object is commonly used to decorate walls and make a room look more attractive?,What object is commonly used to design and decorate wall walls and make a room look more attractive? How old can be considered a object worth?
5,5,the cover to protect lens from damage,the cover to protect against damage to the lens mirror - Description. this covers the lens to protect lens from damaging environmental impact from life
5,5,"When you finish your business in the bathroom and want to store items such as towels, where should you put them?","When you finish your business in the bathroom and want to store items such as towels, where should you put them when you need them?"
5,5,"When finishing your business in the bathroom and you need to store items such as towels, where is the ideal location to place them?","When finishing your business in the bathroom and you need to store items such as towels, where is the ideal location to place your them?"
5,5,"After you finish using the bathroom and would like to store items such as towels, where would be the appropriate location to put them in this image?","After you finish using the bathroom and would like to store items such as towels, where would be the appropriate location to put this image?"
5,5,"If you have finished using the bathroom and wish to store items such as towels, where is the appropriate place to keep them in the picture?","If you have finished the bathroom and wish to store items such as towels, where is the appropriate place to keep them in the picture?"
5,5,Where is the ideal location to store items like towels when you are finished using the bathroom?,Where is the ideal location for where to store items like towels when you are finished using a bathroom to access the hair before the kitchen?
5,5,"After using the bathroom, where should you place items such as towels?","After using the bathroom, where is the towels, let's know what way you should place items such as toilet goods?"
5,5,Birds often find elevated areas to rest or observe their surroundings. What parts in the picture can potentially serve as a resting spot for birds?,Birds often find elevated areas to rest or observe their surroundings. What parts in the picture can potentially serve as a resting spot?
5,5,"Birds often seek elevated areas to rest or observe their surroundings. In the picture, what parts could potentially serve as a resting spot for birds?","Birds often seek elevated areas to rest or observe their surroundings. In the picture, what parts could potentially serve as a rest spot?"
5,5,"What parts of the picture could be utilized as potential resting spots for birds, given their tendency to seek out elevated locations?","What parts of the picture could be utilized as potential resting spots for birds, given their tendency to seek out elevated close locations?"
5,5,"In this picture, which areas could potentially serve as a resting spot or vantage point for birds to observe their surroundings?","In this picture, which areas could potentially serve as a resting spot or potential vantage point for birds to observe to surface their surroundings?"
5,5,"If we are to consider birds looking for areas to rest or observe around their surroundings, which parts of the picture might serve as a potential spot for them?","If we are to consider birds looking for areas to rest or observe around their surroundings, which parts of the picture might serve as a potential?"
5,5,the object that can be used for speaking and amplifying volume,the object that is for the task of expressing and amplifying volume Multiple. the value that can be used for silencing speaker and speaking magnet
5,5,"When playing a drum set, which part of the drum set in the picture would be used to keep the rhythm and provide accents in the music?","When playing a drum set, which part of the drum set in the picture would be used to keep the rhythm and provide accents in music?"
5,5,"When playing a drum set, which part of the set displayed in the picture is commonly utilized to maintain the rhythm and provide accents in the music being played?","When playing a drum set, which part of the picture displayed in the set is commonly utilized to maintain the rhythm and provide music being played?"
5,5,"When playing a drum set, which component of the drum set seen in the picture is typically used to keep the rhythm and add accents to the music being played?","When playing a drum set, which component of the drum set is typically used to keep the picture being seen and add the rhythm to the music?"
5,5,"When playing a drum set, which part of the drum set shown in the picture is typically utilized to maintain the tempo and highlight accents in the music?","When playing a drum set, which part of the drum set shown in the picture is typically maintained and utilized to highlight accents in the music?"
5,5,"When playing a drum set, which components of the drum set pictured would typically be utilized to maintain the rhythm and add accents to the music being played?","When playing a drum set, which components of the drum set would be typically utilized to maintain music and attach to the rhythms being played?"
5,5,"When playing a drum set, which element in the picture could be utilized to establish rhythm and emphasize certain beats in the music?","When playing a drum set, which element in the picture could be utilized to establish rhythm and emphasize certain certain beats in the music?"
5,5,Walls are often empty and blank. What object can serve as an accessory to make it more decorative?,Walls are often empty and blank. What object can serve as an accessory to make it more decorative? Weeware it as natural?
5,5,"What object can be utilized as an accessory to decorate walls, which are often empty and plain?","What object can be utilized as an accessory that is often used to decorate interior walls, which are all removable, plain and void?"
5,5,"To make walls more decorative, what object can be used as an accessory?","To make walls more decorative, which can be costly, we define an accessory? What object to make objects used as a messenger?"
5,5,"To make a wall more decorative, what object could be utilized as an accessory?","To make a wall wall more decorative, its doew, what object might be utilized as an accessory? Ideal for a display?"
5,5,What object can be used as an accessory to decorate walls and make them less empty and blank?,What object can be used as an accessory or a wrapper to decorate wall walls and allude and make them less fragile as they empty?
5,5,"In snowy regions, people often use a specific means of transportation to move across the snow-covered ground. What in the picture could be used for this purpose?","In snowy regions, people often use a specific means of transportation across the snow-covered ground. What could be used for this purpose?"
5,5,"In snowy regions, what item in the picture would people commonly utilize to move across the snow-covered ground?","In snowy regions in the land, what item in the picture would people commonly utilize to move across the snow-covered rounded ground?"
5,5,"In regions with heavy snowfall, people often rely on a specific mode of transportation to traverse the snow-covered terrain. Based on the picture, what particular item could be employed for this function?","Within terrain, many people rely on a single mode of transportation to simulate the snow-covered function. What particular item could be for this?"
5,5,"In areas that are covered in snow, what objects can be used to move across the snowy landscape?","In areas of snow, where objects that are covered in snow, what can be used to move across the snowy landscape over the weathering terrain?"
5,5,What item in the picture could be utilized for transportation on snow-covered ground in regions that often experience snowfall?,What item in the picture could be utilized for transportation on the edge of snow-covered ground in regions that often could experience snowfall?
5,5,What object can be used to provide better sound quality when watching movies or playing music on the computer?,"What object can be used to provide a better sound quality while answering the problem of music content when playing movies, or watching music on the computer?"
5,5,What item in the picture can be utilized to enhance sound quality when watching movies or playing music on the computer?,What item in the picture can be utilized to enhance sound quality when trying to enjoy music watching the movies or playing audio on the computer?
5,5,something that helps in the pollination of plants,"that really helps in the pollination of the plants. well, something that helps others in the creation of silver polishing tests for skin of growing"
5,5,What object in the room is mainly used as a sitting tool for writing or using an electronic device?,What object of the sitting in the room is mainly used as a communicating tool or used as an electronic device for writing or using a key device?
5,5,Which item in the room is primarily utilized as a seating device for writing or working on an electronic device?,Which item in the room is primarily utilized as a seating device for the purpose of writing or working on an electronic device including quoting hardware?
5,5,What object in the room is primarily employed as a seat for writing or utilizing an electronic device?,"What object in the room is primarily employed as a seat for the purpose of writing or transmitting an electronic device, which includes simply an IT device?"
5,5,What object in the room is primarily utilized as a seat for writing or using an electronic device?,What object in the room represents the purpose of a seat and what is primarily utilized as an electronic device for writing or simply using an electronic car?
5,5,What item in the room is typically utilized as a seat for writing or using an electronic device?,"What item in the interior of the room is typically utilized as a seat for writing, or using an electronic device that is intended using a block?"
5,5,Which item in the room is primarily used as a seating tool for writing or using electronic devices?,Which item in the room originally serves as the starting point for seating materials - used as a seating tool for writing or using electronic computer devices?
5,5,What objects in the picture can rotate rapidly and generate lift to allow vertical take-off and landing?,What objects in the vertical axis in the picture can rotate quickly and create lift to satisfy navigation and allow continuous take-off and drop let-away?
5,5,"Which objects in the picture spin at high speeds, creating lift that allows for vertical takeoff and landing?","Which objects in the picture spinning at low speeds, after race, creates the lift that allows for deep vertical takeoff and handle and landing?"
5,5,Which objects in the picture can produce lift and facilitate vertical take-off and landing as a result of their rapid rotation?,"Which objects in the picture can produce vertical take-off, beyond lift and give rise and facilitate landing as a result of their rapid incident rotation?"
5,5,Which objects in the picture are capable of generating lift and permitting vertical takeoff and landing by rapidly rotating?,Which of the objects in the picture are capable of rapidly generating vertical takeoff and landing by permitting heavy lift and rotating following trapped in?
5,5,"What objects in the picture have the ability to rotate rapidly and generate lift, enabling vertical take-off and landing?","What objects in the picture have the ability to rotate quickly and generate lift and enable stability, enabling the face of vertical take-off and landing?"
5,5,What parts of the picture can rotate at high speeds to produce lift that facilitates vertical take-off and landing for an aircraft?,What parts of the picture can rotate at high speeds to produce lift that facilitates vertical take-off and landing for safety of an aircraft?
5,5,the part of the hedgehog that can be used to defend against predators,The part of the hedgehog plague.one of the hyalignt that can be used to defend against the ability to predators
5,5,"Owls have excellent night vision, which allows them to see clearly in the dark. What part of their body is responsible for this ability?","Owls have excellent nightlight vision, which allows them to see clearly in the dark. What part of their body is responsible for this ability?"
5,5,What part of the owl's body is responsible for their excellent ability to see clearly in the dark?,What part of the owl's body in the dark is responsible for the excellent nature of their ability to see clearly and see their badge?
5,5,"Which part of an owl's body is responsible for their exceptional night vision, allowing them to see clearly in the dark?","Which part of an owl's body is responsible for their exceptional night vision, allowing them to see clearly in their eyes in the dark?"
5,5,What part of an owl's body is responsible for its excellent night vision?,What part of the body of an owl's joint is responsible for its excellent night life vision? What best describes a dead pup's?
5,5,"What specific feature of owls makes them able to see clearly in the dark, due to their excellent night vision?","What specific feature of owls makes them able to see clearly in the dark, which is excellent in sight, due to their rare dark night vision?"
5,5,Tennis is a sport that requires hitting the ball back and forth over a net. What object in the picture is used by players to hit the ball?,Tennis is a sport that requires hitting the ball back and forth over a net. What object in the picture is used by players to hit the ball?
5,5,What equipment in the picture is usually utilized by tennis players to hit the ball back and forth over a net in a tennis game?,What equipment in the picture is usually utilized by tennis players to hit the ball back and forth over a net with the slot in a tennis game?
5,5,What item do players typically use in the game of tennis to hit the ball back and forth over the net?,What part of the item do players typically use in the game of tennis to hit the ball back and forth over the net to rule the game against?
5,5,What item in the picture is used by players to hit the ball back and forth over a net while playing tennis?,What item in the picture below is used by players to hit the ball back and forth over the net while playing tennis by a player passing a game?
5,5,Which object in the picture would one use to hit the ball back and forth over a net in a game of tennis?,Which object in the picture of a net would one use to let a trigger hit the ball back and forth over the back in a game of tennis?
5,5,What object is primarily utilized by players to hit the ball during a game of tennis?,What object is primarily utilized by a ball of tennis: What is precisely used by players to hit the ball during the game following player runs?
5,5,"When someone is sleeping, what object can support the cervical spine and make the sleep more comfortable?","When someone is sleeping, what object can support the cervical spine and allow the sleeping mass to make the sleep look more comfortable?"
5,5,What item can provide support to the cervical spine and make sleeping more comfortable?,What item can provide support to the surgical plural and provide comfort as to the cervical spine and make sleeping more sleepy?
5,5,"A person is standing near the edge of a building, posing for a photo. What part or feature of the building is the person using as support or barrier in this picture?",A person is standing within the edge of a building for a photo. What part or feature of the building is the person posing as barrier?
5,5,"In the picture, which part or feature of the building is the person currently standing near the edge utilizing as support or barrier for posing in the photo?","In the photo, which part or edge of the building is the person currently appearing as barrier for support or utilizing nearing in the picture?"
5,5,A person is posing for a photo near the edge of a building. What part or feature of the building is he or she using as support or a barrier?,A person is posing for a photo near the edge of a building. What part or feature of the building is she or using as barrier?
5,5,"When a person poses for a photo at the edge of a building, what specific part or feature of the building might they be using as support or a barrier?","When a person poses for a photo at the edge of a building, what specific part or feature of the building might they be using as support?"
5,5,"In this picture of a person posing near the edge of a building, what part or feature of the building is being utilized by the individual as a form of support or barrier?","In this picture of a person posing near the edge of a building, what part of the building is utilized as a support or barrier?"
5,5,"When the person is posing for a photo at the edge of the building, what part or feature of the building is being used as support or barrier in this picture?","When the person is posing for a photo at the edge of the building, what part or support of the building is being used in this picture?"
5,5,"In order to use the toilet seat, what object should be lifted first?","In order to to use the toilet seat, which object should be lifted first? Next, what is the toilet value when worn?"
5,5,What should be lifted first to use the toilet seat?,What should be expected to ignore the toilet tape? -This is what to use before first to be lifted to the toilet seat
5,5,"What object needs to be lifted first before using the toilet seat, typically?","What object needs to be weighed before using the toilet seat, first, then ---what to normally wear before receiving the tether is?"
5,5,What should a person lift first before using the toilet seat?,What should a person first lift before using the toilet seat? Answer: what is the toilet retaining pad before the first person?
5,5,"When using the toilet seat, what should be lifted first?","When using the toilet locking tube, when to remove the seat, what should be given first? What should not be wasted?"
5,5,What object do you need to lift first in order to use the toilet seat?,"What object do you need to do to lift over first in order to use the replacement seat, which is what to place the toilet seat?"
5,5,"In the bedroom, a source of light is necessary for illuminating the room. What object in the room serves this purpose?","In the bedroom, a source of lighting is necessary for illuminating the room. What object in the room serves to equal this purpose?"
5,5,What object do people typically use in a bedroom to provide illumination?,What object do people typically use in a bedroom to describe a resting child: Should object power to provide what they do in illumination?
5,5,What is the object in the bedroom that typically provides light and illuminates the room?,What is the object in the bedroom that describes the bed room? Provides the ideal outer light that typically lightens and illuminates the?
5,5,"In a bedroom, what object would typically serve the purpose of providing illumination for the room?","In a bedroom, what object would typically serve the purpose of providing illumination for the room? What would imply memory of the participant?"
5,5,"In a bedroom, what object provides light to illuminate the room?","In a bedroom, a mirror provides light to illuminate the room. What? In art, define what bright object would contribute to the room?"
5,5,"In a bedroom, what item could be utilized to provide adequate illumination to the space?","In a bedroom, what item is intended to solve illumination, could be utilized to provide adequate extra space to the bed?"
5,5,"When cleaning up the kitchen, what object could be used to reach high places, such as the top of a cabinet or a shelf?","When cleaning up the kitchen, what object could be used to reach high places, such as the top of a cabinet or in a shelf?"
5,5,"When cleaning up the kitchen, what object could be used to reach high places such as the top of a cabinet or a shelf?","When cleaning up the kitchen, what object could be used to reach high places of space such as the top of a cabinet or a shelf?"
5,5,"What object can be used in the kitchen to reach high places, such as the top of a cabinet or a shelf when cleaning?","What object can be used in the kitchen to reach high places in corners, such as the top of a cabinet or a shelf when cleaning?"
5,5,"What is typically used to reach high places, such as the top of a cabinet or shelf, when cleaning up the kitchen?","What is typically used to reach high places, such as the top of a cabinet or shelf, when cleaning up the counter of the kitchen?"
5,5,"When cleaning up the kitchen and trying to reach high areas such as the top of a cabinet or shelf, what is an object that can be utilized?","When cleaning up the kitchen and trying to reach high areas such as the top of a cabinet or shelf, what is an object that can?"
5,5,"During the process of kitchen cleanup, what item could be utilized to reach high places such as the top of a cabinet or shelf?","During the process of kitchen cleanup, what item could be utilized to reach high places such as the top of of a cabinet or shelf?"
5,5,"If someone wanted to travel to a far-off island quickly, what means of transportation in the picture would be suitable for that purpose?","If someone wanted to travel to a far-off island quickly, what means of transportation in the picture would be suitable for that of that purpose?"
5,5,"If someone wanted to travel to a remote island quickly, what mode of transportation in the picture is most appropriate for the journey?","If someone wanted to travel to a remote island in town much quickly, what mode of transportation in the picture is the most appropriate for the journey?"
5,5,Which mode of transportation in the picture would be appropriate for someone who wants to travel to a far-off island quickly?,Which mode of transportation in the picture would be appropriate for someone who wants to allow to travel to a far-off island in advance pretty quickly?
5,5,"Assuming one wanted to travel to a far-off island quickly, what mode of transportation in the picture would be appropriate?","Assuming one wanted to travel to a far-off island on a destination quickly, what mode of transportation in the picture would be appropriate would be?"
5,5,"Looking at the picture, which mode of transportation would be suitable for someone wanting to quickly travel to a far-off island?","Looking at the picture, which mode of transportation would be suitable for someone wanting to quickly travel to the landplace to a far-off island?"
5,5,"As an AI assistant, can you suggest a mode of transportation from the picture that someone could use to travel quickly to a far-off island?","As an AI assistant, can you suggest a mode of transportation from the picture that someone could use to travel quickly to a far-off?"
5,5,Butterflies are attracted to certain types of plants because they provide them with a necessary food source. What part of the plant in the picture is likely to attract butterflies?,Butterflies are attracted to certain types of plants because they provide food. What part of the plant in the picture is likely to attract?
5,5,"When it comes to butterflies, they are often attracted to specific plants that provide them with a vital food source. Based on the picture, what component of the plant is most likely to attract butterflies?","When it comes to butterflies, they provide them with a particular food source. What plant is most likely to attract the particular butter?"
5,5,"In general, butterflies are often drawn to specific plant varieties because they provide them with essential nourishment. In the picture, which part of the plant is most likely to be attractive to butterflies?","In general, butterflies are often considered the ideal plant to attract them to nourishment. Which part of the plant needs butter?"
5,5,Certain plant varieties are known to attract butterflies as they offer a necessary food source. Can you point out which part of the plant in the picture might attract butterflies?,Certain plant varieties are known to attract butterflies as they offer food. Can you point out which part of the plant might attract?
5,5,"Certain types of plants are more attractive to butterflies because they serve as a necessary food source. Based on the picture, what part of the plant is likely to attract these insects?","Certain types of plants are likely to attract butterflies. Based on the picture, what part of the plant serves as these attractants?"
5,5,Certain types of plants can attract butterflies due to their providing a necessary food source. Please help me find what specific part of the plant in the picture is likely to attract butterflies.,Certain types of plants can attract butterflies due to food. Please help me find what particular part of the plant is likely attract food.
5,5,Dogs enjoy exploring new environments and sniffing everything around them. What part of the dog's body is primarily used to sense different scents in the picture?,Dogs enjoy exploring different environments and sniffing everything around them. What part of the dog's body is primarily used to sense pictures?
5,5,"When dogs explore new environments, they often rely heavily on their sense of smell to detect different scents. Which part of the dog's body in the picture is primarily responsible for this task?",When dogs experience different scents to explore their sense of smell. Which part of the dog's body is mostly responsible primarily for this task?
5,5,What part of the dog's body is mainly used to detect different scents in the picture as they explore new environments?,What part of the dog's body is mainly used to detect different scents in the picture as they explore different objects of the new through environments?
5,5,"What part of the dog's body is primarily utilized to sense different scents in the picture, as they enjoy exploring new environments and sniffing their surroundings?","What part of the dog's body is primarily utilized to explore new environments, as they enjoy different scents and sniffing their sense?"
5,5,"Which part of the dog's body is primarily responsible for sensing different scents in the picture, given that dogs enjoy exploring new environments and smelling everything around them?","Which part of the dog's body is responsible for sensing different scents, given that dogs enjoy new environments and exploring everything around them?"
5,5,Horse racing is a popular equestrian sport where jockeys compete against each other to win. What objects in the picture are commonly used as obstacles in horse racing?,Dog racing is a popular equestrian sport where jockeys compete against another. What objects in the picture are commonly used in racing?
5,5,"What objects are commonly used as obstacles in horse racing, according to the picture?","What objects are commonly used as obstacles in race racing? When describing heavy traps as the object for the horse, according to the picture,?"
5,5,"During horse racing competitions, what are some everyday objects that serve as obstacles for the jockeys?","During all horse racing competitions, what are some everyday objects that serve as obstacles for climbers and presents for the jockeys?"
5,5,What are the commonly used obstacles in horse racing that can be seen in the picture?,What are the commonly used long terrain obstacles in horse racing that can be described in the picture? Why what can be the most seen in the?
5,5,What objects used as obstacles could be found in a typical horse racing environment as portrayed in the picture?,What different objects used to produce obstacles in a typical racing environment could be found in a horse racing path as portrayed as seen in the picture?
5,5,"In horse racing, what objects are commonly utilized as obstacles to challenge the jockeys, as shown in the picture?","In horse racing, what objects are commonly utilized as obstacles to challenge the jockeys, as shown in the picture in the record?"
5,5,"If we were at the location shown in the picture and did not consider diving underwater, what area in the picture could we explore further?","If we were at the location shown in the picture and did not consider diving underwater, what area in the picture could we explore for further?"
5,5,Which regions of the picture could we explore further without considering diving underwater?,Which regions of the picture could we explore further further while considering diving?Whose we are wondering the ocean depth of underwater not in investigation?
5,5,"Assuming that we are unable to perform underwater exploration, what particular region of the picture can be further explored?","Assuming that we are unable to perform underwater exploration, which can be further explored, what particular region of the picture can be outgoing?"
5,5,"Suppose you're able to explore the location depicted in the picture, but without considering submerging underwater. What areas might you venture further to explore?","Suppose you are able to explore the area venturing underwater, but you might hardly portray further. Given what dimensions to explore in the picture?"
5,5,Roller skates and skateboards are popular among those who enjoy outdoor activities. What part of the roller skate and skateboard in the picture facilitates movement on the ground?,Roller skates and skateboards are popular among those who enjoy outside activities. What part of the roller skateboard facilits the?
5,5,Which part of the roller skate and skateboard in the picture serves to aid in movement along the ground for those who enjoy outdoor activities?,Which part of the roller skate and skateboard in the picture serves to aid movement along the ground for those who enjoy outdoor activities?
5,5,Roller skates and skateboards are both popular among outdoor enthusiasts. What component(s) of the roller skate and skateboard in the image allow for movement along the ground?,Roller skate and footboards are popular among enthusiasts. What component(s) of the roller skate and outside the wall?
5,5,"For people who enjoy outdoor activities, roller skates and skateboards are popular choices. Please specify which part of the roller skate and skateboard in the picture allows users to move effectively across the ground.","For individuals who enjoy skates and rollerboard, please choose which part of the skates and rollerboard are popular in the navigation environments."
5,5,What component of the roller skate and skateboard in the picture enables movement on the ground?,What the component of the roller skate or skateboard in the picture shows how enables movement of skate and surface on the ground ahead?
5,5,Movement in activities such as roller skating and skateboarding is facilitated by a specific component of the equipment usually used. Which feature of the roller skates and skateboard depicted in the image promotes locomotion on the ground?,Movements like roller skating on the skateboard facilitated a characteristic feature of the equipment and activities depicted by the skater. Which
5,5,"When preserving vegetables such as cucumbers, it is important to store them in a tightly sealed container to maintain their freshness. What object in the picture can be used for this purpose?","When storing vegetables such as cucumbers, it is important to preserve them in a tightly sealed space. What image can be used"
5,5,"When storing vegetables like cucumbers, it is necessary to place them in a tightly sealed container to retain their freshness. Which object present in the picture can be used for this purpose?","When storing vegetables like cucumbers, it is necessary to securely hold them for another use. Which object presented in the image?"
5,5,"When preserving vegetables like cucumbers, what item can be used to keep them fresh by storing them in a tightly sealed container?","When preserving vegetables like cucumbers, what item can be used to keep them fresh by storing them in a tightly covered container?"
5,5,"To keep vegetables such as cucumbers fresh, it's essential to keep them in a well-sealed container. What object in the picture might be employed for that purpose?","To keep cucumbers fresh, it's essential for storing them in a well-informed manner. What object might be like that?"
5,5,"When it comes to preserving vegetables such as cucumbers, it is important to store them in a tightly sealed container to ensure their freshness. Which object present in the picture could be utilized to accomplish this goal?","Before preserving vegetable items such as cucumber, it is crucial to use them in the compartment to achieve this desired goal. What"
5,5,"When trying to preserve vegetables such as cucumbers, what object in the picture would be suitable for keeping them fresh by storing them in a tight, enclosed container?","When trying to preserve vegetables like cucumbers, what object in the picture would be suitable for storing them in a tight, open container?"
5,5,"In rodeo events, riders often use certain equipment to stay on the back of a bull or horse and maintain balance. What in the picture can help a rider stay on the back of a bull during a rodeo?",In frequent events riders can stay on the back of a bull and perform equipment. What in a rodeo helps stay on the bull?
5,5,Riders in rodeo events often utilize certain equipment to maintain balance and stay on the back of horses or bulls. What item in the picture could be used by a rider to stay on the back of a bull during a rodeo?,Rider guests often use the equipment to stay on the back of a horse during bulls. What could be used in a horse or trail?
5,5,What equipment can be used to help a rider stay on the back of a bull or horse and maintain balance during a rodeo event?,What equipment can be used to help a rider stay on the back of a bull or horse and maintain balance during a rodeo ride event?
5,5,"During rodeo events, riders often rely on specific equipment to remain on the back of a bull or horse and maintain their balance. Based on this picture, what items could be utilized to help a rider stay mounted on the back of a bull during rodeo?","During sports, riders rely on other equipment to assist a horse placed on the back of a bull or carry. What could stay on foot?"
5,5,What object in the picture can help a rider stay on the back of a bull or horse and maintain balance during a rodeo event?,What object in the picture can help a rider stay on the back of a bull or horse and maintain balance during a rodeo trail event?
5,5,"During rodeo events, riders typically require specific equipment to maintain their balance and remain on the back of a bull or horse. Based on the picture, could you differentiate what item could help a rodeo rider to stay on the back of a bull?","Based on individual equipment, rideers can vary the items needed to stay on the back of a bull or dominate a bull. Why?"
5,5,The book at the top,The book on the top opens at the top. The book magazine at the top. Here we say: The Rupe anthology combining blood and cutting
5,5,"When playing a bass guitar, what essential part of the instrument do musicians pluck or strum to produce sound?","When playing a bass guitar, which essential part of the instrument do most of musicians pluck or strum to produce sound? What jamoust?"
5,5,Musicians often pluck or strum a particular essential part of the bass guitar when producing sound. What is this critical element?,Musicians often pluck or strum a particular essential part of the bass guitar when playing to produce sound. What is this critical element and reason?
5,5,"When playing a bass guitar, what component of the instrument is critical for musicians to pluck or strum to generate sound?","When playing a bass guitar instrument, what component of the circuit is critical for musicians to pluck or strum to help to generate sound?"
5,5,"When playing a bass guitar, what essential part of the instrument do musicians typically pluck or strum in order to produce sound?","When playing a bass guitar, what essential part of the guitar instrument do musicians typically pluck or strum in order to produce sound to perform?"
5,5,"To produce sound while playing a bass guitar, what part of the instrument typically needs to be plucked or strummed?","To produce the sound of music while playing a bass guitar, what part of the instrument typically needs to be carefully plucked or strummed?"
5,5,What is the essential part of the bass guitar that musicians typically pluck or strum to create sound during a performance?,What is the essential part of the bass guitar of sound that musicians will typically pluck or strum to create a content during a solo performance?
5,5,"When it comes to water sports, people often use various tools to glide on the surface of the water. What item in the picture is designed specifically for this purpose?","When it comes to water sports, people use various tools to glide on the surface of the water. What item in this picture is commonly designed?"
5,5,"When engaging in water sports, individuals frequently use various items to slide or glide along the water's surface. Based on the image, what item appears to be designed specifically for this purpose?","When engaging in water sports, various persons appear to slide closely or independently using the water's surface. What item was designed specifically for this?"
5,5,What object in the picture is specifically designed for gliding on the surface of the water during water sports?,"What object of the picture in the water is specifically designed for gliding on the surface of the water, when matching the surface during motor fire sports?"
5,5,"In water sports, a variety of devices are often employed to glide across the surface of the water. What object in the picture is intended specifically for this use?","In water sports, a variety of devices are often employed to glide across the surface of the water. What object is intended specifically for this use?"
5,5,What item is intended specifically for gliding on the surface of the water in water sports?,"What item is specifically intended for the purpose of gliding on the surface of the water, when does fitting for the water content in ship water sports?"
5,5,What item in the picture is intended for gliding on the surface of the water while participating in various water sports?,What item in the picture is intended for gliding or floating on the surface of the water while participating in the various skill of water sports?
5,5,the reflection of the person in the water,the reflection of what a person believes in the water.sequishing the coarse and the power for the person in the Earth in the water
5,5,"During a tennis match, players often hit the ball with a specific tool. What tool in the picture can be used to hit the ball during a tennis game?","During a tennis match, players often hit the ball with a specific tool. What tool in the picture can be used to hit the ball during tennis?"
5,5,What is the item in this picture that could be utilized to hit the ball during a game of tennis?,What is the item in this picture that is intended to show what could be utilized to hit the ball during the game of a softball tennis?
5,5,"During a tennis match, what equipment in the picture can be utilized to hit the ball?","During a tennis match in the picture, what about the ball? What equipment in the zip can be utilized to be used to hit a ball?"
5,5,"In tennis matches, players typically strike the ball with a specific piece of equipment. What tool in the picture is commonly used to hit the ball during a tennis game?","In tennis matches, players typically hit the ball with a specific piece of equipment. What tool in the picture is commonly used to strike a tennis ball?"
5,5,"When playing a tennis match, what tool in the picture can be utilized to hit the ball?","When playing a tennis ball, what simply tool in the drawing can be utilized in the picture? What match of the reach to hit the ball?"
5,5,"In a game of tennis, what item can be employed to hit the ball?","In a game of tennis, what describes the ability to hit the ball? In play, what item can be used to arrivein a ballot?"
5,5,"If someone in the picture wanted to enjoy a drink without having to pour it themselves, what object could they use to easily take small sips at a time?","If someone in the picture wanted to enjoy a drink without having to pour it, what object could they use to easily take small sips at once?"
5,5,What object could be utilized in the picture to take small sips at a time and enjoy a drink without having to pour it oneself?,What object could be utilized in the picture to take small sips at a time and enjoy a drink without having to pour it oneselfelf?
5,5,What item could someone utilize to take small sips of a drink without having to pour it themselves in the picture?,What item could someone utilize to take small sips of a coffee drink without having to pour it to themselves whoso is extended in the picture?
5,5,"What object is available in the picture that someone could utilize to savor their drink without having to pour it themselves, taking small sips with ease?","What object is available in the picture that someone could utilize to savor their drink without having to pour it, taking small sips with ease?"
5,5,Suppose someone in the picture is seeking to enjoy a drink without having to pour it themselves. What might they utilize in order to readily take small sips of the beverage?,Suppose someone in the picture is seeking to enjoy a drink without having to take it in order. What might they readily utilize tiny sips of?
5,5,"If someone needs to drink a beverage without having to pour it themselves and wants to take small sips, what object in the picture is best suited for this purpose?","If someone needs to drink a beverage and wants to pour it without having to take small pits, what object in the photograph is suited?"
5,5,Dogs often use their sense of smell and sharp eyesight to interact with the world around them. What part of the dog's body in the picture is associated with its strong sense of smell?,Dog people often use their sense of smell and strong eyes around them. What part of the body in the picture is associated with its smell?
5,5,"When interacting with the world around them, dogs typically rely on their sense of smell and sharp eyesight. In the picture, which part of the dog's body is associated with its strong sense of smell?","When interacting with dogs, dogs rely on a broad sense of their sight and smell. Which part of the body is associated with the sight?"
5,5,"What part of a dog's body is typically associated with its strong sense of smell, given that dogs usually rely on their keen sense of smell and sharp vision to interact with the surrounding environment?","What part of the dog's inner body is concerned with their sense of smell, given dogs typically rely on their keen smell and atmosphere?"
5,5,"What part of a dog's body in the picture is primarily associated with its strong sense of smell, which they often utilize to interact with their surroundings?","What part of a dog's body in the picture is primarily associated with their strong sense of smell, which they often utilize to interact?"
5,5,"Which part of the dog’s body in the picture is generally associated with its strong sense of smell, which is frequently employed in their sensory interaction with the surrounding environment?","Which part of the dog's body in the picture is often employed with its sense of smell, which is associated with their sensory interaction?"
5,5,"In dogs, which part of their body is typically associated with their keen sense of smell, which aids in their interactions with the world around them in the picture?","In dogs, which part of their body is typically concerned with their sense of smell, which aids in their interactions around them in the picture?"
5,5,"In modern cuisine, food decoration can also bring a different dining experience. What food in the picture is most likely to be used for decoration?","In modern dining, food decoration can also bring a different cuisine. What food in the picture is likely to be used for decor?"
5,5,"In modern cuisine, culinary art has been embraced, and food decoration can significantly enhance the dining experience. Which food in the picture is likely to be used for decoration?","In modern culinary art, food decoration is likely to be embraced, and what food in the picture can enhance the dining experience"
5,5,"In modern cuisine, decorating the culinary arts can often create a distinctive dining experience. Based on the picture, what food item might be utilized for this purpose?","In modern culinary arts, decorating the cuisine can often create a distinct dining experience. Based on what item might be utilized?"
5,5,"In modern cuisine, decorating food is a popular method to create a unique dining experience. Which food item in the picture is most likely to be used for such decoration?","In modern cuisine, decorating is a popular food method. Which food item in the picture is likely to be used for such unique experience?"
5,5,"In modern cuisine, food decoration plays an important role in enhancing the dining experience. Based on the picture, which food item is most likely to be used for decoration purposes?","Modern cuisine plays an important role in the decoration experience. Based on food, which food item is likely to be used in dining?"
5,5,"In modern cuisine, dishes are often decorated to create a distinct and aesthetically pleasing dining experience. Based on the picture, what food item is most likely to be utilized for decoration purposes?","Based on food decoration, individual dishes are most conceivably to be used for a distinct and dramatic experience. What is a menu?"
5,5,"In many cultures, a quilt with a star pattern is considered a significant symbol. What can be seen in the picture that represents this symbol?","In many cultures, a quilt with a star pattern is considered a significant symbol. What can be seen in the picture that represents this symbol?"
5,5,Which item in the image is representative of the significant symbol of a star pattern quilt seen in many cultures?,"Which item in the picture is a significant symbol of the image of the star pattern quilt, shown in a universal creature characteristic to many cultures?"
5,5,What symbol related to star patterns can be observed in the picture which holds significance in numerous cultures?,What symbol which holds the significance in the picture concerning certain star patterns is related to dance spectra which can be observed in history in many cultures?
5,5,What pattern can be seen in the picture that represents the significant star symbol often found in many cultures?,What pattern can be seen in the picture that represents the significant star symbol often found in the painting symbol: what is often observable in many cultures?
5,5,"In many cultures, a quilt with a star pattern is regarded as an important symbol. What can be observed in the image that signifies this emblem?","In many cultures, a quilt with the star pattern is regarded as an important symbol. What can be observed in this image that signifies?"
5,5,"In many cultures, a quilt with a star pattern represents a significant symbol. What can be observed in the picture that embodies this symbol?","In many cultures, a quilt with a star pattern represents a significant symbol. What can be observed in the picture that embodies this?"
5,5,the more advanced aircraft,"The newest of all advanced advanced aircraft. Â¸. the more advanced advanced technology to align gravity testing facilities in space, the more skilled"
5,5,"When objects are left in water for a long time, they can often deteriorate or be damaged. What in the picture is an example of an object that has been affected by this process?","When objects are left in water for a long time, they often deter or have been damaged. What is an example of this the object?"
5,5,Could you please identify the object in the picture that exhibits signs of deterioration or damage as a result of prolonged exposure to water?,Could you please identify the object in the picture that exhibits signs of deterioration or damage as a result of prolonged exposure water?
5,5,"What can be an example of an object that may deteriorate or get damaged after being left in water for a long period of time, based on the observation in the picture?","What could be an example of an object that may deteriorate or stay damaged in water after a long time, based on the observation?"
5,5,"Over time, various objects may deteriorate or become damaged when submerged in water. Could you identify an item in the picture that exemplifies this phenomenon?","Over time, various objects may deteriorate when damaged or fallen in water. Could you identify an item which exemplifies this phenomenon?"
5,5,Could you identify an object in the picture that has likely been deteriorated or damaged due to being left in the water for an extended period of time?,Could you identify an object in the picture that has likely been deteriorated or damaged due to being left in the water for extended time?
5,5,Could you please help me identify an object in the picture that exemplifies the consequences of leaving objects submerged in water for extended periods of time?,Could you please help me identify an object in the picture that exemplifies the consequences of leaving objects submerged in water for extended periods of time?
5,5,Imagine we are attending a car show featuring various automobile models. What object in the picture could provide shade and protection from the sun during the event?,Imagine we are attending a car show featuring various automobile models. What object in the picture could provide shade and protection during the event?
5,5,"Assuming that we are attending a car show featuring various automobile models, what object in the picture could act as a source of shade and provide protection against direct sunlight during the event?","Assuming that we are attending a car show featuring various models, what object in the picture could act as a source of sunlight against the event?"
5,5,Suppose we are attending a car show featuring various automobile models. What part of the picture could be utilized to provide shade and protect individuals from the sun during the event?,Suppose we are attending a car show featuring various vehicle models. What part of the picture could be utilized to protect the sun and entertain individuals?
5,5,"If we're attending a car show featuring various automobile models, which object in the picture could provide shade and protection from the sun during the event?","If we're attending a car show featuring various automobile models, which object in the picture could provide shade and protection during the event?"
5,5,"At a car show featuring various automobile models, which object in the picture could be utilized to provide shade and protection from the sun?","At a car show featuring various automobile models, which object in the picture could be utilized to provide shade and protection from the the sun?"
5,5,"During a car show featuring a variety of automobile models, what item in the picture could provide shade and protection from the sun for visitors in attendance?","During a car show featuring a variety of automobile models, what item in the picture could provide shade from the sun for visitors and attendance?"
5,5,Graduation is a significant milestone in one's education. What in the picture could be worn by someone to signify their achievement during the graduation ceremony?,Graduation is a milestone in one's education. What in the picture could be worn to signify their achievement during the ceremony?
5,5,What symbolic item typically worn by individuals signifies their achievement during a graduation ceremony in the picture?,What symbolic item typically worn by individuals to qualify during their personal achievement signifies the difference following a graduation ceremony ceremony in the picture?
5,5,A graduation ceremony often involves wearing a special item to symbolize the graduation achievement. What object(s) in the picture could be worn to signify this achievement?,A graduation ceremony often involves wearing the item to represent the graduation achievement. What object(s) could symbolize this achievement?
5,5,"What can be worn by someone to signify their academic achievement during a graduation ceremony, based on the image provided?","What can be worn by someone to signify their academic achievement during a graduation ceremony, as based on the image of the client displayed provided?"
5,5,"During a graduation ceremony, it is common to see individuals wearing a certain item to symbolize their educational achievements. Based on the image provided, what item would that be?","During graduation ceremony, it is common to see individuals wearing a picture to symbolize their educational achievements. Based on what the item would?"
5,5,the area that displays the time,the area that theorizes the time that displays the time frame. Description. It shows that all the time that delivers the estimated time overter
5,5,the engines for this plane,the ions for this plane. We have all engines for this website.engine engines for the planar for solving exactly how the aircraft for the moon
5,5,the objects that can tell people the time,the objects that can tell the time and tell the time: Something that. describes the hard objects that can tell people the objects that are planning the time
5,5,"When traveling by train, we often encounter obstacles such as rivers or valleys. What infrastructure in the picture helps the train cross over these obstacles?","When traveling by train, we often encounter obstacles such as rivers or valleys. What infrastructure in the picture helps cross these obstacles?"
5,5,"When trains are traveling, obstacles such as rivers or valleys can sometimes obstruct their path. What infrastructure present in the picture helps trains move across these barriers?","When trains are inhabited, roads or rivers like these can sometimes traverse their path. What obstacles help us see transportation within the barriers?"
5,5,"When traveling by train, it's common to encounter obstacles such as rivers or valleys. Which infrastructure in the picture helps the train traverse these obstacles?","When traveling by train, it's common to encounter obstacles like rivers or valleys. Which infrastructure in the picture helps the train?"
5,5,"When traveling by train, crossing obstacles such as rivers or valleys can be challenging. What crucial infrastructure is depicted in the picture that aids trains in overcoming these obstacles?","When traveling, buildings like trains can be covered by obstacles. What crucial picture in the route that aids crossing over these obstacles?"
5,5,"What infrastructure is used to help trains cross over obstacles like rivers and valleys, as is often encountered when traveling via train?","What infrastructure is used to help trains cross over obstacles like rivers and valleys, as is often encountered when traveling through land via train?"
5,5,"Suppose a train is traveling along its route, and encounters an obstacle like a river or valley. What feature appears in the picture that helps the train to navigate these challenges?","Suppose the train is encountering along a river or route, and behaves like an obstacle. What feature in the picture that helps its routes?"
5,5,"Fishing can be an enjoyable activity for many people, but sometimes it can be difficult to catch fish. What body part in the picture is essential for catching fish?","Fishing can be an enjoyable activity for many people, but sometimes it can catch fish. What body in the picture is essential for catching?"
5,5,"When fishing, certain body parts can be critical for catching fish. Can you identify the part of the body in the picture that is vital for catching fish?","When catching fish, certain body parts can be critical for fishing. Can you identify the part of the body in the picture that is vital?"
5,5,"In the context of fishing, which part of the body is really important for catching fish, according to the picture?","In the context of fishing, which part of the body is really important for catching fish, according to the picture, whilst the story?"
5,5,"When fishing, what part of the human body is considered crucial for catching fish, as per the picture provided?","When fishing, what part of the human body is considered crucial for catching fish, following fishermy, as per the picture provided?"
5,5,"When fishing, some essential body parts can be used to catch fish. Which body part shown in the picture is critical to catching fish?","When fishing, some critical body parts can be used to catching fish. Which body part shown in the picture is essential to catching fish?"
5,5,"Which part of the body is typically essential for catching fish, in the context of fishing, as displayed in the picture or scene?","Which part of the body is typically essential for catching fish, in the context of fishing, as displayed in the picture, sight or scene?"
5,5,Dogs need to be restrained while walking in public places to ensure their safety. What in the picture is used to restrain the dog and keep it from wandering off?,Dogs need to be restrained while walking in public places to ensure their safety. What in the picture is used to restrain the dog off?
5,5,What in the picture is used to restrain the dog and prevent it from wandering off when walking in public areas?,What in the picture is used to restrain the dog and prevent it from wandering off when walking and other signs from driving in the public areas?
5,5,"What item is used to restrain a dog and prevent it from wandering off while walking in public places, which helps ensure its safety?","What item is used to restrain a dog and prevent it from wandering off while walking on in public places, which helps to ensure its safety?"
5,5,What object in the picture is designed to restrain dogs and keep them from wandering off while walking in public places to ensure their safety?,What object in the picture is designed to restrain dogs and keep them from wandering off while walking in public places to ensure their safety for life?
5,5,"What is used to restrain and prevent a dog from wandering off while walking in public places, based on the picture?","What is used to restrain and prevent a dog from wandering off while walking and walking in public places, based on what signs of the picture?"
5,5,What in the picture is used to keep a dog from wandering off and restrain it while walking in public places to ensure its safety?,What in the picture is used to keep a dog from wandering off and restrain it while walking in public places to ensure its safety for health?
5,5,"Where would you keep your clothing like shirts, pants, and dresses if you are in your bedroom?","Where would you keep your clothing like shirts, pants, bras, and dresses if you are when you in your bedroom?"
5,5,"If you were in a bedroom, where would you store your clothing items such as shirts, pants, and dresses?","If you were in a bedroom, where would you store your clothing items such as dressed shirts, pants, and dresses?"
5,5,"Suppose you are in your bedroom, where would you typically store clothing items such as shirts, pants, and dresses?","Suppose you are in your bedroom, where would you typically store clothing items such as including shirts, pants, and dresses?"
5,5,"In a bedroom, where would you typically store your clothes, such as shirts, pants, and dresses?","In a bedroom, where would you typically look to store your clothes, such as pants, shirts, clothes, and dresses?"
5,5,"If you were inside your bedroom and wanted to store your clothes such as shirts, pants, and dresses, where would you place them?","If you were inside your bedroom and wanted to store your clothes such as shirts, pants, and dresses, where would them?"
5,5,"When shopping in a supermarket, we often see rows of products neatly arranged for customers. What part in the picture represents the area where the products are displayed?","When shopping in a supermarket, we often see rows of products neatly arranged for customers. What part in the picture represents where the products?"
5,5,"When shopping in a supermarket, what section of the picture represents the area where the products are displayed in neat rows for customers to browse and select from?","When shopping in a supermarket, what section of the picture represents the area where the products are displayed in neat rows for customers to browse?"
5,5,"When shopping in a supermarket, what area of the picture represents the region where products are being displayed for customers to peruse and select?","When shopping in a supermarket, what area of the picture represents the region where products are being displayed for customers to peruse and select for?"
5,5,"When shopping at a supermarket, rows of neatly-organized goods are commonly displayed for customers to browse. In this picture, which part represents the area where products would likely be on display?","Within shopping, boxes of well-organized goods are reserved for the area where a customer most commonly appears. Could this picture be on display?"
5,5,"When shopping in a supermarket, rows of products are often arranged neatly for customers. Can you identify the part of the picture that depicts the area where these products might be displayed?","When shopping in a restaurant, boxes are often arranged for customers. Can you identify the part of the picture that depicted where these items are?"
5,5,"In supermarkets, products are usually arranged in an orderly manner for customers. Can you help me find the area where the products are displayed in this picture?","In supermarkets, products are usually arranged in an orderly manner for my customers. Can you help find the area where the products are displayed?"
5,5,the bird that has caught prey,the one that has finally caught the bird in the shadow of prey. dorkyhey: The bird that has derived eggs over and fresh
5,5,"In a formal event, an important person may make an appearance on a grand staircase. What part of the picture suggests the presence of a grand staircase that leads to a higher level?","On a grand event, a person may suggest an appearance of a grand staircase. What the other staircase leads to a deep level?"
5,5,"What component of the picture suggests that there may be a grand staircase present, which a dignitary or VIP may traverse during a formal event?","What component of the picture suggests that there may be a staircase present, which a dignorial or VIP may traverse during a formal event?"
5,5,"What part of the picture indicates the presence of a grand staircase leading to a higher level, in the context of a formal event where an important person may make an appearance?","What part of the picture indicates the presence of a grand staircase, in the context of an important event where a person may make an appearance?"
5,5,"Please find the part of the picture that suggests the presence of a grand staircase that leads to a higher level, as an important person may make an appearance on such a staircase during a formal event.","Please consider the presence of a related staircase, because the person leads to such an event that makes a significant appearance on a formal stair."
5,5,"Please identify the area of the picture that suggests the presence of a grand staircase used for formal events, which leads to a higher level.","Please identify the area of the picture that suggests the presence of a grand staircase used for formal events, which leads to a higher higher level."
5,5,"What part of the picture indicates the presence of a grand staircase that leads to a higher level, which could be utilized during a formal event by an important person while making their appearance?","What part of the picture indicates a formal staircase, which could be utilized by someone during the main appearance that leads to a stronger level?"
5,5,"Among the decorative items made of small colorful beads, which accessory in the picture can be worn on the wrist as an accessory?","Among the decorative items made of small colorful beads, which accessory in the picture can be worn on the wrist as an access?"
5,5,"What piece of accessory among the small, colorful bead decorations in the image can be worn as a wrist ornament?","What piece of accessory among the small, colorful bead decorations in the image can be worn to suit as a wrist ornament?"
5,5,"Among the decorative items made of small colorful beads shown in the picture, which item can be worn on the wrist as an accessory?","Among the decorative items made of small colorful beads shown in the picture, which item can be worn on the wrist as accessory?"
5,5,"Among the decorative items made of small colorful beads, which one in the picture can be worn as an accessory on the wrist?","Among the decorative items made of small colorful beads, which one in the picture can be worn as an accessory on the wrist?"
5,5,Imagine a winter scene where a person is sledding and being pulled by a dog through the snow. What object could the person attach to the dog to control its movement during the sledding activity?,Imagine a bag where a person is sledding to the dog and move through its snow. What person could force the dog during the activity?
5,5,"In this winter scene, where a person is sledding and being pulled by a dog through the snow, what item could the person utilize to regulate the dog's movement during the sledding activity?","During this winter scene, where a person is sledding and moving through the dog, what could the person utilize to reg the dog activity?"
5,5,"In a winter scenario where a person is sledding and being pulled through the snow by a dog, what object might the person attach to the dog to control its movements during the sledding activity?","On a scenario where a person is sledding through the snow and forced by the dog, what person might attach its objects to the dog activity?"
5,5,"During a national celebration, what part of the picture can be raised to symbolize the country and its values?","During a national celebration, what part of the picture can be raised to symbolize the reality of the country and its values that can sign people?"
5,5,"In the context of a national celebration, which object could be raised in the picture to symbolize the country and its values?","In the context of a national celebration, which object could be raised in the picture in the name to symbolize the country and its community values?"
5,5,"During a national celebration, which part of the picture could be raised to symbolize the country and its values?","During a national celebration, which is true, which part of the picture of the country could be raised to symbolize the picture and its values?"
5,5,"During a national celebration, what part of the picture might be raised to symbolize the country and its values?","During a national celebration, what part of the picture might be raised, making it known to symbolize the country and its values to the community?"
5,5,What item or element in the picture could be raised as a symbol of the nation and its values during a national celebration?,What item or element in the picture could be raised as a symbol of the nation and its values and represents the moment during a national religious celebration?
5,5,"In the context of a national celebration, what aspect of the picture could be lifted as a symbol of the country and its values?","In the context of a national political celebration, what aspect of the picture could be lifted as a symbol of the country and the of its values?"
5,5,People often say that a genuine smile can brighten up a person's face. What facial feature in the picture could indicate whether or not the person is smiling?,People often say that a facial smile can brighten up a person's face. What genuine feature in the picture indicates whether or not?
5,5,People often mention a real smile can illuminate an individual's face. What facial feature in the given picture might indicate if the person is smiling?,People often mention a real smile can illuminate an individual's face. What facial feature in the given picture might indicate if the person looks?
5,5,"Please identify the facial feature in the picture that could indicate whether or not the person is smiling, as people often claim that a sincere smile can light up one's face.","Please identify the facial picture that could indicate whether or not one's smile is appearing, as people often light up a sincere face."
5,5,"How can one determine whether or not a person is smiling, based on their facial features in the picture?","How can one determine whether or not a person is smiling, based on the reason they feel their facial features in the picture in a face?"
5,5,"What feature of the person's face in the picture could suggest whether or not they're smiling, given the common belief that a genuine smile can brighten up a person's face?","What genuine picture of a person's smile could show up, given the belief that whether the person's smile is common in the face?"
5,5,"What facial feature in the picture reveals whether or not a person is smiling, given that a genuine smile can light up one's face?","What facial feature in the picture reveals whether or not a person is smiling, given that a genuine smile can light up one face?"
5,5,the container that is being held by a person and is about to pour liquid,the liquid that is being held by a person and is about to store a second Material. container that is about and would be designed to pourer dust
5,5,You are in a room that does not have much natural light. What object can be turned on to brighten up the room?,You are in a room that does not have much natural light. What object can be turned on to brighten up the room as the finished room?
5,5,"If you find yourself in a room with little natural light, which object can be turned on to increase the illumination levels in the room?","If you find yourself in a room with little natural light, which object can be turned on to increase the illumination levels in the the room?"
5,5,"If you are in a room with low natural light, what can be turned on to illuminate the space?","If you are in a room with a low dark light, what can be turned on to illuminate the space? What can be natural to space?"
5,5,What object could you turn on to illuminate a dimly-lit room that lacks adequate natural light?,What object could you turn on to illuminate a dim-lit room that lacks a natural setting of adequately-lowed light?
5,5,"If you are in a poorly lit room, what item can you switch on to illuminate the space?","If you are in a poorly lit space, what can you switch on to your home? What item can be fine to illuminate the light?"
5,5,"People love to play indoor table tennis for leisure, usually in the living room. What kind of furniture is needed to play this game?","People love to play indoor table tennis for leisure, usually in the living room. What kind of furniture is needed to play this?"
5,5,What kind of furniture is needed to play a game of indoor table tennis in the living room for leisure?,What kind of furniture is needed to play a game of indoor table tennis in the living room for the play over floor in leisure?
5,5,"To play table tennis indoors, what type of furniture is typically required?","To play table tennis indoors, which type of furniture is typically required? On our table, what size flooring is normally functional?"
5,5,What type of furniture is required to play indoor table tennis in the living room for leisure?,What type of furniture is required to play healthy indoor table tennis on the floor in the living room for leisure? In play?
5,5,"To play table tennis indoors for leisure, what furniture is usually required?","To play table tennis indoors indoor for leisure, what fitment requires? On the map what furniture is normally usually learned?"
5,5,"To play indoor table tennis for leisure, what kind of furniture would be required?","To play indoor table tennis for indoor leisure, what kind of fitment would be required? How much of home furniture will?"
5,5,Lavender is often used for its pleasant fragrance and can be found in various products such as soaps and essential oils. What object in the picture is likely to produce this fragrance?,Lavender is often used in various fragrances and can be seen to produce this pleasant fragrance. What object is in its oils?
5,5,"What might be the object present in the picture that is likely to produce the pleasant scent of lavender, which is commonly utilized in various products like soap and essential oils?","What might be the picture that is likely to produce various objects like lavender, which is common utilized in the scent of essential oils?"
5,5,"What object in the picture would likely produce the pleasant fragrance of lavender, which is commonly utilized in a range of products, including essential oils and soap?","What object in the picture would likely produce the lavender, which is frequently utilized in a variety of products, including essential oils and soap?"
5,5,"What in the picture might produce the pleasant fragrance typically associated with lavender, which is often used in various personal hygiene products?","What in the picture might produce the pleasant fragrance typically associated with lavender, which is often used in various various personal hygiene products?"
5,5,"What object in the picture is likely to produce the pleasant fragrance of Lavender, which is commonly used in various products such as soaps and essential oils?","What object in the picture is likely to produce the pleasant fragrance of Lavender, which is commonly used in products such as essential oils?"
5,5,What furniture in a room can provide illumination for people's reading or work at night?,"What furniture at home in a room can provide thoughtful illumination for people's work, reading or for people with paint at night?"
5,5,Which piece of furniture in a room could offer illumination to people who wish to read or work at night?,Which piece of furniture in a room with sleepout could offer illumination to people who would wish to read or speak to work at night?
5,5,Which type of furniture present in a room can provide light for people who are working or reading at night?,"Which type of furniture present in the floor in a room can provide working light for people who are looking, reading or who can sleep at night?"
5,5,What type of furniture in a room can serve to provide lighting for people's reading or work at night?,What type of furniture in the interior of a room can serve to provide lighting for people's work or work when reading for at night?
5,5,What furniture in a room can offer illumination when individuals are reading or working at night?,What furniture in a room can offer illumination when working in bed at night can offer relieves for individuals who are reading or doing work?
5,5,"In hotel rooms, what object can often be found hanging on the wall as a decorative item?","In hotel hotel rooms, what object can be hidden: which pattern is often found hanging on the wall as a decorative item toy?"
5,5,What is a common decorative item that can be found hanging on the wall in hotel rooms?,What is a common decorative item that can be found hanging on the wall in hotel rooms: What is the best decor that lost houses?
5,5,What can often be found hanging on the wall as a decorative item in hotel rooms?,What can often be found when hanging on the hanging wall as a decorative item in a hotel room? What is best for decorators?
5,5,What item is typically found hanging on the wall as a decorative piece in hotel rooms?,What item is typically found hanging on the wall as a decorative piece for wall lights on the floor? Although what is present in hotel rooms?
5,5,"Wall decorations can be utilized in many places, including hotel rooms. What type of decorative object might be frequently located hanging on the wall in a hotel room?","Wall decorations can be utilized in many places, including hotel rooms. What type of decorative object might be frequently located on the hotel wall?"
5,5,"In hotels rooms, what can sometimes function as a decorative item and be found hanging on the walls?","In hotels in architecture, what can function as a decorative item and sometimes be found as a simple caresses hanging them on the wall?"
5,5,something used for lifting the loudspeaker box,something used for lifting the old scale for the loudspeaker box Simple sentence 2. that tells what about lifting a speakerspeaker pipe
5,5,the food with high vitamin,"the food and plant with high high quality food all the key to Thought. that with the dipping of high calcium, vitamin gluten"
5,5,"When editing photos on a computer, it is important to have a clear and detailed view of the image. What object in the picture could be used for this purpose?","When editing photos on a computer, it is important to have a clear and detailed view of the image. What object could be used for this purpose?"
5,5,"When editing photos on a computer, it is crucial to have a clear and detailed view of the image. What in the picture could be utilized for this purpose?","When editing photos on a computer, it is crucial to have a clear and detailed view of the image. What in the picture could be util?"
5,5,"When editing photos on a computer, having a clear and detailed view of the image is crucial. What object in the picture can aid in achieving this goal?","When editing photos on a computer, having a clear and detailed view of the picture is crucial. What object in the image can aid this goal?"
5,5,"When editing photos on a computer, having a clear and detailed view of the image is crucial. What object in the picture could be utilized for this purpose?","When editing photos on a computer, having a clear and detailed view of the image is crucial. What object could be utilized for this purpose?"
5,5,"When editing photos on a computer, having a clear and detailed view of the image is important. What object in the picture could potentially be utilized for this purpose?","When editing pictures on a computer, having a clear and detailed view of the image is important. What object could potentially be utilized for this purpose?"
5,5,"When editing photos on a computer, having a clear and highly detailed view of the image is crucial. What item in the picture could be utilized to accomplish this goal?","When editing photos on a computer, having a clear and detailed view of the image is crucial. What item in the picture could be possessed this?"
5,5,What object is usually attached to the wall next to the bed and provides convenient lighting for reading a book before sleep?,What object is usually attached to the wall next to the bed surrounding the bed and provides convenient lighting for reading a book before sleep or what to?
5,5,What is the object that is typically mounted on the wall near a bed and provides convenient lighting for reading before going to sleep?,What is the object that is typically mounted on a wall near the bed and provides convenient lighting for reading from the door before going to sleep sleep?
5,5,"What object is typically attached to the wall next to the bed, and provides convenient lighting for reading a book before sleep?","What object is typically attached to the wall next to the rest of bed, and provides convenient lighting for reading a book about the door before sleep?"
5,5,What object is commonly mounted on the wall next to a bed to provide convenient lighting for reading before sleep?,What object is commonly mounted on a flat wall next to the bed to provide convenient lighting for teeth to guide reading from the first sleep before sleep?
5,5,What is the object that is commonly attached to the wall next to the bed and provides convenient lighting for reading before falling asleep?,What is the object that is commonly attached to the wall next to the bed and provides convenient lighting for reading the wind before falling from asleep?
5,5,What kind of object is typically attached to the wall next to a bed that provides convenient light for reading before sleep?,What kind of object is typically attached to the wall next to a bed near the bed that provides convenient light for reading what to form prior to sleep?
5,5,something that helps the animal trainer move quickly on water,Something that helps the trainer brainstorm hard on the move. for what a water trainer employee says she helped drive things quickly on animal water
5,5,the people most like judges,the aims for the most of all judges and judges. More like Wikipedia. how people are like us judging people who respond uncount
5,5,"In cold weather, people often gather around a certain area to keep warm. What object in the picture can provide heat and be used for this purpose?","In cold weather, people often gather around a certain area to keep warm. What object in the picture can provide heat and be used for this purpose?"
5,5,"During cold weather, people often gather around a specific area to stay warm. What object in the picture can be utilized for this purpose and provide heat?","During cold weather, people often gather around a specific area to stay warm. What object in the picture can be utilized for this purpose and heat?"
5,5,"During cold weather, people often converge around a particular space to stay warm. What object in the picture can provide heat and serve this purpose?","During cold weather, people often converge around a particular space to stay warm. What object in the picture can provide heat and serve up this purpose?"
5,5,What object in the picture is capable of providing heat and could be used as a heat source in cold weather for people to gather around and warm up?,What object in the picture is capable of providing heat and could be used as a heat source in cold weather for people to gather around and warm up?
5,5,What do people use to input letters and commands when using a computer?,What do you think people use to input letters and commands when sending and using data? What is the normal hand when using a computer to access computers.
5,5,What is the common tool or device used for people to input letters and commands when using a computer?,What is the basic tool or device that is used for inputting letters and commands for remote users and when asked what a computer means when using a?
5,5,What tool do people typically use to input letters and commands when working on a computer?,What simple tool do people typically use to input and output letters and commands when working on a computer? What data indicates when a speaker does to work?
5,5,What is the common way that people use to input letters and commands when operating a computer?,What is the common way that most people use to input written letters and commands when operating a computer? Is the way to communicate processes when a user?
5,5,What is the tool or device that people typically use for inputting letters and commands when using a computer?,What is the tool or device that people are typically using for inputting letters and commands when writing a transmitter that always commands when using a computer?
5,5,Where would one usually keep clothes or personal items such as eyeglasses within arm's reach while resting on a bed?,Where would one usually keep clothes or personal items such as eyeglasses within arm's reach while resting to pocket on a bed?
5,5,"During rest, where would one typically keep their clothes or personal items like eyeglasses that are within arm's reach while on a bed?","During rest, where would one typically keep their clothes or personal items like eyeglasses that are within arm's reach while on bed?"
5,5,"When resting on a bed, where is the convenient location to store personal items such as glasses and clothes within arm's reach?","When resting on a bed, where is the convenient location to store personal items such as glasses and clothes in storage within arm's reach?"
5,5,"Where would someone typically keep their clothing or personal items, such as eyeglasses, within reach while resting on a bed?","Where would someone typically keep their clothing or personal items, such as eyeglasses, within reach while resting to on a bed?"
5,5,"While resting on a bed, where could someone typically keep their clothes or personal belongings, such as eyeglasses, within an arm's reach?","While resting on a bed, where could someone typically keep personal belongings, such as arms or eyeglasses, within their reach?"
5,5,"While resting on a bed, where would people typically keep their clothes or personal items, such as eyeglasses, within arm's reach?","While resting on a bed, where would people typically keep their personal items, such as clothes or eyeglasses, within arm reach?"
5,5,"When watching a movie or playing video games, it is common to use external devices to enhance the viewing experience. What part of the picture can be used as an external device to display visual content?","When watching movie or video games, it is common to use external devices to enhance the viewing experience. What part of an external display can?"
5,5,"When watching a movie or playing video games, people often use external devices to enhance the viewing experience. What object in the picture could be used as an external device to display visual content?","When watching movie or video games, people use an external device to enhance visual experience. What object in the picture could be used as a displaying?"
5,5,"During a movie or gaming session, it is common to use external devices to upgrade the viewing experience. What part of the picture can be employed as an external device to showcase visual content?",During movie or gaming sessions it is common to augment the viewing experience. What part of the device can be used to display an external picture?
5,5,"In order to enhance the viewing experience when watching a movie or playing video games, people typically use external devices. What part of the picture can be utilized as an external device for displaying visual content?","To enhance the viewing experience when watching video or watching movie games, people typically use external devices. What can be used as an external device?"
5,5,What part of the picture could be utilized as an external device to provide an enhanced visual viewing experience while watching a movie or playing video games?,What part of the picture could be utilized as an external device to provide an enhanced visual viewing experience while watching a movie or playing games?
5,5,"When watching a movie or playing video games, an external device is often used to enhance the viewing experience. Based on the picture you are looking at, which object or part of the image can be used as an external device to display visual content?","Based on video games, an external device is often used as a viewing experience. What object or the device you can enjoy to display your image?"
5,5,"During sailing on water, controlling the speed of a sailboat requires adjusting the sails. What part of the sailboat should be adjusted if you need to change the boat speed?","During adjusting the speed of a sailboat, what part of the sailboat must be adjusted if you need to switch the water?"
5,5,"If you're sailing on the water and need to adjust the boat's speed, what specific part of the sailboat should be altered to do so?","If you're sailing and need to adjust the boat speed, what specific part of the sailboat should be altered to do so?"
5,5,"To control the speed of a sailboat while sailing on water, which part of the sailboat should be modified by adjusting the sails?","To control the speed of a sailboat while sailing on water, which part of the boat should be modified by adjusting the sails?"
5,5,"When sailing on water, adjusting the sails is necessary for controlling the speed of a sailboat. What component of the sailboat should be adjusted to alter the speed of the sailboat?","When resting on a sailboat, what component of the sailboats must be necessary for adjusting the speed of the sailboat?"
5,5,"When sailing on water, the speed of a sailboat can be controlled by adjusting the sails. What part of the sailboat should be adjusted to change the boat speed?","When sailing, the speed of water can be adjusted by changing the boats. What part of a sailboat should adjust on the speed?"
5,5,"To adjust the speed of a sailboat while sailing on water, what component should be altered, requiring the adjustment of the sails?","To adjust the speed of a sailboat while sailing on water, what component should be adjusted, requiring the alterment of the sails"
5,5,"When preparing a meal, it is common to serve various dishes and beverages. Which item in the picture would likely be used to pour drinks such as water or juice?","When preparing the meal, it is common to drink various dishes or beverages. Which item would be used to include juice?"
5,5,"When serving a meal, various dishes and beverages are often offered. What item in the picture would most likely be utilized for pouring beverages such as water or juice?","When serving meals, various beverages are often offered. What item in the picture would likely be utilized for dishes such as water?"
5,5,"When serving a meal, it is common to offer various dishes and beverages. What object in the picture could be utilized to pour beverages such as juice or water?","When serving a meal, it is common to pour beverages or dishes. What object in the picture could be utilised including wine?"
5,5,Which item in the picture would most probably be utilized to pour beverages such as water or juice while serving various dishes in a meal?,Which item in the picture would most probably be utilized to pour various beverages such as water or juice while serving in a meal?
5,5,"When serving a meal, multiple dishes and beverages are typically offered. Which object in the picture could be utilized for pouring drinks such as water or juice?","When serving meals, multiple drinks or beverages are typically offered. Which object in the picture could be utilized for pouring water?"
5,5,"During meal preparation, it is common to serve various dishes and beverages. What item in the picture is most likely used to pour drinks like water or juice?","During meal preparation, it is common to serve various dishes and beverages. What item in the picture is likely used like water?"
5,5,What object do we store food in when we need to keep it fresh for a longer period of time?,What object do we store food in when we need to keep it fresh for a longer time period of time: What time food is needed to us?
5,5,What is the object that is commonly used to store food when it needs to be kept fresh for an extended period of time?,What is the object that is commonly used to store food for fluid when it is where it needs to be kept fresh for a extended period of time?
5,5,What is the object used for storing food when we need to ensure its freshness for an extended period of time?,What is the object used for storing food for its freshness? When we need to ensure that its stored content for an extended period of time period?
5,5,What is the object typically used to store food when it needs to be kept fresh for a longer period of time?,What is the object that is typically used to store food fresh when stored for a longer period of time? When it needs to be kept just before?
5,5,What object is commonly used to store food in order to ensure its freshness for a longer period of time?,What object is commonly used to store food in order to ensure its physical freshness for a longer period of time in order to keep it longer value?
5,5,"In ancient times, people used to store valuable items or even ashes of the deceased in containers that were beautifully decorated. What objects in the picture could have been used for this purpose?","In ancient times, people used to store objects or items of the deceased for this purpose. What containers that could have been especially in the painting?"
5,5,"Historically, people preserved valuable objects or even ashes of their ancestors in exquisitely decorated containers. Based on the image before us, what items could have served such a function?","Historically, people preserved valuable objects or even ashes in exquisitely decorated containers. Based on what would have served the such function?"
5,5,"Historically, valuable items and even the ashes of the deceased would be stored in containers whose exterior was finely decorated. What objects in the picture could potentially fit this description?","Historically, valuable items and even the exterior of the deceased would be stored in containers whose ashes were perfectly decorated. What could this?"
5,5,"In ancient times, ornate containers were utilized to store precious items or even the ashes of the deceased. Which objects in the picture could have been potentially used for this function?","In ancient times, sanctuaries could be used to store the object or even the inked belongings. Which items were possibly of this function?"
5,5,What objects in the picture could have been used in ancient times to store valuable items or even the ashes of the deceased in beautifully decorated containers?,What objects in the picture could have been used in ancient times to store valuable items or even the ashes of the deceased in decorated containers?
5,5,Containers that were beautifully decorated were often utilized to store valuable objects or even ashes of the deceased in ancient times. What objects in the picture might have been used for this purpose?,Collectibles that had been concealed were often used to beautifully use the deceased in modern times. What objects or objects of this object had?
5,5,"If you want to store and organize your books, where is the best place in the room?","If you want to store and organize all your bedding books, where is the best place in the room? Where you want to the room?"
5,5,"If you would like to store and organize your collection of books, where would be the most suitable location within the room to do so?","If you would like to store and organize your collection of books, where would be the most suitable location within the room to wish to do so?"
5,5,"If you want to organize and store your books, what would be the most suitable location in a room?","If you want to organize and store your books, what would be a suitable place? What is the most desirable location for in a room?"
5,5,"If you're looking to store and organize your books within a particular room, where might be the best place to do so?","If you're looking to store and organize your books within a particular room, where might be the best place to address what to do so?"
5,5,"As an AI language model, I suggest an appropriate region in the room for implementing book storage and organization.","As an AI language in the room of organization, I suggest an appropriate region to model an I Foundation for implementing book collection, and storage size."
5,5,"As a smart home AI, where would you suggest as the best location within a room to store and organize books?","As a smart home AI, where would you suggest as the best location of a room within a limited space as to store and organize books?"
5,5,the objects that can protect the driver's head,the dents that are designed to protect the driver's head All. the objects that can bring damage to the objects that the citizen' eye
5,5,"While driving, we need to obey traffic rules and signals to ensure safety. What object in the picture is typically used to regulate vehicle movement at street corners?","While driving, we need to obey street rules and signals to ensure traffic safety. What object in the picture is typically used to regulate vehicle corners?"
5,5,"When driving, it is crucial to follow traffic rules and signals to guarantee safety. What is the object in the picture that is typically used at street corners to regulate vehicle movement?","When driving, it is crucial to follow street corners to regulate safety. What is the object used in the picture that typically signals vehicle navigation?"
5,5,"When operating a vehicle, adherence to traffic regulations and signals is crucial to ensure safety. What object is typically placed at street corners to control vehicle movement, as shown in the picture?","When operating a vehicle, adherence to street regulations and navigation is vital to control vehicle positions. What object is typically captured in the sketch?"
5,5,"When driving on the road, adherence to traffic rules and signals is important for safety. What item in the picture is typically utilized to control vehicle movement at intersections?","When driving, adherence to traffic signals and rules is important. What item in the picture is typically utilized to control movement at intersections?"
5,5,Where can we sit and work when we have a lot of work to do in the bedroom?,Where do we sit and work where we can come to sleep when we have a lot of work to do in the bedroom over the lawn?
5,5,Suppose you have a large amount of work to complete in your bedroom. Where could you potentially sit and work in this space?,Suppose you have a large amount of work to complete in your bedroom. Where could you potentially spend your space to sit and work in this space?
5,5,"When you have a lot of work to do and would like to work in your bedroom, where can you sit and complete the tasks?","When you have a lot of work to do and would like to work in your bedroom, where can you sit to go and complete the tasks?"
5,5,"When we have a lot of work to do in the bedroom, where is a suitable place to sit and work?","When we have a lot of work to do in the bedroom, where is the suitable place to sit and work, when a workable area?"
5,5,something used for cutting,something of something used for the results of project. 18. what used to define gold cutting and cutting Hi all women skirting for cutting
5,5,the objects whose surface presents a scale-like form,the objects of which the concrete surface presents a scale-like form. For its unique purpose whose shapes address objects that produce a depositional scaled look
5,5,Dragonflies are insects that can fly swiftly in the air. What part of their body is mainly used to accomplish this task?,Dragonflies are insects that can fly swiftly in the air. What part of their body is mainly used to guide and accomplish this task?
5,5,What specific part of a dragonfly's body is primarily responsible for its ability to swiftly fly through the air?,What specific part of a dragonfly's body is primarily responsible for its ability to swiftly fly through the airframe and enter the blood?
5,5,Dragonflies are known for their swift flight in the air. Could you please identify which part of their body they primarily use to accomplish this task?,Dragonflies are known for their swift flight in the air. Could you please identify which part of their body they primarily use to accomplish this task?
5,5,What body part of dragonflies do they typically rely on the most for swift flight?,"What whole body part of dragonflies do they typically rely on the most for rapid flight, when our wings are using cord forweight?"
5,5,What part of their body do dragonflies primarily use to fly swiftly through the air?,What part of the body do dragonflies primarily use to fly swiftly through the air? What exactly do their furrows impact to blood?
5,5,What is the main part of a dragonfly's body that they use to fly swiftly in the air?,What is the main part of a dragonfly's body that they use to do to fly swiftly in the air in a climax?
5,5,"When having a formal dinner, it is common to have a designated area for each individual to sit and enjoy their meal. What in the picture could be used to mark the assigned seat for each guest?","When having a dinner, it is common to have a designated area for each individual to sit and enjoy the meal. What could attach each guest?"
5,5,"When hosting a formal dinner, typically each invited guest has a designated area to sit and enjoy the meal. What item within the picture could be used to mark the assigned seat for each guest?","After hosting a formal dinner, typically each guest could have a designated area for the meal. What item used and displayed to sit inside the guest?"
5,5,"If you are hosting a formal dinner, what objects in the picture could you use to denote assigned seats for each guest?","If you are hosting a formal meal, what objects in the picture of dinner could you use to denote which seats would assigned guests for each guest?"
5,5,What objects in the picture can be utilized to indicate the assigned seat for each guest during a formal dinner?,What objects in the picture can be utilized to indicate the assigned seat for each guest during the formal meal when what is assigned to a dinner?
5,5,"When hosting a formal dinner, it is customary to provide each guest with a designated seating area to enjoy their meal. What item in the picture could be used to mark the assigned seat for each guest?","Before hosting a dinner, it is customary to provide each guest with a designated meal. What item could be used to display the guest seat?"
5,5,"During a formal dinner, it's typical to have designated seating for each guest to enjoy the meal. Based on the picture, what item might be utilized to mark the assigned seat for each individual?","During dinner, it's typical to have the designated seats for the individual to show each meal. What information might utilize each guest item?"
5,5,"In order to quench thirst, people often store water in a container that can be easily carried around. What in the picture could serve as a container for storing water?","In order to retain thirst, people often store water in a container that can be easily carried around. What in the picture could serve as water?"
5,5,"As people often carry containers to store and transport water for them to quench thirst, what item in the picture could be utilized for this purpose?","As people often carry containers for them to transport water to and quench thirst, what item in the picture could be utilized for this?"
5,5,"What object in the picture could potentially be utilized as a container for storing water, to relieve thirst?","What object in the picture could potentially be utilized as a container for storing water, to relieve thirst, when you realized the needle?"
5,5,"As water is often stored in a portable container that can be easily carried to quench thirst, what might be utilized as a container for water storage in this picture?","As water is often stored in a portable container for storage that can easily quench, what might be utilized as water in this picture?"
5,5,"What could be used as a container for storing water, typically kept handy and portable for the purpose of quenching one's thirst?","What could be used as a container for keeping water, typically portable and kept handy for the purpose of quenching one thirst?"
5,5,"In a running race, participants wear a distinguishing item that displays their assigned identification and helps track their progress. What in the picture can fulfill this purpose?","In a running race, participants wear a distinguishing item that displays their identification and helps their progress. What in the picture can fulfill this purpose?"
5,5,"During a running race, participants often wear a marking that displays their assigned identification and keeps track of their progress. What object in the picture could fulfill this purpose for runners?","During a race operation, participants often display a marking for their identification and can fulfill this goal. What object used in the picture of drives?"
5,5,"During a running race, athletes typically don an identifying item that displays their assigned number and aids in monitoring their performance. What can fulfill this purpose in the picture?","During their running race, athletes typically display an identifying item in the picture and aids in assigning this performance. What can fulfill purpose?"
5,5,What item in the picture could be used to display identification and track progress in a running race?,What item in the picture is used to display personal identification and track progress.Source: what could be used in showing a running pattern in the race?
5,5,"To display the identification assigned to the participants and keep track of progress in a running race, what object in the picture can fulfill this purpose?","To display the identification assigned to the participants and keep track of progress in a running race, what object in the picture can fulfill this given purpose?"
5,5,What in the picture can be used to track progress and display assigned identification for participants in a running race?,What in the picture can be used to track progress and display physical identification for participants in a running race: What can be assigned for gathered in race?
5,5,something that the car uses for illumination at night,something that the car has to use for illumination at night. that promises the brainstorm for images of what the fuel is of sleep at
5,5,someone who is most likely to be the player,Someone who is likely to be most likely to be the answer: -. the dog that most likely resents the players who are currently a player
5,5,"In a conference room, where can people write ideas on during a meeting?","In a conference hallway, where would start ideas about in a room? On a meeting, why can people share time with people during a presentation?"
5,5,"During a meeting in a conference room, where is a common location for attendees to write down and share their ideas?","During a conference meeting in a meeting room, where is a common location for attendees to write down and share their ideas and show them?"
5,5,"During a conference meeting held in a conference room, what part of the room can serve as a writing surface for recording ideas?","During a conference meeting meeting that held in a conference room, what part of the room can serve as a writing surface for recording ideas in nearby music?"
5,5,"In a conference room, where is the most appropriate place for individuals to record their ideas during a meeting?","In a conference room, where is the most appropriate place for individuals to attend a party during a meeting? How should record the best ideas for them?"
5,5,"During a conference meeting, where is the location where people can write their ideas?","During a conference planning meeting, where is the location where people can write a picture? Whereas, the ideas for where people will meet their needs?"
5,5,the extra spare chairs for additional participants,the extra spare spare chairs for extra sitting room participants.our additional chairs: The additional 6 questions to allow for the chairs gathering
5,5,"If we want to place some things next to the sofa for easy access when sitting, what object can help us achieve this goal?","If we want to place some things next to the sofa for easy access when sitting, what object can help us allow us to achieve this goal?"
5,5,"If you want to place some items next to the sofa for easy access when sitting, what object might help you achieve this goal?","If you want to place some items next to the sofa for easy access when sitting, what object might help you sit there to achieve this goal?"
5,5,What object will help to store necessary items next to the sofa for easy access while sitting?,What object will help to store essential items next to the sofa for easy access to the restroom? Given: something to fit hands while sitting?
5,5,"What object can help us to place some things next to the sofa, ensuring that they're easily accessible when sitting?","What object can help us to place some things next to the sofa, ensuring that they feel that they're easily accessible when to sitting?"
5,5,What object might help us achieve a goal of placing things next to the sofa for ease of access when seated?,What object might help us achieve a goal of placing things next to the sofa for ease of access during memory of our room when seated so?
5,5,something that helps people to cross the river,something that helps a little to help people overcome all the paths This. means that she can connect women to watering things that cross the river river
5,5,People often take small boats to tour the sights. Who in the picture is likely to have visited the sights the most?,People often take small boats to tour the sights the most. Who in the picture of the most is likely to have visited the sights there?
5,5,Who in the picture would be the most experienced in taking small boats to tour the sights?,Who in the picture of taking the small beats would be the most experienced in touring where to let the family sail in the best sights?
5,5,Which person do you think is more likely to have visited the sightseeing locations more frequently by taking the small boats?,"Which person do you think is more likely to have visited the sightseeing locations more frequently, ask the small ones by taking the close to boats?"
5,5,"Based on the picture, which individual is most likely to have visited the sights the most given that people often tour the sights by small boats?","Based on the picture, which individual is most likely to have visited the sights the most given that people often tour the sights by small boats?"
5,5,the household appliance used for heating food,The home appliance project used for all household appliances 2. the heating machine used to replace fuel for weathing food and household
5,5,Birds often need a stable surface to land on and rest. What in the picture could provide a suitable landing spot for a bird?,Birds often need a stable surface to land on and rest. What in the picture could provide a suitable landing spot for a hiding bird in home?
5,5,What might provide a suitable and steady landing spot for a bird in the picture?,What might provide a suitable landing place for a wet and fast flying bird in the nest? Probably what provides a solid and accurate reference to the picture?
5,5,Birds usually need a platform that is stable enough for them to land and rest. What in the picture could provide a suitable landing spot for a bird?,Birds usually need a platform that is stable for them to land and rest. What in the picture could provide a suitable landing spot for a bird?
5,5,"When birds are seeking a stable surface where they can land and rest, what in the picture might serve as a good landing spot for them?","When birds are seeking a stable surface where they can land and rest and meet, what in the picture might serve as a good landing spot for them?"
5,5,"In the given picture, what might be an adequate landing place for a bird, as birds typically require a stable landing surface to rest and perch upon?","In the given picture, what might be an adequate landing place for a bird, as birds typically require a stable landing surface to rest upon?"
5,5,the objects leaning on the car,We all leaning on the objects leaning on the project -. the objects that the objects leaning on the plant the wood fringed car
5,5,"In a laboratory, scientists often wear a specific garment to protect their clothes and maintain cleanliness. What clothing item in the picture is commonly worn by scientists in the laboratory?","In a laboratory, scientists often wear a dress to protect their cleanliness. What clothing item is commonly worn by the laboratory?"
5,5,"When working in a laboratory, scientists often wear a special garment to protect their clothing and maintain cleanliness. What clothing item in the picture is commonly worn by laboratory workers?","In a laboratory, scientists often wear special clothing to protect their cleanliness. What clothing item is commonly worn by the labor?"
5,5,"What piece of clothing is commonly worn by scientists in a laboratory to protect their clothing and maintain cleanliness, based on the picture provided?","What piece of clothing is commonly worn in a laboratory to protect their clothing and maintain cleanliness, based on the picture provided by?"
5,5,"When working in laboratories, scientists often wear a specific clothing item to protect their clothing and maintain cleanliness. What clothing item do scientists commonly wear in the laboratory as shown in the picture?","When working in labor, scientists normally wear a common clothing item to protect clothing in the laboratory.What scientists wear as described?"
5,5,Which garment is commonly worn by scientists in a laboratory to maintain cleanliness and protect their clothing?,Which garment is commonly worn in a laboratory by research scientists to maintain cleanliness and protect their clothing and serve for clothing?
5,5,"In a laboratory setting, scientists often wear specific clothing to protect their clothes and maintain cleanliness. Can you identify the clothing item in the picture that is commonly worn by scientists?","In the laboratory setting, scientists identify specific clothing to protect their appearance. Can you wear a cloth that is frequently worn by scientists?"
5,5,"When monkeys move from one tree to another, they often use a certain part of their body to maintain balance and stability. What part of the monkey's body in the picture helps them with this?","When monkeys move from one part of their body to another, they often maintain balance. What part of the monkey's body with this?"
5,5,"During movement from one tree to another, monkeys use a special aspect of their body to maintain balance and stability. Please identify which part of the monkey's body is utilized for this purpose, based on the image.","From one animal's body to another, monkeys perform a movement for this purpose. Please check what part of the body is contained via stability."
5,5,"When monkeys move from one tree to another, they rely on a specific body part for balance and stability. Please point out which part of the monkey's body in this picture serves this purpose.","When monkeys move from one body to another, they rely on stability and purpose. Please picture which part of the monkey's body covering this"
5,5,"When monkeys move from one tree to another, what region of their body would they utilize to maintain stability and balance as they navigate through the trees?","When monkeys move from one tree to another, what region of their body would they use to maintain stability and balance as they navigate through the trees?"
5,5,What part of the monkey's body in the picture helps them maintain balance and stability when moving from one tree to another?,What part of the monkey's body in the picture helps them maintain balance and stability when moving from one tree to another and to another size?
5,5,"When monkeys move from one tree to another, they must maintain balance and stability, often by utilizing a specific part of their body. Which part of the monkey's body in the picture can assist with this?","Where monkeys normally maintain one part of their body, they can move by balance with the particular part of the body? Using the monkey's"
5,5,"When leaving a car in a public parking lot, it is important to take note of certain information for identification purposes. What part of the car in the picture typically displays this information?","When leaving a car in the parking lot, it is important to note certain information for identification purposes. What part of the car typically displays this?"
5,5,"When parking a car in a public parking lot, it is important to remember certain details for identification purposes. What part of the car in the picture usually displays this information?","When parking a car in a public parking lot, it is important to remember certain details. What part of the car usually displays this information?"
5,5,"When leaving a car in a public parking lot, which part of the vehicle in this picture typically displays the information that is required for identification purposes?","When leaving a car in a public parking lot, which part of the vehicle in this picture typically displays the information that is required for identification purposes?"
5,5,"When leaving a car in a public parking lot, it is important to note specific vehicle information for identification purposes. Please tell me which part of the car in the picture typically displays this information?","When leaving a car in a public parking location, it is important to note information. Tell me which part of the car generally displays this information?"
5,5,"When parking in a public parking lot, what part of the car in the picture displays crucial information for identification purposes?","When parking in a public parking lot, what part of the car in the picture displays crucial information to the sign for particular identification purposes?"
5,5,"When parking a car in a public lot, it is important to take note of certain details for identification purposes. What part of the car in the picture typically displays this information?","When parking a car in a public place, it is important to note certain details. What part of the car in this picture typically contains information?"
5,5,the food placed at the bottom of the stacks,the edge of the plastic at the bottom of the stacks. the reason that all food gathered at the bottom of the food served in joints
5,5,the object that helps people safely land from high altitude,the object that all aches from high altitude. From Wikipedia: the land building tool helps people who securely land hard to land near remote location
5,5,Neon lights are often used to attract attention and create a vibrant atmosphere in commercial areas. What in the picture has neon lights that can help guide people to a specific location?,Neon lights are often used to attract people to a specific location. What can neon lights help create vibrant atmosphere and in the studio?
5,5,What in the picture showcases neon lights that can be used to direct individuals to a particular location and create a lively ambience in commercial areas?,What in the picture shows neon lights that can be used to direct individuals to a particular location and create a lively ambience in commercial areas?
5,5,What can be found in the picture that utilizes neon lights to direct people to a particular destination and create an inviting atmosphere in commercial spaces?,What can be found in the picture that utilizes neon lights to direct people to a particular destination and create an inviting atmosphere in commercial spaces?
5,5,What specific feature within the picture utilizes neon lights to guide people to a particular location or draw attention in commercial areas?,"What specific feature of neon lights within the picture utilizes the device to guide people to a particular location, or draw personal attention in commercial areas?"
5,5,What object in the image has neon lights that could direct people to a particular location in the commercial area?,What object in the image is that neon has direct lighting lights that could direct people in the commercial area to a specific location in the street?
5,5,What is the object that has neon lights that can guide people to a particular location in commercial areas?,What is the object of neon lights that is what has iontops that can guide the visitor to a particular location for people in commercial areas?
5,5,"When gardening or landscaping, it is common to encounter pests that can damage plants. What in the picture could be a potential pest that gardeners might need to control?","When gardening or landscaping, it is common to encounter plants. What in the picture could be a pest that plants need to control?"
5,5,"When doing gardening or landscaping, it is not uncommon to encounter pests that can damage the plants. What might be a potential pest that gardeners should address in the picture?","When doing gardening or landscaping, it is not uncommon to address the potential pests in the garden. What could be a problem?"
5,5,"During gardening or landscaping, pests that might harm plants are frequently encountered. What in this image might be a potential pest that gardeners may need to control?","During gardening or landscaping, pests are frequently encountered. What in this image might be a pest that plants might need to control?"
5,5,"During gardening or landscaping, it is common to encounter various pests that could damage plants. Based on the picture, which object could be considered a potential pest that gardeners may need to control?","During gardening or landscaping, it is common to encounter a potential garden. Based on which objects could be considered pests that could control?"
5,5,"During gardening or landscaping, what might gardeners need to control in the picture as a potential pest that can harm the plants?","During gardening or landscaping, what might gardeners need to control in the picture as a potential pest that can harm to the plants?"
5,5,"When enjoying a formal dining experience, what utensil in the picture would be used to consume soup?","When enjoying a formal dining experience, what utensil in the picture would be used closely to consume what is typical of dessert soup?"
5,5,"While enjoying a formal dining experience, which utensil in the picture would typically be used to eat soup?","While enjoying a formal outdoors dining experience, which utensil in the picture would typically be used to eat soup, guessing tea?"
5,5,"During a formal dining experience, which utensil in the picture would typically be used to consume soup?","During a formal in a kitchen dining experience, which utensil in the picture would typically be used to present before you could consume soup soup?"
5,5,"In a formal dining experience, which utensil in the picture would be utilized for the consumption of soup?","In a formal dining experience, which utensil in the picture would be utilized during consumption to illustrate the for the use of kitchen soup?"
5,5,"During a formal dining experience, which utensil in the picture would generally be utilized to consume soup?","During the formal dining experience, which utensil in the picture would generally be utilized in conclusion when anyone presents to consume a collected soup?"
5,5,"In a formal dining setting, which utensil in the picture is typically used to consume soup?","In a formal dining setting, in the picture, which utensil in the following area is typically used to consume a needleseless soup?"
5,5,"If there is a fire in the bathroom, what should we use to warn others to evacuate as soon as possible?","If there is a fire in the bathroom, what should we use to warn the victim to ask others to evacuate as soon as possible?"
5,5,"In case of a fire in the bathroom, what appliance would you use to alert others and indicate the need for immediate evacuation?","In case of a fire in the bathroom, what appliance would you use to alert others and indicate the need for immediate immediate evacuation?"
5,5,"In the case of a fire in the bathroom, what could be employed to alert others to evacuate as soon as possible?","In the case of a fire in the bathroom, what could be employed to alert others to allow to evacuate as soon as possible possible?"
5,5,"In case of a fire in the bathroom, what could be used to alert others to evacuate as quickly as possible?","In case of a fire in the bathroom, what could be used to alert others to evacuate as quickly as possible for whoever happens?"
5,5,"In a scenario where a fire has broken out in the bathroom, what item could be utilized to alert others to evacuate the area immediately?","In a scenario where a fire has broken out in the bathroom, what item could be utilized to alert others to evacuate the area?"
5,5,"If there is a fire in the bathroom, what tool or device could be used to alert others to evacuate the area immediately?","If there is a fire in the bathroom, what tool or device could be used to alert others to evacuate the area if possible immediately?"
5,5,"When enjoying Mexican cuisine, it is common to have a side sauce or dip to enhance the flavor of the main dish. What in the picture can be used as a side sauce or dip for the food?","When having a side sauce or dish, what is common in the Mexican food can be used to enhance the charm of the side sauce"
5,5,"When indulging in Mexican cuisine, it is common to accompany your meal with a side sauce or dip to enhance its flavor. Please identify the object(s) in the picture that can be used in such a context.","Before serving in a meal, please indicate your cuisine(s) to integrate the object that can accompany it in such common context."
5,5,What item in the picture can be used as a dip or condiment to enhance the flavor of the main dish in Mexican cuisine?,What item in the picture can be used as a condiment to enhance the flavor of the main dish in Mexican cuisine or?
5,5,What item in the picture can be used as a side sauce or dip to enhance the flavor of a main dish when enjoying Mexican cuisine?,What item in the picture can be used as a side sauce or main dish to enhance the flavor of a Mexican cuisine?
5,5,"While enjoying Mexican food, people usually pair the main dish with a side sauce or dip to make it more flavorful. What in the picture could be used to serve as a side sauce or dip for the food?",Usually people can use Mexican food to serve as a side sauce or dip. What in the picture makes it more enjoyed with the side sauce?
5,5,"We cannot breathe underwater, so diving requires additional equipment to help people breathe while underwater. What in the picture can help human accomplish this task?","We cannot breathe underwater, so diving requires additional equipment to help people breathe while underwater. What in this picture task?"
5,5,What equipment in the picture can help humans breathe underwater while diving since they cannot breathe underwater naturally?,What equipment in the picture can help humans breathe underwater while diving to heatwater since they cannot breathe underwater naturally?
5,5,"For diving, additional equipment is required to assist with breathing, since humans cannot breathe underwater. Please identify the object in the image that can assist with this task.","For diving, additional equipment is required to assist in breathing, since humans cannot underwater. Please identify the object that assist with this task."
5,5,I wish to dive underwater. What object in the picture can assist me in the task of breathing while underwater?,I wish to dive underwater. What object in the picture can assist me in the task of breathing while I wonder being in underwater?
5,5,What piece of equipment in the picture can help individuals breathe underwater while diving?,What kind of piece of equipment in the picture to guide what feels like underwater can help individuals breathe in the air while diving nearby?
5,5,"In order to help people breathe while underwater, what object in the picture can be used to supplement normal respiration and make it safe to dive?","In order to help people breathe while underwater, what object in the picture can be used to supplement normal respiration and dive?"
5,5,Pizza is a popular dish that is often shared and enjoyed with friends or family. Which part of the picture could be used to serve and present the pizza?,Pizza is a popular dish that is often shared and used with family and friends. Which part of the picture could serve or present the pizza
5,5,"Pizza is often enjoyed with friends or family and can be served and presented in various ways. Based on the picture, what item might be suitable for serving and presenting pizza?","Pizza can often be served and presented with friends and family in various ways. Based on the picture, what item is suitable for serving pizza?"
5,5,"What part of the picture might be used to present and serve a pizza, given that it is a popular dish that is frequently shared and enjoyed with friends and family?","What part of the picture might be used to frequent and serve a pizza, given that it is a popular dish enjoyed with friends and family?"
5,5,"If you were to present and serve pizza to your guests, which area in the picture might be utilized for this purpose?","If you were to present and serve a pizza to your guests, which area in the picture might be utilized for the purpose surrounding this object?"
5,5,"What part of the picture could be utilized to serve and present a pizza, which is a popular dish often enjoyed with friends or family?","What part of the picture could be utilized to serve and present a pizza, which is a popular dish often enjoyed with friends or family?"
5,5,the sauce,the perfect for the sauce and sauce layer. we say that the sauce evolves over the last. dish: - Saucering
5,5,something similar to human face,Something similar to the same in face. something of a project of human genial integrity.ble true about why she sound similar to human human and face
5,5,the pot lid,This of mine is set for the Pottery Brand. the pot and pot lid height. lid key - When fitting the candle pot fringaut
5,5,"In daily life, people often check the time by looking at the clock or watch. What part of the watch is commonly used to display the time?","In daily life, people often check the time by looking at the clock or watch. What part of the watch is commonly used to display the time?"
5,5,"During daily life activities, people frequently check time by inspecting their watch. Which component of the watch is typically employed to display the current time?","During daily life activities, people frequently check for time by inspecting their watch. Which component of the watch is typically employed to display the current time?"
5,5,"During daily life, time is frequently verified by examining a watch or clock. What part of a watch is most commonly utilized for displaying the time?","During daily life, time is frequently verified by examining a watch or clock. What part of a watch is most commonly utilized for displaying time?"
5,5,What is the part of a watch that is commonly used for displaying the time?,What is the part of a time card that is commonly used for displaying a watch? What is the theor that describes the look of the time?
5,5,"What part of the watch is generally used to display the time, as people often check the time using watches or clocks in everyday life?","What part of the watch is generally used to display the time, as people often check the time using watches or clocks in everyday life?"
5,5,"If I want to take a short break to relax during work in my office, what can I use to sit on temporarily?","If I want to take a short break to relax during work in my office, what can I use to sit on before I can work temporarily?"
5,5,Suppose you want to take a short break while working in your office and need a temporary place to sit and relax. What object could be utilized for this purpose in the picture?,Suppose you want to take a short break while working in your office and need a temporary place to relax. What object could be utilized in this?
5,5,What can you use to take a short break and temporarily relax while at work in your office?,What can you use to take a simple short break while at work and temporarily relax while in your office? Will you take a time in business?
5,5,"If you need to take a brief rest to relax while at work in your office, what object can you sit on temporarily?","If you need to take a brief rest to relax at home while you work in your office, what object can you take to sit on temporarily?"
5,5,"If you want to take a brief break to unwind while working in your office, what item could you sit on temporarily?","If you want to take a brief break to unwind while working in your office, what item could you allow you to sit down on temporarily?"
5,5,the lights that are placed in different directions,The lights that are set about in the direction of different colors.ew images that reflect the temperature in different directions the lights that are placed in centers
5,5,"In a bedroom, what is commonly used to provide an additional source of light for reading or creating a cozy atmosphere?","In a bedroom, what is commonly used to provide an additional source of light for reading or creating a quiet atmosphere: is a cozy area?"
5,5,"In a bedroom, what is typically used to provide an additional source of light for reading or creating a cozy atmosphere?","In a home bedroom, what is typically used to provide an additional source of light for reading or to simplify a room creating a cozy atmosphere?"
5,5,"In a bedroom, what do people typically utilize to provide an additional source of light for reading or creating a cozy atmosphere?","In a bedroom, what do people typically utilize to provide an additional source of light for reading or creating a room for a cozy atmosphere?"
5,5,"In a bedroom, what is typically used to provide an additional light source for reading or to create a cozy ambiance?","In a bedroom, what is typically used to provide an additional light source for reading or to cover home and to create a cozy ambiance?"
5,5,What is typically used in a bedroom to offer an extra source of illumination for reading or creating a comfortable ambiance?,What is typically used in a bedroom to offer an extra source of illumination for reading or creating a comfortable ambiance as a living comfort?
5,5,What object is typically utilized to provide additional light in a bedroom for activities such as reading or setting a cozy atmosphere?,What object is typically utilized to provide an additional light in a bedroom for activities such as reading during living or setting a cozyzy atmosphere?
5,5,It seems that there is a person performing maintenance work on the house. What object in the picture is he likely using to access the roof?,It seems that there is a person performing maintenance work on the house. What object in the picture is he likely using to access the covering the roof?
5,5,What object might the individual in the picture be using to gain access to the roof while performing maintenance work on the house?,What the individual in the picture might the object be using to gain access to the roof while performing maintenance work on the roof to accomplish driving the house?
5,5,What object in the picture is the person likely using to access the roof while performing maintenance work on the house?,What object in the picture is the person most likely using the roof to access the house while performing maintenance work to solve the employee carrying on the home?
5,5,It seems that there is a person performing maintenance work on the house. What object is he likely using to access the roof?,It seems to be that there is a person performing maintenance work on the house. What object is he likely using to access the roof from the home?
5,5,What object is the person likely utilizing to access the roof as he performs maintenance work on the house in the picture?,What object is the person likely utilizing to perform maintenance work upon the house as he answers the project of accessing the roof in the picture next up?
5,5,The individual in the image appears to be performing maintenance work on the house. What object is he likely using to access the roof?,The individual in the image appears to be performing maintenance work on the house. What object is he likely is using to access the roof to the frame?
5,5,"Due to the harmful effects of smoking on health, many countries have implemented regulations to discourage smoking. What depicted in the picture is likely to have negative implications regarding smoking?","Due to harmful negative effects on smoking, many countries have regulations to reduce smoking. What depicted in the picture is disabling?"
5,5,"What aspects in the picture could have negative implications for smoking, given the harmful effects of smoking on health and the increasing regulatory measures meant to discourage it in many countries?",What aspects indicate the harmful effects of smoking and the implications on smoking could have caused enough to reduce public discourse in many countries?
5,5,"Due to the harmful effects of smoking on health, many countries have implemented regulations to discourage smoking. Please identify what in the picture is expected to have detrimental implications related to smoking?",Due to health many regulations see detrimental effects on smoking. Please describe what is due to have implications in the smoking?
5,5,"Please identify what in the picture is likely to have negative implications with regards to smoking, given the harmful effects it can have on one's health?","Please describe what is likely to have negative implications in regards to smoking, given the harmful effects it can have with one's health?"
5,5,"Given the health hazards of smoking, many nations have established regulations aimed at reducing tobacco usage. What element present in the picture is likely to have negative implications associated with smoking?","Given the health advantage, many regulations have likely aimed at reducing tobacco usage. What elements in the picture are associated with smoking?"
5,5,"What object in the picture is specifically designed to rest against and support a person""s head while sleeping?",What object in the picture is specifically designed to support and mug what? is otherwise resting against a person's head for sleep while sleep?
5,5,What item in the picture is designed to provide support to a person's head while they are sleeping?,What item in the picture is designed to offer support to the rest of a person's head while they are sleeping: how they are listening?
5,5,What is the object in the picture that is specifically intended to be rested upon and used as a support for an individual's head while sleeping?,What is the object in the picture that is specifically intended to be rested upon and used as an support for a individual's head while sleep?
5,5,"What is the item specifically designed to support a person's head and neck while sleeping, which can be seen in the picture?","What is the item specifically designed to support a person's head and neck while sleeping, which can be seen in the picture in the picture?"
5,5,What item in the picture is specifically created to provide head support while sleeping?,What item in the picture is specifically designed for weeping? Description: Given what was created to provide the head to support sleeping while sleeping.
5,5,Please identify the object in the picture that is specifically designed to support a person's head and neck while sleeping.,Please identify the object in the picture that is specifically designed to support the design that will handle a person's head and neck while child sleeping.
5,5,"In a bicycle race, it is important to ensure the safety of the riders. What protective gear would the riders be wearing in the picture?","In a bicycle race, it is important to ensure the safety of the riders. What protective gear would the riders wear?"
5,5,"When participating in a bicycle race, what type of protective gear would the riders be wearing in the image?","When participating in a bicycle race, what type of protective gear would the riders be wearing in the rear image?"
5,5,"In a bicycle race, what safety equipment might the riders be wearing to protect themselves?","In a bicycle car race, what safety equipment might the riders be wearing to protect themselves? are the riders who challenge?"
5,5,"In the bicycle race shown in the picture, could you identify what protective gear the riders would typically be wearing to ensure their safety?","In the bicycle race shown in the picture, could you identify what protective gear the riders are typically wearing to ensure safety?"
5,5,"Assuming that rider safety is a priority, what protective gear would the cyclists be wearing in the picture?","Assuming that protective safety is a priority to the cyclists, what rider safety gear would the riders be wearing in the picture?"
5,5,"When attending a formal event, people often wear clothes with a collar that can be fastened with buttons to give a more professional look. What part of the attire in the picture fits this description?","During attending events, people often wear clothes with a collar that can be enlarged with a professional look. What part of the picture?"
5,5,"At formal events, individuals often wear clothing with collars that can be fastened with buttons to create a more polished appearance. What part of the attire in the picture fits this description?","During formal events, men regularly wear attire with clothing that can be reproduced to create a more straight appearance. What section in the picture?"
5,5,"In formal events, people usually wear clothing with collars that can be fastened with buttons to look more professional. Could you identify what part of the attire in the picture fits this description?","In formal events, people commonly wear attire buttons with clamps that can be fixed to look smaller. Can you describe what part of the fashion?"
5,5,"In which part of attire, shown in the picture, is a collar that can be fastened with buttons to create a more formal look, as is often the case when attending highly professional events?","In the picture, where used in attire, is the style of a collar which can more easily be performed when showing early to formal appearances?"
5,5,"When dressing for a formal event, individuals often wear clothing with a fastenable collar to achieve a more professional appearance. What component of the attire in the image would suit this criteria?","When performing personal appearances, individuals usually wish to fit the attire with a more rigorous fashion. What element of a dress in this supporting scenario?"
5,5,"At formal events, people often wear clothing with a collar that can be fastened with buttons to achieve a more professional look. Please identify what specific aspect of the attire in the picture matches this description.","During formal life, people sometimes wear collar shoes with a more detailed look. Please indicate the particular style of the neck that can match this."
5,5,"On what structure in the bedroom can we place alarm clocks, a glass of water, or other small items we may need to access easily when waking up?","On what structure in the bedroom can we place alarm clocks, a glass of water, or other items we may need easily when waking?"
5,5,"Which structure in the bedroom is suitable for placing alarm clocks, a glass of water, or other small items that may be needed and easily accessible after waking up?","Which structure in the bedroom is suitable for placing alarm clocks, a glass of water, or other items that are easily needed after waking?"
5,5,"What furniture piece within the bedroom might we place an alarm clock, a glass of water, or other small items that we need to access easily when waking up?","What furniture item could we place a bathroom monitor, a glass of water, or other small pieces that we need easily when waking up?"
5,5,"What structure in a bedroom is the most suitable for placing alarm clocks, a glass of water, or other items that may be needed to access easily upon waking up?","What structure in a bedroom is the most suitable for storing alarm clocks, or other items that may be needed upon waking up a water?"
5,5,"What structure in the bedroom can typically be used to hold small items such as alarm clocks, glasses of water, or other objects that may be required upon waking up?","What unit in the bedroom can typically be used to hold small objects such as clocks, glasses, or other items upon waking up?"
5,5,"To decorate the interior environment of a room, what can we place in the corner or on the floor to bring life to the space?","To decorate the interior environment of a room, what can we place in the corner or on the floor to bring life to the interior to space?"
5,5,What are some objects that can be placed in the corner or on the floor to liven up the interior environment of a room?,What are some objects that can be placed in the corner of the floor or on the floor to liven up the interior environment of a home room?
5,5,What is something that we can place in the corner or on the floor to add life to the interior environment of a room?,What is something that we can place in the corner of the floor or in dust to add life to the interior environment of a room to the home?
5,5,What object can be added to a room's corner or floor to enhance the aesthetics and imbue new energy into its interior décor?,What object can be added to a room's interior corner or floor to enhance the aesthetics and imbue its new energy?
5,5,"To spruce up the interior decor of a room, what can be used to liven up the space when placed on the floor or in the corner of the room?","To spruce up the interior decor of a room, what can be used to liven the space when placed on the floor or in the room?"
5,5,What can be placed in a room's corner or on the floor to enliven the environment and enhance the interior decor?,What can be placed in a room's corner or on the floor to enliven the environment and enhance the interior of the interior decor?
5,5,"On a snowy mountain, skiers often seek out the highest point for a thrilling experience and panoramic views. What part of the picture is the highest point where a skier might want to reach?","On a snowy slope, mountain viewers often want to seek out the highest point for the most scenic views. What part of the experience?"
5,5,"If skiers are looking for a thrilling experience and panoramic views on a snowy mountain, what part of the picture represents one of the highest points that they might want to reach?","If tourists are searching for a panoramic view of snow and mountain, what one of the longest points that they could experience is right?"
5,5,What part of the picture might skiers seek to reach for a panoramic view and exhilarating experience on a snowy mountain?,What part of the picture might skiers seek to reach for a panoramic view and exhilarating experience on a snowy mountain?
5,5,"When skiing on a snowy mountain, individuals often seek out the highest point for the most thrilling experience and the best panoramic views. What part of the picture appears to be the highest point that a skier might aim to reach?","On a snowy mountain, individuals often seek out the highest point for the most scenic views and what part of the highest point might zoom to?"
5,5,"When skiers climb snowy mountains, they usually reach the summit for panoramic views and excitement. Please locate the highest point in the picture where a skier might desire to go.","When skiers reach snowy hills, they normally climb the edge for the greatest panoramic views. Click in where another could arrive."
5,5,"For the skiers seeking panoramic views and a thrilling and exciting skiing experience, where would be the highest point they might want to reach in the depicted snowy mountain landscape?","For skiers seeking exciting and depriving views, where would they want to be the simplest experience in the panoramic snow landscape?"
5,5,"When working from home, it can be common to have a pet accompany us. In the picture, where can the dog be seen lying down?","When working from home, it can be common to have a pet accompany us. In the picture, where can the dog be seen lying down?"
5,5,"If we're working from home, and we want to find where a dog can be seen lying down in this picture, where should we look?","If we're working from home, and we want to find where a dog can be seen lying down in this picture, where should we look?"
5,5,"When working from home, we often have the company of our pets. Please identify in the picture where the dog could be seen resting.","When working from home, we often have the company of our pets. Please identify in the picture where the dog could be seen seen resting."
5,5,"If a pet, like a dog, is kept at home while working, where in the picture could the dog be resting?","If a pet, like a dog, is kept at home while sleeping, where in the picture could the dog be in work, resting?"
5,5,"In cold weather, a device can be used to warm up the room. What in the picture is likely to provide such warmth?","In cold weather, a device can be used to warm up the room. What in the picture is likely to provide such warmth tooming?"
5,5,"In order to heat up a room during cold weather, what item in the picture would likely be used to provide warmth?","In order to heat up a room during cold weather, what item in the picture would likely be used to provide the warmth in order to heat?"
5,5,Suppose the weather is cold and you want to warm up the room. What item in the picture could be utilized to provide warmth in this scenario?,Suppose the weather is cold and you want to warm the room. What item in the picture could be utilized to provide warmth in this scenario?
5,5,What in the picture could be utilized to generate heat in order to warm up a room during cold weather?,What in the picture could possibly be utilized to generate heat during a room in order to satisfy how to warm up a space during cold rain weather?
5,5,the body part used to receive visual signals,the body part of the part used to receive physical signals and sound signals.estimate value to the way the body fluid used to satisfy visual state sens
5,5,What part of the picture can people hold onto for stability while climbing the stairs?,What part of the picture can hold onto the edge of the stairs for stability. What people feel goodness for while climbing to walk along?
5,5,What is the part of the picture that people can hold onto for additional stability when climbing the stairs?,What is the part of the picture of the soft stability that people can hold onto to follow for additional impact when climbing the stairs for foot?
5,5,"When climbing stairs, what can people hold onto for stability in the picture?","When climbing long wooden stairs, what can we hold onto for stability in the endpoint? What people bring about for comfort from the picture?"
5,5,"When climbing stairs, what object in the picture could provide stability for individuals to hold onto?","When climbing stairs, what is essential for stability? What object in the picture could define higher legs to provide comfort for individuals to hold onto?"
5,5,"When climbing the stairs, what part of the image could people grasp to maintain their balance?","When climbing the stairs, from scratch, what part of the image could people wish to maintain their balance to understand the way they concentrate?"
5,5,"When climbing stairs, what could people hold onto for stability in the image?","When climbing for walking stairs, what could hold onto the surface for stability, while I predict what people wish to lift up in the image?"
5,5,something that prevents the person from falling down,something that will cause the client from something else. -Definition of factors that prevents the person from trembling up when she loses the old from falling
5,5,"During the day, the entrance of natural light can create a good atmosphere in the room. What in the picture can be used to let daylight in and add ventilation?","During the day, the entrance of light can create a good daylight in the room. What in the picture can be used to add naturalilation?"
5,5,the fishes whose mouth are open,the fishermen in the mouth of birds whose tails are open. which is simple: The fishes whose furors and heads are landed
5,5,"In many countries, it is illegal to park a car in certain areas without proper permission. What part of the picture can help identify the ownership and registration of the car to ensure it is legally parked?","Within some countries, it is illegal to park a vehicle in many places. What information can help ensure the ownership and status of the vehicle before park?"
5,5,"To ensure that a vehicle is parked legally in specific areas, what region of the image could be used to identify the car ownership and registration?","To ensure that a vehicle is parked legally in specific areas, what region of the image could be used to identify the car ownership and registration?"
5,5,"Which part of the picture can be utilized to determine the ownership and registration of a vehicle to guarantee that it is lawfully parked, considering that in many countries it is illegal to park a car in certain areas without proper permission?","Which picture is necessary to determine the ownership of a vehicle in many places, knowing that it can be legally parked because of the park properly?"
5,5,What object/element in the picture could be used to identify the ownership and registration of a vehicle to verify if it has been parked legally?,What object/element in the picture could be used to identify the ownership and registration of a vehicle to verify if it has been parked legally?
5,5,What aspect of the picture might be utilized to verify the ownership and registration of a vehicle in order to ensure that it is legally parked?,What aspect of the picture might be utilized to verify the ownership and registration of a vehicle in order to ensure that it is legally parked?
5,5,What region of the picture could be utilized to identify the ownership and registration of a car to ensure that it has been legally parked?,What region of the picture could be utilized to identify the ownership and registration of a car to ensure that that it has been legally parked?
5,5,"After washing hands or cleaning surfaces with soap and water, what tool in the bathroom is appropriate to dry your hands or clean the surface?","After washing hands or cleaning surfaces with soap and water, what tool in the bathroom is appropriate to dry your hands or clean the surface?"
5,5,"Upon washing your hands or cleaning surfaces with soap and water, what object in the bathroom should be used to dry your hands or clean the surface?","Upon washing your hands and surfaces with soap or water, what object in the bathroom should be used to dry your hands or clean the surface?"
5,5,What object is appropriate to dry your hands or clean the surfaces of the bathroom after washing hands or cleaning surfaces with soap and water?,What object is appropriate to dry your hands or clean the surfaces of the bathroom after washing hands or cleaning surfaces with clean soap and water?
5,5,"After washing your hands or cleaning surfaces with soap and water, what appliance in the bathroom is suitable to dry your hands or clean the cleaned surfaces?","After washing your hands or cleaning surfaces with soap and water, what appliance in the bathroom is suitable to clean your hands or surfaces?"
5,5,What tool is appropriate in the bathroom to dry your hands or clean the surface after washing hands or cleaning them with soap and water?,What tool is appropriate in the bathroom to dry your hands or clean the surface after washing hands or cleaning them with soap and plain water?
5,5,"To make a mixed noodle dish, sauce is poured over the noodles and mixed thoroughly to enhance the flavor. What parts of the picture could be used to pour onto the noodles?","To make noodle pieces, some mixture of the noodles is poured over to enhance the flavor. What could served correctly?"
5,5,"In the picture, what are the objects that could be used to pour sauce onto the noodles and mix it to enhance the flavor in a mixed noodle dish?","In the photo, what objects could be used to mix the noodles and pour it onto the flavor in a noodle dish?"
5,5,What items or regions in the picture could be used to pour sauce onto the noodles while making a mixed noodle dish?,What items or regions in the picture could be used to pour out sauce onto the noodles while making a mixed noodle dish?
5,5,"For making a mixed noodle dish, often, the sauce is poured over the noodles and mixed thoroughly to enhance the flavor. What items in the picture could be used to pour onto the noodles?","For making a noodle dish, several pieces could be poured in on the noodles to enhance the flavor. What?"
5,5,"What items can be used to pour the sauce over the noodles in a mixed noodle dish, based on what we see in the picture?","What items can be used to pour over the noodles in a mixed noodle dish, based on what we see in the picture?"
5,5,What objects or utensils in the picture could be used for pouring sauce onto the noodles to enhance their flavor in a mixed noodle dish?,What objects or utensils in the picture could be used for stirring their flavor onto the noodles in a mixed noodle?
5,5,something that people can use to play loud music,something that people can use to play music. that can be used for something very fun: Smooth sound waves describe people that they want to play loud
5,5,"When camping in a forest, what object in the picture could provide shelter and serve as a temporary living space?","When camping in a forest in the garden, what object in the picture could serve as a shelter and provide temporary space to render a living room?"
5,5,"During a forest camping trip, what in the picture could provide shelter and serve as a temporary living space?","During a winter forest camping trip, what in the picture? What could serve as a temporary shelter and provide a space to cover living room habitat?"
5,5,"In a forest camping context, what object in the picture can offer shelter and act as temporary accommodation?","In a forest camping context, what a haven in the picture describes? What object can offer temporary shelter and act as land isolation accommodation?"
5,5,"Assuming you're camping in a forest, what item pictured here might be utilized to provide shelter and serve as a temporary living space?","Assuming you're camping in a forest, what item pictured here might be utilized to provide shelter and serve as a temporary space?"
5,5,What object in this picture could be used as a shelter or temporary living space while camping in a forest?,What object of this picture could be used as a temporary housing or restoring space in a forest where you could live while camping in a wall?
5,5,"In a busy city, there are often traffic congestion and delays. What situation in the picture could cause a delay and make it difficult for vehicles to move smoothly?","In a busy city, there are often traffic congestion and delays. What situation in the picture could cause a delay and make it smooth?"
5,5,What situation in the image could lead to a delay and make it challenging for vehicles to move smoothly in a busy city with heavy traffic?,What situation in the image could lead to a delay and make it challenging for vehicles to move smoothly in a busy city with heavy heavy traffic?
5,5,"In a busy city with frequent road traffic, there are often situations of congestion and delays. What scenario in the picture might result in such a delay, making it challenging for vehicles to proceed smoothly?","In a neighborhood with frequent traffic, it often results in such situations of congestion and delays. What scenario could make the road smoothly?"
5,5,"In a busy city, traffic congestion and delays are common. What situation in the picture might cause a delay and make it difficult for vehicles to move smoothly?","In a busy city, traffic congestion and delays are common. What situation in vehicles might cause a delay and make it easy to move?"
5,5,"In a busy city, traffic congestion and delays are quite common. Based on the picture, what situation could make it difficult for vehicles to move smoothly and cause a delay?","In a city, traffic congestion and delays are quite common. Based on the situation, could it make a vehicle difficult to move smooth?"
5,5,Traffic congestion and delays are common occurrences in a busy city. Which situation in the picture could cause a delay and cause disruption to the smooth flow of vehicles?,Traffic congestion and disruption are common occurrences in a busy city. Which situation in the picture could cause a smooth flow of vehicles?
5,5,"In a football match, what object is typically used to pass and shoot towards the goal?","In a football field match, what is typically used to pass and shoot towards a goal, otherwise: What goal object is the child used to catch?"
5,5,"In a football match, which object is typically employed to pass and shoot towards the goal?","In a football game, which is typically employed to produce and possibly pass past the goal, When a defence object matches what goal is to shoot towards?"
5,5,"During a football match, which equipment is usually utilized for passing and shooting towards the goal?","During a basketball game, which football equipment is usually utilized for handling and passing towards the ball, once the goals being desired for hitting a match?"
5,5,"In a football match, what object is used to pass and shoot towards the goal?","In a football game, before a match, what object is used to shoot and throw towards the object? What pass results from the goal to fly?"
5,5,What is the object normally used to pass and shoot towards the goal in a game of football?,What is the object normally used to pass and shoot towards a goal of food in the game of football? The goal being built to close a ball?
5,5,Imagine we are astronomers observing the celestial bodies. Can the object shown in the picture allow us to observe the Earth from different angles and perspectives?,Imagine we are astronomers observing the celestial bodies. Can the object shown allow us to observe the Earth from different angles and perspective?
5,5,"If you were an astronomer observing celestial bodies, could the object in the picture potentially allow you to observe the Earth from various angles and perspectives?","If you were an astronomer observing celestial bodies, could the object in the Earth potentially allow you to observe the perspective from various angles?"
5,5,"As astronomers observing celestial bodies, could the object in the picture allow us to see the Earth from varying angles and perspectives?","As astronomers observing celestial bodies, could the object in the picture allow us to see the Earth from varying angles and perspectives?"
5,5,Can we utilize the object in the picture to view the Earth from different vantage points and perspectives during our astronomy observation?,Can we utilize the object in the picture to view the Earth from different vantage points and perspectives during our astronomy inception observation?
5,5,Suppose we are astronomers observing celestial bodies. Would the object in the picture allow us to observe the Earth from varying angles and perspectives?,Suppose we are astronomers observing celestial bodies. Would the object in the picture allow us to observe the Earth from varying angles and approaches?
5,5,"As astronomers observing celestial bodies, would the object shown in the picture be suitable for observing Earth from different angles and perspectives?","As astronomers observing celestial bodies, would the object in the picture be suitable for observing Earth from different angles and perspectives?"
5,5,"When we take a closer look at the sports car in the picture, what important part can we easily spot that is responsible for providing traction and support on the road?","When we take a closer look at the sports car personally, what is on the picture important that we can provide in supporting traction and the road?"
5,5,"When we closely examine the sports car in the picture, what important component can be easily identified which helps to provide traction and support on the road?","When we closely examine the sports car in the picture, what important component can be easily identified which helps to provide traction and support on the road?"
5,5,"When we examine the sports car in the picture more closely, what essential part responsible for providing traction and support on the road do we notice easily?","When we examine the sports car in the picture more closely, what essential part responsible for providing traction and support on the road do we notice easily?"
5,5,What important part of a sports car that responsible for providing traction and support on the road can be easily identified when we take a closer look at the picture?,What important part of a sports car that responsible for providing traction and support on the road can be easily identified when we take a closer look at?
5,5,"If we examine the sports car in more detail, what is the important part that is clearly visible and responsible for providing grip and support while driving?","If we examine the sports car in more detail, what is the important part that is clearly visible and responsible for providing grip and support while driving?"
5,5,What important part of the sports car in the picture is essential for delivering traction and support on the road?,What important part of the sports car in the picture is essential for the art of delivering traction and support on the road and cross roadway?
5,5,the part of cake that was cut down,the part of the dough that was cut down in half - Simple. the part of which was affected by cake chicken to part of day
5,5,"When serving pizza, what is usually used to hold and serve slices of pizza?","When serving pizza, what is usually served pizza. What is used to hold and serve most slices of dish of a pizza?"
5,5,What object is commonly used to hold and serve slices of pizza?,What object is commonly used to hold and serve hard plate of pizza? Answer: Should what is used to store and paste slices of food?
5,5,What is the conventional tool used to hold and serve slices of pizza when serving pizza?,What is the conventional and simplest tool used to hold and serve slices of pizza when serving pizza? What does be served for pizza?
5,5,What item is typically used to hold and serve slices of pizza?,What item is currently used to hold and serve slices of pizza. Although is typically used to serve or serve all shakes of small p?
5,5,What is typically utilized for holding and serving slices of pizza during a meal?,What is typically utilized for holding and slicing slices of pizza while serving or serving for a meal during what is a restaurant?
5,5,"To serve slices of pizza, what is typically used to hold and deliver them?","To serve small slices of pizza and toast, follow what is typically used to serve them: What wants to hold and deliver a serving?"
5,5,"When looking at a building, we can often see the surrounding environment reflected in the windows. What specific part in the picture can provide us with this reflection?","When looking at a building, we often see the surrounding environment reflected in the windows. What specific part in the picture can provide us with this reflection?"
5,5,What specific component in the picture is capable of reflecting the surrounding environment in the windows of a building?,What specific component of what is surrounding the interior of a building is capable of reflecting the resulting picture in the environment in the window of the windows?
5,5,"What specific element in the picture can offer us a reflection of the surrounding environment, as we view a building?","What specific element in the picture can offer us a reflection of the surrounding interior of the environment, as what we view, as we viewed a building?"
5,5,"When looking at a building, the windows can often reveal the surrounding environment through reflections. What specific part of this picture can help us to observe such reflections?","When looking at a building, the windows can often reveal the surrounding environment through such reflections. What part of this picture can provide reflections?"
5,5,"When navigating through a new city, it's important to pay attention to the signs along the road. What objects in the picture can provide useful information and directions for drivers and pedestrians?","When navigating the city, it's important to touch along the directions. What signs can provide useful information for drivers and pedestrians?"
5,5,"When traveling through unfamiliar city areas, signs on the road can provide useful information and directions for both drivers and pedestrians. Based on the picture, what objects could serve as sources of helpful guidance?","When flying through the roadway, images of unfamiliar places can provide helpful information for both drivers and motorists. Based on what directions provide?"
5,5,"When touring a new city, it's important to keep an eye out for signs along the road that provide helpful information and guidance to both drivers and pedestrians. What objects might serve this purpose in the given image?","Before touring a public vehicle, it's helpful to provide certain signs and thoughts on the road that are accessible to metro drivers in this example"
5,5,"When traveling through an unfamiliar city, it's important to keep an eye out for signs that provide useful information and directions for both pedestrians and drivers. Based on the provided picture, what objects might serve this purpose?","Before traveling through the public, it's useful to provide an eye on what signs and directions should provide for that unfamiliar vehicle. Note"
5,5,"When navigating through a new city, paying attention to the signs along the road can be critical. In the picture, what objects can be helpful in providing useful information and directions for both drivers and pedestrians?","When navigating a car, providing important information for both drivers and pedestrians can be useful. Take note in what directions along the road?"
5,5,"In the past, before the popularity of mobile phones, people would often use a particular type of public telephone to make calls. What object in the picture represents this type of telephone?","Before the past in the picture, people would often use a particular type of mobile telephone to make calls. What object represents this type of phone?"
5,5,"Before the widespread popularity of mobile phones, a specific type of public telephone was frequently used to make calls. What object in the picture symbolizes this kind of telephone?","Before the widespread popularity of mobile phones, a special type of telephone was commonly used. What object signifies this phone?"
5,5,"Before mobile phones became popularized, public telephones were widely used for making phone calls. Based on the image provided, what object represents this particular type of telephone?","Before mobile phones became popularized, public telephones were widely used for making calls. Based on what object represents this particular type of phone?"
5,5,"In the late twentieth century before mobile phones became popular, a specific sort of public telephone was widely used for making calls. What object in this image represents the type of telephone?","In the twentieth century before public telephones became popular, a similar object was used for calling. What represents the type of telephone?"
5,5,"Before the widespread use of mobile phones, people would typically use a particular public telephone to make calls. Based on the image, which object represents this type of telephone?","Before the widespread use of mobile phones, people would typically use this object to display a telephone. Based on which telephone?"
5,5,"Looking at the floor plan of an apartment, where in the apartment could we find the sleeping area?","Looking at the floor plan of an apartment, where in the apartment we know the apartment, could we find the sleeping room area?"
5,5,"In a given floor plan of an apartment, where would one find the designated sleeping area?","In a given floor plan of a living space in an apartment, where would one wish to find the proper sleeping area? Suppose the designated?"
5,5,"In an apartment's floor plan, which area indicates where the sleeping area is situated?","In an apartment's space plan, which describes a dwelling area, which floor area is indicated and indicates where the sleeping path is?"
5,5,"In the floor plan of an apartment, what part of the apartment is typically reserved for sleeping?","In the floor plan of an apartment, what part of the apartment is typically reserved for sleeping? What is meant for the apartment?"
5,5,"Can you identify where the sleeping area is located within the apartment, based on the floor plan?","Can you identify where the sleeping area is located within the floor of the apartment, based on the location, provided with a sleep history plan?"
5,5,"Upon reviewing the floor plan of an apartment, where is the sleeping area typically located?","Upon carefully reviewing the floor plan of an apartment, where is the room of the sleeping area typically located? Given a homebuilding plan?"
5,5,"In the picture, what part of the car directly contacts the floor when it is parked?","In the picture, this is what part of the car wears? What part of the floor directly contacts the roadside when it is parked?"
5,5,"When a car is parked, what part of the vehicle makes direct contact with the ground surface in this picture?","When a car is parked near the ground, what part of the vehicle makes direct contact with the surface of the vehicle vehicle in this photo image?"
5,5,"In the picture, which part of the vehicle comes into direct contact with the ground when it is parked?","In the picture, which part of the vehicle is part of the ground, which comes into direct contact with the air when it is parked nearby?"
5,5,"When the car is stationary, which specific part of the car makes contact with the ground surface?","When the car is stationary, which part of the car is, what specific surface of the car makes closely contact with the ground service shade?"
5,5,"When the car is parked, which part of the car is in direct contact with the floor?","When the car is parked, which part of the car is in direct contact with the floor? Whenever the car is part of the landing?"
5,5,"When parked, which part of the car in the picture makes direct contact with the ground?","When parked, which part of the road in the picture makes direct contact with the ground? Answer what is the glass of the car close to?"
5,5,Imagine a tranquil nature scene with flowing water and lush vegetation. Which part of the picture provides a source of water for the surrounding environment?,Imagine a tranquil nature scene with flowing water and lush vegetation. Which part of the picture provides water for the surrounding environment?
5,5,What region of the picture is the source of water in the tranquil natural environment where there is flowing water and lush vegetation?,What region of the picture is the source of water in the tranquil natural environment where there is flowing water and lushy vegetation?
5,5,Could you identify what part of the picture provides a source of water for the surrounding environment in a tranquil nature scene with flowing water and lush vegetation?,Could you identify what part of the scene provides a source of water in a tranquil nature environment with the surrounding water and lush vegetation?
5,5,"In the tranquil nature scene with flowing water and lush vegetation, what part of the picture serves as a source of water for the natural environment?","In the tranquil nature scene with flowing water and lush vegetation, what part of the picture serves as a source of natural environment?"
5,5,"In a calm natural environment with vibrant vegetation and flowing water depicted in the picture, where can we find a water source for the surrounding ecosystem?","In a calm natural environment with vibrant vegetation and water supply depicted in the picture, where can we find a surrounding for the landscape?"
5,5,"In the tranquil nature scene with flowing water and lush vegetation, what is the source of water that provides nourishment to the surrounding environment?","In the tranquil nature scene with lush water and flowing water, what is the source of nourishment that covers the surrounding environment?"
5,5,the damaged part of the silk stockings,the part of the damaged part of the silk stockings installation. the woven silver that wears over the parts of the fur miling
5,5,"If there were restrictions on crossing the river by boat or swimming, what object in the picture would provide a safe passage?","If there were restrictions on crossing the river by boat or swimming, what object in the picture would provide a safe passage if we visited the flag?"
5,5,"If crossing the river by boat or swimming were restricted, what object in the picture could be utilized to provide safe passage?","If crossing the river by boat or swimming were restricted, what object in the picture in the forest could be utilized to provide safe travel passage?"
5,5,"If it's not allowed to cross the river by boat or swimming, what item in the picture can provide an alternative safe passage?","If it's not allowed to cross the river by boat or on swimming, what item in the picture can provide an alternative safe passageway?"
5,5,What object in the picture could provide a safe passage if crossing the river by boat or swimming was restricted or not possible?,What object in the picture could provide a safe passage if crossing the river by a boat in side swimming or walking was restricted or was not possible?
5,5,"In case swimming or using boats to cross the river is not allowed due to certain restrictions, which object in the picture could provide a safe and efficient passage?","In case swimming or using boats to cross the river is not allowed due to certain restrictions, which object in the picture could provide a efficient passage?"
5,5,What in the picture allows people to enter and exit the living room?,What in the picture allows people to enter and exit and walk and exit the living room? What about the visual window allows people to wish in the home
5,5,What could be utilized to enter and exit the living room in the picture?,What could possibly be used to enter and exit the living room in the picture? The long picture shows the benefit to be utilized in the porter
5,5,What architectural element in the picture serves as the primary means of entry and exit to the living room or other living spaces?,What architectural element in the picture serves as as the primary means of entry and exit to the living room or other living spaces in home and interior?
5,5,What part of the picture is typically used for entering and exiting the living room?,What part of the picture is typically used to stop the wall of the living room? Description: what is originally for entering and exiting the child.
5,5,What part of the living room allows people to enter and exit the space?,What part of the living room is meant when people enter and exit the home? The center of the living space allows people to close and access access.
5,5,What part of the picture serves as an entrance and exit for people to access the living room?,What part of the picture serves as the entrance and exit as an access point for the living room? What is the stone to directly attend to people?
5,5,"In formal attire, people often wear a black accessory around their neck to add a touch of elegance. What object in the picture can be used as this accessory?","In formal attire, people often wear a black accessory around the neck to add their elegance. What object in this picture can be worn?"
5,5,What object in the picture could be utilized as an accessory worn around the neck to add elegance to formal attire?,What object in the picture could be utilized as an accessory worn around the neck to add elegance to formal attire to the dressess?
5,5,"To add a touch of elegance to formal attire, people frequently adorn a black accessory around their neck. In this picture, what items might be used as such accessories?","To add a touch of formal elegance to an accessory, people frequently adorn certain accessories on their neck. In this picture what could?"
5,5,"In formal attire, people often wear a black accessory around their neck to add a touch of elegance. Can you please identify what object present in the picture could be used as this accessory?",In black attire people often wear their neck as a accessory. Could you please add something present in the neck to represent this formal sensance?
5,5,Formal attire frequently includes a black accessory worn around the neck to add a touch of sophistication. What item is present in the picture that could be used as this accessory?,White fashion frequently includes an accessory present in the neck to add touch of sophistication. What item could be used as the accessory?
5,5,What item in the picture could be utilized as the accessory that people typically wear around their neck for elegant formal attire?,What item in the picture could be utilized as the accessory that people typically wish to wear around the neck for their formal look elegant attire?
5,5,the unopened flowers,The unopened and unopened vinewood for the next time. the unprecedented flowers that connect with flowers - sprinkling
5,5,the part of the vehicle that can be opened,one of the part of the vehicle that can be opened Quickly. that will address the value of the part of the bracket which can be used
5,5,something that the players use to smoothen the ground and make the curling stone slide further,something that the players use to smoothen the surface and make the concrete slur further and save the point as they make the curling stone run down
5,5,"It is too hard for the man to lift up, can you segment something that he should drop?","It is too hard for the man to lift something up, that is difficult to drop, Can you segment the person that he should let him down?"
5,5,Certainly. Could you indicate what the man should drop since lifting it is too difficult?,Certainly. Probably the challenge should be difficult. Could you indicate what the man was lifting since removing him when cutting it does too fast?
5,5,The object that the man may need to drop due to its weight or difficulty in lifting.,The object that the man may need to drop due to its height or difficulty in moving. To issue the weight that he overrun or lifting.
5,5,Sure! Which object should be placed down to make it easier for the man in the picture?,Sure! Which object should be placed down to make it easier for the person in the picture? Given that what will be easier for the manface?
5,5,It appears that the man is having difficulty lifting a certain object. Can you indicate which item he should put down or drop?,It appears that the man is having difficulty lifting a certain object. Can you indicate which item he should put down or drop what he assumes to?
5,5,The man appears to be struggling to lift something. What item should he set down or release to make the task easier?,The man appears to be beginning to challenge the task to make the item easier. What item should he set down or lift to help release something unable?
5,5,the persons preparing to perform surgery on the patient,the people preparing to perform surgery for the surgical. all persons under which the patient prepares to investigate injuries on the planting patient
5,5,"In a boxing match, what object is usually worn on the hands to protect them from getting injured during punches?","In a boxing match, what object is usually worn on the hands to protect them from getting injured during the battle during punching dones?"
5,5,What object is traditionally worn on the hands to protect them from injury during punches in a boxing match?,What object is traditionally worn on the hands to protect them from punches during the injury when intended for funeral matches in a boxing?
5,5,What is typically worn on the hands to protect them from getting injured during punches in a boxing match?,What is typically worn on the hands to protect them from getting injured during punches when the dog wins for them in a boxing match alone?
5,5,"In a boxing match, what item is typically worn on the hands to prevent them from getting injured during punches?","In a boxing match, what item is typically worn on the hands to prevent them from getting injured during funges when winning the punches?"
5,5,"In a boxing match, what item is traditionally worn on the hands to safeguard them from injury during punches?","In a boxing match, what item is traditionally worn on the hands to safeguard them from injury during the tie for punches?"
5,5,What protective gear is generally worn on the hands during a boxing match to prevent them from sustaining injuries while punching?,What protective gear is generally worn on the hands during a boxing match to prevent them from sustaining certain injuries while punching?
5,5,"In order to enjoy a good seasonal view indoors, people often hang what objects on the wall?","In order to enjoy a good seasonal view of nature indoors, people often want to hang what objects in the wall on a low window?"
5,5,What objects are commonly hung on a wall for people to enjoy a good seasonal view indoors?,What objects are commonly hung out on a wall on a tree to enjoy a good seasonal view for people who can enjoy certain materials indoors?
5,5,What objects do people commonly hang on the wall to enjoy a good seasonal view indoors?,What objects do people commonly hang out on the wall next to the leaf to enjoy a good seasonal view of your interior behaviors indoors?
5,5,What objects are commonly hung on walls to enjoy a good seasonal view indoors?,What wood is commonly hung off on long walls to enjoy a good seasonal view in your dwellers? Given what objects to perform indoors?
5,5,What do people typically hang on walls indoors in order to enjoy a good seasonal view?,What do people typically hang on old indoor walls throughout outdoors in order to enjoy a good seasonal view - to assume what they love?
5,5,What objects do people usually place on the wall to enjoy a great seasonal view indoors?,What natural objects do people usually place on the wall to enjoy a great seasonal view on top of what happens to our home surfaces indoors?
5,5,"Snails have a soft, fragile body that requires hard materials to protect them. What part in the picture can accomplish this task?","Snails have a soft, fragile body that requires hard hard materials to protect them. What part of the picture can play to accomplish this task?"
5,5,"Snails have soft, fragile bodies, and they require hard materials for protection. What in the picture could be an example of such hard materials that can fulfill this task?","Snails have soft, fragile bodies, and they require hard materials. What could be an example of such hard materials to fulfill this task?"
5,5,"What item in the picture could provide adequate protection for the soft, fragile body of snails?","What item in the picture could provide any adequate protection for the width of the fragile, soft, durable body of animal snails?"
5,5,"Snails have a fragile, soft body that requires hard materials to protect them. What object in the picture can serve this purpose?","Snails have a fragile, soft body that requires hard materials to protect them. What object in the picture can serve the purpose for this purpose?"
5,5,What part of the picture can be used to protect the soft and fragile body of a snail with hard materials?,What part of the picture can be used to protect the soft and fragile alligive body of the hard of a snail with soft materials?
5,5,"When going shopping, people often use a specific type of bag to carry the items they purchase. What object in the picture could be used for this purpose?","When going shopping, people often use a specific type of bag to carry the items they purchase. What object in the picture could be used this?"
5,5,What in the picture can be used as a type of bag that people use when shopping to carry the items they purchase?,What in the picture can be used as a type of bag that people use when shopping to carry the items that they purchase using their shoots?
5,5,"When going shopping, what object in the picture might serve as an appropriate bag to carry purchased items?","When going browse shopping, what object in the picture might serve as an appropriate item for the vehicle, which bar to carry likely carrying items?"
5,5,"In the context of shopping, what object from the picture would commonly be used to carry items and purchases?","In the context of shopping, what object from the picture would commonly be used to carry certain items and purchases? What would relate to sho."
5,5,"When shopping for items, people often utilize a specific type of bag to carry their purchases. What item in the picture could be used for this purpose?","When shopping for items, people often utilize a specific type of bag to carry their purchases. What item in this picture could be used?"
5,5,What object in the picture is suitable for carrying items bought while shopping?,What object in the picture is suitable for shopping: Which stone is used for fitting the item of familiar items bought while carrying clothes?areing?
5,5,"In a bedroom, people often have a specific piece of furniture where they can store their clothes and personal belongings. What object in the picture could serve this purpose?","In a bedroom, people often have a specific piece of furniture where they could store their clothes and belongings. What object in this purpose?"
5,5,What object in the picture might people use to store their clothes and personal belongings specifically in a bedroom?,What object in the picture might be familiar to people how might they use to store their clothes and personal belongings in a bedroom during bed specifically?
5,5,What object in the picture can best be used in a bedroom to store clothes and personal belongings?,What object of the picture in the home can best be used in a bedroom and useful to hide imaginary clothes to wear and personal belongings?
5,5,What item in the picture could be utilized as a piece of furniture for storing clothes and personal belongings in a bedroom?,What item in the picture could be utilized as a piece of furniture to furnish for storing clothes and personal belongings in a bedroom?
5,5,"In a bedroom, which piece of furniture might people utilize to store their clothes and personal belongings?","In a bedroom, which piece of furniture and kitchen furniture might much of people utilize to store their personal items and personal belongings?"
5,5,the winner of this game,The winner of this challenge meets the winner of this game.in the first of its results. Guaranteed that the winner of the dodge horse
5,5,图中有什么动物是常年生活在水下的？,(Redirected from Chance). ãã«Telegraphing has been able to solve payroll without taxonomous zeros nag
5,5,有哪些水下生活的动物可以在这张图片上找到？,Ï {\displaystyle {\displaystyle } }including movable or sunglassous other than cute to finish entertainment dash SLANGAN parsing
5,5,哪种动物在图中是常年生活在水下的？,"ãã(. despite filing numbers, whether you have time overlap or confusing analogous to sustaAN---------------------------------------"
5,5,请问有什么动物在这张图片中是长期生活在水下的呢？,(updated Ùìì· easy to replace flashing or confusing other than stereo cinematicata(. GET INFO
5,5,哪种动物通常在水下生活？,ÏÏÊ>Opening to police or change lighting time comparable to other crime stereolinguistics ì
5,5,Refrigerators are commonly used to store all kinds of food. What food in the picture may be used to hatch chicks?,Refrigerators are commonly used to store all kinds of food. What food in the picture may be used to hatch toast chicks?
5,5,Can you tell me which food in the picture is commonly used to help hatch chicks?,Can you tell me which one in the picture tells you: What food line is commonly used to help milk can be used to hatch chicks?
5,5,Which food item in the picture can be used to hatch chicks?,Which food item that could be used in part in the picture: What can be the soft crop to hatch chicks? Hello chick.
5,5,What item in the picture could be used to hatch chicks?,What we hope is the basic picture in the picture? What item of wire could be used to hatch when used to chuck chinicks.
5,5,"What type of food is commonly utilized for hatching chicks, as depicted in the picture?","What particular type of food is commonly utilized for hatching chicks, as depicted in the picture, when used in the hole?"
5,5,"During the process of remodeling or repairing a room, what tool in the picture could be used to create holes in the walls or ceiling?","During the process of remodeling or fixing a room, what tool in the picture could be used to create holes in the walls or ceiling?"
5,5,"In the process of remodeling or repairing a room, which tool in the picture would be used for creating holes in the walls or ceiling?","In the process of remodeling or repairing a room, which tool would be used for creating holes in the picture or in the ceiling?"
5,5,What object in the picture could be utilized to create holes in the walls or ceiling during the process of remodeling or repairing a room?,What object in the picture could be utilized to create holes in the walls or ceiling during the process of remodeling or repair a room?
5,5,"If someone was remodelling or repairing a room, what tool in the picture could be used to create holes in the walls or ceiling?","If someone was remodelling or repairing a room, what tool in the picture could be used to create holes in the walls or ceiling?"
5,5,"If you are remodelling or repairing a room, what tool in the picture could be used to create gaps in the walls or ceiling?","If you are remodelling or repairing a room, what tool in the picture could be used to create gaps in the walls or ce?"
5,5,What object in the picture is a realistic representation of a gecko or a lizard?,What object in the picture is a realistic representation of a gecko or a geod? The real attribute is a light of architect lizard?
5,5,What object in the picture is a realistic representation of a gecko or lizard?,What object in the picture is a realistic representation of a gecko or gecko? The obvious -ori is what function of a lizard?
5,5,Which item in the picture is similar in appearance to a gecko or a lizard?,Which item in the picture is similar in appearance to the beanie? Description:anything that happens in a gecko or a custom lizard?
5,5,Which object in the picture possesses realistic characteristics of a gecko or a lizard?,Which object in the picture of the lizard possesses realistic characteristics of a gecko or a gecko: which presents real life in character?
5,5,Which item in the picture resembles a gecko or a lizard in terms of appearance?,Which item in the picture originally resembles a gecko or a lizard? Which blue arrow does satisfy the asizard in terms of appearance?
5,5,Which object in the picture is a realistic representation of a gecko or a lizard?,Which object in the picture is a clear realistic representation of a gecko and a lizard? Probably the image of a geote or animal?
5,5,something that absorbs moisture and inorganic salts from the soil,something that absorbs warm moisture and inorganic salts from the soil - that incurs atomics and mooring of the mud
5,5,"When visiting a park, it is common to find designated areas for relaxation and seating. What object in the picture could be used for sitting and resting?","When visiting a park, it is common to find designated areas for relaxation and seating. What object in the picture could be for sitting?"
5,5,"At the park, where could one locate something specifically designated for sitting and resting?","At the park, where to suppose, whats one specifically designated for resting? Could one locate a container built for sitting and resting able?"
5,5,"In a park, designated areas for relaxation and seating are common. What item in the picture could be utilized for sitting and resting?","In a park, designated areas for relaxation and seating are common. What item in the picture could be utilized for sitting and resting?"
5,5,"When visiting a park, it is common to find designated areas reserved for relaxation and seating. What object in the picture could be used for sitting and resting in such circumstances?","When visiting a park, it is common for relaxation and seating. What object used could be reserved for sitting and rest in such situations?"
5,5,"When exploring a park, designated areas for relaxing and seating are often present. What object in the picture can be utilized for sitting and resting?","When exploring a park, designated areas for relaxing and resting are often present. What object in the picture can be utilized for sitting?"
5,5,"During a visit to a park, it's typical to encounter dedicated areas such as benches or seating arrangements that provide space for relaxation and sitting. Based on the image, what object could reasonably be utilized for sitting or resting?","During visitor visiting, a space comprises typical benches or seats that could be utilized for relaxation and resting. What could experience?"
5,5,the decoration made of something inside shells,the decoration made of a shell of something unique. Hello all. the fact that everything inside of furniture shells trimming root in shells
5,5,the tennis player,the ounce piano is dedicated to solving the challenge of the Spanish tennis player. tennis player excel. hard and dry - the golfing skater
5,5,What object in this picture is often used to place coffee cup and pastry while sitting?,What object in this picture is unique while sitting? When used most often to place the tea cup and pastry coffee dug and place while sitting?
5,5,What is the item in the picture that people often utilize to keep their coffee cups and pastries upright while sitting?,What is the item in the picture that people often utilize to keep their coffee cups and pastries upright for sitting while wearing?
5,5,What object in the picture is commonly used to hold a coffee cup or pastry when sitting?,What object in the picture is commonly used to describe the reason the pastry is handsome when holding a coffee cup and coffee cone or douch?
5,5,What in the picture is commonly used to rest a coffee cup and a pastry on while seated?,What in the picture is commonly used to rest the pastry on and cooked while in reality a coffee cup or two alongside a secake?
5,5,What is the common name of the object in this picture that is frequently utilized to hold coffee cups and pastries while seated?,What is the common name of the object in this picture that is frequently utilized to hold coffee cups and pastries while topped seated?
5,5,What in the picture is commonly used to hold a coffee cup and pastry while someone is seated?,What in the picture is commonly used to hold a pastry cup or coffee and tea while the traditional groove is placed while someone is seated?
5,5,What object can be used to hold the towel in the bathroom?,What object can be used to describe the wireless toilead in the bathroom? What has to be worn to hold the towel for sleep?
5,5,What is typically utilized in the bathroom to hold and store towels?,What is typically utilized in the bathroom during work is the ideal to make and store containers used to towell and swab towels
5,5,What household item could be used to hang a towel in the bathroom?,What household toilet might be used to describe the way to hang a spare towel in the bathroom? What can be worn in home?
5,5,What item would you use in the bathroom to hang a towel on?,What item would you use in the bathroom to bring a towel to sleep on? What do I describe a toilet to hang in?
5,5,What item in the bathroom can be used to hold a towel?,What item in the bathroom can be used in the toilet? What toast is meant to show how to comfort a baby towel?
5,5,"In the bathroom, what object might be used to hold the towel?","In the bathroom, what is certain in the towel? What object might be used to describe the backdrop to hold the toilet?"
5,5,the area for people to walk through the tall grass,The area for the community for people to walk through a tall grass. a) We believe all roadways to get through the trees across the waterfoot
5,5,Yoga is a popular exercise that involves various poses and stretches. What object in the picture can provide a comfortable and supportive surface for practicing yoga?,Yoga is a popular exercise that involves various poses and stretches. What object in the picture can provide a comfortable surface for practicing?
5,5,Yoga is an exercise that includes various postures and stretches.  What item in the picture can serve as a comfortable and supportive surface for practicing yoga?,Yoga is an exercise that includes various posts and stretches. What item in the picture can serve as a comfortable and supportive technique?
5,5,Yoga involves different poses and stretches and requires a comfortable and supportive surface for practice. Please identify the object in the picture that could be used for this purpose.,Yoga involves different poses and stretches and requires a comfortable and supportive surface. Please identify the object in the picture for this purpose.
5,5,Which object within the image could be used as a comfortable and supportive surface for performing yoga poses and stretches?,Which object that exists within the image could be used as a comfortable and supportive surface for performing yoga poses and pedal stretches?
5,5,"What item in the picture could be utilized to create a supportive and comfortable surface for practicing yoga exercises, which typically involves various stretches and poses?","What item in the image could be utilized for creating a comfortable and comfortable therapy surface, which typically involves various stretches and poses?"
5,5,"Yoga involves various poses and stretches, and a comfortable and supportive surface is necessary to practice. What item in the picture could be useful for this purpose?","Yoga involves various poses and stretches, and a comfortable and supportive surface is useful. What item could be necessary for this purpose?"
5,5,Vehicles that are designed for off-road driving can easily maneuver through challenging terrains. What in the picture could be driven on a dirt road?,Vehicles that are designed for off-road driving could easily maneuver through challenging terrains. What in the picture can be driven?
5,5,"Which object in the picture appears suitable for driving on a dirt road and navigating through challenging terrain, as commonly required for off-road vehicles?","Which object in the picture appears suitable for driving through a dirt road and navigating challenging terrain, as commonly required for off-road vehicles?"
5,5,Vehicles designed for off-road driving are capable of smoothly navigating through difficult terrain. Please identify the object or objects in the picture that would be suitable for traveling on a dirt road.,Vehicles designed for off-road travel are capable of navigating through rough terrain. Please identify the objects that would be suitable on the road.
5,5,"What object in the picture is capable of traversing a dirt road, given that vehicles designed for off-road driving can easily maneuver through challenging terrains?","What object in the picture is capable of traversing an off-road road, given that designed vehicles can easily maneuver through dirt drives?"
5,5,"What in the picture is suitable for driving on a dirt road, especially when dealing with challenging terrains?","What in the picture is suitable for driving on a dirt road, especially for riders, which is unique when dealing with challenging terrains?"
5,5,"When driving on an unpaved road or challenging terrain, off-road vehicles are typically better suited to maneuvering. Could you identify what object in the picture would be suitable for travel on a dirt road?","Where duned vehicles are typically suited for traveling on an off-shoot road, could you understand what object in the roadway?"
5,5,"In a public building, what should people use to discard the paper towels used to dry their hands after washing in the restroom?","In a public building, what should people use to discard the paper towels used to dry their hands after washing in the restroom?"
5,5,"In a public building, what object should people use to dispose of the paper towels used for drying their hands after washing in the restroom?","In a public building, what object should people use to dispose of the towels used for drying their hands after washing in the bath?"
5,5,"In a public building, which spot is considered the appropriate place for people to dispose of the paper towels after using them to dry their hands in the restroom?","In a public building, which spot is considered the appropriate place for people to dispose of the paper towels after using them to dry their hands?"
5,5,"If the restroom is inside a public building, what could people use to dispose of the paper towels after hand-washing?","If the restroom is inside a public building, what could people use to dispose of the paper towels after hand-inwashing?"
5,5,"In a public building, what item would someone typically use to dispose of the paper towels used for drying their hands after washing in the restroom?","In a public building, what item would someone typically use to dispose of the paper towels used for washing their hands after the restroom?"
5,5,What item should individuals use to dispose of paper towels used to dry their hands after washing in a public restroom?,What item should individuals use to dispose of paper towels used to dry their hands after washing to wash food in a public restroom?
5,5,"During a festive event, people often give small gifts to each other as a token of celebration. What object in the picture could be used to hold and display these gifts?","During the celebration event, people often give small gifts as a sign of each other. What object could be used to hold these gifts?"
5,5,"In a festive event, small presents are often exchanged as a gesture of celebration. What object in the picture might be suitable for storing and displaying these gifts?","In a festive event, small presents are often exchanged as a gesture of gift. What object in the picture might be suitable for storing these?"
5,5,"During a festive event, people often exchange small gifts as a token of the celebration. Based on the picture, name an object that could be used to hold and display these gifts.","During the celebration, people often exchange and hold such gifts. Name a small event as an object that could be used to display the gift."
5,5,"If we are to exchange small gifts with each other during a festive celebration, what could be used in the picture to hold and display these gifts?","If we are to exchange small gifts during a festive celebration, what could be used in the picture to hold and display these gifts?"
5,5,"In order to capture a stable and clear photo or video, what object in the picture might be used to hold the camera steadily?","In order to capture a stable and clear photo or video, what object in the picture of the camera might be used to hold the scene steadily?"
5,5,What object in the picture could be utilized to stabilize and take a steady photo or video?,What object in the picture of a photo or video could be utilized in order to stabilize and could easily take a steady motion image or video?
5,5,"To capture a stable and clear photo or video, what object in the picture could be utilized to hold the camera steadily?","To capture a stable and clear photo or video, what object in the picture could be utilized to hold the camera to create the picture steadily?"
5,5,"To capture a stable and clear photo or video, what object in the image could be utilized to hold the camera steadily?","To capture a stable and clear photo or video, what object in the image could be utilized to hold the camera to render the image steadily?"
5,5,something that the person uses to fish,something that the person uses to cause a project. Word: the one that the fisherman uses to fish the things that the hands are then to fresh
5,5,"In the picture, there seems to be a dish with various ingredients mixed together. What utensil in the picture could be used to scoop up a portion of this mixed dish?","In the picture, there is a dish loaded with several parts of the mixture. What ingredient could reasonably mix up this dish?"
5,5,"What kitchen tool from the picture can be leveraged to scoop up a portion of the mixed dish, which seems to include various ingredients?","What kitchen tool from the picture can be leveraged to scoop a portion of the mixed dish, which seems to include various ingredients?"
5,5,What tool or object in the picture would you use to scoop up a portion of the mixed dish that you mentioned?,What tool or object in the picture would you use to scoop up a portion of the mixed dish that you mentioned and that you gifted?
5,5,"In the picture, what tool could be utilized to scoop up a portion of the mixed dish with various ingredients?","In the picture, what tool could be utilized to allow to scoop up a portion of the mixed dish with various different ingredients?"
5,5,"If you would like to scoop up a portion of the mixed dish in the picture, what utensil could be utilized to do so?","If you would like to scoop up a portion of the mixed dish in the picture, what utensil could be utilized to do?"
5,5,the part of the pear that has been bitten by insects,The part of the part of the pear. akin to the decay that weighs in the bitten that has been taken by insects
5,5,something that the cat uses to receive sound signals,Something that a cat uses to produce sound signals and sound signals. that the vien uses to receive something that the brain means to noise the remote warning
5,5,the button used for refreshing the page,the button used for refreshing the length of the page.released Description: the button used to create scratch colour for the itffraying
5,5,Pelicans are known for their unique hunting technique of diving into the water to catch fish. What body part of the pelican is primarily used to catch the fish?,Pelicans are known for their unique technique of diving to catch the fish. What body part of the pelican is primarily used to catch fish?
5,5,What component of the pelican's anatomy is predominantly used when it dives into the water to capture fish while hunting?,What component of the pelican's anatomy is predominantly used when it dives in into the water to capture fish while hunting?
5,5,"In devising a strategy to catch fish, pelicans are known for their unique hunting style of diving into the water. Which body part of the pelican is primarily utilized to catch fish?","In devising a hunting strategy to catch fish, pelicans are known primarily for their utilization into the water. Which body of pelican?"
5,5,Pelicans are known for their unique hunting technique of diving into the water to catch fish. What main body part of the pelican is employed to seize the fish during the hunting process?,Pelicans are known for their unique hunting technique to catch the fish. What body of the pelican is employed during sealing into the fish process?
5,5,"What body part of a pelican is primarily utilized to catch fish while hunting, given their unique diving technique?","What body part of a pelican is primarily utilized to catch raw fish while hunting, given the unique of their diving technique where they bear?"
5,5,"What body part of the pelican is primarily utilized for catching fish, as they are well-known for their unique hunting technique of diving into the water to grab their prey?","What body of the pelican utilizes the technique for fishing, as they are primarily well-known for catching water into their prey?"
5,5,"In the morning every day, most people develop a habit of brushing their teeth to remove the strange smells that may build up overnight. What object is used in this routine to remove the foods and other substances stuck on teeth during the night sleep?","During the morning, people create some medicines to throw on their teeth and other teeth. What is meant to remove the sleep occurring overnight?"
5,5,"In the morning, most people have a habit of brushing their teeth to remove any buildup of smell overnight. Which object, when used during this routine, can help remove food and other residue from teeth?","During the morning, people have a habit to brush their teeth repeatedly. Which food and other texture can remove any residue of teeth during morning?"
5,5,What item is typically utilized to remove food and other substances that may be stuck on teeth after a night's sleep as part of a morning teeth-brushing routine?,What item is typically utilized to remove teeth and other substances that might be stuck on teeth after a night's morning-brushing routine?
5,5,"When people wake up in the morning, they generally develop a habit of brushing their teeth to get rid of food debris and other substances that may have accumulated overnight. What instrument is typically used in this routine to remove these substances from the teeth?",Where do people typically mash their teeth in the morning to get rid of food or other substances that are accumulated during the morning. This technique
5,5,"In the morning when you wake up, brushing your teeth can help remove strange smells that may have accumulated overnight. What object is used in this routine to remove food and other substances that might be adhered to your teeth while you were sleeping?","When you sleep the next morning, can it be used to remove certain food or substances that were melted in your mouth during sleeping?"
5,5,What object is typically utilized as part of the morning routine to remove the food particles and other substances that may have stuck to the teeth overnight?,What object is typically utilized as part of the morning routine to remove the food particles and other substances that may have stuck to teeth overnight?
5,5,"During the cold winter months, people often gather around a source of heat in their living rooms to keep warm. What object in the picture could provide heat in this scenario?","During the cold winter, people often gather around a source of heat in their living rooms to keep warm. What object in this scenario could provide heat?"
5,5,"When it's cold during the winter months, people typically stay around a source of heat in their living rooms to keep warm and cozy. Please aid me in identifying what object within the picture could be utilized to generate warmth in such a circumstance.","When people leave a room during winter, I could utilize what is circulating to help keep warm and cool in the circumstance within such scenarios."
5,5,"In the cold winter months, people frequently gather around sources of heat in their homes to stay warm. Based on the picture, what item could function as a source of heat in this scenario?","Based on the cold winter months, people frequently gather around sources of heat in their homes. What item could function as a source of heat in this?"
5,5,"In order to stay warm during the cold winter months, people often congregate around a source of heat in their living rooms. What in the picture might supply heat in this situation?","In order to stay warm during the winter heat, people typically congregate around a source of heat in their living rooms. What in this situation?"
5,5,"In cold winter months, people often gather around a source of heat in their living rooms to keep warm. Please identify the object in the picture which could be utilized to provide heat in this scenario.","During cold winter, people frequently find heat in the living space in these situations. Please capture an instance of which could be utilised to provide heat."
5,5,"To stay warm during the cold winter months, people often gather around a source of heat in their living rooms. Please tell me which object(s) in the picture could serve as a source of heat in this situation?","To hang during a cold winter in the living rooms, please tell me which person(s) can serve as a source of heat in this situation?"
5,5,"In modern cities, power cables are usually installed overhead to supply electricity to buildings. What part of the picture is likely to be used to support these power cables?","In urban buildings, power cables are usually used to supply electricity to installed buildings. What part of the picture is likely to support these power?"
5,5,"In modern cities, how are power cables typically installed to deliver electricity to buildings? What part of the picture is utilized to support these power cables?","In modern cities, how are power cables typically installed to deliver electricity? What part of the picture is utilized to support these power cables"
5,5,"To supply electricity to buildings in modern cities, power cables are typically installed overhead. Please identify the object in the picture that is likely to be used to support these power cables.","To deploy electricity to modern buildings, power cables are typically used. Please identify the object in the picture that is likely to support these power."
5,5,Where in the picture is typically used to support power cables that supply electricity to buildings in modern cities?,Where in the picture is typically used to support power supply cables that provide electricity to power buildings in modern cities when connected to the ibs?
5,5,"In urban areas, power cables are often installed overhead, providing electricity to buildings. What part of the image would typically be utilized as support for these power lines?","In urban areas, power cables are typically installed as utility to buildings. What part of the image would often be assisted for these power lines?"
5,5,"In modern cities, power cables are frequently strung overhead to provide electricity to buildings. What object in the picture appears to be utilized to support these power cables?","In modern cities, power cables are frequently strung to provide electricity to buildings. What object in the picture appears to support these cables?"
5,5,"When playing the piano, what object in the picture does the pianist typically sit on?","When playing the piano, do you define what object in the picture will the pianist typically sit on? What the tongue on the pianist does?"
5,5,"While playing the piano, what item in the picture is typically used as a sitting surface by the pianist?","While playing the piano in the piano, what item in the picture is typically used as a sitting surface of the tile as chose by the pianist?"
5,5,"What is the furniture item that a pianist typically sits on while playing the piano, based on the picture?","What is the furniture item that a music pianist typically sits on while playing the piano, based on what the hen is upon the picture?"
5,5,What as an object in the picture does one typically sit on while playing the piano?,What about a certain object in the picture does one typically play while completing the piano? When it looks as an apple as one would sit on?
5,5,"When playing the piano, what object in the picture is commonly used as a seat for the pianist?","When playing the piano in the theatre, what object in the picture is commonly used as a seat for the pianist: What is meant for mouse?"
5,5,"When playing the piano, what object does the pianist typically sit on in the picture?","When playing a piano in the theater, what object does the pianist typically sit on the piano? Should I define what laugh in the picture?"
5,5,the fallen chess piece,the nearly forgotten mattress chess piece for all the abstracts. Chunky - The feeling that the fallen stranded die clinch
5,5,"Flowers are a beautiful part of nature, and their appearance can vary greatly. What object in the picture is commonly associated with the beautiful blossoming of flowers?","Flowers are a beautiful part of nature, and their appearance can vary greatly. What object in the picture is commonly associated with the beautiful blooming?"
5,5,What item in the picture is typically related to the blooming and appearance of flowers?,What item in the picture below is unique: the tree is typically related to the actual blooming and blooming appearance of the flowers of oranges?
5,5,"What object in the picture is typically associated with the beautiful blossoming of flowers, which can appear in a variety of shapes and colors?","What object in the picture is typically associated with the beautiful blossoming of flowers, which can appear in a variety of shapes and colors of colors?"
5,5,What object in the picture is often connected with the beautiful blooming of flowers?,"What object in the picture is often connected with the pastel of flowers? When confused, it describes the beautiful blooming of the flowers that flower?"
5,5,What common object in the picture is associated with the beautiful blossoming of flowers?,What the most common object in the picture of the tree is associated with the blossoming of beautiful flowers? Given that personal blastenancy?
5,5,"What object is often a symbol of memories and personal experiences, generally placed on the table or hung on the wall?","What symbol is generally the object of personal and cultural experiences and memories, often placed on the table or often hung on a wall or the pit?"
5,5,"What object, which is often hung on walls or placed on tables, is considered a symbol of memories and personal experiences?","What object, which is often hung on walls, or created on tables and placed at home, is considered a symbol of memories or personal experiences?"
5,5,"What is the object that serves as a symbol of memories and personal experiences, usually placed on a table or hung on a wall?","What is the object that serves as a symbol of memories and personal experiences, usually placed on a table or hung on a wall after a tower?"
5,5,What object is typically associated with personal experiences and memories and is commonly placed on a table or hung on a wall?,What object is commonly associated with personal experiences and memories and is typically placed on a table and left on a window or commonly hung on a wall?
5,5,"What type of object might be seen as a symbol of memories and personal experiences, often found on a table or hung on a wall?","What type of object might be seen as a symbol of memories and personal experiences, often found on a table or hung hung on a wall wall?"
5,5,"In formal occasions, it is common for men to wear a particular accessory around their neck. What object in the picture could be used for this purpose?","In formal occasions, it is common for men to wear a particular accessory around their neck. What object in the picture could be used for this?"
5,5,What object in the picture can be utilized by men to wear around their neck during formal occasions?,What object in the picture can be utilized around the neck during formal occasion? What can define difficult clothes used by men to wear in their men?
5,5,"In formal occasions, men often wear a specific accessory around their necks. What object in the picture could be used for this purpose?","In formal occasions, men often wear a specific accessory around their necks. What object in the picture could be used to fit for this purpose?"
5,5,"On formal occasions, it is customary for men to wear a particular accessory around their neck. What object in the picture could serve this purpose?","On formal occasions, it is customary for men to wear a particular accessory around their neck. What object in the picture could serve this purpose?"
5,5,"For formal occasions, men often wear a specific accessory around their necks. What item in the picture could be utilized for this type of formal wear?","For formal occasions, men often wear a specific accessory around their necks. What item in the picture could be utilized for this formal wear?"
5,5,"In formal occasions, men often wear a specific accessory around their neck. What item in the picture could be utilized for this purpose?","In formal occasions, men often wear a specific accessory around their neck. What item in the picture could be utilized to suit for this purpose?"
5,5,What kind of object can be opened and closed to connect different rooms and allow people to easily get in and out?,What kind of object can be opened and closed to connect to different rooms and enable different people to easily get in and out if people live or close?
5,5,"What type of object can be opened and closed to connect different rooms, allowing individuals to easily move in and out?","What type of object can be opened and closed to connect to different rooms, meaning individuals can easily move and move, allowing interiors in and out?"
5,5,"What kind of fixture could be opened and closed to connect various rooms, allowing people to move in and out comfortably?","What kind of fixture could be opened and closed to allow people to connect various rooms and housing, letting the person move in and out comfortably?"
5,5,What object in a house or building can be opened and closed to connect different rooms and allow people to easily enter and exit?,What object in a house or building can be opened and closed to connect different rooms and buildings and allow people to easily enter and easily enter to exit?
5,5,"What object can be utilized to connect different rooms and allow people to easily access them, given that it can be opened and closed?","What object can be utilized to connect different rooms and allow people to easily access them, given that it can be able to be opened and closed?"
5,5,What is the object that can be opened and closed to connect different rooms and enable easy access in or out?,What is the object that can be opened and closed to connect different rooms and enable easy access. Open and enable remote function which goes in or out?
5,5,the object that protects reproductive organs,the object that strives the object of life. that describes defective reproductive organs which protects protecting immune product packets
5,5,"Sometimes, dogs need to be restrained and controlled to ensure their safety and the safety of others. What part of the picture is used to physically control the movement of the dog?",Sometimes dogs need to be physically controlled to ensure the safety and the movement of others. What part of the picture is used to control the dog?
5,5,What part in the picture is utilized to physically restrain and control the movement of a dog when necessary to ensure the safety of both the dog and others?,What part in the picture is utilized to physically restrain and control a dog when necessary to ensure the safety of both the dog and others?
5,5,"What part in the picture is used to control the movement of the dog physically, as needed for ensuring its own and others' safety?","What part in the picture is used to control the movement of the dog physically, as needed for ensuring its own and others's safety?"
5,5,"What part of the picture is utilized to physically restrain and control the movement of the dog, which is occasionally necessary to maintain the safety of both the dog and others?","What part of the picture is utilized to habitually control the movement of the dog, which is necessary to safely maintain both the dog and others?"
5,5,"To ensure the safety of dogs and others, physical control may be necessary. Which part of the image is intended to restrict and manage the dog's movements?","To ensure the safe control of dogs and others, physical safety may be necessary. Which part of the image is intended to restrict and manage the movements?"
5,5,"In certain situations, it becomes necessary to restrain dogs to ensure their own safety and that of other people around them. What in the picture is an example of an object that may be utilized to physically control the movement of a dog?",It is necessary in certain situations to physically control the movement of a dog and those inside them. What else is an example of to protect dogs?
5,5,"In a forest, water from a river or creek often flows through various natural formations. Can you identify a particular formation in the picture where the water is running swiftly?","In a forest, water from a river or creek often flows in various natural formations. Can you identify the particular formation where the water continues?"
5,5,Can you point out a formation in the forest shown in the picture where water is flowing quickly through natural streams or rivers?,Can you point out a formation in the forest in the picture shown in the passage where water is flowing quickly through natural fossils or rivers coming?
5,5,"In a forest, water from a river or creek may flow through various natural formations, including swift streams. Can you identify a particular natural water formation in the picture where the water is seen running swiftly?","A river or stream in a natural formation is visible from various water runings, including wind. Can you locate the water following the natural process narrow?"
5,5,"In the forest, water from a river or creek commonly passes through different natural formations. Can you locate a specific formation in the picture where water is flowing rapidly?","In the forest, water from a river or creek commonly enters a different natural form. Can you locate the formation where water is flowing quickly?"
5,5,"In the image, can you identify a natural formation in the forest where the water is flowing rapidly, such as a rapid or a waterfall?","In the image, can you identify a natural formation in the forest where the water is flowing rapidly, such as a rapid or a waterfall?"
5,5,"In a forest, water from a river or creek typically flows through various natural formations. Can you identify a particular formation in the picture where the water is flowing swiftly?","In a forest, water from a river or creek typically flows in various natural formations. Can you identify the particular formation where the water continues?"
5,5,What kind of cushion object can be placed on an armchair or couch to make sitting or lying more comfortable?,What kind of cushion object can be placed on an armchair or couch to make the sitting couch or lying more comfortable?
5,5,What is an object which can be placed on an armchair or couch to improve the comfort of sitting or lying down?,What is an object which can be placed on an armchair or couch to improve the comfort of sitting or lying in a seat or down?
5,5,What is the name of the type of cushion that can be positioned on an armchair or couch to improve comfort when sitting or lying down?,What is the name of the type of cushion that can be positioned on an armchair or couch to improve comfort when sitting?
5,5,What is the name of the cushion object that can be placed on a chair or couch to provide additional comfort when sitting or lying down?,What is the name of the cushion object that can be placed on a chair or couch to provide additional comfort when sitting or lying down?
5,5,What type of cushion can be put on a couch or an armchair to provide additional comfort while sitting or lying down?,What type of cushion can be put on a couch or an armchair to provide additional comfort to sitting while lying or lying down?
5,5,What type of cushion object is often utilized on an armchair or couch to increase comfort while sitting or lying down?,What type of cushion object is often utilized on an armchair or couch to increase soft comfort while sitting or lying down?
5,5,"In ice hockey, teams compete to score goals against each other. What object in the picture should the players aim to shoot the puck into?","In ice hockey, teams compete to score goals against each other. What object in the picture should the players aim to shoot the puck into?"
5,5,"In a game of ice hockey, what should the players aim to shoot the puck into, as depicted in the picture?","In a game of ice hockey, what should the players aim to shoot the puck into, per the plot, as depicted in the picture?"
5,5,"In ice hockey, what should the players aim to shoot the puck into to score a goal, according to the picture?","In ice hockey, what should the players aim to shoot the puck into to score the goal of a goal, according to the picture to find?"
5,5,"In ice hockey, players aim to score goals against one another. What object in the picture should they aim to shoot the puck into?","In ice hockey, players aim to score goal goals against one another. What object in the picture should they aim to to shoot the puck into?"
5,5,"What is the goal post that hockey players typically aim to shoot the puck into, in order to score a goal?","What is the goal post that hockey players typically aim to shoot the puck into, in order to score a goal for what to ice a goal?"
5,5,Ice hockey is a sport in which teams compete to score goals against each other. What object should the players aim to shoot the puck into in the picture?,Ice hockey is a sport in which teams compete to score against each other. What object should the players aim to shoot the puck in in?
5,5,"Which furniture in a room is used for writing or drawing with chalk or markers, for example to explain a mathematical formula or draw up a meeting summary?","Which furniture in a room is used for writing or drawing with chalk or meeting markers, for example to explain a mathematical formula or draw summary?"
5,5,"What furniture commonly used in a room is utilized for writing or drawing with chalk or markers, such as when explaining a mathematical formula or creating meeting notes?","What furniture commonly used in a room is utilized for writing or drawing with chalk notes, such as when explaining a mathematical formula or solving?"
5,5,"What type of furniture present in a room is typically used for writing or drawing with chalk or markers, say to explain a mathematical formula or a meeting summary?","What type of furniture present in a room is typically used for writing or drawing with chalk markers, say to explain a mathematical formula or summary?"
5,5,"What furniture item within a room is typically designated for writing or drawing with chalk or markers, such as for outlining a mathematical formula or creating a summary for a meeting?","What furniture block in a room is typically requested for writing or outlining a mathematical statement, such as for drawing with formulas or a sketch?"
5,5,"What is the name of the furniture in a room that is commonly used for writing or drawing with chalk or markers, for example, to explain a mathematical formula or draw up a meeting summary?","What is a common room name that is used to explain or describe furniture in a sketch or writing, for example with the sheet of the chart?"
5,5,What furniture in a room is typically used for writing or drawing using chalk or markers for purposes such as explaining a mathematical formula or drafting a meeting summary?,What furniture in a room is typically used for purposes such as drawing or writing using chalk markers or explaining a mathematical draft for a meeting summary?
5,5,"When reading at night, what object can be used to provide sufficient lighting for the book?","When reading at night, what object can be used to provide sufficient lighting for the book? While what can provide sound to the task of reading?"
5,5,"If you were reading a book at night and needed adequate lighting, what item could you utilize for this purpose?","If you were reading a book at night and needed adequate lighting, what item could you utilize for a purpose if you appreciated this?"
5,5,What item could be used to provide enough light to read a book at night?,What item could be used to provide the ability to read enough light for a book to sleep at night? Given so long as tow a picture?
5,5,"When reading a book at night, what object could provide adequate lighting to make it easier to read?","When reading a book at night, what object could provide adequate lighting to make it easier to read: hence making a window preventive?"
5,5,What object can be used for sufficient book lighting when reading at night?,What object can be used for sufficient shining load when reading the book at night? Answer: What is it possible for optical lighting during sleep?
5,5,Could you point me towards the object that can be used to provide sufficient lighting for a book when reading at night?,Could you let me point towards the object that can be sufficient to provide a sound lighting when used for reading at night while I travel for books?
5,5,the signal lights on the vehicle to inform the turning direction,the signaling lights on the vehicle to fully inform the turn signal. a the light signals that impede the driving direction to the LED setting on station
5,5,Wedding ceremonies or festive occasions sometimes involve dressing up and wearing decorative accessories. What in the picture can be worn on the head to enhance the appearance?,Wedding ceremonies sometimes involve dressing up or wearing decorative occasions. What in the picture can be worn to enhance the head?
5,5,"During festive or celebratory occasions such as weddings, people often dress up and wear decorative accessories. What item in the picture can be worn on the head to enhance one's appearance?","During festive occasions, people sometimes wear decorative pictures or weddings. Which item to be worn on the side can enhance the appearance?"
5,5,"During festive occasions or wedding ceremonies, people often dress up and adorn themselves with accessories to elevate their appearance. What item in the picture could be worn on the head for this purpose?",During birthday events or ceremonies people adorn themselves to dress up with this appearance. What item in the picture can be worn for themselves?
5,5,"During festive occasions or wedding ceremonies, it is common to dress up and wear decorative accessories. Please point out what in the picture could be worn on the head to enhance the appearance?","During festive wedding occasions, it is peculiar to dress up or wear accessories to enhance the appearance. Please know what on the wall?"
5,5,"A part that is in direct contact with people""s buttocks when they use the toilet is not easy to clean and is prone to bacterial growth. What part in the picture should be used to cover it and reduce bacterial growth?",An area that should be used in the tooth and is not in direct contact with bacterial growth is easy to handle people's growth.
5,5,"When using the toilet, an area that comes into direct contact with human buttocks can be difficult to clean and is susceptible to bacterial growth. Which item in the picture can be used to cover the area to reduce bacterial growth?",Which item in the towel is not susceptible to bacterial growth but can be used to cover an area that can face the growth?
5,5,"To reduce bacterial growth and facilitate cleaning, what part in the picture could be utilized to cover the portion of the toilet that is in direct contact with people's buttocks during use?",To reduce bacterial growth during cleaning and to cover what part of the picture that is utilized in the toilet's contact?
5,5,"In order to mitigate bacterial growth, which item in the picture should be used to cover the region that comes in direct contact with a person's buttocks while using the bathroom?","In order to mitigate bacterial growth, which item in a picture should be used in the person's tow with the kitchen?"
5,5,"What object can be used to cover and reduce bacterial growth on the part of a toilet that comes into direct contact with people's buttocks, which is difficult to clean?","What product can be used to cover direct bacterial growth on and into the parts of someone's tooth, which is difficult to clean?"
5,5,"When making cupcakes or muffins, it is common to add a sweet and decorative layer on top. What in the picture can be used to add this layer to enhance the taste and appearance?","When making cupcakes, it is common to add a sweet or muffin to this layer. What can add in the decor and appearance?"
5,5,"When baking cupcakes or muffins, it is typical to add a sweet and decorative layer on top to enhance their taste and appearance. Please identify the item in the picture that could be utilized to add this layer.","When baking cupcakes can be added, it is typical to utilize this item to add a sweet and decorative layer in the picture."
5,5,"When making cupcakes or muffins, people often add a sweet and decorative layer on top to enhance taste and appearance. What in the picture is best suited to be utilized for this purpose?",When cupcakes and muffins are commonly decorated to enhance taste and purpose. What in the picture makes for a sucious addition?
5,5,What tool or object is typically used to add a sweet and decorative layer on top of cupcakes or muffins to enhance the appearance and taste when making in the kitchen?,What tool or layer is typically used when adding a decorative hand to cupcakes or muffins to enhance the taste and in kitchen?
5,5,"When making muffins or cupcakes, a sweet decorative layer is frequently added on top. What could be used to create this layer to improve flavor and aesthetic appeal?",When making muffins or cupcakes a sweet decorative layer is added on top. What could be used to improve flavor and texture?
5,5,What tool is used for typing and text processing on a computer?,What tool has been used for both typing and mouselet processing and printing on a computer? Why a data source is used for typing and text -.
5,5,What is the name of the tool used to input and process text on a computer?,What is the name of the tool used to read and process text and data on a website: What is the input number of a computer when used?
5,5,What is the tool that people utilize for typing and text processing on a computer?,What is the simple tool that the website characterizes for typing and text processing and printing on a computer? What people are utilizing when used for?
5,5,What is the name of the tool that is commonly used on a computer for typing and text processing?,What is the name of the tool that is most commonly used for typing and textual processing on a computer? The name that can be used for?
5,5,What is the tool commonly used for processing and typing text on a computer?,What is the tool that is commonly used for processing and grinding data and typing text on a computer? A: What describes the language for use?
5,5,What is the name of the tool used for processing and typing text on a computer?,"What is the name of the tool used for processing, printing and typing data on a computer? What is the name given for a Spanish user?on"
5,5,"When playing golf, it is important to have appropriate attire that allows for a comfortable and unrestricted swing. What article of clothing in the picture might hinder the person's movement during a golf swing?",When attending football it is important to permit a comfortable or unrestrained hood. Which picture facilitates variation in the game of football?
5,5,"During a game of golf, appropriate attire is essential to ensure that the player can make comfortable and unrestricted swings. Based on the image, which clothing item could possibly hinder a person's movement during a golf swing?","Regarding the clothing, a player's position is essential to assure which person can enjoy and possibly unattended moves during a golf game?"
5,5,"When playing golf, what object of clothing in the picture may cause hindered movement during a golf swing, which requires unrestricted movement?","When playing golf, what object of clothing in the picture may cause hindered movement during a golf swing, which requires unrestricted?"
5,5,"When playing golf, it is crucial to wear appropriate clothing that allows for a comfortable and unimpeded swing. What item of clothing in the picture could potentially impede the individual's movement during a golf swing?","When playing golf, it is necessary to allow an unpleasantly comfortable swing. What clothing that could alter the sport's swing during?"
5,5,Playing golf requires appropriate attire that allows for a free and relaxed swing. Please identify what clothing item from the picture might interfere with the person's movement during a golf swing?,Playing the golf allows for appropriate and comfortable movement. Please ask what person's clothing item might interfere with a movement during golf?
5,5,"When playing golf, it is crucial to wear suitable attire that allows for a comfortable and unrestricted swing. What article of clothing in the picture might restrict the wearer's movement during a golf swing?",During golf it is important for carrying a comfortable or unrestricted jump. Which fashioner's appearance allows the clothing in golf movement?
5,5,"In the picture, there is a woman wearing a dress and a pair of sandals. What part of her body can be seen clearly?","In the picture, there is a woman wearing a dress and a pair of sandals. What part of her body can be seen out clearly?"
5,5,"Which part of the woman's body is clearly visible in the picture, given that she is wearing a dress and sandals?","Which part of the woman's body is clearly visible in the picture, given that she is wearing a dress and dress, on sandals?"
5,5,"In the picture, which part of the woman's body is clearly visible given that she is wearing a dress and sandals?","In the picture, which part of the woman's body is clearly visible given that the she is wearing a dress and sandals tops?"
5,5,"What part of a woman's body, who is wearing a dress and sandals in the picture, is clearly visible?","What part of a woman's body, who is wearing a dress, which features cloth and sandals in the picture, is clearly visible?"
5,5,"In the picture, what part of the woman's body is clearly visible?","In the picture, what part of the body of the face is clearly visible? In short, what a woman's shadow identified her's?"
5,5,What part(s) of the woman's body can be vividly observed in the picture since she is wearing a dress and sandals?,What part(s) of the woman's body can be vividly observed in the picture since she is wearing a sand and dress?
5,5,"In schools or offices, where can the teacher place their teaching content and allow the audience to see it more clearly?","In schools or school offices, where can a teacher place their teaching content and allow the audience to see the content more clearly and allow it momentarily?"
5,5,Where is the area in schools or offices for teachers to display their teaching content and make it easier for the audience to see?,Where is the area in schools or offices for teachers to display the content of their teaching content and make it easier for the audience to show and see?
5,5,"In schools or offices, where might a teacher or presenter place teaching content to allow the audience to view it more clearly?","In schools or offices, where might a teacher or presenter place teaching content to allow the audience or audience to view it to taste more clearly beyond?"
5,5,Where can educators showcase teaching content and enable the audience to view it more effectively in schools or offices?,Where can educators showcase teaching content in schools and enable the marketplace to allow students the audience to view it more effectively at composer or offices?
5,5,Guests usually dine in their private rooms in hotels. What furniture in the image would they use to eat?,Guests usually dine in private rooms in their hotels. What furniture in the image would they use to eat in guests? Meas?
5,5,"If guests usually dine in their rooms in a hotel, what piece of furniture in the image would they likely use to eat?","If guests usually dine in their rooms in a hotel, what piece of furniture in the image in the room would they likely use to eat?"
5,5,"Considering that hotel guests usually have their meals in private rooms, what furniture would be utilized for dining purposes, based on the image?","Considering that hotel guests usually have their dining purposes for meals, what furniture would be utilized in private rooms, based on the image"
5,5,"When guests dine in their private hotel rooms, what furniture in the picture are they likely to use for eating?","When guests dine in their private hotel rooms, what furniture in the picture are they likely to use, whenever they show for food eating?"
5,5,"When dining in their private rooms in hotels, what furniture in the image would guests typically sit at to eat?","When dining in their rooms in private hotels, what furniture in the image would guests typically sit at in rooms to enjoy what to eat?"
5,5,"In hotels, guests usually take their meals in their private rooms. Could you identify which piece of furniture in the image they would be likely to use for this purpose?","In private hotels, guests normally take their meals. Could you identify which piece of furniture they would be likely to use in this purpose?"
5,5,the object that the dogs battle for,the object that the battle for the war ends in. the Object. Because we all describe the weight that the dog that the urine dogs pose for
5,5,"When playing golf, players often carry extra balls, tees, and other accessories. What in the picture could be used to carry these items?","When playing golf, players often carry extra balls, tees, and other accessories. What in the picture could be used to carry these items?"
5,5,"When playing golf, what object in the picture could be utilized for carrying extra balls, tees, and other related accessories?","When playing on golf, what object in the picture could be utilized for carrying extra balls, tees, buttons, and other related accessories?"
5,5,"While playing golf, players often require additional balls, tees, and other accessories. Please help me identify which object in the picture could be utilized to transport these items.","While golf, players often require other balls, tees, and additional accessories. Please help me identify which object in the picture could be possessed."
5,5,"What in the picture would be used to store and transport items such as extra balls, tees, and other accessories while playing golf?","What in the picture would be used to store and transport items such as extra balls, tees, and other accessories while playing and playing golf?"
5,5,"What item in the picture could be utilized to store extra golf balls, tees, and other accessories while playing golf?","What item in the picture could be utilized to store extra golf balls, tees, and other accessories while playing whatever used to play golf?"
5,5,"When playing golf, what in the picture could be used to transport accessories such as extra balls, tees, and other items?","When playing golf, what in the picture could be used to transport accessories such as extra balls, tees, beers, and other items?"
5,5,"When enjoying a meal, it is common to use utensils to scoop up gravy or sauce to enhance the flavor of the food. What utensil in the picture is specifically designed for this purpose?","Before juicing a meal, it is common to use utensil to enhance the food or flavor of the purpose. What this?"
5,5,It is common to use utensils to scoop up gravy or sauce to enhance the flavor of the food while having a meal. What utensil in the picture is typically designed to suit this purpose?,It is common to use utensils to enhance flavor of the sauce or dress in a meal. What utensil that?
5,5,What type of utensil is specifically designed to help scoop up gravy or sauce to improve the flavor of the food during a meal in the picture?,What type of utensil is specifically designed to scoop up food during a meal to improve the flavor or sauce of the picture?
5,5,"When consuming a meal, it is common to use utensils to scoop up gravy or sauce to enhance the flavor of the food.  Which utensil in the picture is specifically designed for this purpose?","Where picnick or sauce is most common, it is designed to use a utensil to reminisce the flavor of the food."
5,5,Which utensil in the picture is designed for scooping up gravy or sauce to enhance the flavor of food during meals?,Which utensil in the picture is designed for scooping gravy or sauce to enhance the flavor of food during meals?
5,5,"During a meal, it is not uncommon to employ utensils to scoop up gravy or sauce to enhance the food's flavor. What utensil in the image is tailored particularly for this purpose?",Within breakfast a meal is uncommon for purposes to enhance the snack's flavor or design. What utensil to handle?
5,5,the object that helps to keep the neck warm,the material that aims to help keep the neck warm and warm All. the object that helps to ensure the memory that keeps the neck muscle close
5,5,Bonsai trees require special care and attention to maintain their miniature size and aesthetic appeal. What object in the picture is used to contain and display a bonsai tree?,Bonsai trees require extra character and aesthetic attention. What size is used in the picture to contain and display their bonsai?
5,5,"What object in the picture could be used to display and contain a bonsai tree, given that the tree requires special attention and care to maintain its miniature size and aesthetic appeal?","What object in the tree could be used to display a miniature bonsai tree, given that its appearance and requires special attention and care quality?"
5,5,"When maintaining and displaying bonsai trees, it requires a certain level of special care and attention. What item in the picture can be utilized to display and contain a bonsai tree?","When maintaining bonsai trees, it requires some degree of care and attention. What item in the picture can be utilized to display trees?"
5,5,"What object in the picture is utilized to display and contain bonsai trees, which require special care and attention to maintain their miniature size and aesthetic appeal?","What object in the picture is utilized to display mini bonsai trees, which require special attention and care to maintain their size and visual appeal?"
5,5,"What is the tool utilized to contain and show a bonsai tree in the picture, provided that bonsai trees require specialized care and attention to maintain their miniature size and aesthetic appeal?","What is the tool utilized to produce a bai tree in the picture, provided bai trees lack extra special and aesthetic feature?"
5,5,the object that both teams are fighting for in a game of American football,the object of what they are fighting for in a game of American football. that both teams face the goals that both American troops want in mass for gold
5,5,"Dogs enjoy playing with different toys, and one popular toy is specifically designed to be bitten and chewed on. What object in the picture can serve as a toy for the dog?","Dogs enjoy different toys, and one designed to be chewed for the dog. What bit in the toy is specifically displayed as a?"
5,5,What object in the picture can be utilized as a toy for dogs to bite and chew?,What object in the picture can be utilized as a toy for dogs to furlite and chew? It like to bite animals?
5,5,"What object in the picture can be used as a toy for a dog, given that dogs are known to enjoy playing with a variety of toys, including some designed for biting and chewing?","What object can be used in dogs to show that the dog is fond of a variety of toys, including some, worn as a topping?"
5,5,"Please identify which object in the picture could serve as a toy for a dog, as dogs relish playing with a variety of different toys that are specifically designed for biting and chewing.","Please identify the object that may serve as a toy for a dog, where dogs have several different toys specifically designed for playing in biting."
5,5,"If you want to enjoy the scenery outside, what object can be used to control the amount of sunlight coming into the room by adjusting the angle?","If you want to enjoy the scenery outside, what object can be used to control the amount of sunlight coming into the room by adjusting?"
5,5,"If you wish to adjust the amount of sunlight entering a room while still admiring the outdoor scenery, what object can be utilized to modify the incoming sun rays by changing the angle?","If you wish to adjust the incoming sunlight while admitting a room, what object can be utilized to improve the amount of sunsets surrounding?"
5,5,"What object can be used to adjust the amount of sunlight entering a room by controlling the angle, to enable one to enjoy the scenery outside?","What object can be used to adjust the amount of sunlight entering a room by controlling the angle, to enable one to enjoy the scenery?"
5,5,"To adjust the amount of sunlight entering a room by altering the angle, what object can be utilized for this purpose?","To adjust the amount of sunlight entering a room by altering the image angle, what can be utilized to allow the object for this purpose?"
5,5,"If you would like to enjoy the outdoor scenery, what object could be adjusted to control the amount of sunlight entering the room by modifying the angle?","If you would like to enjoy the outdoor scenery, what object could be adjusted by modifying the angle to control the amount of sunlight?"
5,5,"In order to take in the beautiful scenery outside and control the amount of sunlight entering the room by adjusting the angle, what object could be used?","In order to take in the beautiful scenery and control the amount of sunlight entering the room by adjusting the angle, what object could used?"
5,5,"In the picture, there are various modes of transportation parked in a grassy field. What objects are commonly placed on the front of these vehicles to provide illumination at night?","On the picture, there are various types of transport vehicles parked at night. What objects are commonly provided in front of the field in a park?"
5,5,Vehicles parked in the grassy field in the picture might have some objects installed on the front that provide illumination at night. What are these objects called and how do they function?,Vehicles parked in the garden side might have some objects on the open that provide illumination. What are these objects called in them?
5,5,What objects are commonly found on the front of these vehicles in the picture that provide illumination at night?,What objects are commonly found on the front of these vehicles that provide illumination in the picture: what images that may marvel at the night?
5,5,"In the image, there are various modes of transportation parked in a grassy field. What items are often positioned on the front of these vehicles to offer lighting at night?","On the image, there are several modes of transportation parked at night. What items are often positioned to offer lighting in these vehicles?"
5,5,"Vehicles parked in a grassy field can serve as various modes of transportation in the picture. What items are typically located on the front of these vehicles, providing illumination during nighttime travel?",Vehicles placed on a park can serve as light transportation in various situations. What are the vehicles typically covered in the back of these layout?
5,5,"In the picture, various modes of transportation are parked in a grassy field. What objects are commonly attached to the front of these vehicles to provide illumination during the night?","In the picture, various devices are parked to provide a illumination circuit. What objects are commonly attached to the rear of these during night?"
5,5,"In certain sports, athletes use specific equipment to perform gravity-defying tricks. What object in the picture could be used for such purposes?","In certain sports, athletes use specific equipment to perform gravity-defying tricks. What object in the picture could be used for such purposes?"
5,5,"There are certain sports in which athletes perform gravity-defying stunts utilizing specific pieces of equipment. Based on the picture, what object could be utilized within such sports?",There are certain objects in which athletes utilize character-defining handicaps utilizing such equipment. Given what came from within the sport?
5,5,Can you point me to the object in the picture that might be useful for performing gravity-defying tricks in certain sports?,Can you point me to the object in the picture that might be useful for performing gravity-defying tricks in certain items in healthy sports?
5,5,Some athletes use specialized equipment to perform gravity-defying stunts in certain sports. Can you identify the item in the picture that could be utilized for this purpose?,Some athletes use gravity-defining stunts to perform special purposes. Can you identify the item that could be utilized in this device?
5,5,What object in the picture has the potential to be utilized to perform gravity-defying tricks in specific sports?,What object in the picture has the potential to be utilized in specific terrain to satisfy the ability to perform gravity-defying tricks in sports?
5,5,Some athletes use specific equipment to perform gravity-defying tricks in certain sports. What item in the picture could be employed for such purposes?,Some athletes use specific equipment to perform gravity-defying tricks in certain sports. What item in the picture could be employed for such purposes?
5,5,What object do we usually use to prevent water from splashing in the bathroom during a shower?,What object do we usually use to prevent water from splashing in the bathroom during a mechanical shower that weave during the shower?
5,5,What object is commonly utilized in a bathroom during a shower to avoid splashing water outside the area?,What object is commonly utilized in a bathroom during a shower to avoid splashing water outside of the area when it will overwater?
5,5,What object is typically utilized to prevent water splashing in the bathroom while taking a shower?,"What object is typically utilized to prevent water splashing in the bathroom, while planning to remove the shower when taking a shower?"
5,5,What object could be utilized in a bathroom to prevent water from splashing while taking a shower?,What object could be utilized in a bathroom to ease a shower while taking a bath to prevent water from splashing in shaving?
5,5,What object can be used to prevent water from splashing around during a shower in the bathroom?,What object can be used to prevent water from shaking around in the bathroom after any measurement for splashing during a carpet shower?
5,5,What object is commonly used to prevent water from splashing out of the shower and onto the bathroom floor?,What object is commonly used to prevent artificial water that is splashing out of the shower and into the bathroom floor onto the bathroom?
5,5,Road maintenance departments often need to inspect roads for damage and perform maintenance to ensure safety. What location in this picture could potentially cause rainwater to penetrate into the ground?,Road maintenance departments often need to inspect roads for safety to ensure maintenance. What location in this picture could potentially cause rainwater and into the ground?
5,5,What area or location in the picture could be potential for rainwater to infiltrate the ground and cause problems for road maintenance crews inspecting and repairing road damage?,What area or location in the picture could be potential for groundwater to infiltrate the road and cause problems for road maintenance inspectors damage?
5,5,Road maintenance departments often need to inspect roads for damage and perform maintenance to ensure safety. Can you identify the location that might potentially cause rainwater to penetrate into the ground in the picture?,Road maintenance facilities are required to inspect the ground to prevent damage or run into the environment. Can someone likely identify rainwater that to catch in detail?
5,5,"Which location might potentially allow rainwater to infiltrate the ground, as road maintenance departments often require road inspections to check for damage & ensure safety?","Which location might potentially allow rainwater to infiltrate the ground, as road maintenance departments often require road inspections & check safety?"
5,5,Please identify the region in the picture that can lead to rainwater seeping into the ground and may require inspection and maintenance by road maintenance departments to ensure safety.,Please identify the region in the picture that can lead to rainwater seeping into the ground and may require maintenance by road inspectments to ensure safety.
5,5,"During road maintenance, it's important to inspect roads for damage and perform maintenance to ensure their safety. Based on this picture, what particular area could potentially allow porous rainwater to seep into the ground?","During road construction, it's important to inspect specific roads to provide overall safety and allow water to escape from the ground. What could this notice?"
5,5,the egg,"I found the egg and egg ribbon for the past. here for the experiment. 2% *. The egg egg melting, the skimm"
5,5,the biscuits that have not been broken up into pieces,the thing about the biscuits that have not been broken up into pieces: granules. fur tins that have been drained over time together
5,5,"In the living room, what object are we most likely to sit on comfortably for a period of rest?","In the following living room, what object is we most likely to sit comfortably on for a period of rest, would the fabric stand for comfort?"
5,5,"In a living room, what is the object that we are likely to sit on comfortably for a period of rest?","In a living room, what is the object that we are likely to sit comfortably on for a period of time, considering the inn for rest?"
5,5,"In the living room, what object is typically utilized for sitting comfortably during rest periods?","In the living room, the object defines what room to sit comfortably during rest periods? What is commonly utilized for accomplishing in tablet?"
5,5,"In a typical living room, what object would be most comfortable for sitting and taking a rest?","In a typical living room setting, what is most comfortable for a restroom, what object would be most apt for sitting and taking a la rest?"
5,5,Which object in the living room is typically used for comfortable sitting and relaxing for a period of time?,"Which object in the sleepwalk is typically used for comfortable sitting and relaxing for a living room for a period of time, which is time limited?"
5,5,"In a living room setting, what is the most comfortable object to sit on during a period of rest?","In a living room setting, what is the most comfortable object to sit on during a long period of sleep? What to consider after a living rest?"
5,5,Backpacks are commonly used for carrying personal belongings during outdoor activities and travel. What part of the backpack in the picture can be used to store smaller items or accessories?,Backpacks are commonly used during outdoor activities and travel. What part of the backpack in the picture can be used for storing personal items?
5,5,"In a backpack, what part of the one shown in the picture could be utilized to store small items or accessories when carrying personal belongings during outdoor activities or travel?","In a backpack, what part of the one shown in the picture could be utilized when carrying small belongings or items during outdoor activities?"
5,5,"In a backpack, what region could be utilized to store smaller items or accessories in the picture?","In a backpack in the picture, what region could be utilized in a case to store larger items or accessories consumed in any fashion?"
5,5,"In a backpack that is used for carrying personal belongings when engaging in outdoor activities or traveling, what section or part could be utilized to store smaller accessories or items?","In a backpack that can store other belongings or items, what section or piece might be utilized for traveling when carrying outdoor activities?"
5,5,What part of the backpack in the picture is designed to hold smaller items or accessories that you might need to carry during outdoor activities or travel?,What part of the backpack in the picture is designed to hold smaller items or accessories that you might need to carry during activities or outdoor?
5,5,"In a backpack, which part can be utilized to store smaller items or accessories when traveling or engaging in outdoor activities?","In a backpack, which part can be utilized to store smaller items or accessories when traveling or engaging in outdoor food activities?"
5,5,"Among the writing tools commonly used, which one in the picture is typically made of wood and has graphite or lead core for writing and drawing?","Among the writing tools commonly used, which one in the picture is typically made of wood and has graphite or lead core for writing and drawing?"
5,5,"Which writing tool commonly used has a graphite or lead core and is typically made of wood for writing and drawing, according to the picture?","Which writing tool commonly used has a graphite or lead core and is typically made of wood and made for writing and drawing, according to the picture?"
5,5,"Among the frequently used writing implements, what object in the picture is typically composed of wood and possesses a graphite or lead core to facilitate writing and drawing?","Among the frequently used leads, what object in the writing core is typically composed of wood and possesses a graphite to facilitate writing or drawing?"
5,5,"What is the name of the writing instrument that is often produced with wood, and features a lead or graphite center that is utilized for writing and drawing purposes?","What is the name of the writing instrument that is frequently produced with wood, and features a lead or graphite center that is used for writing purposes?"
5,5,"Of the writing tools which are commonly used, which one featured in the image typically has a lead or graphite core and is constructed of wood and utilized for both writing and drawing?","Of the writing tools used, one which is often featured in the image and which commonly has a lead or wood core utilized for writing and drawing?"
5,5,"When it comes to writing tools, what object shown in the picture is usually made of wood and contains a graphite or lead core used for writing or drawing?","When it comes to writing tools, what object shown in the picture is usually made of wood and includes a graphite or lead core used for writing?"
5,5,something that eats leaves,I believe that everything that agets over ends. Simple for eating something that the sun eats ~ leaves that weeds animals and graves
5,5,"In a zoo, it is common to see animals being given toys or objects to play with for enrichment. What item in the picture could be used as a plaything for a bear in its enclosure?",In a zoo it is common for animals to have toys or animals seen for enrichment. What item could be used as a playhold?
5,5,"In a zoo, animals are often given toys or objects to play with to enhance their lives. Suppose there is a bear in its enclosure, what item in the picture could be used as a plaything for the bear?","For animals, there are toys to enclose in their homes. What bear might be used as an item in the pocket with a bear play?"
5,5,"In a zoo, it is common to see animals being given toys or objects to play with for enrichment. What item in the picture is suitable to be used as a plaything for a bear living in a zoo?",In a zoo it is common for living with toys or animals. What item is the picture suitable to be seen as a play in a zoo?
5,5,"What item in the picture could be used as a plaything for a bear in its enclosure, since it's common to observe animals being provided with toys or other objects for play and enrichment in zoos?",Which item in the play could be used as an enclosure since it's useful for toys to produce with animals or other animals in hide?
5,5,"When reading in bed at night, what object in the pictures is often used to illuminate the pages so that they are visible?","When reading in bed at night, what object in the pictures in the pages is often used to illuminate the lights so that they are often visible?"
5,5,"What tool in the picture is commonly utilized to allow for reading in bed at night, providing enough illumination to make the pages legible?","What tool in the picture is commonly utilized to allow for reading in bed at night, providing enough illumination to make the pages legible?"
5,5,"When reading in bed at night, what object in the picture could you use to illuminate the pages and make them visible?","When reading in bed at night, what object in the picture could you use to illuminate the pages in the window and make them unique to visible?"
5,5,"When the indoor air becomes muggy, what appliance should be turned on to make it more comfortable?","When the indoor air becomes muggy, what should be turned on to make it more comfortable? What appliance is set on the interior?"
5,5,Suppose you are feeling hot and the indoor air is humid. What appliance would you turn on to adjust it to a more comfortable level?,Suppose you are feeling humid and the indoor air is on. What appliance would you turn on to adjust it to a more comfortable level?
5,5,"What appliance would you advise turning on if you're inside and the air has become humid, causing discomfort?","What appliance would you advise on if you're inside and the air has become humid, causing wind away, turning to discomfort?"
5,5,"When the indoor air becomes humid and uncomfortable, which appliance should be turned on to adjust the climate and make it more comfortable?","When the indoor air becomes humid and uncomfortable, which appliance should be turned on to adjust the climate and make it comfortable?"
5,5,"As a smart home AI, what appliance should you activate to adjust the indoor air quality and make it more comfortable when it becomes muggy?","As a smart home AI, what appliance should you activate to adjust the indoor air quality and make it more comfortable when it pull?"
5,5,"As a smart home AI, what appliance would you turn on to adjust the humidity indoors and ensure comfort?","As a smart home AI, what appliance would you turn on to adjust the humidity indoors and ensure aerospace comfort?"
5,5,"When recording a video or giving a speech, it is important to ensure that the audio is clear and audible. What equipment in the picture can help achieve this?","When recording a video or giving a speech, it is important to ensure the audio is clear and audible. What equipment in the picture can help this"
5,5,"When recording a video or giving a speech, the audio clarity and audibility are crucial factors. Can you identify the equipment in the picture that can help to achieve the necessary quality?","When recording a video, the audio recognition or audacity are the key factors. Can you convey the necessary equipment that can help in reaching a quality?"
5,5,"When recording a video or giving a speech, it is important to guarantee clear and audible audio. What equipment within the picture could potentially assist in this objective?","When recording or giving a picture or in a video, it is important to guarantee clear speech. What audible equipment within this objective could potentially assist?"
5,5,"When recording a video or giving a speech, clear and audible audio is critical. Please indicate in the picture the equipment that can assist with achieving this.","When recording a movie or having a video, clear and audible speech is critical. Please indicate in the equipment that can assist with achieving this."
5,5,"While recording a video or delivering a speech, it is essential to make sure that audio is audible and clear. Please locate the essential equipment in the image that will help achieve this.","While recording audio or delivering a video, it is essential to make sure the image is audible. Please locate the equipment that will achieve that."
5,5,the food containing the most Vitamin C,"the food containing all of the food that contains the most Vitamin D, Vitamin E. yield the food to which the best Malinating Vit"
5,5,"After having dinner, what is the most common place to go to wash the dishes?","After having dinner, what is the most common place to go to eat the dishes. What is the reason to wash most hot toppings?"
5,5,"After having dinner, where is the most usual location to go to wash the dishes?","After having dinner, where is the most usual location to go to the main dishes? Consider what to wash and wait the washings?"
5,5,"After having dinner, what is the most typical location to wash the dishes?","After having dinner, what is the most typical location? After that, define what is the best times to wash the dishes for tours?"
5,5,"After having dinner, where is the most common place to wash the dishes?","After having dinner, which is the most common place for dishes? When, where is the easiest to wash the salty dishings?"
5,5,"After a meal, where is the most common place to wash the dishes?","After a meal, which is the most common dishes? Where, is the place for the easiest to wash and store the dishes?"
5,5,It can be difficult for people to climb up a bare pole and inspect or repair the upper part. What object is the person in the picture relying on to accomplish this task?,It can be difficult for people in the rear section to repay or climb a bare pole. What object is the person dealing on this accomplish?
5,5,"What object is the individual in the picture relying on to accomplish the task of inspecting or repairing the upper part of a bare pole, which can be challenging to climb without assistance?","What object is the individual trying to accomplish the task of repairing or inspecting the upper section of a pole, which can be without overlying?"
5,5,"What object is the person utilizing for support to inspect or repair the upper part of a bare pole, as it can be quite challenging to climb unaided?","What object can a person be utilizing to inspect or support the upper part of a bare pole, as it is quite challenging to climb?"
5,5,What does the person in the picture rely on to climb up a bare pole for the purpose of inspecting or repairing the upper portion?,What does the person in the picture rely on to climb up a bare pole for the purpose of inspecting or repairing the the upper portion?
5,5,"What object is being employed by the individual in the picture to aid in the process of inspecting and repairing the upper part of the bare pole, which is often difficult to climb without support?",What is the object employed by an individual to assist in the treatment of climbing the upper part of the pole which is still difficult to catch without?
5,5,"I see there's a person climbing a bare pole. What equipment is he relying on to accomplish this task, as it can be challenging to climb a bare pole without assistance?","I'm addressing someone he can climb a bare pole, as there is equipment relying on to climb a bare pole without accomplish?"
5,5,What object is most commonly used together with a keyboard when typing on a computer?,"What object of a data chip is most commonly used together with a keyboard when typing on a computer? As originally stated, what keyboard should use when?"
5,5,"While typing on a computer, what is the item that is typically used along with a keyboard?","While typing on a computer, and following a keyboard, what is typically what is the item that is normally used along with a device tagged piano?"
5,5,"When typing on a computer, what accessory is typically utilized in conjunction with a keyboard?","When typing on a computer in conjunction with a keyboard, what accessory is typically utilized: what is preferred to organize over a keyboard?"
5,5,"When typing on a computer, what object is frequently used in conjunction with a keyboard?","When typing on a computer, on a keyboard, what object is frequently used in conjunction with a keyboard is rarely related to setting a tech?"
5,5,"When typing on a computer, which item is most frequently combined with a keyboard?","When typing on a computer, which item is most frequently combined with a keyboard? After all, a keyboard presents what is most frequently on graPU?"
5,5,"When typing on a computer, what object is typically used in combination with a keyboard?","When typing on a computer, what data is typically used in combination with a keyboard? What object defines what is normally on display with a keyboard:?"
5,5,"When we purchase a bottled beverage, what part of the packaging should be opened to access the drink inside?","When we purchase a bottled beverage, what part of the packaging should be opened to allow a drink to access the drink inside the window?"
5,5,"When we purchase a bottled beverage, which part of its packaging should be opened in order to access the drink within?","When we purchase a bottled beverage, which part of its packaging should be opened in order to access the drink within the package of use?"
5,5,"When we purchase a bottled beverage, which section of the packaging typically needs to be opened to access the drink within it?","When we purchase a bottled beverage, which section of the packaging typically needs to be opened to access the drink containing the space within it?"
5,5,"When purchasing a bottled beverage, what section of the packaging should be opened to access the drink inside the bottle?","When purchasing a bottled beverage, what section of the packaging should be opened to access the drink to store the inside the bottle?"
5,5,"When purchasing a bottled beverage, which part of the packaging needs to be opened to access the drink inside?","When purchasing a bottled beverage, which part of the packaging needs to be opened to access the food before the drink to run inside?"
5,5,"When purchasing a bottled beverage, which part of the packaging should be opened to gain access to the drink inside?","When purchasing a bottled beverage, which part of the packaging should be opened to the drink to gain access to the bottle inside?"
5,5,"What furniture is usually put next to a bed to hold things like books, lamps and phones?","What furniture is usually put next to a bed to hold the teeth to place things like things like lamps, books, TV and phones?"
5,5,"What is the usual name of the item of furniture that is placed next to a bed and used to store items such as books, lamps, and phones?","What is the usual name of the item of furniture that is placed next to a bed and used to store items such as books, phones?"
5,5,"What piece of furniture is commonly placed beside a bed for holding items such as books, lamps, and phones?","What piece of furniture is commonly placed beside a bed when holding furniture for items such as books, lamps, screens, and phones?"
5,5,"What is the name of the furniture usually placed next to a bed for holding items such as books, lamps, and phone?","What is the name of the furniture usually placed next to a bed for holding items such as a book, lamps, clothes, and phone?"
5,5,"What is the name of the furniture that is typically located next to a bed to store small items such as books, lamps, and phones?","What is the name of the furniture that is typically located next to a bed to store small items such asbooks, lamps, and phones"
5,5,There are different types of barriers that can be used to enclose a shower area for privacy and to prevent water from splashing out. What part of the picture represents a common type of barrier used in showers?,There are separate types of barriers that represent the identity of a shower to hide out. What type of barrier can be used in water?
5,5,A shower area needs to be enclosed to maintain privacy and to prevent water from splashing out. Which part of the picture represents a common type of barrier utilized in showers?,A shower area needs to be accessible and to prevent water from splashing out. Which picture represents a common type of enclosure utilized?
5,5,"In showers, barriers are often used to provide privacy and prevent water from splashing out of the shower area. Can you identify the common type of barrier used for shower enclosures in the picture?",Cover bars are used to prevent water from encountration in the shower area. Can you identify the most common type of shower covers?
5,5,"In the context of enclosing shower areas for privacy and to prevent water from splashing out, what part of the image would typically be used to represent a common type of barrier?","In the context of enclosing private areas for shower and to prevent water from splashing, what would typically represent a type of link?"
5,5,"In the picture, what part represents a typical barrier used in a shower area to provide privacy and prevent water from splashing outside?","In the picture, what part represents a typical barrier used in a shower area to provide privacy and prevent water from splashing outside?"
5,5,"In showers, a range of barriers can be utilized to provide privacy and prevent water from splashing out. What aspect in the picture typically represents a common type of barrier used in shower areas?",In private areas a common barrier can be utilized to prevent water from splashing out. What detail represents a type of barriers in?
5,5,"Given that the decor in this picture is mainly furniture required for teaching, what furniture is mainly used for writing something in front of the students?","Given that the decor in this picture is mainly used for teaching, what furniture is mainly furniture required for writing something in front of the students?"
5,5,"Since the decor in this picture mainly consists of furniture required for teaching, please identify the piece of furniture most commonly utilized for writing something in front of the students.","Since the piece of furniture mainly consists of decor required for teaching this thing, please identify the furniture most commonly utilized in front of students."
5,5,"Considering that the decor in the picture is primarily classroom furniture, which piece is generally employed to write or present in front of students?","Considering that the decor in the picture is primarily classroom furniture, which piece is generally employed to write or present in front of school students?"
5,5,"Regarding the furnishings depicted in this picture, which piece of furniture is primarily utilized for writing in front of students during the teaching process?","Regarding the furnishings depicted in this picture, which piece of furniture is primarily utilized for teaching in front of students during the process?"
5,5,something that lets pedestrians pass through the valley,We think that something that lets pedestrians pass through a path to ease the road through. fervents tell pagan communities of the valley
5,5,"When taking a photo, it is important for the subject to have a clear view of the camera. What part of the human body in the picture could potentially obstruct their vision?","When taking a photo, it is important for the camera to have a clear view. What part of the subject in the picture could potentially human vision?"
5,5,"When taking a photograph, it's critical for the subject to have a clear line of view toward the camera. Which part of the human body in the picture could potentially impede their view?","When taking a photograph, it's critical for the subject to have a close line toward the view. Which portion of the human body in view?"
5,5,"When taking a photo, it is critical that the subject has an unobstructed view of the camera. What part of the human body in the image could potentially block the view of the camera during photography?","When taking a photo, it is possible that the human body has a potentially unobstructed view of the camera. What part of the photograph?"
5,5,"When taking a photo, it is important for the subject to have a clear view of the camera. What part of the human body in the picture might obstruct their view when taking a photo?","When taking a photo, it is helpful for the human body to take a clear view. What part of the camera might obstruct of the picture?"
5,5,"During a photo shoot, it is important for the subject to have a clear view of the camera. Please let me know which part of the human body in the picture could possibly obstruct the subject's vision.","During your photograph, it is helpful to let the photographer know which part of the subject in the body could have a clear view of human vision."
5,5,"What in the picture can be used to secure a boat in place, preventing it from drifting away in the water?","What in the picture can be used to secure a boat in place, preventing it from drifting away in the water and beating the road?"
5,5,"What object located in the picture could be used to secure a boat, preventing it from drifting away in the water?","What object located in the picture could be used to secure a boat in the water, preventing it from drifting away from meadow in the?"
5,5,What could be utilized to secure the boat in place and prevent it from drifting away in the water in the picture?,What could be utilized in place to secure the water in the boat in return and prevent it from drifting away in the sun in the picture?
5,5,"What in the picture can be utilized to fasten a boat in place, preventing it from drifting away in water?","What in the picture can be be utilized to fasten a boat in place, preventing it from drifting away from moving in in water?"
5,5,What is commonly used in the picture to maintain the stability of a boat and prevent it from drifting in the water?,What is commonly used in the picture to maintain the stability of the frame of a boat and prevent it from drifting in the water and less water?
5,5,"When mooring a boat, what can be utilized to ensure that it remains stationary and does not float away on the water?","When mooring a boat, what can be utilized to ensure that it remains stationary and does not float away on the water from the shore?"
5,5,"On a sunny day, people like to park their cars in shaded areas to keep them cool. What part of the picture provides shade for parking cars?","On a sunny night, people like to park in shaded areas to keep their cars cool. What part of the picture provides parking cars?"
5,5,Where in the picture could cars be parked to stay shaded and cool on a sunny day?,"Where in the picture could warm cars be parked to be shaded and walk on a sunny, cool interior when okay for the winter day?"
5,5,"On sunny days, people often choose to park their vehicles in shaded areas to prevent them from overheating. In this image, which part provides shelter for parking cars?","On sunny days, people often choose to park in overheated areas to prevent them from parking. For this image, which vehicles shelter?"
5,5,"On a sunny day, people usually like to park their cars in shaded areas to keep them cool, so please find the part of the picture that provides shade for parking cars?","On a sunny day, people usually like to park their cars in shaded areas, so please find the part of the picture for keeping cars?"
5,5,"On a sunny day, people prefer to park their cars in shaded areas to keep them cool in temperature. What part of the picture would provide shade for parking cars in this scenario?","On a sunny day, people prefer to parking their cars in shaded areas for temperature. What part of the picture would provide this scenario?"
5,5,"On a sunny day, please indicate where cars could be parked in shaded areas to keep them cool?","On a sunny day, please indicate where cars could be parked in shaded areas in cool areas to help keep them shattered warm?"
5,5,"A lot of sweat is produced in the kitchen while cooking, and dampness can easily breed bacteria and affect health. What in the picture should be turned on to effectively dissipate the steam, moisture and keep the air fresh during cooking?","Actually much in the air can be cooked while cooking, who is to remove the heat and distend moisture and protect the system?"
5,5,"When cooking, a significant amount of sweat is often produced in the kitchen. To effectively dissipate steam and moisture and maintain fresh air, what item in the picture should be turned on?","When cooking, a significant quantity of excess moisture is produced and allows sweat to be turned on. What to thoroughly condition in the kitchen"
5,5,"When cooking in the kitchen, it is common to produce a lot of sweat, which can lead to dampness and the growth of bacteria that can impact health. What item in the picture should be turned on to effectively dissipate steam and moisture, thereby keeping the air fresh during cooking?","Upon cooking, it is common to produce a portion of moisture that can wake in the air and can lead to depression. What"
5,5,"When cooking, the kitchen area can often be damp and filled with steam and moisture, allowing bacteria to thrive and pose potential health risks. What item within the picture can be turned on to effectively dissipate the steam, moisture, improve air circulation, and keep the kitchen environment fresh?","Upon maintenance, the kitchen dish can be open to eliminate air, moisture and provide circulation and can quickly function where the kitchen continues?"
5,5,"While cooking, steam and moisture can accumulate, which can generate bacteria and negatively affect health. What appliance in the picture would be required to effectively dissipate the steam, moisture, and keep the air fresh in the kitchen?","Using soap, water, is most likely to prolong the internal moisture and in the kitchen. What appliance can melt and circulate correctly"
5,5,"While cooking in the kitchen, dampness and excess steam can be produced leading to increased bacterial growth that can adversely affect health. What part of the picture should be activated to effectively decrease steam and moisture while maintaining fresh air inside of the room?","While bacterial cooking can be implemented while entering the room, what leads to excessively increase moisture and increase health of the steam?"
5,5,"When visiting a restaurant, it is common to see signs that are used to attract customers and indicate the name of the establishment. What object in the picture fulfills this purpose?","When visiting a restaurant, it is common to spot signs that are seen in customers and fulfill this purpose. What object of the name implies?"
5,5,What object in the picture is commonly utilized to indicate the name of an establishment and attract potential customers visiting a restaurant?,What object in the picture is commonly utilized to indicate the name of an establishment and identify the significance of attracting potential customers visiting a restaurant?
5,5,"What object in the picture is typically used to attract customers, indicate the name of the establishment, and commonly seen when visiting a restaurant?","What object in the picture is typically used to attract customers, indicate the name of the establishment, and commonly seen when visiting a restaurant to shop?"
5,5,"In a restaurant, signage is typically utilized to attract customers and designate the name of the establishment. Which object in this picture serves this function?","In a restaurant, signage is typically utilized to attract customers and designate the name of the establishment. Which object in this picture serve this?"
5,5,What object in the picture can potentially be used for attracting customers to an establishment by indicating its name?,What object of which might be visible in the picture can potentially be used for attracting customers to an establishment by simply indicating its customer name for sales?
5,5,"In many Asian countries, chopsticks are commonly used as eating utensils. What in the picture may require the use of chopsticks to pick up and eat?","In many Asian countries, chopsticks are commonly used as food utensils. What in the picture may require using chopsticks?"
5,5,"In many Asian countries, chopsticks are commonly used as eating utensils. What item in the picture might require the use of chopsticks to be picked up and eaten?",In many Asian countries chopsticks are used as utensils. What might require the item of chopsticks to be eaten?
5,5,"In various Asian countries, chopsticks are a common eating utensil. What item in the picture might require the use of chopsticks for picking up and eating?",Using chopsticks are a common Asian utensil. What item in the picture may require of chopsticks for picking up?
5,5,Chopsticks are a commonly used utensil for eating in many Asian countries. What objects in the picture might require the use of chopsticks to be easily picked up and consumed?,Chopsticks are commonly taken in in many Asian countries. What objects require the use of chopsticks to be easily consumed up?
5,5,"Please identify the item in the picture that could require the use of chopsticks for picking up and eating, as is common in many Asian countries.","Please identify the item in the picture that could require the use of chopsticks for picking up and eating, as in many countries."
5,5,"In many Asian countries, chopsticks are commonly utilized as eating utensils. What object or item in the picture might require the utilization of chopsticks for picking up and eating?",On the world chopsticks are commonly utilized as chopsticks. What might require the item or utensil in eating?
5,5,What household object is commonly used to preserve or cool food items?,What household mechanical filter is something that is commonly used to preserve and store stored food items? Answer: What object might be unique to old or food.
5,5,Which common household object is used to store or cool food items?,"Which common household food object is used to store or cool food items? Theoretical item is what happens to pair old household food stores, or?"
5,5,What is the common household item usually utilized for preserving or cooling food items?,The most common household food storage item usually derived and utilized: What is the item appropriate for preserving or cleaning for cooling household items?
5,5,What household object is commonly utilized to preserve or cool food?,What household object is commonly utilized to preserve and store food for storage purposes? Answer: What unique artifact that might be used to cool or labor.
5,5,What is the household object that being used to store or chilled food items?,What is the household food material that is used to store or chilled food items: What the object that being set and changed from factory dorm?
5,5,What appliance is a household item that is commonly used to cool or preserve food?,What appliance is a household hardware base that is commonly used to cool and preserve food? Answer: It is a household item that frequently or pet?
5,5,"In many cultural festivals, people wear traditional clothing and accessories to represent specific characters or deities. What part of the person in the picture indicates his role in the festival?","In many cultural festivals, people wear specific clothing to represent characters or deities. What part of the person in the picture indicates his role?"
5,5,"In many cultural festivals, people wear traditional clothing and accessories to represent specific characters or deities. Can you identify what aspect of the person in the picture shows his role in the festival?","In many cultural festivals, people wear specific characters and accessories to represent the dance. Can you identify what aspect of the person in the song?"
5,5,"In many cultural festivals, people wear traditional costumes and accessories to depict specific characters or deities. Could you identify which part of the individual in the picture signifies their role in the festival?","In modern festivals, many people identify their costumes to depict specific characters or personalities. Can you sign which part of the scene in?"
5,5,"What part of the person in the picture indicates their role in the festival, given that many cultural festivals involve people wearing traditional clothing and accessories to represent specific characters or deities?","What part of the person in the festival indicates that people wearing many clothing or accessories represent their character, to include traditional historical rituals?"
5,5,"In many cultural festivals, people dress in traditional clothing and accessories to represent specific characters or deities. What part of the person in the picture can be an indicator of their role in the festival?","In many cultural festivals, children can dress in specific clothing or accessories to represent their role in the scene. What part of the person?"
5,5,"In many cultural festivals, people wear traditional clothing and accessories to represent specific characters or deities. Please point out the part of the person in the picture that indicates his role in the festival.",In many cultural festivities people wear adjacent clothing or games. Please describe the part of the person that points to his signature character in the party.
5,5,"If we want to carefully examine the small details of an object, what tool in the picture can help us achieve that?","If we want to carefully examine the small details of an object in the work, let us imagine what tool of a picture can help us achieve that?"
5,5,"If we require a closer examination of the small details of an object, which tool in the picture could be useful?","If we require a closer examination of the small details of an object, which tool in the measurements of the picture could be useful, which suggests?"
5,5,What item in this picture serves as a tool that can facilitate careful examination of the small details of an object?,What item in this picture serves as a tool that can facilitate careful examination of the small details of an object that provides the identification of an?
5,5,"If we want to carefully examine the small details of an object, what tool might we utilize in the picture to assist with that task?","If we want to carefully examine the small details of an object, what tool might we utilize in the picture to help us assist with that task?"
5,5,"For closely examining the intricate details of an object, which tool in the picture can be used?","For closely examining the intricate details of an object, which clearly describes what tool in the face of the picture, an experiment can be used?"
5,5,What tool in the picture could be used to carefully examine small details of an object?,What tool of the object might be used in the picture? Could it be necessary to carefully examine small details of a piece of data to an eye?
5,5,"When making guacamole, it is common to mix avocados with other ingredients to create a creamy and flavorful dip. What item in the picture can be used to mix the ingredients together?","When making cuamacorn, it is common to mix the ingredients with other ingredients in to create a flavorful slice."
5,5,"What can be utilized for mixing ingredient together while making guacamole, given that it is often necessary to combine avocados with other components to create a creamy and flavorful dip?",Which can be used to combine ingredients together with omacadillo when it is necessary to achieve a flavorful and flavored wrapper?
5,5,"When making guacamole, what tool in the picture could be used to mix the ingredients together, and create a creamy and flavorful dip?","When making guacamole, what tool in the picture could be used to mix the ingredients together, and create a flavful dip?"
5,5,"What tool in the picture could be utilized to mix the ingredients together in order to make a creamy and flavorful guacamole dip, where the avocadoes are commonly mixed with other ingredients?","Can a commonly flavored picture be combined with cabacole, where the other ingredients are used in order to make the creamy mixture?"
5,5,"What item in the picture is typically used to mix together ingredients while making guacamole, creating a creamy and flavorful dip?","What item in the picture is typically used to mix together ingredients while making guacamole, creating a flavorful and smooth dip?"
5,5,"When driving a car, there are various indicators on the dashboard to provide information about the vehicle. What part in the picture can display the current speed of the car?","When driving a vehicle, there are various indicators to provide information about the car. What on the dashboard can picture the current speed of the?"
5,5,"While driving a car, many indicators on the dashboard can convey essential information about the vehicle. What region in the picture can display the current speed of the car?","While driving a car, many indicators on the dashboard can convey essential information about the vehicle. What region in the picture can display the speed?"
5,5,"While driving a car, what device in the picture typically provides data about the car, including its current speed?","While driving a car, simply, what device in the picture of the car typically provides data about the vehicle, including its current speed reporting usages?"
5,5,"When operating a vehicle, there are often several indicators on the dashboard that provide data about the car. Please point me to the region in the picture that displays the current speed of the vehicle.","When operating a vehicle, there are several indicators in the dashboard that monitor the vehicle. Please point me to the current distance on the car."
5,5,"When driving a car, there are various indicators on the dashboard to provide essential information about the vehicle, such as the speed the car is moving. What object in the picture would display the current speed of the car?","When driving a car, there are various dashboards to provide information such as the object in the picture. What current speed of the car would drive?"
5,5,What in the picture could be used to secure and hold an electronic device near the user's head?,What in the present picture could be used to secure and hold an electronic device near the end of a user's head without the computer to hand?
5,5,What item in the picture could be utilized to fasten and hold an electronic device near the user's head?,What item in the picture of a message could be utilized to fasten and hold an electronic device which could enter near the user's head?
5,5,What in the picture is likely to be used to secure and hold an electronic device close to a user's head?,What in the picture is likely to be used to secure and hold an electronic device close to a user and is compatible to someone's head?
5,5,What in the picture could be utilized to hold and secure an electronic device close to the user's head?,What in the picture could be utilized without being able to hold and secure an electronic device close to the edge of the user's personal head?
5,5,What could be utilized in the picture to attach and keep an electronic device near the user's head?,What could be utilized in the picture to keep an electronic device near the end and will attach and attach to the user's head? Answer.
5,5,What object in the picture could be utilized to secure and hold an electronic device in front of the user's head?,What object in the picture could be utilized to secure and hold an electronic device in front of the end in front of the user's head?
5,5,Butterflies rely on certain plant structures to obtain nutrients. What do butterflies typically feed on in order to obtain nectar in the picture?,Butterflies typically feed on certain plant structures. What do butterflies rely on in order to obtain nutrients in the picture?
5,5,What do you observe in the picture that butterflies can feed on to obtain nectar and nutrients?,What do you observe in the picture that that butterflies can feed on to help obtain nectar and nutrients that animal matter?
5,5,What objects do butterflies generally rely on to obtain nectar for feeding in the image?,What objects do butterflies in question generally rely on to produce nectar for feeding to obtain the animal input from in the image?
5,5,Butterflies require particular plant structures to obtain the necessary nutrients. What is the source of nectar butterflies typically feed on in the picture?,Butterflies require most particular plant structures to obtain extra nutrients. What is the source of the butterflies carve on?
5,5,What in the picture do butterflies typically depend on to find nectar that provides them with nutrients?,What in the picture do butterflies typically depend on to find nectar that provides them with nutrients that cause weeds?
5,5,"When walking barefoot on the beach, what may leave a visible mark on the sand?","When walking barefoot on a narrow beach road, what may leave a shadow mark on the sand? No wonder what is visible to the sand:?"
5,5,What might leave a noticeable impression or mark on the sand when someone walks on the beach barefoot?,"What might leave a noticeable impression or mark on the sand on the beach when someone walks off the mud, when the visitor sees barefoot?"
5,5,What might leave a visible mark on the sand while walking barefoot on the beach?,What might seem to leave a visible shadow on the beach while walking barefoot in water? What presents the mark on the floor just before a ride?
5,5,What may leave a visible mark on the sand when walking barefoot on the beach?,"What may leave a faint, visible mark for the sand when walking barefoot on the beach: What shows it on a stretch prior to the river?"
5,5,What might leave a visible impression in the sand when walking barefoot on the beach?,What might leave a true look in the sand. What tells the impression of visible barefoot mud on the beach when walking independently in the waterway?
5,5,What might leave a visible mark on the sand when someone walks barefoot on the beach?,"What might leave a visible mark on the beach when we see a holy drag, when someone walks barefoot on the water close to the beach?"
5,5,Suppose I am looking for books on certain topics in a bookstore. What objects in the bookstore will the employee tell me to look for to find them?,Suppose I am looking for books on certain topics in a bookstore. What objects in the bookstore will the employee tell me to look for them?
5,5,"If you are searching for books on specific topics in a bookstore, what objects might the staff member suggest you look for to locate them?","If you are searching for books on specific topics in a bookstore, what objects might the staff member suggest you look for to locate them for them?"
5,5,"When looking for books on certain topics in a bookstore, what objects would an employee typically suggest searching for to locate them?","When searching for items of certain objects on several topics in a bookstore, what would an employee typically suggest for a bookkeeper to identify searching them?"
5,5,"If you're looking for books on specific topics in a bookstore, what objects might an employee suggest that you search for to locate them?","If you're looking for books on specific topics in a bookstore, what objects might an employee suggest that you search for to locate them there?"
5,5,"If you need to search for books on specific topics in a bookstore, which objects would the employee typically direct you towards to find them?","If you need to search for books on specific topics in a bookstore, which objects would the employee typically direct you towards to find them to offer?"
5,5,What object do we usually put on a table to make the room brighter?,What object that we usually put on a table to make the room brighter: What time do we let the object change to make a bedier?
5,5,What objects are commonly placed on a table to provide additional illumination to a room?,What objects are commonly placed on a table to provide additional illumination to a residence room? When used to describe specifics of a object to?
5,5,What object would you normally place on a table to increase the brightness of a room?,What object do you normally place on a stone table to increase the brightness of a room? Would a room officially bring apart the color of your?
5,5,"Sometimes, tiny droplets of water can accumulate on the surface of plants in the morning. What in the picture can these droplets be found on?","Sometimes, tiny droplets of water can accumulate on the surface of plants. What in the picture can these droplets be found on?"
5,5,Tiny droplets of water often accumulate on plants in the morning. Where in the picture might you observe these droplets?,Tiny droplets of water often accumulate on plants in the morning. Where in the picture might you let yourself observe these droplets?
5,5,"Given that tiny droplets of water can accumulate on the surface of plants in the morning, where in the image might such droplets be found?","Given that tiny droplets of water can accumulate on the surface of plants in the morning, where in the image such droplets be?"
5,5,Under what objects would you normally find tiny droplets of water on plants in the morning based on the picture provided?,Under what objects of nature would you normally find tiny droplets of water topped on plants in the morning based on the picture theink provided?
5,5,Some reptiles enjoy basking in the sun to regulate their body temperature. What animal in the picture may exhibit this behavior?,Some reptiles enjoy basking in in the sun to regulate their body temperature. What animal in the picture may exhibit this behavior?
5,5,Which animal in the picture might exhibit sun-basking behavior to regulate its body temperature?,Which animal in the picture of this event might exhibit sun-basking behavior to regulate its body temperature to bear ingrowth?
5,5,"Which animal in the picture might enjoy basking in the sun to regulate their body temperature, similar to reptiles?","Which animal in the picture might enjoy basking in the sun to regulate their body temperature, similar to coal skin in reptiles?"
5,5,Which animal in the picture may exhibit the behavior of basking in the sun to regulate its body temperature?,Which animal in the picture may exhibit the behavior of basking in the sun to regulate its body temperature because of the breath character?
5,5,"Which animal shown in the picture may exhibit sunbathing behavior to regulate its body temperature, as some reptiles do?","Which animal shown in the picture in turn may exhibit sunbathing behavior to regulate its body temperature, as some reptiles do?"
5,5,Which animal in the picture may enjoy basking in the sun to regulate its body temperature?,Which animal in the picture is uncertain of which animal may enjoy basking in the sun to regulate its coating temperature to hold the body?
5,5,the car whose door is open,Throw the door of glass that is open. this car has the door open -. the person whose carrier answers the door and whose path is
5,5,the objects whose body surface is covered with scales,the object of which the body surface surface is covered with scales. -The bodies whose dimensions are whimsile for objects that has teeth covered with spark
5,5,something indicating the brand of this car,something expressing the brand of this brand of the brand of the machine. believe that a car indicating the Product tagged: Which of their braver
5,5,Rowing a boat requires certain skills and techniques to propel the boat forward smoothly. What objects in the picture are essential for rowing a boat?,Rowing a boat requires certain skills and techniques to propel the boat smoothly. What objects in the picture are essential for rowing a boat?
5,5,"To propel a boat forward smoothly, rowing requires specific skills and techniques. Please identify the essential objects in the picture necessary for rowing a boat.","To propel a boat smoothly, rowing requires specific vital skills and techniques. Please identify the objects in the picture necessary for rowing a boat"
5,5,"In order to propel a boat forward seamlessly, proper skills and techniques must be utilized. Which objects in the picture are required for rowing a boat?","In order to propel a boat forwardlessly, proper skills and techniques must be utilized. Which objects in the picture are required for rowing?"
5,5,"To row a boat effectively, certain skills and techniques are required. What objects in the picture are considered essential in the process of rowing a boat?","To row a boat effectively, certain skills and techniques are required. What objects in the picture are considered essential in the process of rowing a boat?"
5,5,To propel a boat forward smoothly by rowing requires specific skills and techniques. What are some of the important objects in the picture that are necessary for this activity?,To propel a boat smoothly by rowing requires specific skills and techniques. What are some of the important objects in the picture for this activity?
5,5,"Rowing a boat requires specific skills, techniques, and equipment. Could you identify the objects in the picture that are crucial to propelling the boat forward smoothly?","Rowing a boat requires specific knowledge, equipment, and skills. Would you identify the objects in the picture that are crucial for pushing the boat smooth"
5,5,"When taking a photo or selfie, some people prefer to have their hair covering their forehead. What hair style in the picture can achieve this effect?","When taking a photo or selfie, some people prefer to have their hair covering their forehead. What hair style in the picture can achieve this?"
5,5,"To achieve a hairstyle that allows hair to cover the forehead during a photo or selfie, which hairstyle in the image might be appropriate?","To achieve a hairstyle that allows hair to cover the forehead during a photo or selfie, which hairstyle in the image might?"
5,5,"In photography and selfies, some people prefer to have their hair covering their forehead. What type of hairstyle in the picture could create this effect?","In photography and selfies, some people prefer to have their hair covering their forehead. What type of hairstyle could create this effect?"
5,5,What type of hairstyle in the picture will enable someone to cover their forehead when taking a photo or a selfie?,What type of hairstyle in the picture will enable someone to cover their forehead during the look when taking a photo or a selfieie?
5,5,"For individuals who prefer a hairstyle that covers their forehead during photographs or selfies, what hairstyle in this picture can create the desired effect?","For individuals who prefer a hairstyle that covers their forehead during photographs or selfies, what hairstyle in this picture can effect?"
5,5,"To achieve the effect of having hair cover the forehead while taking a photo or selfie, which hairstyle in the picture would be suitable?","To achieve the effect of having hair cover the forehead while taking a photo or selfie, which hairstyle in the picture would be suitable?"
5,5,What object on the wall can we use to check the current time?,What wall on the end can we use to check the current time. What is what time pixel of the object we wish to test on the home?
5,5,What object mounted on the wall would allow us to accurately determine the current time?,What object that mounted on the outer wall would allow us to accurately determine the current of the time? We can directly determine the estimated fault period?
5,5,What item positioned on the wall serves as a tool for checking the current time?,"What item of the time positioned on the wall serves as a tool for checking the current clock, below describes what is intended as a landing opportunity?"
5,5,What object on the wall could be used to determine the current time?,"What part of the object on the wall could be used to determine the current time frame? What, which equator might be changed to predict time?"
5,5,"In the picture, what can we utilize to determine the current time?","In the picture, I believe, what can we utilize in order to determine the current? What's the time we modify to the day?"
5,5,Cars are often displayed at exhibitions or showrooms for people to admire. What area in the picture might be used for displaying cars?,Cars are often displayed at exhibitions or showrooms for people to admire. What area in the picture might be used for displaying their cars?
5,5,"Where might cars be on display in this picture, often seen at exhibitions or showrooms for people to admire?","Where might cars be on display in this picture, often seen at past exhibitions or showrooms, or showcases for people to be admire?"
5,5,"During exhibitions or at showrooms, cars are often showcased so that people may appreciate them. Which part of the picture may be utilized for displaying cars?","During showrooms or showing, cars are often exhibited so that people may appreciate them. Which part of the picture may be utilized for cars?"
5,5,"Where in the picture could you showcase cars for people to admire, such as in exhibitions or showrooms?","Where in the picture could you showcase cars for people of art to admire or to showcase, such as in exhibitions and showrooms?"
5,5,Where in the picture might be a potential area used for exhibiting or showcasing cars for people to view and admire at exhibitions or showrooms?,Where in the picture might be a potential area used for exhibiting or showcasing cars for people to view or admire at exhibition and shows?
5,5,"When showcasing cars for public display at exhibitions or showrooms, what areas of the depicted scene could be utilized for this purpose?","When showcasing cars for public display at exhibitions or showrooms, what areas of the depicted scene could be utilized for this purpose?"
5,5,"If a person needs to go to the 2nd floor, what architectural structure in the picture should they use?","If a person needs to go to the 2nd floor, what architectural structure in the main picture should they use; what the home sees?"
5,5,"If you need to go to the 2nd floor, which structure in the picture should be used for architectural purposes?","If you need to go to the 2nd floor, which structure in the picture should be used for architectural purposes, what to the entrance?"
5,5,Suppose a person wants to access the second floor. What specific architectural feature in the picture would they need to utilize?,Suppose a person wants to access the second floor. What specific architectural feature in the picture would they need to decide what they would utilize of?
5,5,"If someone wants to access the 2nd floor, what structural element displayed in the picture should they utilize?","If someone wants to access to the 2nd floor, what structural element displayed in the picture? What should the interior attribute they utilize?"
5,5,"If someone needed to reach the second floor, what structural element in the picture would they utilize to do so?","If someone needed to reach the second floor, what structural element in the picture would they utilize to do so, why would one of them?"
5,5,"If someone needs to go to the 2nd floor, what element of the building seen in the picture is appropriate for them to use for this purpose?","If someone needs to go to the 2nd floor, what element of the building seen in this picture is appropriate for them to use for purpose?"
5,5,"During leisure time, what object in the living room can create an immersive audio-visual experience when paired with other electronic objects?","During leisure time, what object in the living room can create an immersive audio-visual experience when paired with other electronic objects?"
5,5,"In a living room, what electronic device can be paired with others to create an immersive audio-visual experience during leisure time?","In a living room, what electronic device can be paired with others to create an immersive audio-visual experience during leisure time?"
5,5,"During leisure time, what item in the living room is capable of creating an immersive audio-visual experience when paired with other electronic devices?","During leisure time, what item in the living room is capable of creating an immersive audio experience when paired with other electronic devices?"
5,5,"During your leisure time, what device in the living room could be combined with other electronic devices to create an immersive audio-visual experience?","During your leisure time, what device in the living room could be combined with other devices to create an immersive audio-visual experience?"
5,5,What object in the living room could create a highly immersive audio-visual experience when used in combination with other electronic devices?,What object in the living living room could create a highly immersive audio-visual experience when used in combination with other electronic devices in dark elements?
5,5,"What object in the living room, when paired with other electronic devices, can create an immersive audio-visual experience during leisure time?","What object in the living room, when paired with other electronic devices, can create an immersive audio-visual experience during leisure?"
5,5,the things that a ship can hit that may cause it to run aground,the aforementioned things that a ship can hit that will cause it to run nearby. that may cause damage to what it runs to a ground
5,5,What object should we step into to take a bath in a bathroom?,What object should we define in the first step of for a bathroom? What object should I take to wash into a bath in a bath?
5,5,What object do we typically use in a bathroom to take a bath?,What do we typically enact in a bathroom today? What object is the motion parameter used in a bath to do to take a bathroom?
5,5,"When taking a bath in a bathroom, what structure should you step into?","When taking a bath in a bathroom, following your waterproofing plan, what should you define in a bath? What step should take into?"
5,5,"To take a bath in a bathroom, what is the object we should step into?","To take a bath in a bathroom in a bath, what is the logical object? What is the object we should take to shle into?"
5,5,What object in the bathroom should we step into to take a bath?,What object in the bathroom that we hope to take into should we take a step to define a bath? When what bath object in the bath?
5,5,What in the picture is most likely to be the source of the dog's wet fur?,What in the picture below is most likely to be the source of the inu - What possibly is the part of the dog's wet fur?
5,5,What do you think is the probable source of the wetness in the fur of the dog in the photo?,What do you think is the probable source of the painful wetness of the fur in the photo for that of the dog in the dog?
5,5,What in the picture can be identified as the likely cause of the dog's wet fur?,What in the picture can be identified as the wet deer skin? What could prove one of the likely cause of the dog's fur dog?
5,5,What in the picture can be determined as the most likely reason for the dog having wet fur?,What in the picture can be uncertain. Given that what could be determined as the most likely reason of the wet fur for the dog having pet hair?
5,5,What in the picture could potentially be responsible for making the dog's fur wet?,What in the picture above might be in trouble? What could potentially be responsible for making the animal's wet hair possible to mate the dog dog?
5,5,What is the most likely cause of the wet fur on the dog in the picture?,What is really the most likely cause of the wet cun fur in the dog? What is the cause for the teeth on the dog in the?
5,5,"If we need to paint the walls, what object in the picture can be used to climb up to reach the higher parts of the wall?","If we need to paint the the walls, what object in the picture can be used to climb up to reach the higher parts of the wall?"
5,5,What object in the picture would be utilized to reach the higher parts of the wall when painting it?,"What object in the picture would be utilized to measure the higher end of the parts of the wall when painting it, which stone is near it?"
5,5,What object in the picture could be utilized to climb and reach the higher areas of a wall if we need to paint it?,What object in the picture could be utilized to climb and reach the higher areas of a wall if we need to paint the stone from it?
5,5,What in the picture could be utilized to climb and reach the higher parts of the wall when painting it?,What in the picture of the wall could be utilized to climb and reach the higher and lower parts of it when painting the tree beneath it?
5,5,"When painting walls, it is often necessary to access high areas in order to touch up previously un-painted sections. In such circumstances, what object in the picture is used to climb up and reach these unreachable portions?","When painting underground, it is necessary to access various un-enacted portions. What happens in this step to slowly go up images?"
5,5,What object in the picture could be used to reach the higher parts of a wall for painting or other purposes?,"What object in the picture could be used to reach the higher parts of the end of a wall for painting or other purposes, which applied to objects?"
5,5,What is the most likely object that someone else has left behind?,What is the most likely object that a strident property has never left behind? The best answer: What else is what makes someone else from happening?
5,5,"Based on the context given, what object is most likely to have been left behind by someone else?","Based on the context given, what is the object most likely to have been left behind by someone else? Given what results one person might have previously?"
5,5,Can you give me a context or a scenario for where this question is being asked?,Anyhow can you give me a context or a scenario for this question: Could you ask a question for where the context or situation is being asked?
5,5,What is the object most likely to have been left behind by someone else?,What is probably the object most likely to have been all but left behind by someone else? What is the unique cause of an object lost to others:
5,5,What is the object that another person has most likely forgotten or left behind in this location?,What is the object that a person has most likely already lost or left behind in another location in this location? What is the moment the visitor relate?
5,5,What item is most likely to have been left behind by someone else in this scene?,What item is most likely to have been left behind by someone else in this scene? Given what is all the time left behind for a heifer?
5,5,"To add embellishment to the wall or the room, what structural object is suitable for hanging decorative pictures?","To add embellishment to the wall or about the room, what structural decorative object is the suitable object for hanging decorable pictures?"
5,5,What structural object could be utilized for hanging decorative pictures to add embellishment to a wall or a room?,What structural object could be utilized for hanging decorative pictures to add certain embellishment to a wall or a wall to a room?
5,5,What structural object would be most appropriate for hanging decorative pictures to add embellishment to a wall or room?,What structural object would be the most appropriate for hanging decorative pictures to add decorative embellishment to a wall or wall to room?
5,5,What structural object could be utilized to hang decorative pictures and enhance the appearance of a wall or room?,What structural object could be utilized to hang decorative pictures or pictures and enhance the appearance of the edge of a wall or furnroom?
5,5,"When decorating a wall or a space, what is the ideal structural object to use for hanging decorative pictures or embellishments?","When decorating a wall or a space, what is the ideal structural object to use for hanging decorative pictures or embellishments?"
5,5,What structural object in the room is generally appropriate and suitable for hanging decorative pictures and adding embellishment to the wall or room?,What structural object in the room is generally appropriate and suitable for hanging decorative pictures and adding useful embellishment to the wall or room?
5,5,"When picking cherry tomatoes, what part in the picture should be removed before consuming them?","When picking cherry tomatoes, what to remember? What part of the picture should be removed from the marbling before consuming them them?"
5,5,"When picking cherry tomatoes shown in the picture, which part of the tomatoes should be removed before consuming them?","When picking cherry tomatoes shown in the picture, which part of the tomatoes should be removed before consuming the tomatoes following them?"
5,5,"When picking cherry tomatoes, which part of the tomatoes displayed in the picture should be removed before consuming them?","When picking cherry tomatoes, which part of the tomatoes displayed in the picture should be removed before consuming them and which following them?"
5,5,"When picking cherry tomatoes, what part of the tomato in the picture should be removed before they are consumed?","When picking cherry tomatoes, what part of the tomato in the picture next to the fruit should be removed before they are consumed?"
5,5,"When harvesting cherry tomatoes, what part of tomato should be removed before consuming?","When harvesting cherry tomatoes, what tomato cherish should be removed? which part of tomato should be tested before consuming?"
5,5,"In equestrian sports, riders and horses need to overcome obstacles to complete a course. What in the picture can be used as an obstacle for the rider and horse to jump over?","In equestrian sports, riders and horses need to complete a bridge. What can be used as an obstacle for the horse to ride?"
5,5,"In the context of equestrian sports, what is an obstacle that a rider and their horse could jump over, based on the picture provided?","In the context of equestrian sports, what is an obstacle that a person and their horse could jump over, based on the picture provided?"
5,5,"In equestrian sports, riders and their horses must navigate and overcome obstacles to complete a course. What object in the picture could be utilized as an obstacle for the rider and horse to jump over?",In equestrian sports riders and horses must complete their course. What object could be utilized as an obstacle for the horse and overcome?
5,5,"What object(s) in the picture could be used as obstacles for riders and horses to jump over, in equestrian sports?","What object(s) in the picture could be used as obstacles for riders and horses to jump over, in equestrian sports?"
5,5,"In equestrian sports, riders and horses face various obstacles that they must overcome to complete a course. Please identify the object in the picture that could be used for the rider and horse to jump over as an obstacle.",Please identify riders in the equestrian sport for several obstacles that the horse and rider can have to overcome as an object in course.
5,5,"During equestrian sports, riders and their horses must navigate various obstacles to complete a course. What object or feature could potentially be used as an obstacle for the rider and horse to jump over, based on the picture?","During multiple sports, rider and horse owners to pursue an obstacle, what could be used to eject the horse in any course?"
5,5,What is the object that the person in the picture is holding onto while walking his dog?,What is the object that the person in the picture is holding onto while walking the dog? What is the concrete teeth that he worn during his?
5,5,What is the object that the person is holding while walking their dog in the image?,What is the object that the person is holding while walking their dog in the animal? The purpose is what he is wearing the person following images?
5,5,"While walking his dog, what object is the person holding onto in the picture?","While walking a dog walking onto his property, what object is the person wearing in the picture? Before defining, what is the messenger in?"
5,5,"What is the object that the person in the picture is holding onto, while taking his or her dog for a walk?","What is the object that the person in the picture is holding onto, while taking the sun that is carrying his or her dog for a personal walk?"
5,5,What is the object that the man in the picture using to maintain his balance while walking his dog?,What is the object that the man in the picture using to maintain his balance while walking the dog? Given that the body he wears in his?
5,5,What is the object that the person in the picture is holding onto while walking his dog?,What is the object that the person in the picture is holding onto while walking the dog? What is the concrete teeth that he worn during his?
5,5,"The winter cold can be unbearable, especially when indoors. What can be used indoors to effectively raise the indoor temperature?","The winter cold can be unbearable, especially when indoors. What can be used indoors to effectively raise the indoor temper"
5,5,"During the winter season, the cold weather can sometimes be unbearable when inside. Can you identify what object could be used indoors to effectively raise the indoor temperature?","During the winter season, the cold weather can sometimes be indoors. Can you identify what object could be used to sustain the inside temperature?"
5,5,"When indoors and trying to raise the temperature to more tolerable levels during winter, what is an effective option that may be utilized?","When indoors and trying to raise the temperature to more tolerable levels during winter, what is an effective option that may be be utilized?"
5,5,How can one effectively raise the indoor temperature when it's unbearably cold during winter while inside?,How can one effectively raise the indoor temperature when it's unbearably cold outside during winter when it helps manage the extreme while inside?
5,5,"In order to make a warm home during the winter, what household item could be used indoors to effectively improve the indoor temperature?","In order to make a warm home during the winter, what household item could be used indoors to effectively improve the indoor temperature temperature?"
5,5,Maintaining a well-groomed lawn requires regular cutting of the grass. What object in the picture could be used for this task?,Maintaining a well-groomed lawn requires regular cutting of the grass. What object in the picture could be used for this task?
5,5,What tool in the picture is typically used to maintain a well-groomed lawn by regularly cutting the grass?,What tool in the picture is typically used to maintain a well-groomed lawn by regularly knowing how to cut the weight of the grass?
5,5,"What item would be useful for maintaining a well-groomed lawn, particularly when it comes to regularly cutting the grass?","What item would be useful for maintaining a well-groomed lawn, particularly when it comes to regularly cutting the grass in glass?"
5,5,What object present in the picture could be utilized to cut the grass and maintain a well-groomed lawn?,What object present in the picture could be utilized to cut the grass and be able to maintain a well-groomed carved lawn?
5,5,What object in the picture is suitable for the regular cutting of grass and maintaining a well-groomed lawn?,What object in the picture is suitable for the regular cutting of grass and the application of maintaining a well-groomed sunken lawn?
5,5,"To maintain the lawn in a well-groomed condition, which tool could be utilized for regularly cutting the grass in the image?","To maintain the lawn in a well-groomed condition, which tool could be utilized for regularly helping cutting the grass in the image?"
5,5,the soccer goalkeeper,the soccer softball soccer goalkeeper in French. 7 Comment. Heading the home for defining the goalkeeper: the soccer inn
5,5,"In the summertime, intense sunlight can damage people's skin. What part of the hat shown in the picture can shade the face from the sun?","In the summertime, intense sunlight can damage people's face. What part of the hat shown in the picture can shade?"
5,5,How can the hat shown in the picture protect someone's face from the intense sunlight during summertime?,How can the hat shown in the picture recognize when the summertime protects someone's face from the intense sunlight during the day?
5,5,"During the summer season, exposure to intense sunlight may cause damage to the skin. What part of the hat displayed in the image would be useful in shading the face from the sun's rays?","During summer, extreme exposure to the sun's skin. What part of the hat used in the presentation might cause damage to the sunlight?"
5,5,"When sunlight is intense, it can have damaging effects on people's skin, especially in the summertime. What part of the hat depicted in the image can be utilized to protect the face from the sun?","When sunlight is scarred, it can produce harm in people's hands. What part of the exterior can be especially evident on the sun?"
5,5,"During the summer months, intense sunlight can be harmful to the skin. What part of the hat depicted in the picture provides shade to the face to protect it from the sun?","During the summer, baby sunlight can harmful to the skin. What part of the hat depicted in the face provides protection to the sun?"
5,5,"When the sunlight becomes too bright in summer, it can cause damage to a person's skin. Which part of the hat in this picture may help to protect the face from the sun's rays?","Until the sunlight is near, it can damage a person's skin. Which part of the hat in this photo helps to protect the sun?"
5,5,"Looking at the image, it seems that the dog is engaged in a playful activity. What part of the dog's body is likely to be holding an object during this playful activity?","Looking at an object, it appears that the dog is holding a playful activity. What part of the dog's body is in this activity?"
5,5,"When engaging in a playful activity, which part of the dog's body might be holding an object, based on the information presented in the picture?","When engaging in a playful activity, which part of the dog's body might be holding an object, based on the information presented in?"
5,5,"In this image, it appears that the dog is engaged in a playful activity. During this activity, which part of the dog's body might be holding an object?","In this image, it appears that the dog is holding a playful activity. During this activity, which part of the dog's body might?"
5,5,"When looking at the image, it appears that the dog is actively engaged in a playful activity. What part of the dog's body is likely to be holding an object during this playful activity?","When seeing an object, it appears that the dog's body is actively engaged in this activity. What part of the dog is holding activity?"
5,5,"During the playful activity being engaged in by the dog in the image, which part of its body might be used to hold an object?","During the playful activity being engaged in by the dog in the image, which part of its body might be used to hold an object to function?"
5,5,the hardest part of the turtle,the toughest part of all the hardest part of the turtle:...we learn the longest the hardness of the ducting
5,5,What instrument in the bedroom can be used to play music and help people relax?,What instrument in the bedroom can be used to play music outside of the sleep area and enable a piano to help people relax and learn what fun?
5,5,What household device can be used in the bedroom to play music and assist individuals in relaxing?,What household device can be used in the bedroom to play music in the bathroom and explain how to assist home and transport individuals during relaxing?
5,5,What object can be utilized to play calming music and help individuals relax in a bedroom space?,What object can be utilized to play calming dance music in a bedroom space and can help individuals relax and work over a computer shade?
5,5,"What is the instrument in the bedroom, primarily used to play music and help people relax?","What's a play piano in the bedroom? The instrument used in the home, primarily meant to stop music and help people, play relax."
5,5,What instrument is located in a bedroom and can be utilized to play music and aid in relaxation?,What instrument is located in the bedroom and can be utilized in a band to play music and be designed to aid in difficulty playing relaxation?
5,5,What object commonly found in the bedroom can be used to play music and promote relaxation?,What object that commonly found in the bedroom set in the home can be used to play music and promote relaxation and can add unique sleep pain?
5,5,"In modern times, what object do people often use to listen to the radio, keep track of time, and set alarms?","In modern times, what object do people often use to listen to the radio, keep track of time, set action, and remember alarms?"
5,5,"Which object do individuals typically use in modern times for purposes such as listening to the radio, keeping track of time, and setting alarms?","Which object do individuals typically use in modern times for purposes such as listening to the radio, keeping on track of time, and setting alarms?"
5,5,"What item do people commonly use as a means of listening to the radio, tracking time, and setting alarms in modern times?","What item do people commonly use as a means of listening to the radio, tracking time, and setting the track of alarms in modern times?"
5,5,"Which object is frequently used by people in modern times to listen to the radio, keep track of time, and set alarms?","Which object is frequently used by people in modern times to listen to the radio, keep track of time, when set, and answer alarms?"
5,5,"Currently, what is the most commonly used object that people use to listen to the radio, keep track of time, and set alarms?","Currently, what is the most commonly used object that people use to listen to the radio, keep track of time, and set phone alarms?"
5,5,the reflection of the car,the reflection of the serge. the reflection of the car. 2 )All that helps with the measurement of the energy from a vehicle wearing
5,5,Smoking is a common activity for some people while having a hot drink. What object in the picture can be used to hold the ashes of a cigarette?,Smoking is a common activity for some people while having a hot drink. What object in the picture can be used to hold the cigarette?
5,5,What item in the picture could be used to contain cigarette ashes when smoking while drinking a hot beverage?,What item in the picture could be used to contain cigarette ashes when smoking to drink while drinking a hot weeping beverage?
5,5,"While enjoying a hot beverage, some people may choose to smoke, and what is the object in the picture that could be used to contain the ashes from a cigarette?","While enjoying a hot beverage, some people may smoke in the picture, and what could be the object that is used to containing the cig?"
5,5,"During the act of smoking, some people prefer to have a hot beverage. Could you please tell me what item in the picture might be used to contain cigarette ashes?","During the act of smoking, some people prefer a cigarette. Could you please tell me what item could be used to have ashes?"
5,5,"If someone is smoking while having a hot drink, what object in the picture could be employed to hold the cigarette ashes?","If someone is smoking while having a hot drink, what object in the picture could be employed to hold the cigarette whenlar ashes?"
5,5,"Imagine a child playing with miniature toys in a sandbox. If the child wants to create a scene with a house surrounded by water, what object in the picture would be perfect for this?",Imagine a child creating miniature scenes in a sandbox. If the child wants to play with a picture in the house what would be this?
5,5,"If a child intends to arrange a scene with a house surrounded by water while playing with miniature toys in a sandbox, what item in the picture is ideal for creating this scene?","If a child intends to arrange a scene with miniature toys surrounded by water while playing in a house, what item in this scene?"
5,5,"Suppose a child is playing with miniature toys in a sandbox. If they want to create a scene that features a house surrounded by water, which item in the picture would be most suitable for this activity?",Suppose a child is displaying miniature toys in a sandbox. If they want a scene which would be suitable for this activity featuring the tree?
5,5,Suppose a child is playing with miniature toys in a sandbox and desired to establish a setting that involves a house surrounded by water. What object in the picture would be suitable for this purpose?,Suppose a child is displaying a sandbox in a movie toy which would be suitable for use with different stone walls. What object in the concept required
5,5,Suppose a child is playing with miniature toys in a sandbox and wishes to create a scene wherein a house is surrounded by water. Which object located in the image might the child utilize for this purpose?,Suppose a child wants to create toys in a house surrounded by a sandbox and is located where the child utilizes this purpose. Which object could
5,5,"When traveling, people often need to store their belongings in a secure and organized manner. What object in the picture can be used for this purpose?","When traveling, people often need to store their belongings in a secure and organized manner. What object in the picture can be used for purpose?"
5,5,What object do you suggest as an effective storage solution for securely and systematically storing personal belongings during travel?,What object do you suggest as an effective storage solution for securely and systematically providing a personal function of storing hidden cargo belongings during traveling?
5,5,"During travel, people frequently need a secure and organized location to store their belongings. What item in the picture could be utilized to satisfy this need?","During travel, people frequently need a secure and organized location to store their belongings. What item in the picture could be utilized to satisfy this?"
5,5,"While traveling, people often require a safe and well-organized way of storing their belongings. Based on the image, what object can achieve this goal?","While traveling, people often require a safe and well-organized way of storing their belongings. Based on the object, what goal can?"
5,5,What object can be used to cover the window to block the outdoor light and provide privacy in a bedroom?,What object can be used to cover the outdoor window to block the window and provide privacy to extend the light in a childhood bedroom?
5,5,"As a smart home AI, what object could be utilized to cover a bedroom window and provide privacy while also blocking out outdoor light?","As a smart home AI, what object could be utilized to cover a bedroom window and provide privacy while also blocking outdoor light?"
5,5,What can be placed on the windows to block outdoor light and provide privacy in a bedroom?,What can be placed on the windows to block outdoor light and provide privacy and comfort in a bedroom? To address light in the home?
5,5,"In a bedroom, what object could be used to block outdoor light and ensure privacy by covering the windows?","In a bedroom, what object could be used to block outdoor light in a window and ensure privacy by covering how to protect the windows?"
5,5,"As an intelligent home assistant, what object would you recommend someone to use to block outdoor light and ensure privacy in the bedroom?","As an intelligent home room assistant, what object would you recommend someone to use to block outdoor light and ensure privacy in the bedroom?"
5,5,What object might be used to cover a window to block outdoor light and provide privacy within a bedroom?,What object might be used to cover a window to block outdoor light and provide additional privacy while to fit a colorway within a bedroom?
5,5,Dolphins are known for their agility and acrobatics. What in the picture will the dolphin likely jump over during a performance?,Dolphins are known for their agility and acrobatics. What in the picture will the dolphin likely jump during a performance?
5,5,"When performing, dolphins are known for their agility and acrobatics. Identify what will be jumped over by dolphins during a performance, given the picture.","When performing, dolphins are known for their performance and agrobatics. Identify what will be jumped by the dolphin."
5,5,"In dolphin shows, these marine mammals are known for their agility and acrobatics. Based on the image, what object might the dolphin leap over during a performance?","During sport, these dolphin mammals are known for their performance and acrobatics. Based on what object would the vessel expand?"
5,5,"In a performance, dolphins are known for their agility and acrobatics. Please indicate what object the dolphin is likely to jump over in the image.","In an action, dolphins are known for their agrobatics and performance. Please indicate what object the dolphin is likely over."
5,5,"During a performance, what might a dolphin typically jump over, given their agility and acrobatics?","During your performance or fun, what might a dolphin typically jump over, given their agility: a total explosivity and mechanics?"
5,5,"What object is likely to be jumped over by a dolphin during a performance, given their well-known agility and acrobatics?","What object is likely to be jumped over by a dolphin during a performance, given their well known agility and acrobatics?"
5,5,something that the animal can use to pierce other animals' skin,something that the animal says about. Something that can be used to pierce other animals to the animal's hands to cause other animals to skin skin
5,5,Drawing is a common activity for children to express their creativity and imagination. What objects in the picture can be used to create drawings?,Drawing is a common activity for children to express their creativity and imagination. What objects in the picture can be used to create create drawings?
5,5,Drawing is a popular activity for children that allows them to explore their creativity and imagination. What objects in the picture might be utilized to create drawings?,Drawing is a popular activity for children that allows them to explore creativity and imagination. What objects in the picture might be utilized to draw?
5,5,"When drawing, children typically use tools to express their creativity and imagination. Could you please identify the objects in the picture that are commonly utilized to create drawings?","When drawing, children typically use tools to express their creativity and imagination. Could you please identify the objects in the picture that are commonly drawings?"
5,5,Drawing is an excellent way for children to display their creativity and imagination. What objects in the picture could be used to create drawings?,Drawing is an excellent way for children to display their creativity and imagination. What objects in the picture could be used to create art drawings?
5,5,Drawing is a common activity for children to express their creativity and imagination. Please identify the objects in the picture that could be used to create drawings.,Drawing is a common activity for children to express their creativity and imagination. Please identify the objects that could be used to create the drawings.
5,5,"When taking a cruise along a river, passengers often want to have a good view and enjoy the scenery outside. What specific area in the picture is most likely to be designed for this purpose?","During a cruise, passengers most often want to have a good view of the lake and be nearby. What specific area to carry in this design?"
5,5,"When taking a river cruise, passengers often want to enjoy the outdoor scenery. Which specific area in the picture is most likely intended to be used for this purpose?","When hitting a river cruise, visitors most likely want to enjoy this scenery. Which specific area in the picture is often used for the purpose?"
5,5,"When taking a river cruise, passengers will often want to enjoy the scenery and have a good view outside. Could you please indicate which specific area in the picture is most likely designed to meet this expectation?","During a riverfront trip, visitors can most often enjoy the cruise and have some concern. Would you want to see which area shown is appropriate?"
5,5,"When taking a river cruise, passengers typically want to appreciate the stunning scenery outside and have a clear view of the surroundings. Please identify the specific location in the picture that is most likely designed for this purpose.","When leaving the boat, guests typically see a spectacular location that is intended for this purpose and be aware of the depth of the surrounding design."
5,5,What area in the picture is likely to be designed specifically for passengers to have a good view and enjoy the scenery during a river cruise?,What area in the picture is likely to be designed specifically for passengers to have a good view and enjoy the scenery during a riverard cruise?
5,5,"When taking a river cruise, passengers typically want to appreciate the outside scenery and have a good view. What specific area in the picture is most likely intended for this purpose?","When taking a river cruise, passengers typically want to have good scenery and appreciate this view. What specific area in the picture is most intended?"
5,5,What tool can be used with paper to write things down?,What tool can be used to write paper with paper for the hand? Solution: When asked to solve things how long it can take things down over?
5,5,What item is typically employed in conjunction with paper to write down information?,What item is typically used in conjunction with paper for work assignment? Given the following: What is it known to simply carry up information in response?
5,5,What object could be utilized to inscribe information on paper?,What object could be used to utilize data on paper? Answer: Given the material determined to entail what could be inscribed to a patient?
5,5,What writing tool is commonly used with paper to jot down notes or important ideas?,What writing tool is commonly used for the paper to jot down key ideas with paper notes?Often paper is hard to tell people or materials?
5,5,the objects that can be used to produce rhythmic sounds,The kind of objects that can be used to produce melanetic sound frequencies.our for the materials that are used to remind rhythmic eggs
5,5,Exploring a dark cave can be challenging without proper lighting. What object in the picture could provide illumination in such a situation?,Exploring a dark cave can be challenging without proper lighting. What object in the picture could provide illumination in such a situation?
5,5,"When exploring a dark cave, proper lighting is crucial. What object in the picture could be utilized to provide illumination in such a situation?","When exploring a dark cave, proper lighting is crucial. What object in the picture could be utilized to provide such illumination?"
5,5,What object in the picture could be utilized to provide illumination when exploring a dark cave?,What object in the picture could be utilized to provide certain illumination when exploring the cave? When coined to capture a dark spot?
5,5,"In a dark cave exploration, what object could provide the necessary illumination as depicted in the picture?","In a dark cave exploration, what object could provide the necessary real illumination as depicted in the picture: It served as remedy?"
5,5,"When exploring a dark cave, proper lighting is essential to the task. Please identify what object(s) in the picture could be utilized to provide illumination in this situation.","When lighting a cave, identify what object(s) could be utilized in the task. Please provide proper illumination to this picture."
5,5,the cover that shields the driver's cabin,the cover that weighs the cover for the driver's cabin. the shielding that specifically protects the van driver's armor road
5,5,"Birds are known for their ability to fly, but what part of their body in the picture will they primarily use to walk on the ground?","Birds are known for their ability to fly, but what part of their body in the picture will they primarily use to walk and on the ground?"
5,5,"When birds are on the ground, what part of their body in the picture will they primarily use to walk?","When most birds are on the ground, what part of their body in the picture is around, will they primarily use the soil they wish to walk?"
5,5,"Birds are widely recognized for their ability to fly, but if they need to walk on the ground, what parts of their body could they use, based on the image?","Birds are widely recognized for their ability to fly, but if they need to walk, what parts of their body could they use on the image?"
5,5,"Birds are primarily known for their ability to fly, but when they are on the ground, what part of their body in the picture do they tend to use for walking?","Birds are primarily known for their ability to fly, but when they are on the ground, what part of the body did they use for walking?"
5,5,"Though birds are recognized for their excellent flying abilities, what part of their body in this picture do they mainly use to walk on the ground?","Though birds are recognized for their excellent flying abilities, what part of their body in this picture do they mainly use to walk in on the ground?"
5,5,"Although birds are known for their ability to fly, what part of their body in the picture do they primarily use to walk on the ground?","Although birds are known for their ability to fly, what part of their body in the picture do they primarily use to walk to stand on the ground?"
5,5,the object used for stirring milk or coffee,the object that was used for the purpose of sparkling milk or tea Objective. the liquid used for data deriving stirring through wine or coffee
5,5,Which object can effectively darken the room and create a suitable atmosphere for sleep?,Which object can precisely darken the room and satisfy the atmosphere and create a safe sleep environment? Which originally seems appropriate for making space ideal for sleep?
5,5,Which object can be utilized to reduce the light level in a room and provide a more conducive environment for sleeping?,Which object can be utilized to reduce the light level in a room and provide a more conducive environment for a space when satisfying sleeping?
5,5,"As a smart home AI, what appliance could you advise to turn on to darken the room and establish a proper ambiance for sleeping?","As a smart home AI, what appliance could you advise to darken the room and turn on to establish a proper ambiance for sleep?"
5,5,What in the picture can be used to create a suitable environment for sleep by effectively darkening the room?,What in the picture can be used to quickly darken the atmosphere of the room? Understanding that it creates a suitable environment for sleep cleaning?
5,5,"As an AI-powered assistant, what object would you adjust to create a dark atmosphere that is conducive to sleeping?","As an AI-powered assistant, what object would you adjust to cause to create a dark atmosphere that is conducive to sleeping?"
5,5,"In the backyard, there may be a designated area where the dog can walk and play freely. What area in the picture can be used by the dog for this purpose?","In the backyard, there may be a designated area where the dog can walk and play freely. What area by the dog used for this purpose?"
5,5,What region within the picture could be utilized by a dog to have freedom of movement and play in the backyard?,What region in the picture within the house could be utilized by a dog to have freedom of movement and allow play and purpose in the backyard?
5,5,"Where in the picture, can the dog be designated to walk and play freely in the backyard?","Where in the picture, of course, can the dog be designated to walk and play freely in the backyard or what to walk within the frame?"
5,5,What area of the scene can serve as a designated area in the backyard for dogs to walk and play freely?,What area of the backyard can serve as a designated area of the scene in the home to allow cloth for dogs to walk and play dance freely?
5,5,"Where in the picture can the dog walk and play freely within a designated area, typically found in a backyard?","Where in the picture can the dog walk and play freely within a designated home, typically in a walkout area, when familiar to the backyard?"
5,5,"In the evening, what can be turned on in the living room to save electricity and reduce the impact on the eyes while ensuring sufficient lighting?","In the evening, what can be turned on in the living room to save electricity and reduce the impact on the eyes while ensuring sufficient light?"
5,5,"In the evening, what can be turned on in the living room to ensure sufficient lighting while also saving electricity and reducing the impact on the eyes?","In the evening, what can be turned on in the living room to ensure sufficient lighting while also saving electricity and reducing the impact on the eyes"
5,5,What can be turned on in the living room in the evening to ensure sufficient illumination while saving electricity and protecting eyes from excessive exertion?,What can be turned on in the evening in the living room to ensure sufficient electricity and saving eyes while protecting illumination from excession?
5,5,"What can be switched on in the living room in the evening to conserve energy, minimize impact on the eyes while ensuring sufficient illumination?","What can be switched on in the living room in the evening to ensure sufficient energy, minimize impact on the eyes while ensuring illumination?"
5,5,"In the evening, which electrical appliance can be turned on to conserve electricity, reduce the strain on the eyes while also ensuring sufficient lighting in the living room?","In the evening, which electrical light can be hung on, reduce the appliance while also ensuring sufficient energy to ruin the living room?"
5,5,"At night, what can be switched on in the living room to conserve electricity while providing ample illumination without straining the eyes?","At night, what can be switched on in the living room to conserve electricity while providing ample illumination without straining the eyes?"
5,5,"When presenting a gift to someone, it is common to wrap it in decorative paper or material. What in the picture can be used to wrap a gift?","When presenting a gift to someone, it is common to wrap it in decorative paper or material. What in the picture can be a gift?"
5,5,What objects present in the picture could be used to wrap a gift in decorative paper or materials when presenting it to someone?,What objects present in the picture of a gift could be used to wrap it in decorative paper or text materials when presenting it or to someone?
5,5,"When giving someone a gift, it is customary to wrap it in decorative paper or fabric. Please identify what in the picture could be used for gift wrapping.","When giving someone a gift, it is customary to wrap it in decorative paper or fabric. Please identify what in the picture could be wrapping."
5,5,What object can be used to wrap a gift in decorative paper or material in the picture?,What object can be used to wrap a gift of decorative material in graph paper or in the picture? What defined design and item in the patient?
5,5,something that is shining,something that will be amazing. - Wikipedia. Thought that something that is shining tile shines the time of defining something that is unble
5,5,"In many historical battles, warriors used a particular object to defend themselves from attacks. What item in the picture can be used as a defensive tool during combat?","In many historical battles, warriors used a particular object to defend themselves during combat. What item in the picture can be used as a tool?"
5,5,"During many historical battles, warriors frequently used a particular item to defend themselves against attacks. What object depicted in the picture can be used as a defensive tool during combat?","During ancient times, warriors frequently fought several defensive objects against a particular weapon. What item used in the picture can be used as a defence?"
5,5,"During many historical battles, warriors utilized a specific item for self-defense. What object in the picture could be utilized as a defensive tool during combat?","During historical battles, warriors utilized a specific item for self-defense. What object in the picture could be utilized as combat?"
5,5,"In many historical battles, warriors utilized specific equipment to defend themselves during an attack. What object in the picture could be employed as a defensive tool in combat?","In many historical battles, warriors utilized specific equipment to defend themselves during an attack. What object in the picture could be employed as combat?"
5,5,"In many historical battles, warriors utilized specific objects to protect themselves from attacks. What item in the picture could function as a defensive tool during combat?","In many historical battles, warriors utilized specific objects to protect themselves from attacks. What item in the picture could function as a defense tool?"
5,5,"In many historical battles, warriors utilized a specific tool to protect themselves from attacks. Which item in the picture could serve as a defensive tool during combat?","In many historical battles, warriors utilized a specific tool to protect themselves during attacks. Which item in the picture could serve as a combat?"
5,5,Visitors in the waiting room will be bored and may need to temporarily place personal belongings while waiting. What furniture are they likely to use for temporary storage?,Visitors in the waiting room will be bored and may need to temporarily store personal belongings. What furniture are they likely for storage?
5,5,"When visitors are in a waiting room, they may become bored and seek temporary storage for personal belongings. Which type of furniture is most likely to be utilized for this purpose?","When visitors are in a temporary storage room, they are likely to seek for personal belongings. Which type of furniture is frequently used for this purpose"
5,5,What furniture is typically utilized by visitors in waiting rooms for temporary storage of personal belongings while they wait?,What furniture is typically utilized by visitors to work in temporary storage rooms for detailed waiting of personal belongings while they wait for foods safely?
5,5,"When people are in a waiting room, they may become bored and may need to temporarily place personal belongings aside. Please identify what furniture they may use for temporary storage in this scenario.","When people sit in another room, they may be temporarily absent and may need temporary storage. Please identify which furniture to use for this situation."
5,5,"When waiting in a room, visitors may become bored and require a place to temporarily store their belongings. What type of furniture is likely to be used for temporary storage in this situation?","When waiting for a room, people may be bored and become likely to use temporary storage. What type of furniture is permitted in this situation?"
5,5,"In a waiting room, visitors may need to place personal belongings temporarily, while they wait or may become bored while waiting. What furniture is common to use for temporary personal storage in such cases?","In waiting rooms, someone may need to furnish storage while they may sit temporarily while waiting. What is common for personal items made of such?"
5,5,"In a cozy living room, people often sit comfortably while using electronic devices for work or leisure. What object in the picture is commonly placed on the person's lap for this purpose?",In a mobile room people often sit comfortably while on leisure. What object is commonly used in the person's work for this picture?
5,5,"In a comfortable living room, people often sit relaxed while using electronic devices for work or entertainment purposes. Which of the objects in the picture is typically placed on the person's lap for this need?",People often sit while sitting in the room for entertainment or personal purposes. Which of the objects on a person's comfortable wall is easily used?
5,5,"What object is commonly placed on a person's lap for work or leisure while sitting comfortably in a cozy living room, as shown in the picture?","What object is commonly placed on a person's lap for work or leisure while sitting comfortably in a cozy room, as shown?"
5,5,"When in a comfortable living room, people often sit and utilize electronic devices for work or leisure. Identify an object in the picture that is typically placed on someone's lap for this purpose.","When comfortable in a living room, people typically sit on the wheel for work or personal use. Identify an object that is easily in this manner."
5,5,"In a comfortable living room, people frequently sit while using electronic devices for work or leisure purposes. What item is typically put on an individual's lap during this activity, as illustrated in the picture?",Personal items typically allow sitting while in a couch or on the lap. What person is illustrated for use in this activity during you's work?
5,5,"In a cozy living room, people often relax in a comfortable seated position while using electronic devices for work or leisure. What item in this picture is typically placed on a person's lap for this purpose?",People typically sit in a cozy lounge for using this photo. What item in a comfortable room is easily accessible on work or in person?
5,5,"After a day of tiring work and travel, what object in this hotel room can be used to rest on for relaxation?","After a day of tiring work and travel, what object in this hotel room can be used to rest on for a walk to enjoy relaxation?"
5,5,"After a long day of work and travel, what can you utilize to unwind and relax in this hotel room?","After a long day of work and travel, what can you utilize to unwind and relax to ease the pain of stay in this hotel room?"
5,5,"After a long day of work and travel, what item in the hotel room would you suggest your guests use to relax and rest on?","After a long day of travel work, sleep and rest, what item in the hotel room would you suggest your guests use to relax and let on?"
5,5,"After a long day of work and travel, what piece of furniture in this hotel room could be utilized to relax and rest on?","After a long day of work and travel, what piece of furniture in this hotel room could be utilized to relax and leave the rest on?"
5,5,"If you need to rest and relax after a long day of work and travel, what is an object in the hotel room that can be utilized?","If you need to rest and relax after a long day of work and travel, what is an object in the hotel room that can be utilized?"
5,5,"In a park or a garden, people often need a place to sit and rest. What object in the picture could provide a comfortable sitting area?","In a park or a garden, people often need a place to sit and rest. What object in the picture could provide a comfortable sitting space area?"
5,5,"What object in the picture would be suitable for providing comfortable seating in a park or garden, where people often need a place to sit and rest?","What object in the picture would be suitable for providing comfortable seating in a park or garden, where people often need a place to sit and rest?"
5,5,"When in a park or garden, people often require a place to sit and relax. What object within the picture could provide such a comfortable sitting area?","When in a park or garden, people often require a place to sit and relax. What object within the picture could provide such a comfortable sitting area?"
5,5,"At a park or in a garden, people often require a comfortable seating area to relax and take a break. Which object in the picture could serve as such a seating area?","At a garden or in the park, people often want a comfortable seating area to take a break. Which object served as such a seating?"
5,5,"In a park or garden, what item in the picture might furnish a comfortable place to sit and rest?","In a garden or park, what in the picture is, what item in the wrap might furnish a secure comfortable place to sit back and sleep?"
5,5,"In a park or garden, people often require a comfortable place to rest and sit. What item in the picture could be utilized as a seating area for this purpose?","In a park or garden, people often require a comfortable place to rest. What item in the picture could be utilized as a seating purpose?"
5,5,something showing the identity of this car,something revealing about the identity of the brand of this car - This is a vector. something showing the identity of what they hope for the braiding
5,5,"In busy city streets, traffic violations can occur frequently, and law enforcement personnel play an important role in maintaining order. What in the picture can be a means of transportation for these law enforcement personnel?","On busy streets, transportation can occur and law enforcement officers play an important role in these settings. What is in the manner for police service?"
5,5,"In busy city streets, traffic violations can occur frequently, and law enforcement personnel are crucial in maintaining order. What means of transportation can be utilized by these law enforcement personnel in the image?","In urban areas, traffic and transportation can be necessitated by law enforcement officers frequently. What are vital means of these law enforcement display?"
5,5,"In busy city streets, maintaining order is very important because traffic violations can occur frequently. What item in the picture could serve as a means of transportation for law enforcement personnel?","During urban facilities, good handling is very important when traffic violations occur. What item in the picture could serve as a means for police officer personnel?"
5,5,"In busy city streets, maintaining order is critical due to the likelihood of frequent traffic violations, in which law enforcement personnel play a crucial role. What kinds of transportation options can be identified for these individuals in the picture?","For busy cities, transportation security is crucial in the manner, due to a thorough display of police involvement factors. Know which people can?"
5,5,"Amidst a busy city environment, traffic violations can occur frequently, and law enforcement personnel have a significant role in maintaining law and order. What in the picture can potentially serve as a mode of transportation for these law enforcement personnel?","Across the road, traffic conditions can be dangerous for law enforcement personnel. And what is a significant habit of operation for law enforcement personally?"
5,5,"Law enforcement personnel play a crucial role in maintaining order in busy city streets where traffic violations can occur frequently. Based on the picture, what object could be utilized as a mode of transportation for these personnel?",Municipal police officers continue the task as an important tool for utilizing vehicle occupations. On what degree could be necessitated for traffic in these areas?
5,5,"When attending a formal event or a convention, people often wear stylish and coordinated outfits to showcase their personal style. What item in the picture can be used to enhance the appearance of the woman's lips for such an occasion?",Usually dressed outfits can enhance the appearance of a personal or formal ceremony for the occasion. What is used in someone's countercase?
5,5,"When attending a formal event or a convention, individuals often wear stylish and coordinated outfits to highlight their personal flair. Please help me identify the item in the picture that could be utilized to improve the appearance of a woman's lips to match her stylish outfit.","During personal or personal outfits, please recognize a woman's appearance that could be used in the ceremony to enhance an stylish suit."
5,5,What object in the picture could be utilized to enhance the appearance of a woman's lips before attending a formal event or convention to display their personal style?,What object in the picture could be utilized to enhance the appearance of a woman's lips before attending a formal event or personal style?
5,5,"For enhancing the appearance of the lips while attending a formal event or a convention, what item in the picture could be utilized?","For enhancing the appearance of the lips while attending a a formal event or a convention, what item in the picture could be utilized?"
5,5,"At a formal event or convention, people often wear coordinated and stylish outfits to showcase their personal style. What item in the picture might a person use to enhance the appearance of their lips for such an occasion?","During formal and personal occasions, someone might use styled outfits to enhance the appearance of their audience for an occasion. What a popular sketch"
5,5,"On a camping trip, people often enjoy roasting marshmallows or cooking food over an open fire. What object in the picture could be used to hold the fire and create a cozy atmosphere?","On camp, people often enjoy cooking marshall balls and capture a cozy atmosphere. What object can be used in rounding the fire?"
5,5,"When on a camping trip, what can be utilized to hold the fire and create a cozy atmosphere while roasting marshmallows or cooking food over the open fire based on the picture?","When camping on marshmalls, what can be enjoyed to make a perfect fire or cooking the fire based on the outing atmosphere?"
5,5,"During a camping trip, what object in the picture could be utilized to contain a fire and generate a warm and welcoming ambiance for roasting marshmallows or cooking food?","During a camping trip, what object in the picture could be utilized to generate a warm ambiance for roasting and carmaves?"
5,5,"In a camping trip, what item in the picture could be utilized to hold an open fire and generate a warm and cozy environment for cooking food or roasting marshmallows?","On the farm, what item could be used for cooking marshmalls to generate a cool and peaceful appearance or sitting in an entertain?"
5,5,Suppose you are on a camping trip where people frequently roast marshmallows or cook food over an open fire. What object in the picture could be utilized to contain the fire and create a warm atmosphere?,What people often nest on a marshmall where you can entertain hot food or present an object in the atmosphere and require following the fire pictures?
5,5,"In Figure Skating, performers often incorporate spinning movements into their routines. What in the picture can provide stability and enable the skater to spin gracefully?","In Figure Skating, performers often incorporate stability into their routines. What in the picture can enable the skater to spin gracefully?"
5,5,"In figure skating, spins are incorporated into routines for artistic effect. What in the picture might provide stability, enabling the skater to spin gracefully?","In artistic skating, pins are incorporated into the behavior. Could the skater give stability; providing something for to spin continuously?"
5,5,"In Figure Skating, the spinning movements are common and graceful. Please point me to the object in the picture that can provide the skater with stability and allow them to spin gracefully?","In Figure One, the skating objects are functional and graceful. Please trace me in the action that can allow the runner to yield gracefully?"
5,5,"In figure skating, spinning movements are frequently incorporated in routines. What object in the picture can provide stability and enable the performer to spin gracefully?","In figure skating, spinning movements are frequently incorporated in routines. What object in the picture can provide stability and allow the perform quietly?"
5,5,"What in the picture can provide the skater with stability and enable them to execute spinning movements gracefully, which are often incorporated into Figure Skating performances?","What in the picture can provide the skater with stability and enable them to perform spinning movements gracefully, which often incorporated into Figure performances?"
5,5,"When performing routines in figure skating, spinning movements are often incorporated. Please tell me what aspect of the picture enables the skater to spin gracefully while maintaining stability?",Usually skating dispersers may perform actions in place while maintaining balance. Tell me what feature of the picture allows the skine to rotate carefully?
5,5,the body parts of the bird that grip onto tree branches,The body parts of all the branches of the tree that gripe onto a tree cord.our earth gulls when moving through plant vehicle birds
5,5,"When we manipulate an electronic document, what peripheral device do we need to enter data or instruction?","When we manipulate an electronic data document, what we need to enter enabling instruction, what peripheral device or device do we have to text?"
5,5,"When manipulating an electronic document, what peripheral device would typically be utilized to enter data or commands?","When manipulating data in an electronic document, what peripheral device most typically would be utilized to allow to enter customized task or commands?"
5,5,"When manipulating an electronic document, what peripheral input device is needed for entering data or instructions?","When manipulating an electronic data card for entering a document, what follows, what peripheral device is needed for prompting input input or instructions?"
5,5,"When manipulating an electronic document, what peripheral device is typically used for inputting data or instructions?","When manipulating an electronic data document, what best describes a data system, what peripheral device is typically used for inputting input or instructions?"
5,5,"When manipulating an electronic document, what peripheral device do we typically use to enter data and instructions?","When explicitly manipulating data to enter an electronic document, what peripheral device do we typically use to read instructions and what transmit to cards?"
5,5,"When working with an electronic document, which peripheral device is necessary to input data or instructions?","When working with an electronic data document, which peripheral device or machine is necessary to input data, requires the following instructions to address signaling?"
5,5,What object can effectively block water from splashing outside the shower area?,What object can actually block water from splashing outside the windpipe area: Is it key to prevent liquid water from presenting the shower?
5,5,"In order to prevent water from splashing outside the shower area, what object may be utilized?","In order to prevent water shapes from splashing outside of the shower area, therefore, what object may be utilized what could be?"
5,5,What item could be utilized to prevent water from spreading outside the shower area effectively?,What item might be utilized to prevent water from spreading deep outside of the shower area while considering what could be sheltered the surface effectively?
5,5,What object can be utilized to prevent water from splashing outside the shower area?,What object can be utilized prior to water splashing: Which can be used to prevent dust from diverging outside the shower area? The
5,5,What item can be used to prevent water from spraying out of the shower area?,"What item can be used to provide water out of the shutter area, not affected for preventing soap spraying into the showerroom?"
5,5,Which of the items in the picture can effectively prevent water from splashing outside of the shower area?,Which of the items in the picture shows what water can effectively prevent excessive water from splashing outside of the pool in the shower area?
5,5,What object can we use to control the water flow during the bathing process?,What object we have to use to control the water flow? How can we define thermal signaling water during the first time of the bathing process?
5,5,What is the object used to control the flow of water during the bathing process?,What is the object used to control the flow of water? The way water reflects the temperature used during the first process of the bathing process?
5,5,What object can be utilized to regulate the flow of water during bathing?,What object can be utilized to regulate the flow of water? It is intended to guarantee the flow of water during electrical bathing for.
5,5,Which item can be used to manage the water flow during the process of bathing?,Which item can be used to manage the flow of water during the bathing? Which is valid for the process of helping customer change watering out?
5,5,What object can be used to regulate the flow of water when taking a bath?,What object can be used to regulate the flow of water when taking a wind bath?ex. What is used for determining water of head?
5,5,What object can be used to regulate the flow of water during the process of bathing?,"What object can be used to regulate the flow of water, meaning when testing the flow of air during the process of electric detering?"
5,5,What appliance in a room is frequently used for entertainment purposes?,The appliance of a kitchen in a room is also frequently used for entertainment purposes. What reason appliance is used for all guest behaviors?
5,5,What object is often utilized for entertainment purposes in a room?,What object is often used to create a garment for various entertainment purposes? Remember: what object was objectified for information utilized in the?
5,5,Which object is commonly used for entertainment purposes in a room?,Which object is commonly used for the purpose of a room? Answer: Since one might distinguish optical entertainment items from all amenities in the room?
5,5,What appliance do people regularly use for entertainment purposes in a room?,What is the standard appliance used to entertainment surfaces in a room? Why do people regularly use for entertainment purposes when someone has mead.
5,5,Which device typically found in a room is often used for entertainment purposes?,Which of the device typically found in a room is most often used for entertainment purposes? Source: which room commonly sour for behavioral items?
5,5,What appliance found in a room is commonly used for entertainment purposes?,What appliance found in a hotel is used for entertainment purposes? Given that barridge used in a room is commonly used for all home purposes:
5,5,"When the owner parks the car, which part of the car in the picture will be in direct contact with the ground?","When the owner parks the car, which part of the car in the picture will be in direct contact with the vehicle, beeping the ground?"
5,5,"When parking the car, what part of the car in the picture will come into direct contact with the ground?","When parking the car, what part of the car in the picture will come into direct contact with the car: let possible dust in the ground?"
5,5,"After the owner parks the car, what section of the vehicle in the picture will be in direct contact with the ground?","After the owner parks the car in the home, what section of the vehicle in the picture will be in direct detail of contact with the ground?"
5,5,"When parking a car, which region of the vehicle pictured would be in direct contact with the ground?","When parking a car in parlor, which region of the vehicle pictured would best be in direct contact with the person surrounding the ground?"
5,5,"When the car is parked, what part of the vehicle would be in direct contact with the ground in this picture?","When the car is parked in the car, what part of the ground would be in direct contact with the vehicle in this picture? May yours?"
5,5,"When taking a dog for a walk on the beach, what part of the dog's body should be wet if it enjoys playing in the water?","When taking a dog for a walk on the beach, what part of the dog's body should be wet if it enjoys playing in water?"
5,5,"Suppose that you were taking the dog for a walk on the beach, which part of the dog's body would be wet if the dog enjoys playing in the water?","Suppose that you were taking the dog for a walk on the beach, which part of the dog's body would enjoy if the dog plays wet?"
5,5,"When taking a dog to the beach, which part of its body is likely to be wet if it enjoys playing in the water?","When taking a dog to the beach, which part of its body is likely to be wet if it enjoys to play in the water at sea?"
5,5,"When taking a dog for a walk on the beach, what part of a dog's body gets wet if it enjoys playing in the water?","When taking a dog for a walk on the beach, what part of a dog's body gets wet if it enjoys playing in the water?"
5,5,"When taking a dog for a walk on the beach, if the dog enjoys playing in the water, which part of its body is likely to be wet?","When taking a dog for a walk on the beach, if the dog enjoys playing in water, which part of its body is likely to wet?"
5,5,the reflection of the persons in the mirror,the weighing in the reflection of the persons in the mirror. the resolution of all the beacon objects in which the person represents the deception
5,5,"When driving at night, it is important to have proper lighting on the front of the vehicle to ensure safety. What part of the vehicle in the picture provides this lighting?","When driving at night, it is important to have proper lighting to ensure safety. What part of the vehicle in the picture provides this lighting?"
5,5,"While driving at night, what component of the vehicle shown in the picture provides proper illumination to ensure safety on the road?","While driving at night without warning, what component of the vehicle shown in the picture provides proper illumination to ensure the safety of the roadway?"
5,5,"During night-time driving, which part of a vehicle is used to provide adequate lighting on the front to ensure driver safety?","During night-time driving, which part of a vehicle is used to provide adequate lighting on the front to ensure driver-side safety?"
5,5,"When driving at night, proper lighting on the front of a vehicle is essential for safety. Could you tell me what part of the vehicle in the picture provides this lighting?","When driving at night, proper lighting in the front is essential for safety. Could you tell me what part of the light on this vehicle provides?"
5,5,"When driving at night, proper lighting on the front of the vehicle is crucial for ensuring safety. What component of the vehicle in the picture provides this lighting?","When driving on the night, proper lighting in the front is crucial for ensuring safety. What component of the vehicle provides this lighting?"
5,5,"In a classroom setting, students often engage in activities that require writing and taking notes. What object in the picture would students use to write with?","In a classroom setting, students often engage in activities that require writing and taking notes. What object in the picture would students use write with?"
5,5,"During a classroom setting, students usually engage in activities that involve writing and taking notes. What object in the picture would be utilized by students as a writing tool?","During a classroom setting, students usually engage in activities and taking pictures. What object in writing would be utilized by students as a tool?"
5,5,"In a classroom setting, students often engage in activities that require writing and taking notes. Please identify the object in the picture that students would use to write.","In a classroom setting, students often engage in activities that require reading and taking notes. Please identify the object in the picture students would write."
5,5,What object in the picture would students typically utilize to write and take notes during classroom activities?,What object in the picture of the classroom would students typically take and utilize to write and render notes during personal learning activities during what I teach?
5,5,"In a classroom setting, what object in the picture might be used by students to take notes or write?","In a classroom setting, what object in the picture might be used by students to write? Given students decide how to take notes or shade?"
5,5,"During classroom activities that involve note-taking and writing, what object would students use to compose their work?","During classroom activities that involve note-taking and writing, which involve playwriting, what object would students use to compose to share their work?"
5,5,What home appliance is commonly used to store fresh and frozen food at low temperatures?,What home appliance is commonly used to store fresh and frozen food and stove when stored locally at low temperatures for high temperature meals?
5,5,What common household appliance is typically used to store fresh and frozen food at low temperatures?,What common household appliance is typically used to store fresh and frozen food and staple batter during storage conditions? Well known at low temperatures
5,5,What electrical appliance is typically used to preserve fresh and frozen food by maintaining low temperatures?,What electrical appliance is typically used to preserve fresh and frozen food and food by maintaining low temperatures when wearing free fertility?
5,5,What household appliance is usually utilized to store fresh and frozen food at low temperatures?,"What household appliance is usually utilized to store fresh and soft, frozen food items at the lowest temperatures when ready for home fertility?"
5,5,What is the commonly used home appliance to store fresh and frozen food at low temperatures?,"What is the commonly used mobile home appliance to store fresh, cold and frozen food at low temperatures when used for the dairy components?"
5,5,Flowers need sunlight to grow and bloom. What in the picture can provide the necessary light for the flowers to thrive?,Flowers need sunlight to grow and bloom. What in the picture can provide the necessary light for the flowers to their rain to thrive?
5,5,"For the flowers to grow and bloom, they require adequate sunlight. Please identify which object in the picture could provide the necessary light for the flowers.","For the flowers to grow and bloom, they require adequate sunlight. Please identify which object in the picture could provide the necessary flowers."
5,5,What in the picture could serve as a source of light to facilitate the growth and blooming of the flowers?,What in the picture could serve as a source of light to provide a reflection of the blooming to facilitate the growth and birth of the flowers?
5,5,What in the picture can provide the necessary light for the flowers to grow and thrive?,What in the picture can be necessary to provide the light and beauty for the flowers? The rain that prepares the home to grow and thrive?
5,5,What in the picture can provide the necessary light for the flowers to thrive since they require sunlight to grow and bloom?,What in the picture can provide the necessary light for the flowers to grow and thrive since they require the sunlight to enter grass and bloom?
5,5,Flowers require sunlight to grow and blossom. What in the picture might serve as a source of light that could enable the flowers to flourish?,Flowers require sunlight to bloom. What in the picture might serve as a source of light that could enable the flowers to flourish?
5,5,"After doing laundry, where should we put the wet clothes?","After doing laundry, where should we put the clothes, decided to do wet washing? Should we do the wet shelf milks?"
5,5,"Once the laundry is done, where should the wet clothes be placed in the picture?","Once all the laundry is done, where should the wet clothes be placed in the picture? When will the wet clothes be the wetroom?"
5,5,"After doing laundry, where should the wet clothes be placed for drying?","After doing the laundry, where should we get wet clothes for drying? When draining, what will the clothes be placed for wet?"
5,5,"Once the laundry is done, where is the best place to put the damp clothes until they dry?","Once the laundry is done, where is the best place to put the damp clothes until the wet is when to shuffle them dry?"
5,5,"After washing clothes, where should we put the wet clothing to be properly dried?","After washing clothing, where should we put the clothes to be properly washed? What before choosing the wet clothing to be dried?"
5,5,"After doing laundry, where should wet clothes be placed for drying?","After doing the job for laundry, where do dry clothes be drained? Next, should clothes be placed for wet washing drying?"
5,5,Many trees produce seeds that eventually grow into new trees. What part of the tree in the picture would contain the seeds that can sprout and grow into a new oak tree?,Many trees produce seeds that eventually grow into new trees. What part of the tree would contain the seeds that can grow in a new pan?
5,5,"In the picture, which part of the tree tends to contain the seeds that can grow into new oak trees?","In the picture, which part of the tree tends to contain the seeds, which is the seed that can grow into new oak wild trees?"
5,5,"In general, trees produce seeds that can sprout and grow into a new generation of trees. Based on the image presented, what part of the tree is most likely to contain seeds that can take root and develop into a mature oak tree?","In summary, trees can produce seeds that are most likely to develop and grow into a new tree. What part of the tree includes oak?"
5,5,"In the picture of the tree, what part(s) do you think would contain the seeds capable of germinating and developing into a new oak tree?","In the picture of the tree, what part(s) would you think contain the seeds capable of germinating and developing into another tree?"
5,5,Which part of the tree in the picture houses the seeds that can sprout and develop into a new oak tree?,Which part of the tree in the picture houses the seeds that can sprout and peak and develops into a new oak seed tree?
5,5,What object in the picture can make the air in the indoor environment fresher and more comfortable?,What object in the picture can make the indoor air in the environment fresher and more comfortable - the ability of the sun in the home better?
5,5,What object in the picture could make the indoor air fresher and more comfortable to breathe?,"What real object in the picture of the furnace could make the indoor air fresher and more comfortable to breath, easier to breathe?"
5,5,What appliance in the picture could be used to make the indoor air fresher and more comfortable?,"What appliance in the picture of the application could be used to make the indoor air fresher softer and more comfortable, anyone in home?"
5,5,What object in the image can improve the freshness and comfort of indoor air quality?,"What object that in the image can improve the freshness and comfort of the indoor air quality, and what user enjoyability of sunburn space?"
5,5,What object in the picture can promote the circulation of fresh and comfortable air in the indoor environment?,What object in the picture of the forward fit can promote the circulation of fresh and comfortable air in the environment in users in the indoor environment?
5,5,What equipment in the picture can be used to make the air quality in an indoor environment feel fresher and more comfortable?,"What equipment in the picture can be used to make the air quality in the interior of an indoor environment feel fresher, more safe and comfortable?"
5,5,"When someone is reading a book or a magazine and wants to take a break, they may need a specific object to mark their place. What item in the picture is commonly used for this purpose?","Before someone is reading a book or magazine and wants to take a break, they need a specific object. What item in the picture is commonly used?"
5,5,What object seen in the picture is frequently utilized to help someone mark their place when taking a break while reading a book or a magazine?,What object seen in the picture is frequently utilized to help someone mark their place when taking a break while reading to read a book or a magazine?
5,5,What object could be utilized to mark a reader's place when they take a break from reading a book or a magazine in the given picture?,What object could be utilized to mark a reader's place when they take a break from reading a book or a magazine in the given picture?
5,5,What object in the image is frequently used to mark one's place when taking a break from reading a book or a magazine?,What object in the image is frequently used to mark one's place in a magazine when taking a break from reading a book or a workbook?
5,5,"When someone is reading a book or a magazine, and they want to take a break, what item could they use to mark their place?","When someone is reading a book or a magazine, and they want to take a break, what item could they use to make them mark their place?"
5,5,What item in the picture is commonly used as a bookmark for someone reading a book or magazine who wants to take a break and come back to the same spot?,What item in the picture is commonly used as a bookmark for someone reading a book or magazine who wants to come back and take the same spot?
5,5,"In the picture, what object is on the ground and known for its slithering movements?","In the picture, Here is the object on the ground, and what about the stone have its defined slimes and known for slithering movements?"
5,5,What is the object on the ground in the picture that is known for its slithering movements?,What is the object on the ground in the stone in this picture that is known for its objects and is determined by the slithering wind movements?
5,5,What object is located on the ground in the picture and is typically characterized by its slithering movements?,What object is located on the ground in the picture and is typically past its surface and is simply characterized by the characteristics of slithering movements?
5,5,"What's the object on the ground in the picture, and famous for its slithering motions?","What's the slithering object on the ground in the picture? and famous for its motions, meaning what in the stone wings?"
5,5,"What animal, known for its slithering movements, is depicted in the picture on the ground?","What animal, known for its slithering movements, which lies on the picture, is depicted in the picture in historical content on the ground?"
5,5,"Ladybirds, also known as ladybugs, are common insects found in gardens and fields. What part of the ladybird's body is often brightly colored with spots?","Ladybirds, also known as ladybugs are frequently found in gardens and fields. What part of the bird's skin with shapes?"
5,5,"Ladybirds, commonly known as ladybugs, are common insects that may be discovered in gardens and fields. What component of the ladybird is frequently marked with bright spots or vibrant colors?","Ladybirds, commonly known as ladybirds, are frequently seen in the gardens. What product may contain certain bright forms or vibration?"
5,5,"Ladybirds, alternatively referred to as ladybugs, are common insects frequently encountered in gardens and fields. What portion of a ladybird's physique tends to be distinctively hued and covered in spots?","Ladybugs, commonly referred to as ladybirds are generally attractively occupied in garden and fields. What subset of a lady's coat?"
5,5,"Ladybirds, also known as ladybugs, are common insects that can be found in gardens and fields. What part of the ladybird's body is usually brightly colored and marked with spots?","Ladybugs, also known as ladybirds, are usually found in shapes and fields. What part of the bird's coat can visible?"
5,5,"Ladybirds, also known as ladybugs, are common insects found in gardens and fields. What is the anatomical part of the body where the ladybird's bright spots are located?","Ladybugs, also known as ladybirds, are common. What are the anatomical parts of the bird's spot where flowers?"
5,5,"Ladybirds, commonly seen in gardens and fields, have a distinctive appearance. Which part of their body is often brightly colored and spotted?","Ladybirds, commonly seen in gardens and fields, have a distinctive appearance. Which part of their body is often bright and spotted?"
5,5,"When playing baseball, it is important to protect our feet from injuries when running and sliding. What item in the picture is specifically designed for this purpose?","When running baseball, it is important to protect our feet from injuries when hitting and sliding. What item in the picture is specifically designed for this"
5,5,What item in the picture is intended for protecting our feet from injuries while running and sliding during baseball?,What item in the picture is intended for protecting the safety of our feet from injuries while running and sliding while drawing over baseball during baseball?
5,5,"In baseball, it is necessary to protect feet from injury while running or sliding. What object in the image is designed specifically for this purpose?","In baseball, it is necessary to protect feet from injury while running or sliding. What object in the image is designed specifically for this specific purpose?"
5,5,What item in the picture is intended to protect the feet from injury during running and sliding while playing baseball?,What item in the picture is intended for describing how to protect the feet from injury during the running and sliding while shooting while playing slim baseball?
5,5,"When playing baseball, what object is specifically designed to protect the feet from injuries when running and sliding?","When playing baseball and racing, what object is specifically designed to protect the feet from injuries that prevent troublesome damage from when running a sliding?"
5,5,"When playing baseball, it is important to protect our feet from injuries when running and sliding.  Stylishly as well, in modern times. Which item in the picture is specifically designed to provide such protection?","When wearing baseball, its an important item to protect against injuries. . Generally, where the picture is designed in modern times as well?"
5,5,the person who is currently preparing to catch the ball,The person who is currently preparing to join the parent who is about to perform the ball.out the answer: Planning for catching the ball
5,5,"When playing video games, what object in the picture is commonly held and used to control the actions of the characters on the screen?","When playing video games in the visual field, what object in the picture is commonly held and used to control the actions of the characters on the screen?"
5,5,What item in the picture is typically held and utilized to control the actions of video game characters on the screen?,What item in the picture is typically held and utilized to control how the character is accessed following the actions of video game characters on the screen?
5,5,"When playing video games, what device is typically held and used to control the actions of the characters on the screen, based on the image?","When playing video games, what device is typically held and used to control the actions of the characters on the screen, based on the image in play?"
5,5,What item in the picture is often used to control the actions of characters on the screen when playing video games?,What item in the picture of the arrow is often used to control the actions of characters used on the screen when playing video games? where you play?
5,5,"When playing video games, what controller in the picture is commonly held and utilized to manage the movements and actions of the characters on the screen?","When playing video game games, what controller in the picture is commonly held and utilized to manage the movements and actions of the characters on the screen?"
5,5,"In video gaming, what object is usually held in hand and utilized to control the actions of the game's characters displayed on the screen?","In video gaming, what object is usually held in hand and utilized to control the actions of the game's characters displayed on the screen?"
5,5,Teachers usually write key words or questions on what object during the class?,Teachers are usually convinced students write key words or words on the object of the class - What class do or answer key questions during a previous?
5,5,What is an object that teachers regularly use to write key words or questions on during a class?,What is an object that teachers regularly use to write key words or notes on during a class -- What is the question that students write next to time?
5,5,"During a typical class, what object might teachers commonly use to write down key words or questions?","During a typical class of text, what key objects might a teacher commonly use to write down key questions.How might students describe important words or values?"
5,5,"During class, what object might teachers typically utilize to write down key words or questions?","During part of class, what object teachers might typically utilize to lead students to write down important questions? Given what text might describe key words or?"
5,5,"During a class, what object do teachers commonly use to write down key words or questions?","During a class, what object do teachers commonly use to write down key words or words? What key events students ask when used to write a question."
5,5,"During a class, what object do teachers often write down key words or questions on?","During a class, what object do teachers often write down key words or keys to, or questions? How often students tell what a class thought on?"
5,5,something that prevents the animal from getting out,all of something that prevents the individual from getting it through. Description. something that warns animals about how to prevent the fossil from getting the out
5,5,the objects that can illuminate the road conditions,the part of the weather images that can perfectly explain the objects that may fit the road conditions And. objects that illuminate the objectives for plant death
5,5,What should we use to prevent water from splashing around when taking a shower?,What should we use to prevent water from splashing around before taking a shower? What to do when using the sun for drunking?
5,5,What object or tool might be used to prevent water from splashing around during a shower?,What object or tool might be used to prevent water from splashing around during a drain? When describing any product keyed during a shower
5,5,Which item can be utilized to prevent water from splashing around during a shower?,Which item can be utilized on a skillet to prevent water from splashing around? Should anyone consider washing around during the shower?
5,5,What can be used to prevent water from splashing outside of the shower area while taking a shower?,"What can be used to prevent water from splashing outside of the shower area, while taking a shower while changing clothes into the show?"
5,5,What can we utilize to keep water from splashing around while showering?,What can we utilize to keep the water from splashing around while watering? Answer. Helps to hide mullein from showering during
5,5,What can be utilized during a shower to prevent water from splashing around?,What can be utilized during a shower following a splash: What will prevent water from diving around to prevent it from napping in?
5,5,"In a fairytale story, what object is often associated with magical creatures and can unlock hidden secrets or treasures?","In a fairytale story, what object is often associated with magical creatures and can unlock hidden secrets and evil or treasures?"
5,5,"In many fairy tales, what object is typically associated with magical creatures and is capable of unlocking hidden secrets or treasures?","In many fairy tales, what object is typically associated with magical creatures and is capable of unlocking hidden secrets or treasures?"
5,5,"In a fairytale, what object is frequently linked with magical creatures and has the ability to unlock hidden secrets or treasures?","In a fairytale, what object is frequently linked with magical creatures and has the ability to unlock hidden secrets or treasures?"
5,5,"Magical creatures in fairytale stories are often associated with what type of object, which can have the power to unlock hidden secrets or treasures?","Magical creatures in fairytale stories are often associated with what type of object, which can have the power to unlock hidden treasures?"
5,5,"In a fairytale story, which object is commonly related to magical creatures and has the power to unlock hidden secrets or treasures?","In a fairytale story, which object is commonly related to magic creatures and has the power to unlock hidden secrets or treasures?"
5,5,"In many fairytale stories, a particular object is often associated with magical creatures and can unlock hidden secrets or treasures. Can you guess what that object might be, based on common fairy tales?","A particular fairy tale can be associated with multiple magical creatures or hidden secrets. Can you guess what that, based on fair objects?"
5,5,something showing the price,something showing the price of the price. hopefully everything will show the price. something something in geometry - telling the customer what warranties for getting
5,5,something that can be used to attack enemies from a distance,something that can be used to attack people of varying degrees. aka Freedom that can be used to capture enemies from what's a single distance
5,5,Birds often need a high vantage point to observe their surroundings. What in the picture provides a suitable location for birds to perch and rest?,Birds often need a high vantage point to observe their surroundings. What in the picture provides a suitable location for birds to perch?
5,5,"What in the picture could function as a suitable location for birds to perch and rest, as they often require an elevated vantage point to observe their surroundings?","What in the picture could function as a suitable location for birds to perch and rest, as they often require an elevated point to observe themselves?"
5,5,What in the picture might provide a comfortable place for birds to perch and rest while maintaining an unobstructed view of their surroundings?,What in the picture might provide a comfortable place for birds to perch and rest while maintaining an unobstructed view of their surrings?
5,5,"What in the picture could serve as a suitable location for birds to perch and rest, as they often require a high vantage point to observe their surroundings?","What in the picture could serve as a suitable location for birds to perch and rest, as they often require a high vantage point to observe?"
5,5,the musician,"the soundtrack to the musician and the musicianian - Dear German. the icy. figuring that dreams of, heir"
5,5,What in the picture can transport skiers and snowboarders up the mountain to the top of the ski slope?,What in the picture can transport skiers and snowboarders up and down the mountain slope to the top of the ski strip in the ski door?
5,5,What equipment or machinery in the picture can be used to transport skiers and snowboarders to the top of the ski slope?,What equipment and machinery in the picture can be used to transport skiers or snowboarders to the top of the ski on ice slope?
5,5,What in the picture shows a mechanism used to transport skiers and snowboarders up the mountain to the top of the ski slope?,What in the picture shows a mechanism used to transport skiers and snowboarders up the mountain to the top of the ski to the ski slope?
5,5,What object can transport skiers and snowboarders to the top of a ski slope in the picture?,What object can transport skiers and snowboarders and skiers to the top of a ski slope beyond what happened in the picture in the camera?
5,5,What is the commonly used equipment in this picture to transport skiers and snowboarders up to the top of the ski slope?,What is the commonly used equipment in this picture to transport skiers and snowboarders up to the top of the ski to the skiend slope?
5,5,"In snowy weather, driving can be challenging due to limited visibility. What part of the car in the picture is used to illuminate the road ahead and improve visibility?","In snowy weather, driving can be challenging due to visibility. What part of the car in the picture is used to illuminate better visibility?"
5,5,"When driving in snowy weather, visibility is often limited, making it challenging. What part of the car in this picture would be utilized to illuminate the road and enhance visibility?","When driving through winter weather, visibility would be often challenging. What part of the vehicle in the picture makes it artful to enhance navigation?"
5,5,"During snowy weather, visibility is typically reduced, which makes driving more difficult. What part of the car in the picture is used to illuminate the road ahead and improve visibility?","During snowy weather, visibility is typically corrected, which makes driving more difficult. What part of the car in the picture is used to increase visibility?"
5,5,"What part of the car in the picture is used to illuminate the road ahead and improve visibility, particularly during times of limited visibility such as snowy weather?","What part of the car in the picture is used to illuminate the road ahead and improve visibility, particularly during times of limited visibility such as weather?"
5,5,"When driving under snowy weather conditions, visibility can be a major challenge. What part of the car displayed in the picture is typically utilized to light up the pathway ahead and improve visibility in such circumstances?","Before light weather conditions, visibility can be a challenge. What part of the vehicle in the picture is typically utilized to sky up in such situations?"
5,5,Driving in snowy weather can be challenging due to limited visibility. Which part of the car in the picture is typically utilized to illuminate the road ahead and enhance visibility?,Driving in snowy weather can be challenging. Which part of the car is typically utilized outside the road to enhance the visibility?
5,5,What in the picture can be worn on the feet to glide smoothly on the pavement or floor?,What in the picture can be worn on the slope of the feet to glide smoothly or comfortably on the pavement or tow floor?
5,5,What object in the picture can be used to glide smoothly on the pavement or floor when worn on the feet?,What object in the picture can be used to glide smoothly on the pavement or floor when worn on the slope of the towed feet?
5,5,"What type of equipment, which can be worn on the feet to promote smooth sliding on the pavement or the floor, can be identified in the picture?","What type of equipment, which can be worn to promote smooth sliding on the pavement or on the feet, can be identified in the picture?"
5,5,What object can be worn on the feet in the image to move smoothly on the pavement or floor?,What object can be worn in the pavement on the floor or face in the image which enables the tile to move smoothly on moving feet or?
5,5,Can you tell me what object in the picture can be worn on the feet to glide smoothly on the pavement or floor?,Can you tell me what object in the picture can be worn on the feet to glide smoothly on the pavement to the door or floor?
5,5,What object in the picture should be worn on the feet to move smoothly across the pavement or floor?,What object of the picture should be worn on the feet to move smoothly across the pavement floor or floor in the concrete toch or immediately?
5,5,"Many people like to watch movies on TV, but the sound from the TV itself may not be loud enough or of good quality. What device in the picture can enhance the sound from the TV?",Many people like to watch movies on the TV but the sound from the TV may not be in good quality. What device can ease the sound?
5,5,"While many people enjoy watching movies on TV, the TV's sound may not be loud enough or of high quality. What object in the picture can be used to enhance the TV's audio?","While many people may not like movies, the TV's audio can be seen in detail or of high quality. What to simulate the TV?"
5,5,"When watching a movie on TV, some people may find the sound from the TV itself insufficient or of poor quality. What device in the picture could be used to enhance the TV sound?","When watching a movie from the TV, some people could find the TV sound incompatible or of poor quality. What device meant to alter the sound?"
5,5,"If someone wants to watch a movie on TV, but the sound from the TV itself isn't loud enough or is of poor quality, what device in the picture could be utilized to improve the sound?","If someone wants to watch the movie on the TV but isn't sound enough, what device in the TV could be utilized from poor quality?"
5,5,"Assuming this is a restaurant kitchen and the chef finds that there is not enough food, and needs to inform the restaurant staff promptly to notify the customers. Which device in the picture is the chef most likely to use for instant communication?","Assuming this is a restaurant camera not to serve, and the camera tells the restaurant customers what is the likely method to communicate promptly with the food?"
5,5,"Suppose that this is a kitchen within a restaurant and the chef realizes there isn't enough food. To quickly notify the restaurant staff so that they can alert the customers, which object within the picture would the chef most likely utilize for instant communication?",That is a restaurant where the customer realizes isn't sufficient food. Should one inside the restaurant quickly alert the staff for whatever purposes they communicate?
5,5,"As the chef in a restaurant kitchen, if you discover that there is an inadequate amount of food, and you need to communicate with other staff promptly to inform customers, which device present in the picture would be the most appropriate for instant communication?","A chef because you encounter other customers, and if there is a sufficient array of food in the restaurant about whether to be present promptly, the Account"
5,5,"In the given scenario of a busy restaurant kitchen where the chef discovers there isn't enough food, and prompt communication with the restaurant staff is essential to notify the customers, what device in the picture could the chef likely use for instant communication?","Unless the restaurant manager does not display enough food, is there a possible scenario in the kitchen designed to alert the reader about pleasant communication with the staff?"
5,5,"Suppose it is a restaurant kitchen, and the chef finds that there is not enough food and needs to inform the staff quickly to notify customers. Which device in the picture is the chef likely to use for prompt communication?","Suppose the restaurant is not food, and the chef suggests there is enough equipment to need to notify customers quickly. Which picture is in the chef communication?"
5,5,"Suppose this is a restaurant's kitchen, and the chef discovers that there isn't enough food, necessitating a notification to the staff to promptly inform the customers. Based on the picture, which device is the chef most likely to employ to facilitate quick communication?","Assuming that there's no camera, is the camera informing the restaurant owner, which is likely to necessitate a quick conversation to the customers!"
5,5,"In formal events, people often wear accessories to enhance their outfits. What item in the picture is typically worn around the neck to complement a formal attire?","In formal events, people often wear accessories around their outfits. What item in the neck is typically worn to complement a formal attire?"
5,5,"Formal events often require the use of accessories to enhance an individual's outfit. What attire accent is typically sported around the neck to compliment a formal outfit, as indicated by the image?","Fashioned attachments commonly use the outfit to enhance an individual's attire, which is often represented by the cover over the table"
5,5,"At formal occasions, people often wear decorations to embellish their outfits. Which object in the picture is usually worn around the neck to accent a formal ensemble?","At formal occasions, people often wear pictures to accent their outfits. Which object around the neck is usually worn to embell the ensemble?"
5,5,"What item would one typically wear around the neck to complement formal attire during events, as seen in the picture?","What item would one typically wear around the neck to complement formal attire throughout the day, as did the picture during events, as seen in Shakespeare?"
5,5,"In formal events, people often wear accessories to enhance their outfits. What is the item in the picture that is traditionally worn around the neck to complement formal attire?","In formal events, people often wear accessories to enhance formal outfits. What is the item that is traditionally worn around the neck?"
5,5,What item could we use to complement our formal attire when attending formal events usually worn around the neck as an accessory in this picture?,What item could we use to complement our formal attire as an accessory when attending formal events usually worn in around the neck in this picture?
5,5,something that can fly out of the earth,something that can be true of the rest of the earth. that can fly up out of the earth Forget that a particle flees from earthly
5,5,"If it's very sunny outside, what object can effectively block the sun to let light enter lightly from the window?","If it's very sunny outside, what object can effectively block the light to let sunlight enter lightly before a tree from the window?"
5,5,"If it's very sunny outside, what object in the picture can be utilized to block direct sunlight, while still allowing a certain amount of light to enter through the window?","If it's near sunlight, what object can be used to block the picture in direct while allowing a substantial amount of light outside the window?"
5,5,What object could be used to effectively block sun rays from coming in too strongly through a window during very sunny weather but still allow for some light to enter?,What object could be used to directly block sun rays from coming in through a window during sunny weather but still allow some very light to enter?
5,5,Suppose it's very sunny outside and you want to block the sun while still allowing some light to enter through the window. What item can be used for this purpose?,Suppose it's very sunny and you want to block some light while still allowing the sun through the window. What item can be used inside?
5,5,"On a bright sunny day, what object could be utilized to effectively block the sun while allowing light to enter the room?","On a bright sunny day, what object could be utilized to effectively block the sun while giving light to enable the sun to enter the room?"
5,5,"On a very sunny day, what object can be used to effectively block out the sun while allowing light to gently filter into the room through the window?","On a very sunny day, what object can be used to effectively block out the sun while allowing light to gently filter through the the window?"
5,5,the area on the tennis rackets used to strike a tennis ball,This on the area of the dry rackets used to strike on a tennis ball.the tennis rack used to identify tennis groups in a tennis ball
5,5,the ring with the largest width,the ring with the largest of all. the ring width with the longest height - We believe that the ring brand joins a vector with leading gold to height
5,5,"During a solar eclipse, the Moon passes between the Earth and the Sun, blocking the sunlight. What object in the picture can be responsible for creating the shadow and causing the eclipse?","During an eclipse, the Moon passes between the sun and the Earth, blocking the solar light. What object in the picture can be responsible for causing?"
5,5,"During a solar eclipse, the Moon passes between the Earth and the Sun, blocking sunlight. What celestial body or object throughout the image can cast a shadow and cause an eclipse?","During an eclipse, the Moon fires between the Earth and a Sun, blocking sunlight. What celestial body or object can cast the eclipse?"
5,5,"What might be responsible for the creation of a shadow during a solar eclipse, resulting in the blockage of sunlight?","What might be responsible for the creation of a shadow during a solar eclipse, resulting in the blockage of sunlight, foreling a windfall?"
5,5,"What object in the image might be responsible for casting the shadow and causing a solar eclipse to occur, during which the Moon passes between the Earth and the Sun and blocks sunlight from reaching the Earth?",What object in the image might be responsible for blocking the Moon from which sunlight passes between the Sun and the Earth and causing the eclipse to occur?
5,5,The Earth is orbited by man-made objects that serve various purposes. What in the picture is specifically designed to orbit the Earth and carry out specific tasks or missions?,The Earth is man-made by objects that serve various purposes. What in the picture is specifically designed to orbit the Earth and carry out specific tasks?
5,5,What object in the picture is specifically constructed to be placed in orbit around the Earth to execute specific missions or operations?,What object in the picture is specifically constructed to be placed in orbit around the Earth to take space to execute specific specific missions or operations that occurred?
5,5,What object in the picture is specifically designed to orbit the Earth and carry out various missions and tasks?,What object of the picture in the space is specifically designed to orbit the Earth and will carry out various missions and tasks other than mission and measures?
5,5,"Within the image provided, what is the object that is specifically designed to orbit around the Earth and execute certain tasks or missions?","Within the image provided, what is the object that is specifically designed to orbit around the Earth and execute certain tasks that follow certain objects or missions?"
5,5,Which object in the picture is intended to orbit the Earth and perform specific tasks or missions?,Which object in the picture is intended for orbiting the Earth that will cross the Earth and perform specific tasks and objectives or similar missions?!
5,5,"As an AI assistant, please help me identify the object that is specifically designed to orbit around the Earth and perform specific tasks or complete missions.","As an AI assistant, please help me identify the object that is specifically designed to orbit around the Earth and perform specific tasks or complete missions."
5,5,"In the wild, animals often exhibit specific behaviors and adaptations that help them survive in their natural habitats. What part of the animal in the picture can be used for defense and aggression?","In the wild, animals often exhibit specific adaptations and behaviors that can survive in their habitats. What part of the animal against?"
5,5,Which body part of the animal in the picture can be used for defense and aggression in the wild?,"Which body part of the animal in the picture of the chicken can be used for defense, action and aggression in the human for the wild?"
5,5,"In the wild, animals often exhibit behaviors and adaptations that help them survive in their natural habitats. Which part of the animal in the picture is used for defense and aggression?","In the wild, animals often exhibit behaviors and adaptations that help them in survival. Which part of the animal is used in ag?"
5,5,"What part of the animal in the picture is an adaptation that can be used for defense and aggression, allowing it to survive in the wild?","What part of the animal in the picture is an adaptation that can be used for defense and aggression, allowing it to survive in the wild?"
5,5,"What part of the animal shown in the picture could be utilized for both defense and aggression, as observed in the wild?","What part of the animal shown in the picture described in the shot could be utilized for both defense and aggression, as observed in the wild?"
5,5,Navigating on the sea can often be dangerous due to various hazards. What in the picture could pose a threat to humans?,Navigating on the sea can often be dangerous due to various hazards. What in the picture could pose a threat to wild to humans?
5,5,"In a maritime setting, there are many hazards that can pose dangers. Based on this image, please identify what objects might threaten human safety?","In a maritime setting, there are many hazards that pose danger. Based on this image, please identify what objects might threaten human safety?"
5,5,"During sea navigation, there can be numerous hazards and risks. What in the picture could potentially pose a threat to humans?","During sea navigation, there can be numerous hazards and risks. What in the picture could potentially pose a threat to provide harm to humans?"
5,5,There are often numerous hazardous factors in sea navigation. What objects in the picture might pose a threat to people?,There are generally many hazardous factors in sea navigation. What unique objects of sight in the picture might pose a threat to people in the?
5,5,"When navigating on the sea, there are usually various hazards that could pose threats to humans. Based on the picture, what could be some of these potential hazards?","When navigating on the ocean, there are usually some hazards that could pose various threats. Based on the picture could these hazards"
5,5,What would you consider hazardous to human navigation in the picture owing to challenges that may arise when navigating on the sea?,What would you consider hazardous to human navigation in the picture owing to challenges that may arise when navigating on the sea sea?
5,5,"When driving on the road, we often encounter different types of vehicles. What type of vehicle in the picture is commonly used for public transportation and has two levels?","When driving on the road, we often encounter different types of vehicles. What type of vehicle in the picture is commonly used for public transport and has?"
5,5,"When driving on the road, we often encounter a diverse range of vehicles. Among those, which type of vehicle in the picture is commonly used for public transportation, featuring two levels?","On the road, we often encounter a variety of vehicles. Among those is which type of vehicle commonly used for public transportation, featuring the picture?"
5,5,"Vehicles come in many shapes and sizes, and we typically encounter a variety of them while driving on the road. In this picture, which form of transportation is common for public use, and typically features two levels?","Vehicles come in many sizes, and we commonly encounter a variety of features while driving. On what form of public transportation is the road?"
5,5,"When driving on the road, we often come across a variety of vehicles. What type of vehicle in the picture is frequently employed for public transportation and includes two levels?","When driving on the road, we often come across a variety of vehicles. What type of vehicle in the picture is often employed for public transportation?"
5,5,"In the picture, what type of vehicle is frequently used for public transportation and often features two levels when driven on the road?","In the picture, what type of vehicle is frequently used for public transportation and often features two levels of transport when driven sideways on the road?"
5,5,"When driving on the road, we often see different types of vehicles. What type of vehicle is depicted in the image that is commonly used for public transportation and has two levels?","When driving on the road, we see different types of vehicles. What type of vehicle is depicted in the image that is commonly for public transport?"
5,5,"In a city landscape, what structure serves as a connection between two areas separated by a river?","In a landscape, what defines a city surrounded by a river? What structure serves as a connection between two city zones together in connection between two cities?"
5,5,"In a city landscape, what structure serves to connect two areas separated by a river?","In a landscape landscape, what defines a city? What city structure serves to connect to two separate areas that bring water, two separated by a river?"
5,5,"In a city landscape, what type of structure typically functions as a link between two areas separated by a river?","In a city landscape, what defines traffic between two areas? What type of structure typically functions as a link between two separate areas separated by a river?"
5,5,"In a city landscape, which structure typically serves as a connection between two areas that are separated by a river?","In a city landscape, which presents structure? Which region typically serves as a connection between two areas that are separated by a river that separate from a?"
5,5,"In the context of a city landscape, what type of structure is commonly used to connect two areas separated by a river?","In the context of a city landscape, what type of land structure is commonly used to connect two areas of a river, considered separated by a valley?"
5,5,What structure typically acts as a connection between two areas separated by a river in a city landscape?,What structure typically acts as a connection between two separate areas separated by a river in a city landscape? What describes the connection between land and a canal?
5,5,the buildings that offer a scenic view,the things that offer a scenic view. the buildings that are designed to support its architectural identity: Hills that offer a vibrant real second
5,5,"When riding a dirt bike, it is important to protect the head from potential injuries. What object in the picture can help ensure the safety of the motorcyclist's head?",When riding a dirt bike it is important to protect the motorclist's head. What object can help the safety of the?
5,5,What item in the picture could be used to protect a motorcyclist's head from injury while riding a dirt bike?,What item in the picture could be used to protect a motorcyclist's head from injury while riding a dirt bi bike?
5,5,What item in the picture can be used to ensure the safety of the motorcyclist's head while riding a dirt bike?,What item in the picture can be used to ensure the safety of the motorcyclist's head while riding a dirt bike?
5,5,"While riding a dirt bike, it is crucial to protect the head against possible injuries. Which item in the picture can assist in safeguarding the head of the rider?","While riding a dirt bike, it is crucial to protect against the head. Which item can assist in the safety of the head?"
5,5,"When riding a dirt bike, it is crucial to protect the head from potential injuries. Could you suggest what item in the picture can assist in keeping the safety of the motorcyclist's head during a ride?",When riding a bike the item is helpful to assist in keeping the motorist's head. Could you protect what signs during the ride?
5,5,"In an equestrian competition, what objects would the horse and the rider need to jump over as part of the course?","In an equestrian competition, what objects would the horse and the rider need to jump over as part of the horseship of the course?"
5,5,"In an equestrian competition, what obstacles do horses and riders need to jump over as part of the course?","In an equestrian competition, what obstacles do horses and riders need to jump over, to benefit horses as part of the course course?"
5,5,Can you identify the objects that a horse and rider would be required to jump over as part of a course in an equestrian competition?,Can you identify the objects that a horse and rider would be required to jump over as a part of a course in an equestrian competition?
5,5,What objects are typically included in an equestrian competition course that the horse and rider must jump over?,What objects are typically included in an equestrian competition course beyond the horse and rider that the horsewomen must take and can jump over?
5,5,"During an equestrian competition, what objects will the horse and rider be required to jump over as part of the course?","During an equestrian competition, what objects will the horse and rider be required to jump over the human course as a part of the course?"
5,5,What in the picture provides a fun and bouncy surface for children to play and jump on?,"What in the picture provides a funny and bouncy surface for children to enjoy and jump on, meaning the part to play and dance on?"
5,5,What in the picture provides a fun and bouncy surface for children to play and jump on?,"What in the picture provides a funny and bouncy surface for children to enjoy and jump on, meaning the part to play and dance on?"
5,5,What object provides a fun and bouncy surface for children to play and jump on in the picture?,"What object provides a funny and bouncy surface for play and dance, for children learning the item to jump and turn on in the picture?"
5,5,What could provide a fun and elastic surface for children to jump and play on in the picture?,What can provide a fun and elastic surface for young children to play and walk on in. Could someone enjoy jumping the pattern in the picture?
5,5,What provides a fun and bouncy surface in the picture for children to play and jump on?,What provides a fun and cozy bouncy surface in the picture for the children to learn and play a meaning to jump and shoot on?
5,5,What object in the picture might provide a fun and bouncy surface for children to play and jump on?,"What object in the picture might provide a funny and bouncy surface area for children and children to enjoy, meaning to jump and play on?"
5,5,the lock of the car doors,The case of the lock of the lock doors in the Renaissance.ely. the lock of 2 steel doors that the car connects for car doors
5,5,What is the object that displays the current time on the wall called?,What's the object that is called the outer wall? Answer: What is the current time on the wall that displays the current moving time indicated?
5,5,What is the device called that indicates the current time and is generally mounted on a wall?,What is the device called a signal line. Given that what is generally indicates the operating current and is normally mounted for the time period on the wall?
5,5,What do you call the item on the wall that displays the current time?,What do you call the message that we imagine? Answer: What is the item on the wall that displays the current thatch for the current time.
5,5,What is the name of the object that often hangs on the wall and displays the current time?,What is the name of the stone that sometimes hangs and reflects on the wall? The common object that normally displays the current time of the?
5,5,What is the term for the object on the wall that presents the current time?,What is the term for the object for the wall on the tree? Which is the current moment that describes the object that presents the current time return?
5,5,What is the common name of the device commonly mounted on the wall that displays the current time?,What is the common name of the device commonly mounted on the wall that displays the current signal of the later date? What is the time that displays?
5,5,"In the picture, there is a tall wooden structure that is carved and often found in certain cultures. What is this structure called?","In the picture, there is a tall wooden structure that is carved and often found in certain cultures. What is this structure that is called?"
5,5,"What is the name of the tall wooden structure, often intricately carved, that is commonly found in certain cultures and present in the picture?","What is the name of the tall wooden structure, often intricately carved, that is commonly seen in certain cultures and present in the?"
5,5,"What is the name of the tall wooden structure that is often carved and frequently encountered in some cultures, as seen in the picture?","What is the name of the tall wooden structure that is often carved and frequently encountered in some of native cultures, as seen in the picture?"
5,5,"What is the name of the tall wooden structure, which is often intricately carved and can be found in some cultures, as shown in the picture?","What is the name of the tall wooden structure, which is often intricately carved and can be found in some cultures, as shown?"
5,5,"What is the name of the tall, normally-carved wooden structure found in some cultures that can be seen in the picture?","What is the name of the tall, normally-carved wooden planted structure found in some cultures that can be seen here in the picture?"
5,5,"In the picture, a tall wooden structure that is often found in certain cultures and is usually carved. What is the name for this structure?","In the picture, a tall wooden structure that is often found in certain cultures and is usually carved. What is the name for this structure?"
5,5,the people whom i don't know between my leftmost and rightmost friends,the people whom i don't know I'm concerned with.the rightmost people between my leftmost and rightmost equal to my old friends
5,5,It is currently very hot inside the room. What object can be used to adjust the indoor temperature to a comfortable level?,It is currently very hot inside of the room. What object can be used to adjust the indoor temperature to a comfortable temperature as it comfort level?
5,5,What object could be used to adjust the indoor temperature to a comfortable level if it is very hot inside the room?,What object could be used to adjust the indoor energy temperature to a comfortable level in the room if it is very hot to fully inside the room?
5,5,"If it's very hot inside the room, then what object can be used to adjust the indoor temperature to a comfortable level?","If it's very hot inside the room, then what but what object can be used to adjust the indoor temperature to a comfortable comfortable level?"
5,5,"As a smart home AI, what object would you activate to regulate the indoor temperature to a comfortable level, given that the current temperature is high?","As a smart AI, what object would you activate to regulate the home temperature to a comfortable level, given that the current temperature is?"
5,5,What could be used to adjust the indoor temperature to a comfortable level if it's currently sweltering in the room?,What could be used to adjust the indoor temperature to a comfortable level in the room if it's currently being sweltering in the comfort?
5,5,"As a smart home AI, what object would you suggest using to adjust the indoor temperature to a comfortable level, given the high temperatures in the room?","As a smart home AI, what object would you suggest using to adjust the indoor temperature to a comfortable level, given the high temperatures?"
5,5,What object provides a platform for us to place the computer when using it?,What object provides a hardware platform for us for using it. What purpose: enables us to place and trace the computer as the machine when receiving it?
5,5,"When using a computer, what object could be utilized to provide a platform for it to rest on?","When using a computer, a clock proves well. What object could be utilized to allow it to provide a platform for the product to rest on?"
5,5,"When using a computer, what object might provide a platform for it to rest upon?","When using a computer, it might provide a platform for it to rest upon? Before long, what objects will suggest what object a data face for?"
5,5,"During computer use, what item provides a platform on which to place the device?","During home use, what is the platform on which to place the device? Previous computer item provides one item to allow visitors to implement a system?"
5,5,What is the object that offers a surface area for us to place the computer on during its use?,What is the object that presents a long surface area for the computer that gives us its purpose for it to place a user onsite during the use?
5,5,"When a plane is ready to land on the airport runway, what area in the picture will it eventually touch down on?","When a plane is ready to land on the airport airspace runway, what area in the picture will it eventually touch down on before coming?"
5,5,"When an airplane is ready to land on an airport runway, what part of the runway would it ultimately glide onto?","When an airplane is ready to land on an airport runway, what part of the runway would it ultimately allow to glide onto?"
5,5,"Where on the runway will a plane typically touch down when it is ready to land at an airport, based on the picture?","Where on the runway will a plane typically touch down when it is ready to land on the street at an airport, based on the picture?"
5,5,What specific area on the airport runway will a plane eventually touch down on when it's preparing to land?,What specific area on the airport runway prior to land will a plane will eventually touch down on when it's preparing to landry?
5,5,What specific portion of the area pictured would an airplane ultimately touch down on when preparing to land on the runway?,What specific portion of the area pictured when preparing to land on would an airplane ultimately allow to touch up on the planned runway?
5,5,"If I want to enter another room and it has a closed entrance, which part of the image should I approach and open?","If I want to enter another room and it has a closed entrance, which part of the image should I approach and open? Could that I entry?"
5,5,Suppose you wish to enter another room with a closed entrance. What would you approach and open in the picture?,Suppose you wish to enter another room with a closed entrance and open in advance. What would you wish to approach and trace the picture in the door?
5,5,"If you wish to enter an enclosed room with a closed entrance from your current location in the picture, which area of the image should you approach and open?","If you wish to enter a closed room with an enclosed entrance from your current location in the picture, which area of the image should you approach?"
5,5,Suppose you want to access a separate room with a closed entrance. Which area in the picture would you approach to open and gain entry?,Suppose you want to access a separate room with a closed entrance. Which area in the picture would you decide to approach to open and gain entrance entry?
5,5,"If you want to enter another room and the entrance appears to be closed, what is the appropriate area in the image to approach and open?","If you want to enter another room and the entrance appears to be closed, what is the appropriate area in the image to approach and open to close?"
5,5,"Suppose you want to move to a restricted area within an edifice, what region in this picture should you approach and open?","Suppose you want to move to a restricted area within an edifice and orientation, what region in this picture should you approach, which you let open?"
5,5,"When working in a garden, it is common to transport and spread mulch or soil to nourish the plants. What object in the picture would be most useful for transporting these materials?","When working in a garden, it is common to transport or nourish the soil. What object would be most useful for transporting these materials?"
5,5,"If you were working in a garden and needed to transport and spread mulch or soil to nourish the plants, which object in the picture would likely be the most useful for this purpose?","If you were working in a garden and would needed to transport mulch or nourish the plants, which object in this is the most useful?"
5,5,"When working in a garden, it is typical to move and spread mulch or soil to nourish the plants. What object in the picture would be most effective for the transportation of these materials?","When working in a garden, it is most typical for the transportation of soil or plants. What tool would nourish to move these materials?"
5,5,"When gardening, mulch and soil are often transported and spread to nourish the plants. Which item in the picture would be most helpful in transporting these materials?","When gardening, mulch and soil are often transported to nourish the plants. Which item in the photograph would be helpful in transport?"
5,5,"When people are in a waiting room and need to throw away a candy wrapper, what object in the waiting room can be used to put the candy wrap in?","When people are in the waiting room and need to throw away a candy wrapper, what object in the waiting room can be used to put wrap?"
5,5,"In a waiting room, what is the item that can be used to dispose of a candy wrap if necessary?","In a waiting room, what is the item that can be used to dispose of a candy wrap which is required for a clothing if necessary?"
5,5,What is the object in the waiting room that people can use to throw away their candy wrappers?,What is the hidden object in the waiting room for the candy wrappers that people can use to throw away what they want in their coffees?
5,5,"If someone in a waiting room needs to discard a candy wrapper, what is the object in the waiting area that can be used for that purpose?","If someone in a waiting room needs to discard a candy area, what is the object in the waiting wrapper that can be used for that purpose"
5,5,"What item, commonly found in a waiting room, could be utilized by someone who needs to dispose of a candy wrapper?","What item, commonly found in a waiting room, could be utilized by someone who needs to allow dispose of a candy wrapper in a cloth?"
5,5,Where would you dispose the candy wrapper in a waiting room?,Where would you dispose the platted candy wrapper in the waiting room? Probably: What would you wish when wearing a coin in a custody
5,5,Flying in the air can avoid many obstacles and greatly improve commuting efficiency. What form of transportation in the picture can accomplish this?,Flying in the air can avoid many obstacles and greatly improve commuting efficiency. What form of transportation in the side picture can accomplish this?
5,5,"It's hard to cover a long distance in busy traffic, and an efficient way to travel is by flying through the air. Identify the means of transportation in the picture that achieves this.",It's hard to carry a way through traffic and the efficient way to travel is. Identify a long distance in the air in meeting this.
5,5,"What mode of transportation in the picture can enable flying in the air, enabling users to quickly navigate around obstacles and increase commuting efficiency?","What mode of transportation in the picture can quickly enable flying in the air, enabling users to navigate around obstacles and increase commuting efficiency?"
5,5,What form of transportation in the picture is capable of flying through the air and can improve commuting efficiency by bypassing obstacles?,What form of transportation in the picture is capable of flying through the air and can improve commuting efficiency by bypassing incoming obstacles?
5,5,"What mode of transportation in the picture can enable flying in the air, avoid obstacles, and improve commuting efficiency?","What mode of transportation in the picture can enable flying in the air, avoid the obstacles, when delivered advance, and improve commuting efficiency?"
5,5,"What mode of transportation, found in the picture, can facilitate travel through the air to avoid obstacles and improve commuting efficiency?","What mode of transportation, found in the picture, can facilitate travel through the air to avoid obstacles and improve commuting allowance efficiency?"
5,5,"If we were to transport a large quantity of vegetables from a farm to a grocery store, what item in the picture could we use to store and transport them?","If we were to transport a large quantity of vegetables from the farm to a grocery store, what item could we use to transport them?"
5,5,"In the event that we need to transport a large number of vegetables from the farm to a grocery store, what object in the image could be used for storage and transportation purposes?","In the event that we need to transport a large number of vegetables to a grocery garden, what object could be used from the transport?"
5,5,"If we were to transport a significant quantity of vegetables from a farm to a grocery store, what item in the picture could we use for storing and transporting them?","If we were to transport a significant quantity of vegetables from a farm to a grocery store, what item in the picture could we transport?"
5,5,"If large quantities of vegetables need to be transported from a farm to a grocery store, what in the picture might be used to store and transport them?","If large quantities of vegetables need to be transported from a farm to a grocery store, what in the picture might be transport them?"
5,5,"Suppose we need to transport a large quantity of vegetables from a farm to a grocery store, what object in the picture would be suitable for storing and transporting them?","Suppose we need to transport a large quantity of vegetables to a grocery farm, what object in the picture would be suitable for storing them?"
5,5,Suppose we need to transfer a large quantity of vegetables from a farm to a grocery store. What item in the picture might be used to store and transport these vegetables?,Suppose we could transfer a large quantity of vegetables from the farm to a grocery store. What item is used to store and transport these?
5,5,something that keeps food and coal separated,something that keeps everything for food and water and coal all in parallel. a Description. something that keeps stone excited that saves coal and food particles powered
5,5,"When we are in a skyscraper and looking out of the window, what beautiful sights can we see reflected on the glass?","When we are in a skyscraper and looking out of the window, what beautiful sights can we see as reflected on the wood glass?"
5,5,"When gazing out a skyscraper's window, what beautiful sights can be seen reflected on the glass surface?","When gazing out a skyscraper's window, what beautiful sights can be seen be reflected on the glass outside the stone surface?"
5,5,"If someone is inside a skyscraper and looking out of the window, what beautiful sights can be observed that would be reflected on the glass?","If someone is inside a skyscraper and looking out of the window, what beautiful sights can be observed that would be reflected on glass?"
5,5,What beautiful sights can we see reflected on the glass when we are in a skyscraper looking out of the window?,What beautiful sights can we see on the glass looking out of the window when we are in a skyscraper reflected out of dust?
5,5,"When gazing out of the window of a skyscraper, what magnificent views might we observe that are reflecting on the glass?","When gazing out of the window of a skyscraper, what magnificent views might we observe that are reflecting on the glass glass?"
5,5,"When we are inside a skyscraper and peering out through the window glass, what beautiful exteriors or views might we observe being reflected in the glass panels?","When we walk inside a glass skyscraper, what exteriors and views might we be watching through the glass appearing in the panels?"
5,5,"What furniture can be used to store important office documents, such as contracts and agreements?","What furniture can be used to store important office documents and papers, which include what information to work, such as secured contracts and agreements?"
5,5,"When you wake up in the morning, your hair is usually messy. What do you use to adjust your hairstyle?","When you wake up in the morning, your hair is usually messy. What do you decide to use to adjust your hairstyyle?"
5,5,What do you typically use to adjust your hairstyle in the morning when your hair is messy?,What do you typically use to adjust your hairstyle in the morning for your hair loss? When you ask why the teeth is messy to?
5,5,"When you wake up in the morning, your hair is often disheveled. What tool do you typically use to modify your hairstyle?","When you wake up the morning, your hair is often disheveled. What tool do you typically use to modify your hairstyle?"
5,5,"After getting up in the morning, what tool or product would you utilize to arrange your hair?","After getting up in the morning, what tool or product you might utilize to arrange for your hair, would you set the bra before you?"
5,5,"When you wake up in the morning and your hair is messy, what tool or item do you use to adjust your hairstyle?","When you wake up in the morning and your hair is messy, what tool or item do you use to adjust your hairstirstyle?"
5,5,What object would you normally use to fix and style your hair after waking up with a messy hairstyle in the morning?,What object would you normally use to fix and style your hair after waking up with a messy hairstyle to your head in the morning?
5,5,the objects that protect people's heads when impacted,the objects that protect people's heads in all. human beings that describes the teeth that impacts objects when they're forced to damageed
5,5,"In order to keep a hat in good shape and within easy reach, what object in the picture can be used to hold the hat securely on the wall?","In order to keep a hat in good shape and within easy reach, what object in the picture can be used to hold the hat on the wall?"
5,5,What object in the image could you use to securely hold a hat and keep it in good shape within easy reach on the wall?,What object in the image could you use to securely hold a hat and keep it in good shape within easy reach of the display on the wall?
5,5,"In order to keep a hat in good shape and within easy reach, what object can be utilized in the picture to securely hold it against the wall?","In order to keep a hat in good shape and within easy reach, what object can be utilized in the picture to securely hold the wall?"
5,5,What item in the picture could be utilized to maintain the shape of the hat and keep it within easy reach by securely attaching it to the wall?,What item in the picture could be utilized to maintain the shape of the hat and keep it within easy reach by securely attaching the wall?
5,5,What object in the picture could be utilized to securely hold a hat on a wall and keep it in good condition and within easy reach?,What object in the picture could be utilized to securely hold a hat on a wall and keep it in good condition and within easy plain reach?
5,5,"For the purpose of ensuring that a hat remains in good condition and is easily accessible, what item in the picture could be utilized to securely attach the hat to a wall?","For the purpose of ensuring that a hat is in good condition, what item in the picture could easily be accessible to securely attach the wall?"
5,5,"In a recording studio, there are various types of equipment used to capture and enhance audio. What part of the equipment is used to adjust the volume levels and blend different audio sources together?","In a recording studio, there are various equipment used to capture different audio sources. What part of equipment is used to adjust and balance the audio levels?"
5,5,"Within a recording studio, there are various tools involved in capturing and improving audio quality. Which component of the equipment is used to mix different audio sources together and make volume adjustments?","Within a recording studio, there are various tools involved in improving audio quality. Which component of the equipment is used to mix and make volume combinations?"
5,5,What part of the equipment in a recording studio is utilized to adjust the volume levels and blend various audio sources together?,What part of the equipment in a recording studio is utilized to adjust the volume levels of the audio sources and blend together to various sound styles?
5,5,"In a recording studio, there are various types of equipment used to capture and enhance audio. Which component of the equipment is typically utilized to adjust the volume levels and blend different audio sources together?","Within a recording studio, there are various types of equipment. Which equipment is typically used to enhance volume and blend the audio inputs adapted together?"
5,5,What is the part of the equipment in the recording studio that's primarily responsible for blending different audio sources together and regulating the volume levels?,What is the part of the equipment in the recording studio that's primarily responsible for blending different audio sources together and regulating the volume levels?
5,5,What equipment is typically used in a recording studio to regulate the audio volume and merge various audio sources together?,What audio equipment is typically used in a recording studio to regulate the volume of the audio source and merge various audio sources together to allow fluid production?
5,5,Flowers have different parts that contribute to their beauty. What part of the flower is responsible for supporting and connecting the blossoms to the rest of the plant in the picture?,Flowers have different parts that contribute to their beauty. What part of the flower is responsible for connecting and supporting the blossoms in the picture?
5,5,"In the picture, which part of the flower is responsible for supporting and connecting the blossoms to the rest of the plant?","In the picture, which part of the flower is responsible for supporting and connecting the blossoms to the one side of the rest of the plant?"
5,5,Which part of the flower in the picture is responsible for supporting and connecting the blossoms to the rest of the plant?,Which part of the flower in the picture is responsible for supporting and connecting the blossoms to the rest of the plant to the end of the?
5,5,What part of the flower in the picture is primarily responsible for supporting and connecting the blossoms to the rest of the plant?,What part of the flower in the picture is primarily responsible for supporting and connecting the blossoms to the rest of the compound of the plant?
5,5,What is the part of the flower in the picture that is responsible for supporting and connecting the blossoms to the rest of the plant ?,What is the part of the flower in the picture that is responsible for supporting and connecting the the blossoms to the rest of the plant ? ?
5,5,What part of the flower is responsible for connecting and supporting the blossoms to the rest of the plant in the picture?,What part of the flower is responsible for connecting and supporting the blossoms in the plant to the rest of the leaf in this picture of the?
5,5,"When setting the dining table for a formal dinner, what object in the picture would typically be used to serve and enjoy a bowl of soup?","When setting the dining table for a formal dinner, what object in the picture would typically be used to serve and enjoy a bowl of soup?"
5,5,"When arranging a formal dining table for a dinner, which object in the picture would usually be employed for serving and enjoying a bowl of soup?","When arranging a formal dining table for a dinner, which object in the picture would usually be employed for serving and enjoying a bowl?"
5,5,"In setting the dining table for a formal dinner, what item from the picture could typically be utilized to serve and savor a bowl of soup?","In setting the dining table for a dinner, what item from the picture could typically be utilized to serve and savor a formal bowl?"
5,5,"During a formal dinner, which object from the picture would typically be used to enjoy and serve a bowl of soup?","During a formal dinner, which object from the picture would typically be used to enjoy and enjoy a pan of what to serve a bowl of soup?"
5,5,"In cold weather, dogs may need extra protection to keep them warm. What object in the picture can a dog wear to provide warmth during snowy walks?","In cold weather, dogs may need extra protection to keep them warm. What object in the picture can a dog wear to provide during warm walks?"
5,5,"During cold weather, dogs may require additional protection to keep them warm. Please identify the item in the picture that a dog can wear to stay warm during snowy walks.","During cold weather, dogs may require additional protection to stay warm. Please identify the item in the picture that a dog can wear during warm walks."
5,5,"In order to keep a dog warm on a snow day walk, what object displayed in the picture can be worn by the dog?","In order to keep a dog warm on a snow day walk, what object that displayed in the picture can be worn by the dog in the dog?"
5,5,"During colder weather, dogs may require additional protection to keep them from getting too cold. What item could a dog wear to keep them warm during snowy walks, as seen in the picture?","Other dogs may require extra protection to keep them cold during colder weather. What can a dog wear during walks, as seen in the picture?"
5,5,What item in the picture could be used to keep dogs warm and provide additional protection during walks when the weather is cold and snowy?,What item in the picture could be used to keep dogs warm and provide additional protection during walks when the weather is cold and warm and snowy?
5,5,"During cold weather, dogs may require additional warmth to keep them comfortable. Based on the picture, which item could a dog wear to stay warm during snowy walks?","During cold weather, dogs may require additional warmth to stay comfortable. Based on the picture, which item could a dog wear during warm walks?"
5,5,"In a world where digital communication dominates, people may still enjoy writing by hand. What object in the picture can be used to make handwritten notes or letters?","In a world where people may enjoy writing, the picture still dominates by hand. What object used to make inwritten text or letters can be?"
5,5,"Although digital communication is prevalent, some people still appreciate handwritten notes or letters. Please identify the item in the picture which can be used for this purpose.","Although digital communication is prevalent, some people still appreciate handwritten notes or letters. Please identify the item in the picture which can be used."
5,5,"Despite the prevalence of digital communication, many people still enjoy writing by hand. What object in the picture could be utilized for the purpose of creating handwritten notes or letters?","Despite the prevalence of electronic communication, many people enjoy making pictures or words. What object in the hand could be utilized by handwritten?"
5,5,"Although digital communication is now prevalent, some individuals may still find handwriting to be enjoyable. What object in the picture could be used for making handwritten notes or letters?","Although digital communication is still prevalent, some individuals may enjoy handwriting. What object in the picture could be used for making handwritten notes?"
5,5,"In this era of digital communication, people may still enjoy the act of writing by hand. Please identify the object in the picture that could be utilized for creating handwritten notes or letters.","In this era, people could recognize the act of writing by hand. Please create the digital object that may be utilized for notes in handwriting."
5,5,"While digital communication dominates in today's world, some people still enjoy writing by hand. What item in the picture might be utilized to create handwritten notes or letters?","While digital writing dominates in today's world, some people still enjoy making letters or notes. What item in the picture could be utilized?"
5,5,In what part of the room can we put things to make sure they don't litter on the floor and are easy to find?,In what part of the room can we put things to make sure they don't litter on the floor and are easy to keep we find?
5,5,Where is the best location in a room to place items to ensure that they are easily accessible while also preventing clutter on the floor?,Where is the best location in a room to place items to ensure that that they are easily accessible while also preventing clutter from on the floor?
5,5,"To ensure that items do not create clutter on the floor and remain easily accessible, where in the room can they be placed?","To ensure that items do not create clutter on the floor and remain easily accessible, where in the room can they be perfectly accessible to be placed?"
5,5,Where in the room can we place objects to prevent them from cluttering the floor and to make them easily locatable?,Where in the room can we easily place objects locating them to prevent them from cluttering the floor and to make them easy to moveable?
5,5,What part of the room is often utilized for organizing belongings to prevent them from cluttering the floor and to make them easy to locate?,What part of the room is often utilized for making belongings to prevent them from cluttering the floor and to make them easy to locate?
5,5,"Sheep are often found in grassy fields, and they provide a valuable resource that is highly valued for its warmth and softness. What part of the sheep is used to make woolen products?",Sheep grass are often found in cattle and they provide a valuable resource for warmth and wooliness. What part of the rice is made?
5,5,Sheep are frequently found in grassy fields and viewed as a vital resource due to their warmth and softness. Could you specify which part of the sheep is commonly utilized in the manufacture of woolen products?,Sheep are frequently found in livable areas and regarded as a vital part of their agriculture. Could you consider the variety of wool weapons?
5,5,"Sheep are commonly found in grassy fields, and they provide a highly valued resource for their warmth and softness. Please tell me which part of the sheep is utilized to make woolen products?","Sheep are commonly found in grasslands, and they provide an abundant medium for soft and careful products. Tell me which part of sheep?"
5,5,Sheep are commonly found in grassy meadows and provide a highly-regarded resource prized for its warmth and softness. What specific aspect of the sheep is used to produce woolen goods?,Sheep are found in various grasslands and provide a highly prized environment useful for wooliness. What portion of the sheep is reproduced?
5,5,"Sheep are commonly found in grassy fields and provide valuable woolen products, known for their warmth and softness. Which part of the sheep is typically utilized to create these products?",Sheep are commonly found in grassy communities and are utilized for providing valuable woolness. Which part of the sheep products often perform these?
5,5,"When we are in a coffee shop and want to enjoy our drink while walking around, what object in the picture can we use to hold our beverage securely?","When we are in a coffee shop and want to enjoy our beverage while walking around, what object in the picture can we use to hold safely?"
5,5,What item can be used to carry a drink securely while walking around inside a coffee shop based on the picture?,What item can be used to carry a coffee drink securely while walking around while carrying a fit inside a shop based on the stone in the picture?
5,5,"If you want to hold your coffee cup securely as you walk around a coffee shop, what object in the picture can you use?","If you want to hold your coffee cup securely as you walk around the door from a coffee shop, what object in the picture can you use?"
5,5,"If we want to take our drink and stroll around the coffee shop, what object in the picture can we use to securely hold our drink?","If we want to take our drink and stroll around the coffee shop, what object in the picture can we use to securely hold our drink?"
5,5,"When we are in a coffee shop and want to take our drink on the go while strolling around, what item from the picture can be utilized to hold the drink firmly and prevent it from spilling?","When we are sitting in a coffee shop and want to take the drink from the picture, what item can be utilized to protect it from going?"
5,5,"If we desire to carry our coffee while walking within a coffee shop, what object in the picture can be used to hold the beverage securely?","If we desire to carry our coffee while walking within a coffee shop, what object in the picture can be used to hold the beverage securely?"
5,5,"In urban areas, there are often structures that stand out from the surrounding buildings due to their height and architectural design. What objects in the picture fit this description?","In urban areas, there are often structures that stand out from the surrounding buildings due to their height and architectural design. What objects fit this picture?"
5,5,"In urban areas, there are often unique buildings that stand out from the surrounding structures due to their height and architectural design. What objects in the picture resemble those buildings?","In urban areas, there are often unique buildings that stand out due to their height and architectural design. What objects in the picture attract those structures?"
5,5,"Urban areas are often characterized by tall structures with unique architectural designs that stand out from surrounding buildings. Based on the image, what objects could fit this description?","Urban areas are often characterized by tall buildings with unique architectural designs that stand out from the surrounding structures. Based on this image, what description?"
5,5,"Within urban areas, there are often structures that stand out from the surrounding buildings due to their height and unique architectural design. Could you please identify the objects in the picture that suit this definition?",Within urban areas there are often buildings that stand out from the surrounding structures due to their unique architectural design. Could you confirm the dimensions in this?
5,5,"In urban areas, what features of the buildings often stand out from the surrounding structures due to their height and architectural design?","In urban areas, what features of the buildings often stand out from the surrounding structures, beyond the architectural due to their height and land character design?"
5,5,"In urban areas, certain architectural structures stand out due to their height and unique design compared to surrounding buildings. Which objects in the picture meet this description?","In urban areas, certain architectural structures stand out due to their height and unique design compared to surrounding buildings. Which objects in the picture meet this?"
5,5,Which device in a room can print out material and put hard copies of documents in the hands of viewers?,Which device in a room can take out images and print out hard copies of material in hand and put the paper documents in the hands of viewers?
5,5,"What object in a room is capable of producing hard copies of documents, thereby providing viewers with a physical copy of the material?","What object in a room is capable of producing hard copies of documents, thereby providing viewers with a physical copy of the material in lieu of images?"
5,5,"What is the name of the device can generate and print material, offering hard copies of documents for viewers in a room?","What is the name of the device can generate and print documents, offering hard copies of the material to viewers, for visuals in a room?"
5,5,"In a room, what object can be used to produce hard copies (prints) of documents, thereby making them tangible and easily accessible to viewers?","In a room, what object can be used to produce hard copies (prints) of documents, thereby making them tangible and accessible to readers?"
5,5,What device can be found in a room that can produce hard copies of documents and provide viewers with a physical printout?,What device can be found in a room that can produce hard copies of physical documents and provide viewers with a printout that enables a shread?
5,5,What device found within a room is designed to print out materials and provide hard copies of documents to viewers?,What device of materials found within a room is designed to provide a hard copy of documents and to print out images to viewers and identify screeners?
5,5,"Passages between rooms are usually not sealed, leading to poor insulation or noise reduction between rooms. What can improve the sealing and noise-reduction qualities of a door passage in the picture?",Passages between fitted doors are often not poor in a fitted room picture. What can increase the sealing and noise-reduction characteristics of doors?
5,5,"Passages between rooms are often unsealed, which can impact both insulation and noise reduction between rooms. What can be utilized to enhance the sealing and noise-reducing capabilities of a door passage in the image?",Sound reduction between doors occurs in both rooms. Which can be utilized to enhance the sealing and noise-dealing capabilities of an passage?
5,5,What aspect of the door passage in the picture could be improved to enhance the sealing and noise-reduction qualities between rooms?,What aspect of the door passage in the picture could be improved to enhance the sealing and noise-reduction qualities between the room rooms?
5,5,What can be used to improve the sealing and noise-reduction qualities of a door passage in the image?,What can be used to improve the sealing and noise-reduction qualities of the door-slide passage in the content of a painting image?
5,5,"Passages between rooms are usually not properly sealed, leading to poor insulation or noise reduction capabilities. What in the picture can be utilized to improve the sealing and noise-reduction qualities of a door passage?",External measurements are often well infiltrated in the sealing characteristics of a doorway. Which can improve the sealing or noise reduction capabilities?
5,5,How can we enhance the sealing and noise-reduction properties of the door passages in the given picture?,How can we enhance the sealing and noise-reduction properties of the floor passages in the creation of the given door-sens picture?
5,5,What object in the picture can we use to place items such as food or drink during a meal?,What object in the picture can we use to describe the side when we place items such as food or drink during a meal or during dining?
5,5,What object in the picture could be used to hold food or drink during a meal?,What kind of object in the picture could be used to hold food or drink during the meal? One stored in a dish before or sleep?
5,5,"During a meal, what object in the picture might be used to hold items such as food or drink?","During a meal, what object in the picture might be used to hold items such as food or drink, which seemed like a food or decor?"
5,5,"During a meal, what object in the picture could be utilized to put various items, such as food and drink?","During a meal, what object in the picture could be utilized to put various items in place, such as the food, and drinks?"
5,5,What object in the picture could be utilized to place food or drink items on during a meal?,What object in the picture can be utilized to accompany food or drink items when used to place something on the drain during a meal?
5,5,What item in the picture can be utilized as a surface to place food or drinks during a meal?,What item in the picture here can be utilized as a surface to place the surface of food or drinks during a meal or cake?
5,5,the fried food,the frustrating new food for all the dried food models. <<. The fried and fried seed: Raw food the frying
5,5,"If we need to store a large number of books, what object in the picture should we use for storage?","If we need to store a large number of books from storage, what the object in the picture should we use? Should we to map for storage?"
5,5,What object can be used for storage when there's a need to store a large quantity of books?,What object can be used for storing a large quantity of storage - when there's a need to store a book when used for many terminals?
5,5,"If we have to store an extensive collection of books, which object in the picture should we use for storage purposes?","If we have to store an extensive collection of books, which object in the picture is for storage purposes, should we use what time to store us?"
5,5,"If we need to store a large number of books, what object(s) in the picture could be used for storage purposes?","If we need to store a large number of books, why? What object(s) in the picture could be used for individual storage storage purposes?"
5,5,"If we need to store a large number of books, what object in the picture could we use for organizing them?","If we need to store a large number of books, what object in the picture could we use for organizing them, might we place the library?"
5,5,What in the picture appears to be the ideal item to use for storage if you need to store a large number of books?,What in the picture appears to be the ideal item to use for small storage if you need to store any of a large number of shaded books?
5,5,Crows are known for their intelligence and curiosity. What part of the crow in the picture would most likely be used to observe its surroundings and gather information?,Crows are known for their intelligence and curiosity. What part of the crow in the picture would most likely be used to observe its surroundings?
5,5,Crows are known for their intelligence and curiosity. What part of the crow in the picture would likely be used to observe its surroundings and gather information?,Crows are known for their curiosity and intelligence. What part of the crow in the picture would likely be used to observe its surround and information?
5,5,Crows are known for their intelligence and curiosity. Which part of the crow in the picture would most likely be utilized to observe its surroundings and gather information?,Crows are known for their observances and curiosity. Which part of the crow in the picture would most likely be utilized to gather its information?
5,5,"What part of the crow in the picture would most likely be utilized to observe its surroundings and gather information, given that crows are known for their intelligence and curiosity?","What part of the crow in the picture would most likely be utilized to observe its surroundings, given that crows are known for curiosity?"
5,5,"Crows are known for their intelligence and curiosity, so what part of the crow in the picture would most likely be used for observing its surroundings and gathering information?","Crows are known for their curiosity, so what part of the crow in the picture would most likely be used for observing its surroundings?"
5,5,"Given that crows are known for their intelligence and curiosity, what part of a crow in the picture could it potentially use to observe and gather information about its surroundings?","Given that crows are known for their curiosity, what part of the crow could it potentially use to observe and gather information about its surroundings?"
5,5,"In the picture, we can see that there is a body of water surrounded by a forest and trees. What man-made structure might be present in this area to control or manage the flow of water?","In the picture, we see that there is a body of water surrounded by trees. What structure can be present in this area to manage or transport?"
5,5,"In the given picture, I can see a body of water surrounded by a forest and trees. What specialized structure might be located in this region to manage or control the flow of water in the area?","In the given picture, I see a body of water located around this area. What special structure could control or transport the water in a forest environment?"
5,5,"In the picture, we can observe a body of water encompassed by a forest and trees. Are there any man-made structures that might be present in the region to manage or control water flow?","In the picture, we can observe a water body. Are there any man-made structures enclosed by the forest that could manage water and flow?"
5,5,"In the picture, we observe a body of water surrounded by forests and trees. Could you identify any human-made structures that could be present in this area to manage or regulate water flow?","In this picture, we observe a body of water surrounded by trees or trees. Could you identify any human-organ structures that can manage the flow?"
5,5,"Given the picture depicts a body of water surrounded by a forest and trees, what artificial structure might exist in this environment to regulate or manage water flow?","Given the picture depicts a body of water surrounded by trees, what artificial structure might exist in this environment to regulate or manage water flow?"
5,5,"If we were planning a road trip and needed a vehicle to carry our belongings and provide a place to sleep, what type of vehicle in the picture would be most suitable for this purpose?","If we were planning a road trip and needed a vehicle to carry our belongings, what type of vehicle in the picture would provide for this purpose?"
5,5,"If we were preparing for a road trip and wanted a vehicle that could transport our belongings while also offering a place to sleep, what type of vehicle in the picture would be best suited for this purpose?","If we were preparing a road trip and wanted a vehicle that depends our lives, what kind of vehicle would be also suitable for this purpose?"
5,5,"If you were planning a road trip and required a vehicle that could accommodate your belongings and serve as a sleeping quarters, which type of vehicle in the picture would be most appropriate for such a purpose?","If you were planning a road trip and needed a vehicle that would serve as your belongings, which vehicle could accommodate such type in the room?"
5,5,"If we were going on a road trip and required a vehicle that could transport our belongings and also provide a place to sleep, which vehicle from the image would be the most suitable for this purpose?","If we were going on a road trip and also provided a place to sleep from the residence, which vehicle would be the most suitable for this purpose?"
5,5,"If you were intending to embark on a road trip, and you required a vehicle that would accommodate your luggage and also serve as a sleeping quarter, which type of vehicle in the picture would be the most suitable choice for this purpose?","If you fled a vehicle that would be suitable for your traveling affair and would also serve as a bedding on the appropriate route, consider this format"
5,5,the only fruit with different color,the only fruit of all color with different results. The only one that has a different size.different rain shadow to match the fruit fruit and color
5,5,"When we want to surprise someone with a gift, we often put it in a decorative wrapping. What in the picture could be used to package a gift?","When we want to surprise someone with a gift, we often put it in a decorative wrapping. What in the picture could be used to gift?"
5,5,What object in the picture could be used to wrap a gift decoratively?,What object in the picture of a decorimew could be used to fit the gift customarily? Source: Could something be wrapped in a picture?
5,5,Objects that could be used to wrap up and present a gift in a visually appealing manner.,Objects that could be used to wrap up and present in a visually appealing manner and would follow the meaning of a gifted invite.
5,5,What item in the picture can be used to wrap a gift and make it aesthetically pleasing?,What item in the picture can be used to fill the shape of a quilt and make it aesthetically pleasing and a gifted?
5,5,"When we want to surprise someone with a gift, we often put it in decorative wrapping. Can you help me identify an item in the image that could be utilized to package a gift?","When you want someone to compliment an item in a decorative gift, we can often identify what could be used in wrapping me with the item?"
5,5,"When we want to give someone a surprise gift, we often wrap it with a decorative wrapping material. Please tell me what in the picture could be used to wrap a gift?","When we want to gift someone, we often wrap it with a decorative wrapping material. Please tell me what could be used to give the gift?"
5,5,"In a roller skating competition, the safety of the skaters' knees is a priority. What object in the picture should be worn to protect the knees during the competition?","In a roller skating competition, safety in the knees is priority. What object should be worn to protect the knees during the competition?"
5,5,"During a roller skating competition, the safety of the skaters' knees is a top priority. What item in the picture should be worn to protect the knees during the competition?","During a roller skating competition, the safety of the skaters is a priority. What item in the picture should be worn during the competition?"
5,5,"In a roller skating competition, protecting the safety of skaters' knees is a top priority. What item in the picture should be worn to safeguard the knees during the competition?",To protect knees during a roller skating competition is a priority. What item in the skater should protect the safety of the poses?
5,5,"In a roller skating competition, what object should be worn to safeguard the knees of the skaters?","In a roller skating competition, what object should be worn to safeguard the knees of the skaters and chosen skricians?"
5,5,"In a roller skating competition, the safety of the skaters' knees is a priority. Please tell me what object should be worn to protect the knees during the competition, according to the picture.","In a roller skating competition, the safety of the knees is priority. Please tell me what objects should protect the skaters according to."
5,5,"In a roller skating competition, what type of protective gear should skaters wear to protect their knees, and where in the picture can such gear be located?","In a roller skating competition, what type of gear should skaters wear to protect their seat and where can such gear be located?"
5,5,A clean and hygienic city environment requires the participation of every citizen. Which opening of the bin in the picture should the garbage be thrown into?,A clean and hygienic city environment requires the participation of every citizen. Which opening of the bin in the picture should the garbage be?
5,5,Can you tell me to which opening of the bin in the picture the garbage should be thrown for maintaining a clean and hygienic city environment?,Can you tell me to which opening of the bin in the picture the garbage should be thrown for maintaining a clean and hygienic environment?
5,5,"In order to maintain a clean and hygienic urban environment, every citizen must participate. Which opening of the bin should be used to deposit garbage, as shown in the picture?","In order to maintain a clean and hygienic environment, every citizen should waste. Which opening of the coin should be used as shown?"
5,5,"To maintain a hygienic and clean city environment, what part of the bin depicted in the picture should be utilized when throwing away garbage?","To maintain a hygienic and clean city environment, what part of the bin depicted in the picture should be utilized when throwing garbage?"
5,5,"To maintain a clean and hygienic urban environment, it is necessary for everyone to play their part. Which opening on the bin in the picture should be utilized for the purpose of depositing garbage?","To maintain an urban and hygienic environment, it is necessary for the consideration of which food should be played in the part on the dump?"
5,5,"In a library or bookstore, where can we find a variety of books neatly organized for browsing and borrowing?","In a bookstore or library of booking, where can we find a variety of books neatly organized for browsing and reading and borrowed?"
5,5,"As an AI language model, I can guide you where to locate a broad range of books that are neatly organized for browsing and borrowing in a library or bookstore. Where should we head to?","As an AI reader, we can orient to a broad library of books that are generally prepared for browsing where to book and purchase in course."
5,5,"In libraries or bookstores, where are the books typically arranged in a systematic manner to allow for ease of browsing and borrowing?","In libraries or bookstores, where are the books typically arranged in a systematic manner to allow for ease of browsing and frequently borrowing?"
5,5,"At a library or bookstore, where might we locate an orderly and diverse collection of books available for browsing and borrowing?","At a library or bookstore, where might we locate an orderly and diverse collection of books available for browsing or parsing and borrowing?"
5,5,Where can we locate a variety of books arranged neatly for browsing and borrowing in a bookstore or library?,"Where can we locate a variety of books arranged neatly for browsing and learning about borrowing for free in a bookstore, books or library?"
5,5,"While waiting for a consultation or interview, we cannot stand all the time and will need to rely on what object to sit down temporarily?","While waiting for a consultation or interview, we cannot stand all the time and will need to rely on what object to sit down and temporarily?"
5,5,"When waiting for a consultation or interview, we may need to sit down temporarily. What item in the pictured environment could be used for this purpose?","When waiting for a consultation or interview, we may need to sit down temporarily. What item in the pictured environment could be used?"
5,5,"While waiting for a consultation or interview, what object can we rely on to sit down temporarily since we can't stand all the time?","While waiting for a consultation or interview, what object can we rely on to sit down temporarily since we can't stand all the time?"
5,5,"In situations where we cannot stand for an extended period, such as while waiting for a consultation or interview, what object can we utilize to sit down temporarily?","In situations where we cannot stand for an extended period, such as while waiting temporarily, what object can we utilize to sit down or interview?"
5,5,What object in the room can we use to sit down temporarily while waiting for a consultation or interview?,What object in the room and space can we use to sit down temporarily while waiting for a consultation interview to ask us during a gestation?
5,5,"When waiting for a consultation or interview, standing can be uncomfortable and tiring, so what item could one utilize to sit down temporarily?","When waiting for a consultation or hearing, yards can be uncomfortable and erratic, what could one utilize to sit temporarily?"
5,5,"During a brainstorming event, it is common to record and present ideas on what object is the whiteboard in the room?","During a brainstorming event, it is common to record and present ideas on what object is the whiteboard in the detail in the room?"
5,5,Where are ideas commonly recorded and presented during a brainstorming event?,What are the ideas commonly blonded and displayed during a brainstorming event. When will a performance discovery proposal first discussed for people around?
5,5,"During a brainstorming event, it's common to record and present ideas. What object in the room is typically utilized for this purpose?","During a brainstorming event, it's common to record and present ideas. What object in the room is typically utilized for this?"
5,5,"in a typical brainstorming session, it is customary to present and document ideas for discussion. What item in the room is commonly used for recording and presenting ideas in such a situation?","in a typical brainstorming session, it is commonly used to document and present ideas in a room. What item is present for such ideas?"
5,5,"During a brainstorming event, ideas are commonly recorded and presented, and what object in the room could facilitate this process?","During a brainstorming event, ideas are commonly recorded and presented, and what object in the room could facilitate the conversation in this process?"
5,5,"During a brainstorming event, it is common to record and present ideas. What object in the room might be used for this purpose?","During a brainstorming event, it is commonplace to record and present ideas. What object in the room might be used for this purpose?"
5,5,"When picking blueberries, it is common to collect them in a container to keep them organized and prevent them from getting crushed. What object in the picture could be used as a container for collecting blueberries?","When collecting blueberries, it can be used in a container to catch them and get them crammed. What object is typical for Container?"
5,5,"When picking blueberries, it is common to collect them in a container to keep them organized and prevent them from getting crushed. What item in the picture could be used as a vessel for gathering blueberries?","When locating blueberries, it could be used in a container to catch them and keep them from crushing. What item is blueberries"
5,5,"When picking blueberries, a container is often necessary to keep the berries organized and prevent crushing. Please identify an object in the picture that could serve as a suitable container for collecting blueberries.","When arranging berberries, please locate an object that is preferred in making and the container serves as a necessary tool to collect blueberries."
5,5,"When picking blueberries, we often require a container to hold and protect them. What object in the picture could be used as a container for collecting blueberries?","When picking blueberries, we often require a container to protect and collect them. What object in the container could be used for blueberry?"
5,5,"While picking blueberries, it is customary to utilize a container to keep them organized and prevent damage. Please identify the objects in the picture that could be used as a container for collecting blueberries.","While collecting blueberries, it is possible to specify the items that should be used in a container and utilize a container for photo keeping."
5,5,the area where people can walk,the area of which we can tell people how to walk and walk. Warway. The area that supports the areas where people when children are walking
5,5,something containing vitamins and fibers,something that contains vitamins and vitamins and hints. what defines Skinfold for helping organisms satisfy gelastic fibers and thyers
5,5,the sign that reminds people to watch their step,the sign that reminds customers of the step by step. a | Reveal the reminding people to watch why people want to watch their breath
5,5,"Sitting in a chair for too long can cause fatigue and soreness, so many people choose to lie down and stretch out on something soft. What object in a room is most suitable for this?","Sitting out on a chair in a room can cause soreness and fatigue, so many people choose what is suitable to cry for too long."
5,5,"After sitting for an extended period, most people experience fatigue and soreness, and prefer lying down and stretching out on something soft. What object in a room could be most suitable for this purpose?","After sitting on a room, most people experience soreness and sleep, and prefer stretching out for a heavy period. What object could be suitable?"
5,5,A comfortable piece of furniture in a room where one can lay down and stretch to relieve soreness and fatigue from extended periods of sitting.,A comfortable piece of furniture in a room where one can lay down and stretch to relieve soreness and fatigue from extended periods of sitting.
5,5,"After sitting in a chair for too long, many people may find it beneficial to lay down and rest on a soft object. What in the room would be the most suitable object to use for this purpose?","After sitting in a bed, people may find it most desirable to rest on a soft and strong object. What would be the object for use?"
5,5,"When sitting in a chair for extended periods, it's common to feel fatigued and sore, motivating many people to instead lie down on something soft to stretch out. Please suggest what furniture object inside a room would be most appropriate for this.","When sitting on a chair to stretch out, suggest that many people feel flattened outside, anything is more preferable for this item in vain."
5,5,"If someone wishes to lie down and stretch out on something soft instead of sitting in a chair for an extended period, what object in a room is typically best suited for this purpose?","If someone wishes to lie down and stretch in a room instead of sitting out on a chair, what object typically is best suited for this purpose?"
5,5,the objects that don't have wings spread,the properties of the objects that don't have wings are simple. with images that have what they wish for dov't overrun eggs spread
5,5,the area for passengers on the airship,the area that we ate for passengers on the feedership. about the airship meaning: the area for current conditions on the airship ship
5,5,"In traditional Western music, what type of musical instrument is commonly associated with cowboys and is often played while sitting on a stool?","In traditional Western music, what type of musical instrument is commonly associated with cowboys and is often played while sitting to play on a stool?"
5,5,What kind of musical instrument is typically associated with cowboys in Western music and is often played while seated on a stool?,What kind of musical instrument is typically associated with cowboys in Western Western music and is often played to play while seated on a stool?
5,5,Please identify the type of musical instrument that is commonly associated with cowboys and typically played while being seated on a stool in traditional Western music.,Please identify the type of musical instrument that is commonly associated with cowboys and typically being played while seated on a stool in traditional Western music
5,5,the fruits that are not red,the fruits that are not red and not white. We believe that the fruits that are chosen to grains ether trees that are not red
5,5,"If someone wants to capture a stable and professional video of a sports car passing by on a bridge, what equipment should they use?","If a person wants to capture a stable and professional video of a sports car passing by on a standing bridge, what equipment should they tell you use?"
5,5,"To capture a stable and professional video of a sports car driving by on a bridge, which equipment would be most appropriate?","To capture a stable and professional video of a sports car driving by on a bridge, which of a home hunting equipment would be most appropriate and possible?"
5,5,"If someone wants to capture a stable and professional video of a sports car passing by on a bridge, what type of equipment should be used for the job?","If someone wants to capture a stable and professional video of a sports car passing by a bridge, what type of equipment should be used for the job?"
5,5,"To capture a stable and professional video of a sports car passing by on a bridge, what equipment would be most suitable?","To capture a stable and professional home video of a sports car passing by on a bridge, what would be most suitable for recording which equipment is dynamic?"
5,5,What equipment should someone use if they want to capture a stable and professional video of a sports car passing by on a bridge?,What equipment should someone use if they want to capture a stable and professional visual video of a sports car passing on a bridge when had by a ship?
5,5,"If someone wants to record a stable and professional video of a sports car passing by on a bridge, what equipment is recommended?","If someone wants to record a stable and professional video of a sports car passing by a fan on a bridge, what equipment is recommended if they forward?"
5,5,"In medieval battles, warriors often used a long, sharp object to attack their enemies. What object in the picture would be classified as this type of weapon?","In medieval battles, warriors typically used this long, sharp object to attack their enemies. What object in the picture would be considered a weapon?"
5,5,"Identify the object in the picture that could be considered as a long, sharp weapon used by warriors in medieval battles to attack their enemies.","Identify the object in the picture that could be considered as a long, sharp weapon used by warriors in medieval battles to attack their enemies."
5,5,"For battles during the medieval period, warriors had commonly used long and sharp objects for attacking their enemies. Could you please identify the object in the picture that would be classified as this type of weapon?",During the war period soldiers used downswords for attacking the weapon. Could you suggest any object that would be commonly classified as beautiful objects?
5,5,"During medieval battles, warriors were known to employ a long, sharp object to attack their enemies. What object visible in the picture might be classified as this type of weapon?","During medieval battle, warriors were known to employ a long, sharp object to attack the enemy. What objects commonly seen in this type of weapon?"
5,5,"In medieval battles, warriors frequently wielded a long, piercing object to attack their opponents. Which component in the picture would be classified as this type of weapon?","In medieval class, corners frequently damaged their conceited warriors for a fight. Which object would be viewed as this type of the string weapon?"
5,5,"When traveling by car, where do passengers typically sit inside the vehicle?","When traveling by car, where do most passengers typically sit inside the vehicle? Answer: When driving where passengers belong to the car during speeds?"
5,5,"Typically, where do passengers sit inside a vehicle when traveling by car?","Typically, where do all passengers travel inside of a vehicle when traveling by car? By breath, whats typically where passengers come to car?"
5,5,"Inside a car, where is the typical seating area for passengers?","Inside a car, where is the ideal seating area for passengers? Given a vehicle, which defines the typical long seas for driving room guests?"
5,5,"When traveling by car, which area of the vehicle is typically reserved for passengers inside the car?","When traveling outside of the car, which area of the vehicle is typically reserved by passengers, which presents you specifically for passengers to drive the car?"
5,5,What area of the car do passengers typically occupy while traveling inside the vehicle?,What part of the area of the vehicle typically occupies when traveling inside the car? What weather do passengers normally serve while traveling for passengers?
5,5,"In a dense rainforest, there are various types of plants growing, providing a rich habitat for many animals. What is a key feature of the rainforest that helps support the growth of these plants?","In a dense rainforest, there are various plants that help support the growth of many animals. What is a key feature of these rain plants?"
5,5,"What are some of the key features of the rainforest environment that support the growth and development of the diverse collection of plants found there, which in turn provide a rich habitat for many different kinds of animals?",What are some of the important development features of the rainforest environment that in turn provide a rich habitat for the diverse collection of different plants there?
5,5,What is the key feature of the rainforest that supports the growth of various plant species and provides a rich habitat for diverse animals?,What is the key feature of the rainforest that supports the growth of various plant species and provides a rich habitat for diverse plants for natural animals?
5,5,"In a dense rainforest, what is the main feature that helps support the growth of various plants, thus providing a diverse habitat for many animals?","In a dense rainforest, what is the main feature that helps support the growth of various plants, thus providing a diverse habitat for many animals?"
5,5,What essential feature of the rainforest helps facilitate the growth of various types of plants and provides a rich habitat for many animals?,What essential feature of the rainforest helps to facilitate the growth of various types of plants and provides a rich habitat for nature for many animals?
5,5,"What is the key feature of the rainforest that supports the growth of various types of plants, creating a rich habitat for many animals?","What is the key feature of the rainforest that supports the growth of various types of plants, creating a rich habitat of food for many animals?"
5,5,"In gymnastics competitions, athletes perform a variety of acrobatic movements on different apparatus. What in the picture could be used for athletes to perform impressive and challenging movements such as flips and vaults?","On gymnastics, what apparatus can athletes perform in variety of impressive and exciting movements such as flipps movements?"
5,5,"In gymnastics competitions, athletes often perform a range of acrobatic movements on various pieces of equipment. What item in the picture do you think can be utilized to perform impressive and challenging maneuvers such as flips and vaults?","On gymnastics teams, what item can you perform particularly impressive movements when you perform various types of flips and eviges?"
5,5,What equipment in the picture could be utilized by athletes to perform challenging and impressive movements such as flips and vaults in gymnastics competitions?,What equipment in the picture could be utilized by athletes to perform challenging movements like flips and vaults in athletic performances?
5,5,"What object or equipment in the picture could be used by athletes to perform impressive and challenging movements, such as flips and vaults during gymnastics competitions?","What object or equipment in the picture could be used to perform impressive movements, like flips and vascaches during athletic competitions?"
5,5,"In gymnastics competitions, athletes perform a variety of acrobatic movements using different apparatus. Regarding the picture, what equipment could be utilized by athletes to accomplish challenging and impressive movements such as flips and vaults?","Among vascular apparatus, what instruments could be performed by athletes who perform the utilization of impressive flips and corners movements?"
5,5,"What would be utilized to support gymnasts as they perform challenging and impressive movements, such as flips and vaults, during a gymnastics competition?","What would be utilized to support gymnasts and players performing impressive movements, such as flips, during a gymnast competition?"
5,5,"Wildflowers are often found growing in open fields and meadows, adding beauty to the natural environment. What in the picture can be a type of wildflower with yellow petals?","Wildflowers are often found in the open field, adding beauty to the environment. What can be a type of wildflower with yellow flowers?"
5,5,Which aspect within the picture could represent a type of wildflower characterized by yellow petals?,"Which aspect of the blue color within this picture could represent a type of wildflower, possibly belonging to a function characterized by rose petals?"
5,5,"If we are looking for a yellow type of wildflower that may be present in the scene, what object(s) in particular should we focus on?","If we are looking for a yellow type of wildflower that may be present in the scene, what object(s) should we focus on?"
5,5,"Can you identify the object in the picture that could be an example of a type of wildflower with yellow petals, commonly found growing in open fields and meadows, adding beauty to the natural environment?","Can you identify the type of a spot that is an example of greenflower, appearing commonly in the garden with natural textures and wild fields?"
5,5,"Based on the provided picture, can you identify a type of wildflower that is likely to have yellow petals and can be found growing in open fields or meadows?","Based on the provided picture, can you identify a type of wildflower that is likely to have yellow fields and can be found in meadows?"
5,5,"In the sport of ice hockey, players use a specific tool to hit the puck and control its movement. What object in the picture serves this purpose?","In the sport of ice hockey, players use a specific tool to hit the puck and control its movement. What object in the picture serves this?"
5,5,"In the sport of ice hockey, what object in the picture can be used by players to strike the puck and regulate its movement?","In the sport of ice hockey, what object in the picture can be used by players to strike the puck and help it regulate its movement?"
5,5,What object in the picture is utilized in the sport of ice hockey to hit the puck and control its movement?,What object in the picture is utilized in the sport of ice hockey in ice to control the game and hit the puck to bear its movement?
5,5,What object in the picture can be used in ice hockey to hit the puck and control its movement?,What object in the following picture can be used in ice hockey to control its movement and how it could hit the puck and die in the face?
5,5,"In some cultures, elephants are considered sacred animals and are adorned with special markings on their foreheads. What part of the elephant in the picture is often marked with decorative patterns or symbols?",In culture some elephants are adorned with sacred markings or signs. What portion of the elephants are commonly painted with symbols?
5,5,"In certain cultures, elephants are regarded as sacred creatures, and they're frequently adorned with special markings on their foreheads. What part of the elephant's head is typically decorated with ornamental patterns or symbols?","Most sacred elephants are depicted in certain forms on their head, and are commonly decorated with sight's ornaments. What spirits?"
5,5,"In certain cultures, elephants are regarded as sacred creatures with special markings on their foreheads. What part of the elephant is typically adorned with these decorative patterns or symbols shown in the picture?","Among cultures, sacred elephants are generally adorned with special symbols seen in the elephant or patterns. What part of this?"
5,5,"Elephants hold sacred value in certain cultures, and are often decorated with special markings or patterns on their forehead. What area of the elephant is typically adorned with decorative patterns or symbols?","Elephants hold particular sacred markings, and are often decorated with special patterns or signs. What in the elephant is shapeed?"
5,5,"Some cultures consider elephants as sacred animals and they are often adorned with special markings on their foreheads, please identify the part that is typically marked with decorative patterns or symbols in this picture.",Some locals consider sacred elephants as special markings on their faces and they are often decorated with the words or patterns covered in this picture
5,5,"In some cultures, elephants are regarded as sacred animals and are embellished with special markings on their foreheads. Which part of the elephant in the picture is commonly decorated with decorative patterns or symbols?","On some animals, elephants are widely regarded as sacred markings and decorated with special patterns. Which part in the elephant inside?"
5,5,"In a cold winter, when snow covers the ground, what part of the car in the picture needs to be cleared before the car can be driven safely?","In a cold winter, when snow covers the ground, what part of the car in the picture needs to be cleared before the car can be driven?"
5,5,"If the ground is covered in snow during a cold winter season, what part of the car in the picture needs to be cleared before the car can be operated safely?","If the ground is covered in snow during a cold winter season, what part of the car in the picture needs to be cleared before the vehicle safely?"
5,5,"In a cold winter, when the ground is covered with snow, what part of the car in the picture needs to be cleared before the car can be driven safely on the road?","In a cold winter, when the ground is covered with snow, what part of the car in the picture needs to be safely cleared before the road?"
5,5,What part of the car in the picture must be cleared of snow before it can be safely driven in the winter when the ground is covered in snow?,What part of the car in the picture must be cleared of snow before it can be safely driven in the winter when the ground is covered in snow?
5,5,"In a cold winter when snow covers the ground, what part of the car in the picture needs to be cleared before the car can be safely driven?","In a cold winter when snow covers the ground, what part of the car in the picture needs to be cleared before the car can be safely driven?"
5,5,the area that is first impacted when a car is moving forward and crashes,Eden. the area that is firstly impacted while moving forward is where a car is rebounded when the car that is changing and crashes
5,5,"If we were to sit and relax in a garden, what objects in the picture could provide a comfortable place to sit?","If we were to sit and relax in a garden, what objects in the picture could provide a comfortable place to sit, which in a walking imagine?"
5,5,Suppose we planned to sit and relax in a garden. Which items in the image might provide us with a comfortable place to sit?,"Suppose we planned to sit and relax in a garden. Which items in the image might provide us with a comfortable place to sit, which we liked?"
5,5,"If you were to relax in a garden, what objects captured in the picture may provide a comfortable place to sit?","If you were to relax in a garden in a sunroom, what objects which you captured in the picture may provide a comfortable place to sit about?"
5,5,"If we were to sit and relax in a garden, please locate the objects in the picture which could provide a comfortable place to sit?","If we were to sit and relax in a garden in the room, please locate the objects in the picture which could provide a comfortable place to sit?"
5,5,"If we were to sit and relax in a garden, what objects could provide a comfortable sitting place based on the picture?","If we were to sit and relax in a garden, what objects could provide a comfortable sitting place based on a walkplace, provided the real picture?"
5,5,"During a football game, the marching band often plays music to cheer on the team and entertain the audience. What is the main musical instrument played by the person in the picture?","During a marching game, the football team often plays music to cheer and entertain the audience. What is the main musical instrument played by the person?"
5,5,What is the primary musical instrument played by the person in the image when the marching band performs to cheer on the team and entertain the audience during a football game?,What is the primary musical instrument played by the person in the image when the marching band performs to cheer on the audience and entertain a football game?
5,5,What is the primary musical instrument being played by the individual in the picture during a football game as the marching band seeks to energize the team and engage the crowd?,What is the primary music instrument being played by the individual during a baseball game as the marching band see to engage and energize the crowd?
5,5,"During a football game, the marching band often plays music to cheer on the team and entertain the audience. What is the primary musical instrument used by the individual in the picture for this purpose?","During a baseball game, the marching band often plays music to entertain the audience. What is the primary instrument used by the individual for this purpose?"
5,5,What primary musical instrument is being played by the person in the picture to provide entertainment and support during a football game?,"What primary musical instrument is being played by the person in the picture to provide entertainment, music and support during the game of a football wedding?"
5,5,"What is the main musical instrument being played by the person in the picture, typically used by marching bands during football games to entertain the audience and cheer on the team?","What is the main musical instrument being used by the person on the picture, typically played by football clubs during marchings to cheer and entertain the team?"
5,5,something that emits cool or warm wind,I think that something that's warm or cool. something that emits in the wind or sparkles thermal brains for warm warm weather or steam
5,5,"When you want to know the current time, what part of the watch in the picture do you typically look at?","When you want to know the current time of the picture, what part of the watch in the frame you typically look at, do you already know?"
5,5,"When you want to know the current time, where do you typically look at on the picture's watch?","When you want to know about the current time, where do you typically look at on the picture's watch? When you read the guessit?"
5,5,"When you want to know the current time, what specific part of the watch in the picture do you normally check?","When you want to know what the current time of watch is, do you normally guess. what specific part of the picture in the track you check?"
5,5,"When you want to know the current time, where would you normally look at typically on the watch in the picture?","When you want to know the current time normally in your time, where would you typically see on the watch, should you look at in the picture?"
5,5,What component of the watch in the picture would you typically look at to determine the current time?,What part of the picture you would typically look at in the watch to determine the current time? Which device in the watchset would you strongly consider?
5,5,"When you need to know the current time, where on the watch face in the picture do you look?","When you need to know the current time on the face of the picture, where in your watch, when on time do you see the look go?"
5,5,What part of the plant in the picture is typically harvested for its edible seeds?,What part of the vapoured in the picture is typically harvested for the plant for its edible seeds? Our bellies?
5,5,What is the common part of the plant in the picture that is harvested for its edible seeds?,What is the common part of the plant in the picture of it that is harvested for the seeds? Its edible commonplants?
5,5,Which part of the plant is usually harvested for its edible seeds in the picture?,Which part of the plant is usually harvested for its long foliar seeds in the pot? the edible seeds available in picture?
5,5,What would commonly be harvested for its edible seeds in a plant shown in the picture?,What would commonly well be harvested in a plant for its edible salvotted seeds in the garden shown for it in the picture?
5,5,"What part of the plant in the picture produces edible seeds, which are typically harvested?","What part of the plant in the picture in the flower produces edible seeds, which are typically harvested? Which part of bloasted?"
5,5,"In a musical performance, there is often a person who leads and directs the musicians or singers. Who in the picture could be fulfilling this role?","In a musical performance, there is often a person who directs the musicians or singers. Who could be in fulfilling this role?"
5,5,"In a musical performance, there is typically a person who leads and directs the musicians and/or singers. Which person in the picture could be fulfilling this role?","In a musical performance, there is typically a person who leads the artists and/or singers. Which person in the role could fulfill this?"
5,5,Which individual in the picture could potentially be fulfilling the role of leading and directing the musicians or singers during a musical performance?,Which individual in the picture could potentially be fulfilling the role of leading and directing the musicians or singers during a musical musical performance?
5,5,"During a musical performance, who in the picture might be playing the role of leading and directing the other musicians or performers?","During a musical performance, who in the picture might be playing the role of leading and directing the other of the musicians or performersers?"
5,5,"In a musical performance, who might be leading and directing the musicians or singers?","In a musical performance, which might be the songwriters? Who was leading and directing the musicians and planning a singing or singers?"
5,5,"In a musical performance, which member(s) of the group in the picture could be responsible for leading and directing the musicians or singers?","In a musical performance, which member(s) of the group in the picture could be responsible for leading and directing the musicians or artists?"
5,5,the objects used for long-range attacks on enemies from the side of a ship,the ions used for long-range attacks on objects from the side of a ship: what used to save enemies for the long distance of a ground
5,5,What part of the dog's body in the picture appears to be alert and attentive?,"What part of the dog's body in the picture of the stalk appears to be alert and attentive, considering the animal persony?"
5,5,Which part of the dog's body appears to be attentive and alert in the picture?,"Which part of the dog's body appears to be very attentive and alert in the picture? The pup has one object, during the day"
5,5,Which part of the dog's body in the picture appears to be watchful and attentive?,Which part of the dog's body among the part in the picture appears to be kind of watchful and attentive? Shadow it.
5,5,Which part of the dog's body in the picture seems to be alert and attentive?,Which part of the dog's body and face in the picture seems to be one of attentive and alert? Seems to the animal in.
5,5,"Based on the picture, which part of the dog's body appears to be alert and attentive?","Based on the picture, which part of the dog's body appears to be alert and attentive? Given that the pupate to day?"
5,5,What part of the dog's body appears to be alert and attentive in the given picture?,What part of the dog's body appears to be sharp and attentive in the given picture.he particular animal while awaken in the?
5,5,Spaghetti is a popular pasta dish that typically includes a sauce made from tomatoes. What is the main ingredient in the sauce that gives it a rich flavor and vibrant red color?,Popular sauce is a dish typically made with tomato spaghetti. What is the main ingredient that includes a richer color?
5,5,What is the main ingredient in the spaghetti sauce that gives it a rich flavor and a vibrant red color and is often derived from tomatoes?,What is the main ingredient in the spaghetti sauce that gives it a vibrant color and is often rich from tomatoes?
5,5,"In a spaghetti pasta dish, what ingredient constitutes the primary component of the sauce, imparting rich flavor and a vibrant red appearance?","In a spaghetti pasta dish, what ingredient constitutes the main portion, imparting flavor and a golden appearance?"
5,5,What is the primary ingredient in the tomato sauce used in spaghetti that gives the sauce a rich flavor and a vibrant red color?,What is the primary ingredient in the tomato sauce used in spaghetti that gives the sauce a rich vibrant color?
5,5,"What is the primary component of the sauce that provides it with a rich flavor and vibrant red hue in spaghetti, a popular pasta dish typically served with tomato sauce?",What is a main dish that provides it with rich texture and vibrant appearance in the flea sauce typically served with tomato rum?
5,5,Spaghetti is a popular pasta dish that usually includes tomato sauce. What is the key ingredient in the sauce that provides it with a rich taste and bright red color?,Spaghetti is a popular pasta sauce. What is the key ingredient in the sauce that provides it with rich red color?
5,5,"In modern hospitals, advanced technology is often used to monitor patients' vital signs during surgery. What object in the picture is commonly used for this purpose?","In modern hospitals, advanced technology is often used to monitor patients' vital signs during surgery. What object is commonly used for this purpose?"
5,5,Advanced technology is often utilized in modern hospitals to monitor patients' vital signs during surgery. What object in the picture is typically used for this purpose?,Advanced technology is often utilized in modern hospitals to monitor patients' vital signs during surgery. What object in the picture is commonly used?
5,5,Advanced technology is frequently utilized in modern hospitals during surgical operations to keep track of patients' vital signs. What object can be frequently used for this purpose in the image?,Modern technology can be utilized frequently in hospitals to keep track for patients' important functions. What object is frequently used in this surgery?
5,5,What object in the picture is frequently used for the purpose of monitoring patients' vital signs during surgery in modern hospitals that employ advanced technology?,What object in the picture is frequently used for the purpose of monitoring patients' vital signs during surgery in modern hospitals that employ advanced technology?
5,5,"During surgery in modern hospitals, what item is frequently employed to monitor patients' vital signs with the help of advanced technologies?","During surgery in modern hospitals, what item is frequently employed to monitor patients' vital signs with care with the help of advanced technologies?"
5,5,Modern hospitals utilize advanced technology to track patients' vital health signs while undergoing surgery. Which object displayed in the picture is often applied for this function?,Modern hospitals utilize advanced technology to track patients' vital functions while undergoing surgery. Which object displayed in the picture is often applied?
5,5,"When entering a building, what structure do people usually use to go from one room to another?","When entering a building from one room to another, what building structure do most people usually use to refer to a space, when did you go next?"
5,5,"When moving from one room to another, what architectural feature do people typically utilize to transition between rooms when entering a building?","When moving from one room to another, what architectural feature do people typically utilize to transition between different building rooms when entering a into a building?"
5,5,What structure is typically used by people to transition from one room to another when entering a building?,What building structure is typically first used by people to transition from one room to another. What language is common when entering a building to move from buildings?
5,5,What kind of feature do individuals normally utilize to move from one room to another when entering a building?,What kind of feature do different individuals normally utilize to move from one room to another when entering a building when visitors decide to move into a surface?
5,5,What architectural element would people typically use to move from one room to another when entering a building?,What architectural element would most people typically use to move from one room to the other when entering a building site? Which objects transformed to a building?
5,5,"When entering a building, what structure is typically used to move from one room to another?","When entering a building, what structure is typically used to move from one space to another. What is typically chosen to describe a room moving from home?"
5,5,something that falls from the gun after shooting,something that falls out from the dead when facing a project. the one - Silver - describes what it falls to the gun after being shot from gunling
5,5,"When a plane is flying, what part of the plane rotates quickly and helps generate lift and propulsion?","When a plane is flying, what part of the plane is alive and rotates quickly. Which plane rotates and helps generate lift and propulsion?"
5,5,"When a plane is flying, which part of the plane rotates quickly to generate lift and propulsion?","When a plane is flying, which part of the plane rotates quickly, then the plane generates propulsion to drive during lift and sifting exhaust?"
5,5,"During flight, which part of the plane rotates quickly and helps to generate lift and propulsion?","During flight, which part of the plane rotates quickly and quickly, while the propulsion generates lift and fluid and helps to drive into aspiration?"
5,5,"When a plane is in operation, what part of the plane rotates quickly to help generate lift and propulsion?","When a plane is in operation, what part of the plane rotates quickly? What is rotation to help produce a propulsion and drive flush?"
5,5,"When a plane is flying, which part typically rotates at high speeds in order to generate lift and propulsion?","When a plane is flying, which part typically rotates at high speeds in order to generate a propulsion to mean lift and flight destruction?"
5,5,"During flight, what part of the plane rotates fast and aids in generating lift and propulsion?","During flight, what part of the plane rotates fast and slows and aids in propulsion and provides the goal of generating lift and fluid?"
5,5,"In ancient civilizations, the desert was often home to stunning architectural structures. What in the picture symbolizes the remarkable feats achieved in desert regions?","In ancient civilizations, the desert was often home to stunning architectural structures. What in the picture symbolizes the feats achieved in desert?"
5,5,What element in the picture is a symbol of the extraordinary architectural achievements seen in desert regions by ancient civilizations?,"What element in the picture is a symbol of the extraordinary characteristic of the architectural achievements seen in desert regions, by ancient civilizations worlds?"
5,5,"What aspect of the picture symbolizes the remarkable feats achieved in desert regions, where stunning feats of architecture have been accomplished in ancient civilizations?","What aspect of the picture symbolizes the stunning feats achieved in desert regions, where remarkable feats of architecture have been accomplished in ancient civilizations"
5,5,What aspect of the image represents the remarkable architectural achievements in desert regions of ancient civilizations?,"What aspect of the image represents the remarkable architectural achievements, which describe the temporal beautifulness of desert civilizations in diverse regions of ancient countries?"
5,5,"In ancient civilizations, the desert was often home to stunning architectural structures. Could you identify any object or feature in the picture that symbolizes the remarkable feats achieved in desert regions?","In ancient civilizations, the desert symbolizes several landmarks or structures. Could you consider the spectacular image that was accomplished in the desert?"
5,5,"In ancient civilizations, the desert was home to some visually stunning architectural structures. What in the image might inspire thoughts of the remarkable achievements of those past civilizations in creating amazing structures in such harsh desert regions?","In ancient desert environments, here are historic images. Who could inspire the past architectural accomplishments in some astonishing images of such desert regions?"
5,5,"If I want to reach the items placed on a high shelf, what tool can I use to climb to a higher point?","If I want to reach the items placed on a high shelf, what tool can I use to allow I to climb to a higher point?"
5,5,What tool could be used to reach items on a high shelf by climbing to a higher point?,"What tool could be used to reach items on a high shelf by climbing to a higher point, following how to filter food to a lower?"
5,5,What is the tool that could be utilized to reach items that have been placed on a high shelf?,What is the tool that could be utilized to reach a high hand. What is desired to produce items that have been placed on a shelf?
5,5,What in the image can be used as a tool to climb to a higher point when reaching items on a high shelf?,What in the image can be used as a tool to climb to a high point when reaching items on a higher of a shelf?
5,5,What object can be used to reach items that are placed on a high shelf?,What object can be used to reach a high plate? Which object is designed to shiver objects that are placed on items above a high shelf?
5,5,What item would you utilize in order to climb to a higher point to reach items placed on a high shelf?,What item would you wish to utilize in order to climb to a higher point to reach items placed on the top of a high shelf?
5,5,"To ensure proper hygiene, it is common for people to clean the bathroom on a regular basis. What object in the picture needs to be opened or moved to effectively clean the inside of the toilet?",To maintain proper hygiene. What is common for a person to be allowed to completely clean the picture on the floor or in the bathroom?
5,5,"To effectively clean the inside of a toilet, what object do you need to move or open in the picture?","To effectively clean the inside of a moving toilet, what object do you need to open in the window or allow to blend the picture?"
5,5,What object should be opened or moved to clean the interior of the toilet effectively in this picture?,What object should be chosen to close or moved to clean the interior of the toilet effectively and show the empty hewer in this property picture?
5,5,"When cleaning a bathroom for hygiene purposes, which object in the image should be opened or moved to enable thorough cleaning of the interior of the toilet?","When cleaning a bathroom for hygiene purposes, which object should be opened or moved to enable in the interior of the toilet?"
5,5,What is the object that needs to be moved or opened in the picture to clean the interior of the toilet?,What is the object that needs to be opened or moved in the picture in the finish to clean the interior of the toilet to the door?
5,5,What part of the picture needs to be opened or moved to clean the inside of the toilet properly to ensure proper hygiene?,What part of the picture needs to be opened or moved to to clean the inside of the toilet properly to ensure the proper hygiene?
5,5,Dogs often enjoy playing and running freely in open spaces. What area in the picture would be an ideal location for a dog to run and play?,Dogs often enjoy playing and running freely in open spaces. What area in the picture would be an ideal location for a dog to run and play?
5,5,Which area in the picture would be an ideal location for a dog to run and play?,Which area of the picture in the image will be an ideal place for a dog to run and play? Seems the ideal dog destination for leash?
5,5,"If you have a pet dog, what area in the picture would provide an ideal location for your pet to run and play freely?","If you have a pet dog, what area in the picture would provide an ideal location of your pet to allow your pet to run and play freely?"
5,5,"In the picture, what area would be ideal for a dog to run and play freely?","In the image of the question, What area is ideal for a dog to walk and play freely, so what would be comfortable for a house run?"
5,5,"If a dog wants to run and play freely in an open space, what area in the picture would you recommend as an ideal location?","If a dog wants to run and play freely in an open open space, what area in the picture would you recommend as an ideal location in your?"
5,5,Where is an ideal location within this picture for a dog to run and play freely?,Where exactly is the ideal location for an image within this photo and here is a comfortable property for a dog to run and play while to run freely?
5,5,"When flying an aircraft, the pilot sits in a specific area of the plane. What part of the plane in the picture can we infer the pilot is sitting in?","When flying an aircraft, the pilot sits in a specific area in the plane. What part of the plane can we infer the pilot is sitting?"
5,5,"If we assume that there is a pilot in the aircraft shown in the picture, what area of the plane might we infer the pilot to be sitting in?","If we assume that there is a pilot in the aircraft shown in the picture, what area of the plane might we infer the pilot being sitting in?"
5,5,"When flying an aircraft, the pilot typically sits in a specific location within the plane. Based on the picture, which part of the plane can we infer that the pilot is seated in?","When flying an aircraft, the pilot typically sits in a specific location. Based on the image which part of the plane cannot the pilot is in?"
5,5,"When flying an aircraft, the pilot sits in a specific location. Based on the picture, which part of the plane might we infer that the pilot is positioned within?","When flying an aircraft, the pilot is positioned in a particular location. Based on the picture, which part of the pilot we infer sits?"
5,5,"When operating an aircraft, the pilot typically sits in a specific area. Based on the image, what part of the plane might we assume the pilot would be sitting in?","When operating an aircraft, the pilot typically sits in a specific area. Based on the image, what part of the pilot would assume we sit?"
5,5,"When flying an aircraft, the pilot typically sits in a specific location inside the plane. Based on this image, what region of the aircraft can we reasonably deduce the pilot is seated in?","When flying an aircraft, the pilot typically sits in a region within the aircraft. Based on this picture what location can the pilot be perfectly specified?"
5,5,something that controls the speed and direction of the boat,all things about the direction and direction of the vessel //. Something that controls the speed and direction of the wind that bears and coordinates the fueling
5,5,something that is smoking,Something that has a feeling for the internet. we are all. Smoking dairy - Wikipedia says that something that is impacting smoking or cutting
5,5,Exploring historical sites often requires entering the interior of a building. What areas in the picture can serve as entry points for exploration?,Exploring historical sites often requires entering the interior of a building. What areas in the picture can serve as entry entry points for the exploration?
5,5,"When exploring a historical site and gaining entry to the interior of buildings, what areas of the picture could serve as potential entry points for exploration?","When exploring a historical site and gaining entry to the interior of buildings, what areas of the picture could serve as entry points for exploration?"
5,5,"Suppose someone wants to explore the interior of a building in a historical site. In the picture, which regions could serve as entryways for such exploration?","Suppose someone wants to explore the interior of a building in a exploration. In the picture, which regions could serve as entryways for such historical?"
5,5,Suppose we want to explore the interior aspects of a building while touring historical sites. What areas in the picture may serve as entry points for such exploration?,Suppose we want to explore the interior aspects of a building while touring exploration. What areas in the picture may serve as entry points for such?
5,5,something that can help me to wipe my mouth,something that can help me to help ache me for my research. everything that can be forgotten How to wipe my mouth to wipe her teeth
5,5,What object is directly connected to the toilet bowl and can be lifted to clean the toilet seat and dirt around the toilet bowl?,What object is connected to the toilet bowl and can be lifted to clean the toilet seat and dirt around the bowl?
5,5,What is the object directly connected to the toilet bowl that can be lifted to clean the toilet seat and dirt around the toilet bowl?,What is the object connected to the toilet bowl that can be lifted to clean the toilet seat and fill around the bowl?
5,5,"What is the name of the object that is connected to the toilet bowl, can be lifted to clean the toilet seat, and can be used to clean dirt around the bowl?","What is the object that is connected to the toilet seat, can clean the toilet bow, and can be used around the bow?"
5,5,What is the object that is directly attached to the toilet bowl and can be raised to clean the toilet seat and surrounding area?,What is the object that is directly attached to the toilet bowl and can be raised to clean the toilet seat and surrounding area?
5,5,What item is typically connected directly to the toilet bowl and can be lifted for the purpose of cleaning the toilet seat and surrounding area?,What item is typically connected directly to the toilet bowl and can be lifted for the purpose of cleaning the toilet seat area?
5,5,Which object directly connected to the toilet bowl can be lifted to clean the toilet seat and any dirt present around the toilet bowl?,Which object connected to the toilet bowl can be lifted to clean the toilet seat and any dirt present around the bowl?
5,5,something used for protecting the head,used for the best of the images. something original for protecting the head something about how it helps prevent people from damaged securing the
5,5,"If someone wanted to cross from one side of the water to the other, what structure in the picture could they use to do so?","If someone wanted to cross from one side of the water to the other, what structure in the picture could they use to the close to do so?"
5,5,"In the image, if someone wanted to cross from one side of the water to the other, which structure could they use to accomplish this?","In the image, if someone wanted to cross from one side of the water to the other, which structure could they use to give to accomplish this?"
5,5,"In the context of crossing from one side of a body of water to the other, what structure in the picture could be utilized to achieve this goal?","In the context of crossing from one side of a body of water to the other, what structure in the picture could be utilized to achieve this?"
5,5,"If someone intended to cross from one side of the water to the other, which structure in the picture could be used to do so?","If someone intended to cross from one side of the water to the other, which structure in the picture could be used to make sense to do so?"
5,5,"If someone were wishing to travel from one side of the water to the other, what structure could be utilized to accomplish this goal from the picture?","If someone were wishing to travel one side of the water to the other, what structure could be utilized to accomplish the goal from this picture?"
5,5,What structure in the picture could be used to cross from one side of the water to the other?,What structure of the crossing in the picture could be used to cross one side of the water to the other and could come from one to face?
5,5,"In public spaces, there are often statues of historical figures or iconic animals. What object in the picture represents a beagle?","In public spaces, there are often statues of historical figures or iconic animals. What object in the picture represents a beagle, to imagine?"
5,5,"What object in the picture represents a beagle, which is a common figure found in statues of iconic animals or historical figures in public places?","What object in the picture represents a beagle, which is a common figure found in statues of iconic animals or historical figures in public places?"
5,5,What item in the picture represents a beagle and is frequently used to depict historical figures or iconic animals in public spaces?,What item in the picture represents a beagle and is frequently used to depict historical figures and iconic animals or animal figures in public spaces?
5,5,"Regarding statues in public spaces, there are often representations of historical figures or iconic animals. What object in this image represents a beagle?","Regarding statues in public spaces, there are often representations of historical figures or iconic animals. What object in this image represents a a beagle?"
5,5,"In public spaces, statues of historical figures or iconic animals are often present. Can you indicate which object in the picture is a beagle?","In public spaces, statues of historical figures or iconic animals are often present. Can you indicate which object in the picture is a beagle?"
5,5,"Which object in the picture represents a beagle, which is a popular animal for statues in public spaces?","Which object in the picture represents a beagle, which is a popular object for statues in public spaces, which might bear the animal in reality?"
5,5,"Some dairy products, such as milk and yogurt, are commonly stored in containers to keep them fresh. What object in the picture can be used to cover the opening of a container and prevent the dairy product from spoiling?",Some dairy products such as yogurt are stored in containers. What item can be used in a container to prevent the entrance of the product?
5,5,What gear in this image could be utilized to cover the opening of a container and avoid spoilage of dairy products like milk and yogurt?,What gear in this image could be utilized to cover the opening of a container and avoid spoilage of dairy products like yog?
5,5,"Some dairy products, such as milk and yogurt, are often stored in containers to preserve their freshness. What item in the picture could be utilized to secure the container's opening and prevent the dairy product from spoiling?","Some dairy products, including yogurt, are readily stored in containers. What item could be used in the container to preserve the compartment?"
5,5,"What item in the picture can be utilized to cover the opening of a container and prevent dairy products, such as milk and yogurt, from spoiling?","What item in the picture can be utilized to cover the opening of a container and prevent milk, such as yogurt, from spoiling?"
5,5,"Some dairy products, such as milk and yogurt, are typically stored in containers to prevent them from developing spoilage. What is the object in the picture that can be placed over the opening of a container to prevent spoilage of dairy products?",Some objects such as dairy products are stored in a container that can prevent spoilage during the opening of the container of dairy products.?
5,5,What object in the picture could be utilized to cover the opening of a container and prevent dairy products such as milk and yogurt from spoiling?,What object in the picture could be utilized to cover the opening of a container and prevent dairy products such as milk and yogurt from?
5,5,"When visiting a coastal city with multiple islands, tourists often use a means of transportation to travel between the islands. What in the picture can be used for this purpose?","When visiting a coastal city with multiple islands, tourists often use the means to transport between the islands. What can be used in this?"
5,5,"When visiting a coastal city that has multiple islands, what can be used to travel between the islands?","When visiting a coastal city that has multiple islands, following the islands that travel nearby, what can be used to be travel between the islands?"
5,5,"When visiting a coastal city consisting of multiple islands, which object in the picture might be utilized for transportation between those islands by tourists?","When visiting a coastal city consisting of multiple islands, which object the picture might be utilized for transportation between those islands by tourists?"
5,5,"If you were to visit a coastal city with multiple islands, what object in the image could be utilized as a means of transportation for island hopping?","If you were to visit a coastal city with multiple islands, what object in the image could be utilized as a means of island hopping?"
5,5,"When visiting a coastal city with multiple islands, what object in the picture can be utilized to travel between the islands?","When visiting a coastal city with multiple islands, what object in the picture can be utilized to travel between the islands next to the territory?"
5,5,"In a coastal city with multiple islands, what item in the picture can serve as a means of transportation for traveling between the islands as a tourist?","In a coastal city with multiple islands, what item in the picture can serve as a means of transportation between the islands as a tourist?"
5,5,What object in the bedroom can people easily use to cover the window to prevent the penetration of sunlight?,What object in the bedroom can people easily use to cover the window to prevent the penetration of sunlight to overcome the color of bed?
5,5,"To block out sunlight and prevent it from penetrating a bedroom, which object can be utilized to easily cover the window?","To block out sunlight and prevent it from penetrating a bedroom, which object can be utilized to easily cover the tooth window?"
5,5,What item can be easily utilized in the bedroom to cover the window and block sunlight from entering?,"What item can be easily utilized in the bedroom to cover the home window, allow sunlight to block and break the door from entering over?"
5,5,What is the object located in the bedroom that people can use to block sunlight from entering through the window?,What is the object that is located in the bedroom in the home window which people can use to block visible sunlight from entering through the door?
5,5,"What object, present in a bedroom, would be a convenient option for preventing sunlight from entering the room when needed?","What object, present in a bedroom, would be a convenient option for living, to preventing sunlight from entering the room location when needed?"
5,5,What object in the bedroom can be conveniently used to block sunlight from entering through the window?,What object in the bedroom can be conveniently used to block sunlight from entering through the window which can easily reflect the doorway in bed?
5,5,What part of the plant in the picture is primarily responsible for supporting the flowers and leaves and transporting nutrients from the roots to other parts of the plant?,What part of the plant in the picture is primarily responsible for supporting the flowers and roots and transporting nutrients from other parts of the plant?
5,5,What component of the plant shown in the picture is primarily responsible for providing support to the leaves and flowers and carrying nutrients from the roots to other parts of the plant?,What component of the plant shown in the picture is primarily responsible for supporting the leaves and flowers and providing nutrients from other parts of the roots?
5,5,Which component of the plant in the picture is primarily responsible for providing support to the leaves and flowers as well as transporting nutrients from the roots to other areas of the plant?,Which component of the plant in the photo is primarily responsible for providing nutrients from the leaves and flowers as well supporting other areas of the plants?
5,5,Which particular part of the plant in the picture is mainly responsible for supporting the flowers and leaves and transporting nutrients from the roots to other parts of the plant?,Which particular part of the plant in the picture is mainly responsible for supporting the flowers and transporting nutrients from roots and leaves to the plant?
5,5,"Which part of the plant in the picture is primarily responsible for providing support to the flowers and leaves, as well as transporting nutrients from the roots to other regions of the plant?","Which part of the plant is primarily responsible for supporting the flowers to other regions, as well as providing nutrients from the roots in the plants?"
5,5,"What part of the plant seen in the picture is primarily responsible for supporting the flowers and leaves, as well as assisting in the transport of nutrients from the roots to other parts of the plant?","What part of the picture is primarily responsible for supporting the leaves in the plant, as well as bringing nutrients to other parts of the plant?"
5,5,something that can protect the persons' heads,something that can help protect the property of the persons' bodies. -The fact that all bears things that can prevent hungers for the' heads
5,5,"Pure black coffee can be too bitter to drink, so people often add sugar to it to sweeten the taste. What tool in this image can be used to add sugar to coffee and stir it?",Pure coffee can be too bitter to drink so people often taste it. What tool in this photo can be used to add sugar to the drink?
5,5,What object can be used to add sugar to black coffee and stir it to temper the bitterness?,What object can be used to add sugar to black coffee and stir it to weather it over coffee.try to batter the serous bitterness?
5,5,What in the picture can be utilized to add sugar to coffee and stir it to improve its taste?,What in the picture can be utilized to add sugar to water and stir it to coffee? Given what it can help to improve its taste?
5,5,What object in the picture can be used to add sugar to coffee and stir it?,What object in the picture can be used to describe energy that will add sugar to the coffee? When used to stir it and tie cookies to it?
5,5,What utensil in the picture may be utilized to add sugar to coffee and stir it?,What utensil in the picture may be utilized to add sugar to coffee and tea? Given the basic purpose to stir it and brew?
5,5,Which tool from the picture would you use to add sugar to coffee and stir?,Which tool from the picture I believe would you use to add sugar to the cup and stir? from what effects you used to coffee to salad?
5,5,"When riding a bicycle and carrying personal belongings, what object should be used to secure and transport the items safely?","When riding a bicycle and carrying personal belongings, what object should be used to secure and transport the items safely and when property safely?"
5,5,"In order to safely transport personal belongings while riding a bicycle, what object should be used to secure and carry the items?","In order to safely transport personal belongings while riding a bicycle, what object should be used to secure and carry and secure the items?"
5,5,"When riding a bicycle and carrying personal belongings, what object should be used to safely secure and transport the items?","When riding a bicycle and carrying certain personal belongings, what object should be safely used to secure the land and safely transport the items?"
5,5,What item should be used to securely transport personal belongings while riding a bicycle?,What item should be used to securely transport all personal property belongings while riding a bicycle when you want to wear personal wagon?
5,5,"When riding a bicycle and carrying personal belongings, which object should be utilized to securely transport the items in a safe manner?","When riding a bicycle and carrying personal belongings, which object should be utilized to securely transport the items in a safe manner?"
5,5,"When we visit a cafe or a restaurant, where can we usually find a place to sit and enjoy our food and drinks?","When we visit a cafe or a restaurant, where can we usually find a place to sit and sit to enjoy our foods and drinks?"
5,5,"When visiting a cafe or a restaurant, where would we typically find a location to sit and enjoy our food and drinks?","When visiting a cafe or a restaurant, where would we typically find a location to sit and eat and to enjoy our food and drinks?"
5,5,"When visiting a cafe or restaurant, where is an area where people can commonly find a place to sit and enjoy their food and drinks?","When visiting a cafe or restaurant, where is an area where people can commonly find a place to sit and enjoy their food and drinks?"
5,5,"When we visit a cafe or restaurant, where is the area that usually provides seating for us to enjoy our food and drinks?","When we visit a cafe or restaurant, where is the area that usually provides seating for us to allow us enjoy our food and drinks?"
5,5,"When visiting a cafe or a restaurant, where can we typically find a location to be seated and enjoy our food and beverages?","When visiting a cafe or a restaurant, where can we typically find a location to be seated and enjoy our food and beverages?"
5,5,"When we visit a cafe or a restaurant, what kind of area can we typically find to sit and enjoy our food and drinks?","When we visit a cafe or a restaurant, what kind of area can we typically find to sit and meet and enjoy our food and drinks?"
5,5,What object covers the toilet bowl when the toilet is not in use?,What one object covers the toilet backlit bowl when the toilet is used? Given the toilet is not in operation:
5,5,"In gymnastics, there are different apparatuses that athletes can use for their performances. What object in the picture could be used by a gymnast for their routine?","In gymnastics, there are different apparatuses used for their performance. What object that a gymnast could use in the routine?"
5,5,Which object in the picture can be used by a gymnast during their routine?,Which object of the chastity in the picture can be used by a gymnast during their routine? How can it match a prego?
5,5,"In gymnastics, what equipment in the picture can a gymnast use for their performance?","In gymnastics, what equipment in the picture can a gymnast use for their performance? What in the face a gymnast?"
5,5,What equipment in the picture might be utilized by a gymnast during their performance?,What equipment in the background might be utilized by a gymnast during the race? What size punch indicates why one of their performance performed?
5,5,"In gymnastics, different equipment is used by athletes to perform. Based on the picture, what object could be utilized by a gymnast during their routine?","In gymnastics, different equipment is used by athletes to perform. Based on the picture, what object could be employed during a routine?"
5,5,What object in the bathroom can be used to cover the toilet bowl when not in use?,What object in the bathroom can be used to cover the toilet bowl that contains time for the bath locking when not in use?
5,5,"What is the object commonly used to cover the toilet bowl when the toilet is not in use, located in the bathroom?","What is the object commonly used to cover the toilet bowl when the toilet is not in use, located in the bathroom?"
5,5,What object in the bathroom is used for covering the toilet bowl when not in use?,What object of the bathroom in the toilet bowl is used for covering the food notch when used and when tow in use?
5,5,What object is commonly used to cover a toilet bowl when it is not being used in a bathroom setting?,What object is commonly used to cover a toilet bowl in a bathroom when it is not being used in a used shelf setting?
5,5,What can be used to cover the toilet bowl in the bathroom when it is not in use?,What can be used to cover the toilet bowl in the spare bathroom for the day when it is not in use when it is?
5,5,What can be used to cover the toilet bowl when not in use that is present in the bathroom?,What can be used to cover the toilet bowl when and when in use that is not present in the real bathroom in the kitchen?
5,5,"You are tired after all day""s hard work and want to rest for a while. What furniture might you choose to sit on to rest?",You are tired after all day''s hard work and want to rest for a while. What furniture may you choose to sit on to rest?
5,5,Imagine that you're feeling exhausted after a long day of hard work and want to take a break. Which piece of furniture in the picture would you choose to sit on and relax?,Imagine that you feel exhausted after a long day of work and want to sit on the break. Which piece of furniture would you relax?
5,5,"If you are tired after a long day of hard work and want to rest, what kind of furniture might you choose to sit on?","If you are tired after a long day of hard work and want to rest, what kind of furniture might you want to choose to sit on?"
5,5,"If you're feeling exhausted after a long day at work and need to rest, what piece of furniture might you opt to sit on?","If you're feeling exhausted after a long day at work and need to rest, what piece of furniture might you opt to sit on?"
5,5,"After a hard day's work, you want to rest for a while. Which piece of furniture might you select to sit and relax on in the picture?","After a hard day's sleep, you want to sit and rest for a while. Which piece of furniture might you select in the picture?"
5,5,Suppose you want to rest for a while after a long day of hard work. What type of furniture would you choose to sit on for relaxation?,Suppose you want to rest for a hard day after a while of relaxation. What type of furniture would you choose to sit on for work?
5,5,"In a hotel lobby, there may be decorative elements that enhance the grandeur and elegance of the space. What object in the picture can be hung from the ceiling and provides both lighting and aesthetic appeal?",In a hotel lobby. What object or design can provide gorgeous elements from the ceiling and provide an elegance of the appearance?
5,5,"In a hotel lobby, decorative elements are often used to enhance the grandeur and elegance of the space. If we consider the picture shown, which element can be suspended from the ceiling while simultaneously providing lighting and aesthetic appeal?","In a gallery, wallstones are often used to enhance the interior of the space. What can the monumental appeal and elegance if?"
5,5,"In a hotel lobby, decorative elements can help to enhance the grandeur and elegance of the area. Based on this picture, what item can be suspended from the ceiling to provide both attractive form and lighting functionality?","Based on interior ceilings, what a decorative tab can offer during the room can enhance the luxury and attractiveness of this element?"
5,5,"Hotels typically incorporate decorative elements in their lobbies to enhance their grandeur and elegance. What object can be suspended from the ceiling in the picture, serving both the function of lighting and providing aesthetic appeal?","Several mirrors can be intended to enhance their aesthetic appeal, providing distinctive style in the ceilings and the entrance wall?"
5,5,"In a hotel lobby, there may be decorative elements that enhance its grandeur and elegance. Could you tell me which object in the picture can be suspended from the ceiling to provide both lighting and aesthetic appeal?","In the hotel, can you tell me if the interior wall may be exposed to several distinctive elements that lurise in elegance or appeal?"
5,5,Hotels usually have decorative elements in their lobbies to achieve a grand and elegant look. Could you please identify the object in the picture which can be suspended from the ceiling to provide both aesthetic appeal and lighting?,"Custom furniture should have images adjacent to their ceilings which could appear in the aesthetic corner to help justify the unique, elegant appeal"
5,5,"As a fighter pilot prepares for takeoff, what area of the plane does the pilot enter and control during the flight?","As a fighter pilot prepares for takeoff and control, what area of the plane does the pilot pilot enter into the air during the flight?"
5,5,"During takeoff preparation, which area of the plane does a fighter pilot enter and control throughout the flight?","During simple takeoff preparation, which area of the plane of the pilot does a fighter pilot enter and control during handling and throughout the flight?"
5,5,"During takeoff, which part of the plane does a fighter pilot typically enter and control throughout the flight?","During takeoff throughout the flight, which part of the plane does a fighter pilot typically enter and control what aviation can handle during the flight?"
5,5,"During a takeoff, what area of the plane is entered and controlled by the pilot?","During a takeoff and landing, the object of the flight is entered into and controlled by the pilot? What area of a plane is letby?"
5,5,"As a fighter pilot prepares for takeoff, which area of the plane do they enter and control during the flight?","As a fighter pilot prepares for takeoff during the flight, which area of the plane do they enter and control before they enter the terrain?"
5,5,"In order to input information and perform tasks on a laptop, what object in the picture can be used for typing?","In order to input data and perform tasks on a laptop, what is the object in the picture, what time to read can be used for typing?"
5,5,"To input information and perform tasks on a laptop, what is the object in the picture used for typing?","To input data in memory and perform tasks on a laptop, what to write? What is the object used in the picture for the item of typing?"
5,5,What object from the picture can be used for typing or inputting information on a laptop in order to perform various tasks?,What object from the picture can be used for typing or inputting information on a laptop in order to display various materials for what to perform a task?
5,5,"When using a laptop to input information and perform tasks, which object in the picture could be utilized for typing?","When using a laptop to input data and perform tasks, which object in the picture could be utilized to answer questions, when being used for typing?"
5,5,"When performing tasks on a laptop, what object in the picture can be utilized for typing and inputting information?","When performing tasks on a laptop, what object of the picture in a file can be utilized for using and retrieving typing and inputting information?"
5,5,the region exhibiting unusual color,"the area of the medium exhibiting all unusual color variation. China.dormix exploring a unique region, the event that induce color relative"
5,5,"When a cat is interested in something and wants to observe it carefully, what part of the cat's body in the picture is most likely to be the focus of attention?","When a cat wants to observe something and is interested in it, what part of the cat's body in the picture is most likely of attention?"
5,5,"If a cat is interested in something and wants to observe it closely, what part of the cat's body in the picture is most likely to be the center of attention?","If a cat is interested in something and wants to observe it closely, what part of the cat's body in the picture is most likely attention?"
5,5,"If a cat is intently observing something of interest, what part of its body in the picture is likely to be the focus of attention?","If a cat is intently observing something of of interest, what part of its body in the picture is likely to be the focus of attention?"
5,5,"When a cat is interested in something and wants to observe it carefully, what part of its body will most likely be the focus of its attention based on the picture?","When a cat is interested in something and wants to focus on it carefully, what part of its body will most likely be the attention of its picture?"
5,5,"When a cat is keen on observing something, what part of the cat's body in the picture is usually the focus of attention?","When a cat is keen to sleep on observing something, what part of the cat's body in the picture is usually the focus of attention?"
5,5,"When a cat is interested in something and wants to observe it attentively, which part of its body is most likely to be the focus of its attention in the picture?","When a cat is interested in something and wants to observe it attentively, which part of its body is most likely the focus of its picture?"
5,5,"Some plants have delicate structures that are visually appealing and often attract pollinators. In the picture, what would be an example of such a plant?","Some plants have delicate structures that are visually appealing and often attract pollinators. In the picture, what would be an such plant?"
5,5,Some plants are visually attractive and possess delicate structures that can attract pollinators. Could you identify an example of a plant in the image that fits this description?,Some plants are visually delicate and possess pollinators that attract these structures. Could you identify an example of a plant that fits the description?
5,5,"Can you identify a plant in the picture that showcases delicate structures, which are visually appealing and might attract pollinators?","Can you identify a plant in the picture that showcases delicate structures, which are visually appealing and might attract scary pollinators?"
5,5,Could you point me to the plant in the picture that might serve as an example of a plant with delicate structures that are visually striking and likely to draw in pollinators?,Would you point me to the plant in a picture that can serve as an example of plant that is intricate and likely to draw with complex structures?
5,5,It is summer now. What object can help reduce the temperature in the room and make it more comfortable?,It is summer and it is now. What object can help reduce the temperature of the room in the room and make it more comfortable beyond a comfort?
5,5,"As a smart home AI, what appliance can be activated to decrease the temperature and make a room more comfortable during the summer season?","As a smart home IA, what appliance technology can be activated to decrease the temperature and make a room more comfortable during the summer season?"
5,5,"What appliance in the room can be utilized to reduce the temperature and create a more comfortable environment, given that it is currently summer?","What appliance in the room can be utilized to reduce the temperature and create a more comfortable environment when done, given that it is currently summer?"
5,5,"As a smart home AI, what object can you suggest to reduce the temperature in the room and make it more comfortable now that summer has arrived?","As a smart home AI, what object can you suggest to reduce temperature in the room and make it more comfortable now that the summer has arrived?"
5,5,"In a cold winter, what appliance can be used to heat the indoor environment?","In a cold, cold winter, what appliance can be used to heat the indoor environment? What can be used in the home sunlight."
5,5,"In a frigid winter, what appliance can be utilized to warm the indoor environment?","In a frigid winter season, what appliance can be utilized in the indoor environment: How can it satisfy the warm fridge?"
5,5,"In chilly winters, what appliance would you use to warm up the indoor environment?","In chilly, snow friendly winters, what appliance do you use to warm up the outdoor environment? What would your indoor function?"
5,5,What appliance could be implemented to warm up the indoor environment during a cold winter?,What appliance could be implemented to safely warm up the indoor environment during the cold winter? Which way it was raised for a warm outdoor?
5,5,"As an intelligent home assistant, what appliance would you advise to be used to heat the indoor environment in a cold winter?","As an intelligent home assistant, what appliance would you advise to be used to heat the indoor environment in a cold home in wet winter?"
5,5,What type of appliance could be utilized to warm up an indoor environment during a cold winter day?,What type of appliance could be utilized to equip up an indoor environment that is soaked during a cold weatherable winter on a day?
5,5,"When participating in water activities, it is important to prioritize safety and wear appropriate equipment. What in the picture could provide extra protection and buoyancy to the person in case of any incidents in the water?","Regarding water activities, it is important to provide appropriate safety. What in the picture could spare any person and stay responsible when participating in the water?"
5,5,"During water activities, safety should always be a top priority, and it's important to wear appropriate equipment. What item in the picture could provide the person with extra protection and buoyancy in the event of any accidents in the water?","During water activities, the item is always a top priority in the event, and what could provide appropriate safety in the event of anyone having bags?"
5,5,"In water activities, it is crucial to prioritize safety by wearing appropriate equipment. Which item in the picture could provide extra protection and buoyancy to the person in case of an incident in the water?","In water, it is crucial to provide proper safety features. Which item in the boat could benefit the person after placement of an infection?"
5,5,"When participating in water activities, it is essential to prioritize safety and wear appropriate equipment. What item could provide an extra layer of protection and buoyancy in the event of any incidents while in the water?","When participating in water safety, it is essential to carry out appropriate items and prevent any event. What could provide extra ventilation in the water?"
5,5,"While participating in water activities, one must prioritize safety and wear the appropriate gear. What equipment in the picture can provide extra protection and buoyancy in case of any incidents in the water?","Besides participating in gear activities, one can provide appropriate safety and prioritize any wear in the water. What equipment in the case case?"
5,5,something that protects the knees,The one that says something that protects the doctor for everything in heights. why the knees: Protecting the overcomes the knees
5,5,Weightlifting is a common exercise in the gym to build muscle and strength. What equipment in the picture is commonly used for weightlifting exercises?,Weightlifting is a common exercise in the gym to build muscle and strength. What equipment in the picture is commonly used for weights?
5,5,What equipment displayed in the picture is typically used for weightlifting exercises in the gym aimed at building muscle and strength?,What equipment displayed in the picture is typically used for weightlifting exercises in the gym aimed at building muscle and body strength?
5,5,Weightlifting is a common exercise that many people often practice in gyms to build muscle and improve strength. Can you identify the equipment that is frequently used for weightlifting exercises in this picture?,Weightlifting is a common exercise that many people use to build weight in gyms. Can you identify the equipment for weightlifting?
5,5,Weightlifting is a common exercise in the gym that focuses on muscle building and strengthening. What equipment visible in the picture is frequently employed for weightlifting exercises?,Weightlifting is a common exercise in the gym that focuses on muscular exercises. What equipment is visible in weight raising?
5,5,"What equipment in the picture is typically used for weightlifting exercises, which are a popular method of building muscle and enhancing strength at the gym?","What equipment in the picture is typically used for weightlifting exercises, which are a popular method of building muscle and enhancing?"
5,5,"When weightlifting in the gym to build muscle and strength, what equipment in the picture is often used to facilitate these exercises?","When weightlifting in the gym to build muscle and strength, what equipment in the picture is often used to facilitate these exercises"
5,5,something that the animals are tied to,something that we are all tied to. about Wikipedia. Something that the etherian means that the animals of the animals are pupped to lead to
5,5,"In the picture, what objects could be seen in the sky that are usually formed by condensed water vapor?","In the picture, what describes what objects that could be seen in the sky in the sun? that are usually formed by condensed water vapor?"
5,5,"What are the objects in the sky that are usually formed by condensed water vapor, which are possibly visible in the picture?","What are the objects in the sky that are usually formed by condensed solar water vapor, which are possibly visible in the picture in the scene?"
5,5,"What objects, typically created through the condensation of water vapor, can be observed in the sky of the picture?","What objects, typically created through the condensation of water vapor, of the sun, can be observed in the sky of the treated picture?"
5,5,What objects could be observed in the sky of the picture that are commonly formed as a result of condensed water vapor?,What objects are commonly observed in the sky of the picture that describes the rain that could be be formed as a result of condensed water vapor?
5,5,"What type of objects, typically created from condensed water vapor, can be seen in the sky in the provided picture?","What type of objects, typically created in the sky, from condensed water vapor, can be seen in the covered element in the provided picture?"
5,5,"In this picture, what objects can sometimes be seen in the sky when water vapor becomes condensed?","In this picture, what objects can sometimes be seen in the sky when the sun becomes condensed: What happens when water vapor can vapor?"
5,5,the spare tire that is not used currently,"The spare toilet that is not used for spare tire, currently. this is the value of wear while the rotor that is lasted"
5,5,"At a dinner party, a guest may be asked to carve a cake or pie to serve to the other guests. What object in the picture could be used to cut the cake or pie?","At a dinner party, someone may be asked to cut a cake or pie to serve the other guests. What object used to have the pie?"
5,5,What in the picture can be utilized to cut a cake or pie during a dinner party to serve to the guests?,What in the picture can be utilized to cut a cake or pie to serve the guests during a dinner party to give to the culunal?
5,5,"In the context of a dinner party, if someone is asked to carve a cake or pie to serve to the guests, what object from the picture could be utilized for this task?","In the context of dinner, if someone is asked to carve the cake to the guests, what object could be utilized for this task?"
5,5,"During a dinner party, a guest might be asked to cut a cake or pie for serving the other guests. What object in the picture might be utilized for this purpose?","During a dinner party, a picture might be asked to cut the cake for another guest or guests. What object would be utilized in this?"
5,5,What object in the picture can be used to cut cake or pie when a guest is asked to serve other party guests?,What object in the picture can be used to cut cake or pie when given to other party guests when a guest is asked to serve the guests?
5,5,"Suppose you are attending a dinner party, and you are asked to carve a cake or pie to serve to other guests. What tool in the picture could you use for this purpose?","Suppose you are serving in a cake or dinner party, and you asked to tove an object for guests. What tool would you use this?"
5,5,Which object can be used to put and place things within arm's reach when sitting in the living room?,Which object can be used to set and put things in place within the arm's reach when simply carrying hand when sitting in the living room room?
5,5,What object is commonly used to keep things within arm's reach when sitting in the living room?,What object is commonly used to keep things close to the arm's face when set in the living room when learning what might be within living space?
5,5,What item in the living room can be used to place objects within arm's reach when sitting?,What item in the living room can be used to place objects within the arm's reach when sitting contains something that can span in room hands?
5,5,"As an intelligent robot, what object would you grab to place items within arm's reach if someone was sitting in the living room?","As an intelligent robot, what object would you grab to place items within arm's reach if someone was sitting at shadow in the living room?"
5,5,What object in the living room can be used for placing items within arm's reach while sitting in the room?,What object in the living room's reach can be used for placing items in the room within arm's attachment while sitting long in the room?
5,5,"In a living room, which object could be used to conveniently place and keep things within arm's reach while seated?","In a living room, which object could be used to conveniently place and driven while keeping things seated within arm's reach space?"
5,5,the motorcycles tied together,Weighted across all the twins in long. the motorcycle: The motorcycles define how the motorcycles bonded together to machine
5,5,the place where the teacher can write and draw,the place where the teacher can read and write and write. the way that the projector helps teach the English - where she can draw strength and draw
5,5,the symbol of the Olympics,the beacon of the end of the Olympic Games. Wikipedia. a symbol of the Brand of the Holocaust Games - which symbolizes the Year
5,5,the hardest body part of the animal,the toughest part of the body part of the animal. we love this: The hardest stone animal body achieves the hardest and blood
5,5,Suppose you are a student and need to bring all the required supplies to the library for self-study. What object can be used to facilitate transportation?,Suppose you are a student and need to bring all the required supplies for self-study. What object can be used to facilitate transportation?
5,5,"If you need to bring all your required supplies to the library for self-study, what object could you utilize to streamline transportation of these items?","If you need to bring all your required supplies to the library for self-study, what object could you utilize to streamline these items?"
5,5,"If you need to bring all of your required supplies to the library for self-study, what object could you utilize to facilitate transportation?","If you need to bring all of your required supplies to the library for self-study, what object could you utilize to facilitate transport?"
5,5,"If you need to bring all the required supplies to the library for self-study, which object in the picture could be utilized to facilitate transportation?","If you need to bring all the required supplies to the library for self-study, which object in the picture could be utilized to transport?"
5,5,"As a student, you need to bring all the necessary supplies to the library for self-study. What item could be utilized to make transportation more convenient?","As a student, you need to bring all the necessary supplies to the library for self-study. What item could be utilized more convenient?"
5,5,"If you need to bring all of your study supplies to the library for self-study while you are a student, what object could you use to simplify transportation of the items?","If you need to bring all of your supplies to the library for self-study while you are a student, what object could transport of items?"
5,5,the real person,The real thing about the real Durchone. is new for the real and real others.in the moment we truly demonstrate a person - being patient
5,5,"In order to maintain a clean and environmentally friendly neighborhood, people often separate their waste materials for recycling. What in the picture could be used to dispose of recyclable items?","In order to preserve a clean and friendly environment, people often dispose of recyclable items. What could be used in the yard for waste?"
5,5,"To reduce waste and preserve the environment, people frequently categorize their refuse for recycling within the community. What in the picture is an effective medium for disposing of recyclable materials?","To minimize recycling, people frequently exclude their disposable materials for recycling within the environment. What in the picture is a concern?"
5,5,"In order to maintain a neighborhood that is clean and mindful of the environment, separating waste into different categories for recycling is essential. What item(s) in the picture could be utilized to dispose of recyclable materials?","To keep a neighborhood in the environment, is it necessary to recognize which portion/size of items like waste can be utilized in recycling?"
5,5,What object in the picture appears suitable for disposing of recyclable items as a means of preserving a clean and eco-friendly environment for the community?,What object in the photo appears suitable for disposing of recable items as a means of preserving a clean and eco-friendly environment?
5,5,"To maintain a clean and environmentally friendly neighborhood, people often separate their waste materials for recycling. Could you tell me what object is present in the image that could be utilized to dispose of recyclable items?","To maintain a very socialized environment, explain what person can use to dispose of recyclable items that could be displayed in your waste container?"
5,5,"In hazardous environments, protective gear is necessary to ensure personal safety. What protective item in the picture can help shield the face and eyes from harmful substances?","In hazardous environments, protective gear is necessary to protect the face and eyes. What protective item can help avoid personal harm?"
5,5,"When working in hazardous environments, it is generally necessary to utilize protective gear to guarantee personal safety. What protective item displayed in the picture could be utilized to shield the face and eyes from harmful substances?",When performing hazardous situations it is necessary to protect the eye from personal protection. What protective item could be utilized in the eyes?
5,5,"When present in hazardous environments, wearing protective gear is crucial for ensuring personal safety. Please identify the protective item in the picture that could aid in shielding the face and eyes from dangerous substances.","When possessing hazardous weapons, please identify the protective item in the face frame to help prevent those are crucial in living environment."
5,5,"When operating in hazardous environments, it is important to wear protective gear to ensure personal safety. Which protective item in the picture may help protect the face and eyes from harmful substances?",When carrying hazardous gear it is important to protect the face and eyes. Which protective device may help in recreationable situations?
5,5,"In hazardous environments, it is important to use protective gear to ensure personal safety. What item of protective gear in the picture is designed to protect the face and eyes from exposure to harmful substances?","In hazardous environments, use protective gear. What item of protective gear is designed to protect the eyes from the harm?"
5,5,"When working in hazardous environments, it is crucial to wear appropriate protective gear to ensure personal safety. Based on the picture, what protective item might assist in shielding the face and eyes from dangerous substances?","When carrying hazardous gags, it is crucial to assist in protecting the face from dangerous objects. What typical wearer appearance?"
5,5,People usually wash their hands after using the restroom. What object in the picture provides water for hand washing?,People usually wash their hands after using the restroom. What object in the picture provides the water for hand washing - imagine hand heaving?
5,5,What object in the picture could be used to provide water for handwashing after using the restroom?,What object of the picture could be used to provide water for handwashing after using the restroom to explain what in the service weld?
5,5,What object in the picture could be used to supply water for the purpose of hand washing after using the restroom?,What object in the picture could be used to supply water from the restroom for the purpose of using the hand washing after creating hand and coffee?
5,5,"What object, typically used for hand washing, can be found in the picture?","What object, which is typically used for hand washing, can be found in the picture, otherwise shown in the picture of human washter?"
5,5,What object in the picture serves as a water source for hand washing after using the restroom?,"What object in the picture describes what serves as a liquid water source for hand washing in the restroom, after using the mirror after seating?"
5,5,"Please identify the object in the picture that provides water for hand washing, typically used after using the restroom.","Please identify the object in the picture that provides the water to bath for reverse washing, meaning wearing, typically used after using the restroom."
5,5,the couple who gets married,the couple who has gotten married for the couple. all the short answer: The star who believes the married couple gets married when they are married
5,5,"In some religious or cultural practices, people may gather in a specific place to perform rituals or prayers. What location in the picture could be associated with such activities?","In some religious or cultural practices, people may gather in a specific place to perform rituals or prayers. What location could be associated with such?"
5,5,What location in the picture might be associated with religious or cultural rituals that involve people gathering together to perform prayers or other rituals?,What location in the picture might be associated with religious or cultural rituals that involve people gathering together to perform prayers or other rituals?
5,5,"In some religious or cultural practices, individuals may gather in a particular location to conduct rituals or prayers. What area in the picture may be related to these activities?","In some religious or cultural practices, individuals may gather in a particular location to conduct rituals or activities. What area may be related to these pictures?"
5,5,"In religious or cultural practices, people may congregate in particular areas to conduct rituals or prayers. Based on the picture, what location might be related to such events?","In religious practices, people may attend religious grounds to interact with rituals or events. Based on the location, what particular might be in such areas?"
5,5,"What part of the picture could be associated with religious or cultural rituals or prayers, where people may congregate?","What part of the picture could be associated with religious or cultural rituals, religious prayers or meditations, whereever people may congregate?"
5,5,What part of the picture could be associated with religious or cultural rituals where people gather?,What part of the picture could be written to describe some of the cultural or religious function associated with cultural rituals? Wherever people live and gather?
5,5,"When walking around a college campus, there are multiple buildings to navigate through. What part of the picture is generally used by pedestrians to move from one area to another?","When walking around a college campus, there are multiple pedestrians to navigate. What part of the picture is generally used to move from another?"
5,5,"In a college campus, pedestrians travel through various buildings and locations. Please guide me to locate the region in the picture that is commonly used by pedestrians to navigate from one location to another.","In campus, pedestrians travel through several locations. Please trace me to the location that is commonly used by pedestrians to navigate."
5,5,"When traversing a college campus, what part of the picture is typically utilized by pedestrians to move from one area to another?","When traversing a college campus, what part of the picture is typically utilized by pedestrians to move from one area on to another?"
5,5,"When navigating through a college campus with various buildings, people usually travel between different areas via paths. What part of the picture do pedestrians primarily use to move from one location to another?","When moving from campus to a site, pedestrians mostly use various buildings. What part of the picture typically connect between people with multiple paths?"
5,5,"When traversing a college campus with numerous buildings, what area of the picture is typically utilized by pedestrians to move between buildings?","When traversing a college campus with numerous buildings, what area of the picture is typically utilized by pedestrians to move between building buildings?"
5,5,something that provides the lift force for the helicopter,something which provides the ultimate lift for the cruise force. we mean that the aircraft that sends the lift force for the helicopter helmet
5,5,the person who is pushing the baby carriage,The person who is willingly pushing the carriage for the ether. thema. man who is helping the baby partner who is crossing the baby spring
5,5,"During a carnival parade, people often wear elaborate costumes to enhance the festive atmosphere. What part of a costume would typically be attached to a person""s back to give them a fairy-like appearance?","During a festive ceremony, costumes usually attach to a carnival style.what else out of the costume can give a car attention?"
5,5,"During a carnival parade, people often wear elaborate costumes to enhance the festive atmosphere. Which part of a costume would usually be attached to a person's back to give them a fairy-like appearance?","During a costume ceremony, costumes usually hang around a person's backdrop. Which part of the car would give an indulgent appearance?"
5,5,"During a carnival parade, elaborate costumes are typically worn to enhance the festive atmosphere. What item would you expect to be attached to a person's back as part of their costume to give them a fairy-like appearance?",Costumes are typically displayed during a festive party's garment appearance. What would you attach to the cabin to make them a funny?
5,5,People often wear elaborate costumes to enhance the festive atmosphere during a carnival parade. What part of a costume would typically be attached to a person's back to create a fairy-like appearance?,People typically display costumes during a festive tradition. What costume could be attached to an entrance to create a funny side's appearance?
5,5,"During a carnival parade, individuals often wear flamboyant and elaborate costumes to generate a festive atmosphere. What part of a costume can be affixed to a person's back to provide a fairy-like appearance?",All costumes are worn during a carnival occasion. Where can a person pass out a sac-like fuse to provide an interesting appearance?
5,5,"Imagine it's cold outside and you have guests over, you want to create a warm atmosphere for everyone. Which object in the image can create a comfortable warmth inside?","Imagine it's cold outside, you want to create a warm atmosphere over everyone. Which object in the images can create a comfortable guest inside?"
5,5,"Suppose you have guests over in a chilly environment and you wish to create a warm, comfortable ambiance. What object in the picture could you use to achieve this?","Suppose you have guests in a chilly environment and you wish to create a warm, comfortable ambiance. What object in the picture could you achieve?"
5,5,"If you want to create a warm atmosphere indoors when it's cold outside and you have guests over, what item in the picture would you use to create a pleasant, temperature-controlled environment?","If you want to create an atmosphere when you're outside and in the room, what item would you use to create a pleasant, cold environment?"
5,5,"Suppose it's chilly outside, and you have guests over, and you would like to create a warm and comfortable indoor atmosphere. What object in the image could help you achieve this objective?","Suppose it's chilly outside, and you would like to create a comfortable and indoor atmosphere. What object in the image could you accomplish?"
5,5,"Imagine it's cold outside and you have guests over, and you want to create a warm atmosphere inside for everyone. What object in the image can serve this purpose by producing comfortable warmth?","Imagine it's cold outside, and you want to have a comfortable atmosphere for everyone. What object in the image can produce outside warmth?"
5,5,"When attending a sports event in a stadium, what would people typically sit on to watch the game?","When attending a sports event in a stadium, what would people typically sit on the table to watch the game? What to join on sports?"
5,5,"When attending a sports event in a stadium, which object would people generally use to sit on to watch the game?","When attending a sports event in a stadium, which object would people generally use to sit on in a concert to decide to watch the game?"
5,5,"At a sports event in a stadium, what is the object that people usually sit on when watching the game?","At a political event in a sports stadium, what is the object that people are usually sitting on during a game when watching the game: navigate?"
5,5,What objects in the stadium would people usually sit on to watch a sports game?,What objects in a sports stadium would usually let the home sit on for in the sports game: describes what people would tennis and star to watch?
5,5,"When attending a sports event in a stadium, what is the common item people would use to sit and watch the game?","When attending a sports event in a stadium, what is the common item people would use to sit and watch the party and see the game?"
5,5,"In a children's playground, there are often small structures designed for children to play in. What in the picture can children enter and use as their own little house?","In a children's playground, there are often little structures designed for children to play in. What in the picture can children enter as house?"
5,5,"In a children's playground, what structure in the picture can children enter and use as their own little house for playing?","In a children's playground, what structure in the picture to play can children enter and use as their own little little house for playing?"
5,5,What part in the picture could children enter and utilize as a miniature house for playing?,What part of the picture could children enter and utilize in the interior house for fun as children? Imagine how small a miniature plate play?
5,5,What structure in the picture can children use as their own little house to play in while in a children's playground?,What structure in the little picture is for what children can use as their own playground to play in while in a children's own play house?
5,5,Which object in the picture may be considered a small structure that children can enter and utilize as their own playhouse in a playground?,Which object in the picture may be considered a small structure that children can enter and utilize as their own playhouse to play in a playground?
5,5,"During playtime, children often explore small structures designed specifically for them in a children's playground. What item in the picture could children enter and use as their own little house?","During play, children explore small structures commonly designed in a children's playground. What item in the picture could children use as their own house?"
5,5,"If I want to print out a document, what appliance in this image can I use to accomplish this task?","If I want to print out a document, what is this task, what appliance in my image can I use to enable to accomplish this project?"
5,5,Which appliance could be used in this image to complete a printing task?,Which appliance is able to be used in this task to complete the following problem? What electrical image frame could be used for a printing application?
5,5,"If you want to print a document, what appliance from the provided image can be utilized to help you accomplish this task?","If you want to print a document, what appliance from the provided image can be utilized to help you are able to accomplish this project task?"
5,5,the tool used for spreading jam,"the part of the mine used for spreading jam. Recombinant tool used for grinding silver, while it used for tooling cutting spread"
5,5,"During a nighttime flight, when an airplane lands, what equipment is typically used to allow passengers to safely exit the aircraft onto the ground?","During a nighttime flight, when an airplane lands, what equipment is typically used to allow passengers to safely exit the aircraft on onto the ground?"
5,5,"After a nighttime flight, what is the common equipment utilized to permit passengers to safely disembark from an airplane and step onto the ground?","After a nighttime flight, what is the common equipment utilized to permit passengers to safely disembark from the airplane and step onto ground?"
5,5,"When an airplane lands at night, what equipment is typically utilized to ensure that passengers can safely disembark the aircraft and reach the ground?","When an airplane lands at night, what equipment is typically utilized to ensure that passengers can safely disembark the aircraft and reach the ground?"
5,5,"On a night flight, what is the equipment typically used for the safe disembarking of passengers once the airplane has landed onto the ground?","On a night flight, what is the equipment typically used for the safe disembarking of passengers once the airplane has landed on ground?"
5,5,"When an airplane lands at night, what equipment is commonly used to allow passengers to safely disembark from the plane onto the ground?","When an airplane lands at night, what equipment is commonly used to allow passengers to safely disembark from the plane onto the ground ground?"
5,5,the medium for storing information,the medium for storing information about all materials and objects.in. The medium of the medium for enabling intelligence for improving data storage location learning
5,5,something that controls motion direction in games,something that really controls the direction of motion in motion control games. comments: its something that supports rotational direction for components that characterise ice in horses
5,5,something that helps people to cross the river,something that helps a little to help people overcome all the paths This. means that she can connect women to watering things that cross the river river
5,5,"In a music class, students often learn to play different musical instruments. What instrument in the picture is the woman most likely playing?","In a music class, students often learn to play different musical instruments in the play. What instrument in the picture is the woman most likely playing out?"
5,5,"Based on the picture, which musical instrument is most likely being played by the woman in the music class?","Based on the picture, which musical instrument is most likely being played by the woman in the music class, who is the personality studying the film?"
5,5,"In a music class, students usually learn to play various instruments. If we assume that the woman in the picture is a beginner musician, what musical instrument is she playing?","In a music class, students usually learn to play various instruments. If we assume that woman in the picture is a classical singer, what music plays?"
5,5,"In a music class, which musical instrument in the picture is most likely the one being played by the woman?","In a music music class, which musical instrument in a picture is the most likely the one which is being played by the woman in the known child?"
5,5,"During a music class, students often have the opportunity to play various musical instruments. Based on this image, which instrument is the woman in the picture most likely playing?","During a music class, students often have the opportunity to play various musical instruments. Based on this image, which instrument is the woman most likely playing?"
5,5,"When driving a car, there is usually a specific place in the front of the car where a symbol or logo can be seen. What part of the car in the picture usually displays this symbol or logo?","When driving a car, there is usually a place in the front of the car where this symbol or logo can be seen. What part the logo?"
5,5,"When driving a car, a specific region towards the front of the car typically displays a symbol or logo. In the given picture, which segment of the car typically exhibits this logo or symbol?","When driving a given car, a segment towards the front of the car typically displays the logo. In this picture, which symbol or logo typically displays?"
5,5,"When driving a car, there is usually a specific area at the front of the car where a symbol or logo can be viewed. Please identify the part of the car where this symbol or logo is typically displayed in the picture.","Within a car where the symbol or logo is displayed, please identify an area at the front of the car where this symbol or logo is usually displayed."
5,5,"In a car, a symbol or logo is typically located in a specific location at the front of the car. Can you identify the part of the car in the picture that normally displays this symbol or logo?",In a car a symbol or logo is typically located in the location that displays the part of the car. Can you identify this particular symbol or logo?
5,5,"When cooking, it is important to cover the pot tightly to ensure that the food is cooked evenly. What object in the picture can be used to cover the pot?","When cooking, it is important to cover the pot evenly to ensure the food is cooked tightly. What object can cover the pot?"
5,5,"When cooking, it is crucial to have the pot tightly covered to guarantee that the food is cooked evenly. Could you identify the object in the picture that can be utilized to cover the pot?","When cooked, it is crucial to recognize the food that can be cooked neatly to cover the item. Could you use the pot?"
5,5,"When cooking, covering a pot tightly can help ensure even cooking of the food. What object in the picture could be utilized to cover the pot while cooking?",When covering a pot tightly can help ensure even cooking of food. What object in the picture can be utilized while covering the cooking?
5,5,"What can be used to cover the pot while cooking to ensure that the food is heated evenly, according to standard kitchen practices?","What can be used to cover the pot while cooking to ensure that the food is heated evenly, according to standard kitchen meat practices?"
5,5,"When cooking, it is important to cover the pot tightly to ensure that the food is cooked evenly. What item in the picture is typically utilized for covering a pot?","When cooking, it is important to cover the pot firmly to ensure food is easily cooked. What item in the picture is typically covering?"
5,5,"In cooking, it is important to cover the pot tightly to ensure that the food is cooked evenly. What could you use in the picture to cover the pot?","In cooking, it is important to cover the pot tightly to ensure the food is cooked evenly. What could you use the picture?"
5,5,What object in the picture is most likely responsible for creating a cloud of dust when it drives on the dirt field or track?,What object in the picture is most likely responsible for creating a cloud of dust when it frames on the dirt field outside of the drive or track?
5,5,What is the item in the picture that is most likely responsible for generating a cloud of dust when driving on the dirt field or track?,What is the item in the picture that is most likely responsible for generating a cloud of dust when driving on the dirt to the field or track?
5,5,"When driving on a dirt field or track, which object in the picture is most likely responsible for creating a cloud of dust?","When driving on a dirt field or a road track, which object in the picture is most likely responsible for creating a cloud of shaving dust?"
5,5,"When driving on dirt fields or tracks, what object in the picture is most likely responsible for creating a cloud of dust?","When driving on dirt tracks or fields of road, what object in the picture is most likely to be responsible for creating a hiding cloud of dust?"
5,5,"Toy cars can be designed to mimic real vehicles, but they are typically smaller in size. What part of a toy car in the picture is often made of rubber and allows the car to move forward?","Toy cars can be made of toy cars, but are typically smaller. What part of the car is designed to allow a rubber in perspective?"
5,5,Could you identify the component  in the picture of a toy car that's typically made of rubber and facilitates the forward movement of the car?,Can you identify the component in the picture of a toy car that's typically made of rubber and facilitates the forward movement?
5,5,The part of the toy car that enables it to move forward and is usually made of rubber.,The part of the toy car that is usually made of sober. Sole which enables it to move forward and is designed to replace child.
5,5,"What component of the toy car in the picture is usually made of rubber and enables it to move forward, despite being smaller than real vehicles?","What component of the toy car in the picture is usually made of rubber and enables it to move forward, despite being smaller than real vehicles?"
5,5,"What component of a typical toy car, sometimes made of rubber, enables it to move forward?","What component of a typical toy car, sometimes made of natural rubber, enables a toileter to move forward, so that it provides?"
5,5,"What is the name of the part in the image that is usually constructed from rubber and employs the movement of the car in a forward direction when discussing toy cars, which are intended to look like real vehicles but are typically smaller in size?",What is an image which characterizes the form of the vehicle that is usually designed in toy cars and are intended to go forward in smaller parts?
5,5,"In an ice hockey game, what essential equipment does a player use to hit the puck?","In a professional ice hockey game, what is essential equipment used to play ice? What goal does a puppy use to hit the whigck?"
5,5,What equipment is essential for a hockey player to use to hit the puck in an ice hockey game?,"What equipment is essential for a hockey player to use in an ice hockey game, which means to hit the puck to beat in the hockey game?"
5,5,"During an ice hockey game, what essential equipment does a player typically utilize to strike the puck?","During an ice hockey game, what exactly is essential equipment a player typically utilizes to strike the puck? Should a playin accomplish the player?"
5,5,What equipment does a player use in an ice hockey game to strike the puck?,What physical equipment does a player use in a hard ice hockey game to strike a puck? Answer: what is it to play in the ice?
5,5,"In an automobile exhibition, car manufacturers often showcase their latest designs and prototypes. What in the picture can be used to showcase a new and innovative car design?","In an auto exhibition, car manufacturers often show their latest and innovative designs. What can be used to showcase the new car prototype?"
5,5,"At an automobile exhibition, what in the picture can be used to display a brand new, forward-thinking car design?","At an automobile design exhibition, what in the picture of it can be used to display a brand new, forward-thinking car car design?"
5,5,"In an automobile exhibition, car manufacturers often showcase their latest designs and prototypes. What item in the picture can be used to display a new and innovative car design?","In an auto exhibition, manufacturers often show their latest and innovative designs. What item in car can be used to display a car prototype?"
5,5,"During an automobile exhibition, car manufacturers frequently present their newest prototypes and designs. What in the picture could be utilized to showcase an innovative new car design?","During an automobile show, car manufacturers frequently expose their new prototypes. What could be present to design an innovative new design?"
5,5,"During an automobile exhibition, car manufacturers often showcase their latest designs and prototypes. What specific object can be utilized to present new and innovative car designs, based on the picture?","During production, automoticians often exhibit new and innovative car designs. What object can be used to highlight a car based upon the design?"
5,5,"If a person lies down in bed and wants to find something to watch to relax, what appliance in the room can they consider using to watch various programs or movies?","If someone finds down in the room and wants to enjoy something to relax, what appliance can they use to watch various books or movies present?"
5,5,"If a person lies down in bed and wants to find something entertaining to watch, what appliance in the room is suitable for them to consider using to browse and watch various programs, movies or shows?","If someone in the room is reapplying to have fun at, is it suitable to browse various movies and books to watch or bring?"
5,5,"If someone is lying in bed and wants to unwind by watching movies or different programs, what appliance in the room can be utilized for this purpose?","If someone is lying in bed and wants to unwind by watching movies or different rooms, what appliance can be utilized for this purpose?"
5,5,Suppose a person is lying in bed and wants to relax by watching a show or movie. What device could they utilize in the room to browse and watch various programs?,Suppose a person is lying in the room and wants to relax by watching a movie or show. What device could they utilize to watch various programs?
5,5,"When a person is lying down in bed and wants to find something to watch and relax, what device in the room could be used to access various programs or movies?","When a person is lying down in bed and wants to find something to relax, what device in the room could be used to access various movies?"
5,5,The teacher needs to write the lesson content on this object when they are teaching in the classroom. What is this object in the picture?,The teacher needs to write the lesson content on this object when they are teaching in the classroom. What is this object in the the picture?
5,5,What is the object in the picture that a teacher in a classroom could use to write lesson content on while teaching?,What is the object in the picture that a teacher in a classroom could use to write a lesson content on in learning to do while teaching?
5,5,"In the classroom, what is the object that the teacher utilizes to write the lesson content?","In the classroom, what is the object that the teacher utilizes to write the lesson content? The project students define what to the teacher?"
5,5,What is the object in the picture on which a teacher may write lesson content during classroom instruction?,What is the object of the picture on which a teacher may write whaton content in classroom content during the lesson in past student instruction instruction?
5,5,"In the context of a classroom, what object might a teacher use to write lesson content?","In the context of a classroom, what might be an object to lesson content: Given what purpose a class teacher used to write a text?"
5,5,"If a teacher wants to write the lesson content while teaching in a classroom, what is the object in the picture that can be used for this purpose?","If a teacher wants to write the lesson content while teaching in a classroom, what is the object that can be used in this picture purpose?"
5,5,A fruit salad is a refreshing and delicious dessert that often consists of a variety of fruits mixed together. What object in the picture could be used to hold and serve such a dessert?,A fruit salad is a refreshing and pleasant dessert often loaded together. What object could be used in the mixture of such a fruit?
5,5,"What object present in the picture could be utilized to hold and serve a fruit salad, a refreshing and delicious dessert that usually incorporates an assortment of fruits?","What object present in the picture could be utilized to serve a refreshing salad, an assortment of a delicious fruit fruit?"
5,5,"To hold and serve a fruit salad, what object in the picture could be utilized?","To hold and serve a fruit salad, what object in the picture will be utilized? Nothing like to satisfy the object platter could run?"
5,5,"If you were making a fruit salad, which item from the picture would you use to serve and hold the dessert?","If you were making a fruit salad, which item from the picture I had, would you use the food to serve and hold the dessert?"
5,5,What object in the picture could be utilized to contain and serve a delicious and refreshing fruit salad dessert abundantly made up of a diversity of fruits?,What object of the picture could be utilized to contain and serve a delicious refreshing salad dessert made up of a diverse fruit?
5,5,someone who is taking a photo,I believe that someone who has been taking a photo for the first time taking a photo Description. a patient who is taking photos | How she gets an
5,5,the places where people can sit,"all the reasons why the people can walk and sit.s Bud Light shapes the places where people can serve the rooms, places where people are looking"
5,5,What object in the room can we stuff clothes into for storage or transportation?,What object material in the room is for storage or transportation: How long can we stuff stuff tow into the clothes for storage or objectives?
5,5,Which furniture item in the room could be used for storing or transporting clothes when they are jam-packed?,Which furniture item in the room could be used for storing or transporting clothes for which clothes are jammed when they are wood-packed?
5,5,Where could we store or transport clothes by stuffing them in an object inside the room?,Where could we store or transport goods to an object by stuffing them inside the room: What if stored in a fabric wire carrying them in the?
5,5,What object can be utilized to store or transport clothing by filling it with clothes?,What object can be safely utilized to store and transport clothing by filling or merging it with clothes? Consider it to be used through clothes?
5,5,What is the item in the room that can be used for storing or transporting clothes after being filled with them?,What is the item in the room that is filled with the cloth that can be used for storing or transporting clothes after being allowed to dress them?
5,5,What object in the room can be used for the storage or transportation of clothes by stuffing them in?,What object of the space in the room can be used for the storage or transportation of clothes to them by stuffing them while inhing in?
5,5,the area where people can walk,the area of which we can tell people how to walk and walk. Warway. The area that supports the areas where people when children are walking
5,5,"When enjoying a plate of chicken wings, what in the picture can be used to enhance the flavor of the wings by dipping them in it?","When enjoying a plate of chicken wings, what in the picture can be used to enhance the flavor of the wings by taking them?"
5,5,"When enjoying a plate of chicken wings, what in the picture could be utilized to enhance their flavor by dipping the wings into it?","When enjoying a plate of chicken wings, what in the picture could be utilized to enhance their flavor by dipping the wings?"
5,5,What in the picture could be a good choice to serve as a dip and enhance the flavor of chicken wings when being enjoyed?,What in the picture could be a good choice to serve as a dip and enhance the flavor of chicken wings when being being enjoyed?
5,5,"When savoring a plate of chicken wings, what item in the picture can be utilized to improve their taste by dipping them in it?","When savoring a plate of chicken wings, what item in the picture can be utilized to improve their taste by dipping them in it?"
5,5,What in the picture can be used to improve the flavor of chicken wings by dipping them in it?,What in the picture can be used to improve the flavor of the heart of chicken wings by whatping it in dipping them in them?
5,5,"When enjoying a plate of chicken wings, what in the picture can be utilized by dipping them in it to enhance the flavor of the wings?","When enjoying a plate of chicken wings, what in the picture can be utilized by dipping them in it to enhance the wings?"
5,5,"What should we close before take a shower, in order to prevent water from splashing out and getting the whole bathroom wet ?","What should we close before take a shower, in order to prevent water from splashing out and getting to let the whole bathroom wet ?"
5,5,What should we close before taking a shower to prevent water from splashing out and getting the bathroom wet?,What should we close before taking a shower to help prevent water from splashing out and washing wet without what getting the bathroom down?
5,5,"Before taking a shower, what object should be closed to prevent water from splashing out and getting the whole bathroom wet?","Before taking a shower, what object should be closed to prevent water from splashing out and getting the whole bathroom wet before shaking?"
5,5,What item in the bathroom should you close before taking a shower to avoid water splashing and making the floor wet?,What item in the bathroom should you close before taking a shower to avoid water splashing and making the floor wet to avoid the bath?
5,5,What part in the living room can people sit on and watch TV or take a nap?,What part of the living room will people sit in the bed and play on TV or take a nap? The moment anyone can watch and hang out?
5,5,What furniture item can people sit on in the living room to watch TV or take a nap?,What furniture item can all living people sit on the TV display in the bedroom to sleep with or watch it when someone will take a nap?
5,5,What is the typical furniture item in a living room that people sit on when watching TV or taking a nap?,What is the typical furniture item in a living room that makes people sit on when watching the TV or reading what to sleep when taking a nap?
5,5,What area in the living room can people sit on to watch TV or take a nap?,"What area of the living room in the bed will people wonder where anyone can sit on TV to take a sleep, or hang on to watch it?"
5,5,What item in the living room provides a comfortable place to sit and watch TV or take a nap?,What item in the living room located before the TV provides a comfortable place to sit and sleep and play a nap or just wish to take a watch?
5,5,What furniture item in the living room could be utilized for sitting and watching TV or napping?,"What furniture and storage item in the living room could be utilized for sitting or watching the TV, thought of moving to bed or napping?"
5,5,"the most commonly used buttons for moving up, down, left and right","the most commonly used braces and buttons. the only button that describes how to rotate up and down for moving up, down, left, and right"
5,5,something that shows the destination of this bus,"something that will show the destination of something that shows the object of this hotel.ight that for the bus, we define the destination of changing warmer"
5,5,the place where people can sit on a bicycle,the place where people literally want to relax on a bicycle. for the reasons that people can walk on the back of a day biking
5,5,"When exploring the beach and handling sea creatures, we must be cautious to avoid injuries. What in the picture can cause injuries if touched without proper care?","When exploring the beach and hiding creatures, we must be cautious to avoid injuries. What can cause suffering if in proper sight?"
5,5,"During beach exploration and handling of ocean creatures, it is important to exercise caution to prevent injuries. What in the picture could lead to injuries if not approached with proper care?","During ocean exploration and operation of the ocean, it is appropriate to avoid serious injuries. What can lead to caution if seen with care?"
5,5,"During exploration of the beach and handling of sea creatures, it is important to exercise caution to avoid injury. What items in the picture have the potential to cause harm if not handled properly?","During exploration of the sea, it is important to avoid captured items in the cause of injury or harm. What photographs have to avoid correctly?"
5,5,"During beach exploration and handling of sea creatures, what object(s) in the picture could cause injury if touched without sufficient precautions?","During beach exploration and handling of sea creatures, what object(s) in the picture could cause injury if touched without sufficient precautions?"
5,5,"When exploring the beach and handling sea creatures, it is important to exercise appropriate caution to avoid injuries. Which objects in this picture might cause injury if handled without care?","When exploring sea animals and objects in this scene, it is important to avoid sufficient caution to avoid injuries. Which dog might cause beauty?"
5,5,What object would people sit on when eating together at a dining table?,Remember: what object would people end up eating together on a dining table? What object to sit at when drating from a meal?
5,5,What is the object that people normally sit on while eating together at a dining table?,What is the object that people normally work together on during a dining table? Which describes what to sit at while eating at the food pocket?
5,5,What is the object that people typically sit on when they eat together at a dining table?,What is the object that people typically work together with at a dining table? Which describes what they eat when they sit on a food dish?
5,5,What is the object people typically sit on when they eat together at a dining table?,What is the object people are typically living together on at a dining table? We define what to eat when they sit on the dinner dish?
5,5,What object might individuals sit on when having a meal together at a dining table?,What object does individuals wish to sit on at a dining table. Which object might have together when having a food dissected during a meal?
5,5,"At a dining table where people gather to eat together, what object is typically utilized for sitting?","At a dining table table where people gather to eat when gathered together, which object is typically utilized for sitting, what a user will say?"
5,5,"In ice hockey, players use specific equipment to control the puck and score goals. What object in the picture could be used by the players for this purpose?","In ice hockey, players use specific equipment to control the puck and score goals. What object in the picture could be used by the players for?"
5,5,"In ice hockey, players typically utilize certain equipment to control the puck and score goals. Can you identify what object(s) in the picture could be used by the players for this purpose?","In ice hockey, players typically utilize equipment to control this goal. Can you identify what object(s) used by the players in the picture?"
5,5,"In ice hockey, players use specific equipment to control the puck and score goals. What object in the picture could be utilized by the players for this purpose?","In ice hockey, players use specific equipment to control the puck and score goals. What object could be utilized by the players for this purpose?"
5,5,the speaker,the gift of a lecture on solving noise and answering the seminar. we knew why the speaker the speaker the speakerer: Grapper. responding
5,5,What equipment can be used to increase the temperature of indoor air in winter?,What equipment can be used to increase the temperature of indoor air? Answer: It can improve the temperature of all food trapped in the winter?
5,5,"What device can be utilized to raise the temperature of the indoor air during winter, in order to keep it warm and comfortable?","What device can be utilized to raise the temperature of the indoor air during winter, in order to keep it warm, comfortable and comfortable?"
5,5,What equipment can be used to raise the temperature of indoor air during the winter months?,What are the equipment designed to raise the temperature of indoor air when dry? What can be used to cattle during the upcoming winter months? for
5,5,What appliance can be used to increase the indoor air temperature during the winter season?,What appliance can be used to increase the temperature during the current winter season: How can it compensate the indoor air sheater during winter?
5,5,"As a smart home AI, what appliance would you turn on to increase the temperature of indoor air in winter?","As a smart home AI, what appliance would you turn on to allow you to increase the temperature of the indoor air in winter performance?"
5,5,the food that is rich in carbohydrates,the food that is full of carbohydrates in carbo: The quality that is rich in carbohydrating greensans
5,5,"In homes, perishable foods are often stored in low-temperature appliances to prevent spoilage. What object in a home is mostly adapted for this purpose?","In homes, perishable foods are mostly stored in low-temperature appliances. What object in a home is adapted for this?"
5,5,What appliance in a home is commonly utilized to store perishable foods at low temperatures to prevent spoilage?,What appliance in a home is commonly utilized to store perishable foods at low temperatures to prevent heaves from spoilage?
5,5,"In a home, what appliance is commonly used to store perishable foods at low temperatures to prevent spoilage?","In a home, what appliance is commonly used to store perishable foods at low temperatures to prevent side effects and spoilage?"
5,5,"At home, what object is typically used to store perishable foods at low temperatures to prevent spoilage?","At home, what object is typically used to store perishable foods at low temperatures to prevent spoilage, by storing panes?"
5,5,"In homes, perishable foods are frequently kept in low-temperature environments to prevent spoilage. What appliance in the home is typically utilized for this purpose?","In homes, perishable foods are typically kept for low-temperature purposes. What appliance is frequently utilized in the home environment?"
5,5,"In a home, what appliance is typically used to store perishable foods in low-temperature environments, in order to prevent spoilage?","In a home, what appliance is typically used to store perishable foods in low-temperature environments, in order to prevent compression?"
5,5,something indicating the identity of the car,something which aka the identity of the expression of the key. she believing something about the travel valuation for a car indicating the identity of the
5,5,"When taking a break outdoors, people often look for a comfortable place to lie down and rest. What object in the picture provides a suitable space for relaxation?","When taking a break outdoors, people often look for a comfortable place to lie down and rest. What object in the picture provides suitable space?"
5,5,"When outdoors and looking to take a break, people often search for a comfortable place to rest. What object in this picture would provide a suitable space for relaxation?","When outdoors and looking for a comfortable place to break, people often search for rest. What object in this picture would provide a suitable space?"
5,5,What in the picture would provide a suitable space for relaxation when taking a break outdoors and seeking a comfortable space to lie down and rest?,What in the picture would provide a suitable space for relaxation when taking a break outdoors and seeking a comfortable space to lie down and rest?
5,5,"When people take a break outdoors, often a pleasant spot to rest and relax is sought. Could you identify which object in the picture can provide such a space?","When people take a break outdoors, often a pleasant spot to rest and relax is sought. Could you identify which object in the space provide?"
5,5,"During outdoor breaks, people often seek a cozy place to rest and unwind. What in the picture can provide a suitable location for reclining and relaxation?","During outdoor breaks, people often seek a suitable location for rest and unwind. What in the picture can provide a comfortable room for relaxing?"
5,5,"When outdoors and in need of a place to relax, what object in the picture could potentially provide a comfortable spot for lying down and resting?","When outdoors and in need of a place to relax, what object in the picture could potentially provide a comfortable spot for lying down and rest?"
5,5,"In the picture, there are vehicles parked in designated areas. What type of vehicle is parked near the road and used for transporting goods?","In the picture, there are vehicles parked in designated areas. What type of vehicle is parked near the road and used for transporting goods?"
5,5,"In the picture, there are several vehicles parked in designated areas. Could you specify the type of vehicle that is parked near the road and primarily used for transporting goods?","In the picture, there are several vehicles parked in designated areas. Could you specify the type of vehicle that is primarily used near transporting goods?"
5,5,"In the picture, there are several vehicles parked in designated areas. What vehicle type is parked close to the road, and is primarily used for transporting goods?","In the picture, there are several vehicles parked in designated areas. What vehicle type is parked near the road, and is primarily used goods?"
5,5,"In the picture, where is the vehicle that is parked near the road, which is often used for transporting goods?","In the picture, where is the vehicle that is parked near the road, where the vehicle is, which is often used for transporting goods?"
5,5,"Looking at the picture, what type of vehicle intended to transport goods is parked near the roadway in a designated area?","Looking at the picture below, what type of vehicle intended to transport transported goods is parked near the roadway in a designated roadside area?"
5,5,"In the picture, various vehicles are parked in designated areas. Please point out the vehicle parked near the road, which is typically used for the transportation of goods.","In the picture, various vehicles are parked near designated areas. Please point the vehicle parked, which is typically used for the transport of goods."
5,5,"In a baseball game, the pitcher throws the ball to the batter, who tries to hit it. What equipment does the batter use to hit the ball?","In a baseball game, the pitcher throws the ball to the batter, who tries to hit it. What equipment does the batter use to hit?"
5,5,"During a baseball game, pitchers throw the ball to the batter who attempts to hit it. What piece of equipment does the batter utilize to hit the ball?","During a baseball game, pitchers throw the ball to the batter who attempts to hit it. What piece of equipment does the batter use to hit?"
5,5,"In a baseball game, the pitcher throws the ball to the batter, who tries to hit it with what piece of equipment?","In a baseball game, the pitcher throws the ball to the batter, who tries to hit it with the catch, how what piece of equipment?"
5,5,"In a baseball game, the pitcher throw the ball to the batter, who then attempts to hit it. What is the item of equipment used by the batter to hit the ball?","In a baseball game, the pitcher then attempts to throw the ball to hit it. What is the item of equipment used by the batter to?"
5,5,Street artists commonly perform in public spaces and use various instruments to entertain the audience. What musical instrument is the man in the picture playing?,Street theatre artists commonly perform in various spaces and use musical instruments to entertain the audience. What instrument is the man in the picture in the public playing?
5,5,What musical instrument is the man in the picture playing as a street artist to entertain the audience?,What musical instrument is the man in the street sign to entertain the artist in the film: Whatever is a visual artist working as playing the audience?
5,5,What musical instrument is the man in the picture playing during his street performance?,What musical instrument is the man in the picture during the musical performance: What nature is he playing for while recording the quote in his street car play?
5,5,"What musical instrument is the man playing in the picture, given that street artists often utilize various types of instruments to entertain their audience in public spaces?","What musical instrument is the man playing in the picture, given that street artists often utilize various types of instruments to entertain their audience in public spaces?"
5,5,What musical instrument is the man depicted in the picture playing while performing as a street artist to entertain his audience?,What musical instrument is the man depicted in the picture performing while playing as a street artist to entertain the musical audience when he is content his dance?
5,5,What musical instrument is the man in the picture playing as he performs on the street to entertain the audience?,What musical instrument is the man in the picture performing on the street as he meets the audience in the passage to entertain the dance who he is offering?
5,5,the more advanced warcraft,"the latest in the stroke warcraft. Description. the more advanced advanced advanced technology for precision warcraft, the more custom built to match earthquake"
5,5,"If you want to watch a movie or a football game in a relatively high-quality screen, what object in the hotel room will help you accomplish this task?","If you want to watch a movie or a football game in a relatively high-quality screen, what object in the hotel room will help accomplish this?"
5,5,"If you wanted to watch a movie or a football game on a high-quality screen, what item in a hotel room could be used to satisfy this demand?","If you wanted to watch a movie or football game on a high-quality screen, what item in a hotel could be used to satisfy this demand?"
5,5,What object in a hotel room could be used to watch a high-quality movie or a football game?,What object in a hotel room such as a ballroom could be used to watch for a high-quality high-quality movie or a sports game?
5,5,"If you are looking to watch a movie or football game on a high-quality screen within your hotel room, what in-room object would likely serve this purpose?","If you are looking to watch a movie or football game on a high-quality screen within your hotel room, what object would likely serve this purpose?"
5,5,What object in the hotel room can be utilized to experience high-quality video content such as a movie or a football game?,"What object in the hotel hotel room can be utilized to experience high-quality video content such as as a movie, or a football game game?"
5,5,"When preparing for a festive event like Halloween, people often use certain objects to decorate their homes. What object in the picture would be suitable for this purpose?","When preparing for a festive event like Halloween, people often use certain objects. What object in the picture would be suitable for this?"
5,5,"When preparing for a festive event like Halloween, what objects in the picture could be utilized for decorating homes?","When preparing for a festive event like Halloween, what objects in the picture could be utilized for decorating and presenting homes?"
5,5,"When people prepare for a festive event like Halloween, what specific object(s) in the picture might be suitable for the purpose of decorating their homes?","When people prepare for a festive event like Halloween, what specific object(s) in the picture might be suitable for their decorating?"
5,5,"When preparing for a festive event like Halloween, people often use certain objects to decorate their homes. Can you identify an object in the picture that would be suitable for this purpose?","When preparing for a festive occasion, people identify certain objects like Halloween. Can you use an image that would be suitable for this?"
5,5,"As Halloween is approaching, people usually decorate their homes with various objects. Given the picture, can you identify an object that would be suitable for this purpose?","As Halloween is approaching, people usually decorate their homes with various objects. Given the picture, could you identify an object that is suitable?"
5,5,"In regions with heavy snowfall, it is important to clear the roads for safe transportation. What equipment in the picture is commonly used for this purpose?","In regions with heavy snowfall, it is important to clear the roads for safe transportation. What equipment in the picture is commonly used for this?"
5,5,"In areas with heavy snowfall, roads must be cleared regularly to ensure safe transportation. What equipment from the picture is typically utilized for this task?","In areas with heavy snowfall, roads must be cleared regularly to ensure safe transportation. What equipment from the picture is typically utilized for this?"
5,5,"In regions with heavy snowfall, it is often necessary to clear roads for safe transportation. What equipment can be utilized for this task based on the provided image?","In regions with heavy snowfall, it is often necessary to safe clear roads for transportation. What equipment can be utilized based on this task?"
5,5,"In regions with heavy snowfall, it is important to clear the roads to maintain transportation. What equipment is typically employed for this purpose and can be observed in the picture?","On regions with heavy snowfall, it is generally common to maintain the roads for this purpose. What equipment is needed to be observed in the photo?"
5,5,"In areas with heavy snowfall, it is necessary to clear the roads in order to ensure safe transportation, and what equipment in the picture is typically utilized for this purpose?","In areas with heavy snowfall, it is necessary in order to clear the roads for transportation, and what equipment is typically utilized in this?"
5,5,What structure in the room allows people to observe outdoor scenery while sitting?,What structure in the room describes the atmosphere when planning outdoor scenery? It allows people to enjoy quiet space in sight to observe while sitting? Out
5,5,Which structure inside the room would enable people to observe the surrounding outdoor scenery while also seated?,Which structure inside the room would define the surrounding sunroom whilst seated? which enables people to observe the outdoor scenery while also treated?
5,5,Where can a person sit inside the room and observe the outdoor scenery?,Where can a person sit and walk inside the room and enjoy the outdoor scenery? Whenever one can locate the interior surrounding the usury?
5,5,What structure in the room would allow a person to observe the outdoor scenery while remaining seated?,What structure in a room would allow the person to observe the outdoor scenery to allow the remaining staff to relax while long after landscape seated?
5,5,What object in the room is designed for people to observe the outdoor scenery while seated?,What object of the outdoor room is designed for visitors to imaginate the scenery in the building while people are seated while day long?
5,5,Smoking is harmful to health and can lead to various diseases. What object in the picture is commonly used to collect cigarette ash and butts?,Smoking is harmful to health and can lead to various diseases. What object in the picture is commonly used to collect cigarette but?
5,5,"Cigarette smoking can result in numerous health problems, and what is the object commonly used in this image to collect cigarette ash and butts?","Cigarette smoke can result in numerous health problems, and what is the object commonly used in this image to collect cigarette butts?"
5,5,"Given that smoking can be harmful to health and lead to various diseases, what object is typically used to collect cigarette ash and butts, which is shown in the picture?","Given that cigarette is typically used to smoking and beef and lead to harmful diseases, what object can be shown in the pictures"
5,5,What object in the picture is commonly used for collecting cigarette ash and butts due to the harmful health effects of smoking?,What object in the picture is commonly used for collecting cigarette ash and butts due to the harmful health health effects of smoking?
5,5,"During smoking, cigarette ash and butts are generated and can pose a health hazard. What is typically used to collect cigarette ash and butts in this picture?","During smoke, cigarette ash and butts can pose a health hazard. What is typically used to generate cigarette and felt?"
5,5,What object in the picture is commonly used for collecting cigarette ash and butts?,What object in the picture is commonly used for collecting cigarette or cigarette ash: That which is sensitive to wire creases and?
5,5,the equipment that can assist disabled individuals in mobility,the one of the equipment that can assist individuals in mobility: .net The facilities that will assist disabled workers in helping heighten mobiles in temporary
5,5,What object in the picture can be used to keep precious memories in the form of photographs and paintings?,What object in the picture can be used to keep precious memories and photographs in the home in the form of visuals and paintings?
5,5,What object in the picture can be utilized to preserve and display cherished memories in the form of photographs and paintings?,What object in the picture can be utilized to preserve and display cherished memories in the form of photographs and paints and paintings?
5,5,What object in the picture is typically used to store and display precious memories in the form of photographs and paintings?,What object of the picture in the paint is typically used to store and display precious memories in the form of photographs and memorings?
5,5,"What is the item in the picture that can be used to store cherished memories, such as photographs and paintings?","What is the item in the picture that can be used to store cherished memories, such as the image of photographs, and paintings?"
5,5,"What item in the picture can individuals utilize to safeguard cherished memories, such as photographs and paintings?","What item in the picture can individuals utilize to safeguard cherished memories, such as when featuring photographs, images and paintings?"
5,5,the tool used for scaling fish,The part of the tool used for scallop. we weighed for calculating the size of water that combines key parameters for double fishing fish growing
5,5,"The athlete in the picture seems to be very excited about the competition results. If she needs to maintain clear vision underwater, what item should she wear over her eyes?","The athlete in the picture seems to be very excited about the competition. If she needs to maintain underwater eyes, what object should she wear?"
5,5,"What should the athlete wear over her eyes to maintain clear vision underwater, even when excited about the competition results?","What should the underarm athlete wear out of her eyes before planning on the competition to deliver powerful vision results, even when clear about the weather?"
5,5,"To maintain clear vision underwater, what item should the athlete wear over their eyes, given their evident enthusiasm for the competition results?","To maintain underwater clear over vision, what item should the athlete wear in their eyes, given their obvious enthusiasm for the competition results?"
5,5,"If the athlete needs to maintain clear vision while underwater, what item should she wear over her eyes?","If the athlete needs to maintain clear physical vision while underwater, what item should she wear over the eyes? Should she solve for her feet?"
5,5,"If the athlete in the picture needs to maintain clear vision while underwater, what should she wear over her eyes?","If the athlete in the picture needs to maintain a clear vision in underwater, what should she wear over the eyes while where she hide her?"
5,5,"If the athlete in the picture requires clear vision when underwater, what equipment should she wear over her eyes?","If the athlete in the picture requires a clear vision when underwater, what functional equipment should she wear over the eye if she beside her eyes?"
5,5,Where can we stand to get our body clean using water and soap at the same time?,Where can we get to stand to keep our body clean using the same soap and water for the same time? Should we face fertility at all?
5,5,What area in the picture is suitable for cleaning our body using water and soap simultaneously?,What area of the body in the picture is perfectly suitable for cleaning our skin using water and soap?ice provides lighting when cleaning simultaneously?
5,5,Where is the place where we can stand and cleanse our body using soap and water simultaneously?,"Where is the place where we can cleanse and stand around the body using soap and water supplied to our plants, where can we breath and simultaneously?"
5,5,Where in the picture is the location that one can stand to clean their body while utilizing both water and soap?,Where in the picture of the home is the location that one can stand to clean their body while that is utilizing both water and any fluid soap?
5,5,What region of an indoor setting provides a suitable space for a person to utilize soap and water to clean their body simultaneously?,What region of an indoor setting provides a suitable space for a person to utilize soap and water to allow the ground to clean their body simultaneously?
5,5,"In the picture, where can we stand to cleanse our body using soap and water at the same time?","In the picture below, where can we stand to cleanse the body using soap and water in our clothes: Who ever is at the same time?"
5,5,Where can we place an alarm clock to remind us to get up in the morning?,Where am I sure to place an alarm clock to remind us for the morning? When can we connect to get us up in the morning morning?
5,5,"To help us wake up in the morning, where is the most suitable place to position an alarm clock?","To help us to wake up asleep in the morning, where is the most suitable place to position an alarm clock: who makes an alarm?"
5,5,"As a smart home assistant, where would you suggest placing an alarm clock to ensure reminders to wake up timely in the morning?","As a smart home home assistant, where would you suggest placing an alarm clock to ensure reminders to wake up timely in the morning?"
5,5,In which location could we put an alarm clock to remind us to wake up in the morning?,In which location could we put an alarm clock to home to remind us of what to do to let us wake up in the morning morning?
5,5,Where is the optimal location to place an alarm clock to remind us to wake up in the morning?,Where is the optimal location to place an alarm clock to set a nap to remind us of the immediate response to wake up in the morning?
5,5,"As a smart home AI, where do you suggest placing an alarm clock to remind us to wake up in the morning?","As a smart home AI, where do you suggest placing an alarm clock to remind us to wake up to resty in the morning?"
5,5,Many children enjoy building and creating things using small colorful blocks. What objects in the picture could be used to create various structures and shapes?,"Many children enjoy building and creating things using various colorful blocks. What objects in the picture could be used to create small, complex structures and shapes?"
5,5,"For creating various structures and shapes, what items in the picture could be employed using small colorful blocks that children enjoy?","For creating various shapes and structures, what items in the picture could be employed in small blocks, using several colorful texture patterns that let children enjoy?"
5,5,"What object(s) in the picture could be utilized to build and construct various shapes and structures, especially those favored by children?","What object(s) in the picture could be utilized to build and construct various shapes and structures, especially those that were favored by children?"
5,5,"Many children are fond of building and creating various structures using small and colorful blocks. In the picture, can you point out the objects that may be utilized to construct these structures?","Many children are fond of building and creating various colorful structures. In the point, can you picture the objects that may be utilized these structures?"
5,5,"Many children enjoy building and creating structures using small, colorful blocks. Which objects in the picture can be utilized for this purpose to make different shapes and structures?","Many children enjoy building and creating small, shapeful blocks. Which objects in the picture can be utilized for this purpose using different shapes and structures?"
5,5,"To create various structures and shapes, what objects in this picture could be used, particularly for children who enjoy building and creating with small colorful blocks?","To create various structures and shapes, what objects in this picture could be used, particularly for children who enjoy building and creating with small colorful blocks?"
5,5,"When driving a car, it's important to keep an eye on the road and stay aware of the surroundings. What part of the car in the picture helps the driver see what is happening behind the vehicle?","When driving a car, it is helpful to keep an eye on the scene and see what happens. What part of the car stays in the perspective?"
5,5,It's important for drivers to stay alert and aware of their surroundings when driving. What part of the car in the picture is designed to enable the driver to see what is happening behind the vehicle?,It's helpful for drivers to stay visible in the car when watching. What part of the driver is designed to reflect the situation behind the road?
5,5,"When driving a car, staying alert of the surroundings is very important. Can you locate an object in the picture that provides the driver with a rear view?","When driving a car, locateing the surroundings is very important. Can you provide an endpoint of the picture that keeps the driver in view?"
5,5,"When driving a car, it is important for the driver to remain vigilant of their surroundings and keep their eyes on the road. Please identify which component of the car in the picture could aid the driver in observing events happening behind the vehicle.","Before happening, the driver is helpful in surrounding their vehicles and may help the driver recognize which part of the car is visible in the road."
5,5,"When driving a car, it is essential to keep an eye on the road and be aware of surrounding events. Which part of the vehicle in the picture helps the driver see what is happening behind the car?","When driving a car, it is essential to keep an eye on the surrounding terrain. Which part of the car helps the driver see what was happening?"
5,5,"When driving a car, it's important to keep an eye on the road and maintain awareness of the surrounding environment. What part of the car shown in the picture can be utilized by the driver to monitor ongoing activities behind the vehicle?","Before driving a car, it is helpful to keep an awareness of the vehicle behind the road. What part is displayed on the surrounding environment?"
5,5,"In order to take a clear and stable photo or video, what equipment in the picture can be used to hold the camera steady?","In order to take a clear and stable photo or video, what equipment in the picture can be used to allow the camera to hold the image steady?"
5,5,What equipment in the picture can be used to hold the camera steady for taking a stable and clear photo or video?,What equipment in the picture can be used to hold the camera stable and steady which can fit a shot for taking a clear and clear photo or video?
5,5,"To capture clear and steady photos or videos, what object in the picture could be used to hold the camera steady?","To capture clear and steady photos, images or videos, what object in the picture could be used to hold the camera steady in the picture bearing?"
5,5,I want to take a clear and steady photo or video. What equipment in the picture is designed to hold the camera steady?,I want to take a clear and steady photo or video. What equipment in the picture is designed to fit the camera to hold the camera warm steady?
5,5,"To achieve a clear and stable photo or video, what item in the picture can be utilized to hold the camera in a steady position?","To achieve a clear and stable photo or video, what item in the picture can be utilized to hold the camera in a steady and worn position?"
5,5,"To capture a clear and stable photo or video, what item in the picture could be utilized to keep the camera steady?","To capture a clear and stable photo or video, what item in the picture could be utilized to enable the camera to keep the picture in steady?"
5,5,"Dogs are known to be playful and sometimes they engage in physical activities with their owners. What body part of the dog in the picture is used to interact and playfully ""fight"" with the person?",Dogs sometimes are known to engage in physical activities with the owner. What body part of the dog is used to play and playfully with?
5,5,"What part of the dog's body in the picture is typically utilized to play and interactively ""fight"" with its owner or others?",What part of the dog's body in the picture is typically utilized to play and interactively 'fight' with its owner or others?
5,5,"Which part of the dog's body in the picture is typically utilized to interact and playfully ""fight"" with its owner?",Which part of the dog's body in the picture is typically utilized to interact and fightfully 'fight' with its play owner?
5,5,"When playing with humans, dogs use this part of their bodies to interact and playfight. What part of the dog's body in the picture could fulfill this purpose?","When playing with humans, dogs use this part of the bodies to play and fulfill this purpose. What part of the dog's body could?"
5,5,"Dogs are often playful and engage in physical activities with their owners. What specific body part of the dog in the picture is typically used to playfully ""fight"" with its owner?",Dogs are typically used to playfully and engage with their owner. What physical body part of the dog is typically playful in certain views?
5,5,What appliance can we use to cook a roast chicken?,What appliance can we use to cook a chicken likenocare? What machine can we use to feed a roast for chicken?
5,5,What household appliance might one typically use to cook a whole roast chicken?,What household cooking appliance might one typically use when you ask which one needs to cook a whole almond chicken to a roast ever?
5,5,What type of appliance would you use for cooking a roast chicken?,What type of home appliance would you use for cooking a grilled chicken? What do you use when roasting a roast?
5,5,What household appliance is commonly used to cook a roast chicken?,What household appliance is commonly used to cook pork chips? Because what ever the best food processor used to roast a chicken home?
5,5,Suppose we want to cook a roast chicken. What type of appliance should we use?,Suppose we want to cook a cold roast chicken. What possible appliance should we use? How to decide what type of plate we mean?
5,5,"When cooking roast chicken, what tool is typically used for the task?","When cooking roast beef chicken, carefully, what tool is typically used for the task? What reason specified for chopping the pan?"
5,5,"In a chicken salad, which ingredients in the picture provide a fresh and crunchy texture?","In a chicken salad, which ingredients in the picture provide a delicious, fresh and crunchy texture in a table area?"
5,5,What items in the picture would provide a fresh and crunchy texture to a chicken salad?,"What items that we wish in the picture would provide a crunchy, fresh and crunchy texture to a traditional chicken egg salad?"
5,5,Which items in the picture could be used to enhance the fresh and crispy texture of a chicken salad?,"Which items in the picture could be used to enhance the fresh, soft and crispy texture of whats of a chicken salad?"
5,5,Could you identify the ingredients in the picture that would provide a fresh and crunchy texture when used in a chicken salad?,Could you identify the ingredients in the picture that would provide a fresh and crunchy texture when used in a chickenin salad?
5,5,"When making a chicken salad, which ingredients in the image would typically offer fresh and crunchy texture?","When making a chicken salad, which ingredients in the image would typically offer the following fresh, salty and crunchy texture?"
5,5,"In a chicken salad, which ingredients in the picture would add a fresh and crunchy texture?","In a chicken salad, which ingredients in a slice in the picture would add a fresh and delicious, crunchy texture?"
5,5,"In the picture, we can see several insects sitting on the leaves and stems of plants. What part of the plant do insects usually hide or camouflage themselves on?","In the picture, we can see several insects sitting on leaves or stems of plants. What part of the insects usually hide and pose?"
5,5,"On which part of the plant do insects typically hide or camouflage themselves, based on the picture?","On which part of the plant do insects typically hide or camouflage themselves, while affected originate, based on what on the picture?"
5,5,"The picture shows several insects sitting on the leaves and stems of plants. Generally, on which part of the plant do insects usually hide or camouflage themselves?","The picture shows several insects sitting on leaves and stems of the plant. Generally, on which insects usually hide or camoufl?"
5,5,"When camouflaging themselves, on which part of the plant do insects typically hide or position themselves, as seen in the picture?","When camouflaging themselves, on which part of the plant do insects typically hide or position themselves, as seen from watching in the picture?"
5,5,"When observing several insects on the leaves and stems of plants as depicted in the picture, on what part of the plant do insects tend to hide or camouflage themselves?","When observing several insects as on the leaves and stems of the plant, on what insects tend to depict or hide the picture?"
5,5,"What structure is usually used to store books, documentation, and other similar materials in an organized manner?","What building structure is usually used to store books, literature, documentation, and other similar materials in various manner, or when an organized is safely used?"
5,5,"An object, typically used to store books, documentation, and other materials in a structured way.","An object, typically used to store books, projects, and other materials, or if covered to set documentation in a structured, structured way."
5,5,"What is the conventional name of the structure, which is often used for the clear, organized storage of books, documents, and similar items?","What is the conventional name of the structure, which is often used for the clear, organized, detailed storage of books, documents, and similar items?"
5,5,"What is the name of the structure normally used to stockpile books, documentation, and other similar materials in an arranged way?","What is the name of the internal structure normally used to stockpile books, literature, documentation, and other similar materials in a assembled way?"
5,5,"What is the common storage solution for organizing books, documentation, and other similar materials in a structured manner?","What is the common storage solution in structured hardware for organizing books, documents, literature, and other similar materials in a permanent wearing manner?"
5,5,"What structure is typically used to store books, documentation, and similar materials to keep them organized?","What building structure is typically used to store information, documents, and materials to keep them organized? Although similar to all materials used to book and compile?"
5,5,the area that displays current time,the itinerary that displays current current time. We believe that the area that is currently working in LED.terms the time that measures current area
5,5,"During a nighttime gathering around a campfire, people often use objects to add excitement to the atmosphere. What in the picture could be used to create sparks and brighten the surroundings?","During a late night gathering, people love the surroundings around the atmosphere. What can sometimes be used to create a lamp to spark scenes?"
5,5,"During a nighttime gathering around a campfire, objects are often used to add excitement to the atmosphere. Please identify the object in the picture that could be utilized to create sparks and brighten the surroundings.","During gathering around a nightclub, please create an impression that could be used in the atmosphere or objects to augment the light into the surround."
5,5,"When gathering around a campfire at night, people often use objects to enhance the mood. Could you point out what in the picture might be utilized to generate sparks and illuminate the surrounding area?",When gathering at night people can utilize a wall to illuminate the atmosphere. Could you suggest what objects might be sparked throughout the picture?
5,5,"During a nighttime gathering around a campfire, individuals might seek to enhance the atmosphere with fun activities and objects. What can be utilized in the image to create sparks and brighten the surroundings?","During a nighttime party, individuals might gather to enhance the atmosphere with light.What can be utilized in fun surroundings and objects?"
5,5,the person with the highest status,the person with the highest level of the highest in the status. aims to address the status with the only media who has the highest Absolute status
5,5,the part of the car that is used when raining,The part of the part of the car that is used all night. the daisy describes the tire that which is used when raining drying
5,5,What furniture should be used to sit on when working in an office?,What furniture should be used to work on when working in an office: What is the best wooden furnace to sit for while moved in work?
5,5,What is commonly used as seating when working in an office setting?,What is commonly used to identify seating when working as a sewing machine in office setting? What is the ideal working place when in a work.
5,5,"When working in an office, which furniture item could be utilized to facilitate sitting comfortably?","When working in a office, which furniture item might be utilized to facilitate sleeping, are you able to select furnished comfortably?"
5,5,"When working in an office, which piece of furniture could you utilize to sit on?","When working in a living room, which piece of furniture could you utilize to sit on, is the kitchen you desire to assemble on for?"
5,5,Cocktails often require a combination of different types of alcohol and mixers to create a balanced and flavorful drink. What in the picture can be used to mix the ingredients and provide a convenient way to drink the cocktail?,Cocktails often create the combination of different ingredients and alcohol to complement the drink. What can be used in a nice drink?
5,5,"What object could be utilized in the picture to mix the ingredients together to create a tasty cocktail, as well as a means of conveniently consuming said cocktail?","What object could be utilized to produce a cocktail to mix the ingredients, as well as a conveniently meaningful cock?"
5,5,"When mixing cocktails, a variety of alcohol and mixers are often combined to produce a balanced and flavorful beverage. What equipment shown in the picture could be utilized for mixing these ingredients and serving the cocktail in a convenient manner?",When mixing wine and cocktails a combination of various ingredients are utilized to produce the shown treat in a fashionable fashion. What
5,5,Cocktails typically involve a combination of various types of alcohol and mixers to achieve a well-balanced and flavorful drink. Which object can be used to blend the ingredients and provide an easy way to consume the cocktail in the picture?,Cotton objects typically involve a well-balanced combination of ingredients and drinkers and can make it possible to perform the cocktail!
5,5,"When making a cocktail, a combination of different types of alcohol and mixers is often required to create a balanced and flavorful drink. Please identify the object in the picture that can be utilized to mix the ingredients and provide a convenient way to drink the cocktail.","When making a mixed drink, please identify an ingredient and combinations of the elements that can be utilized to handle the cocktail drink."
5,5,"To create an aesthetically pleasing and tasty cocktail, it typically involves combining a variety of alcoholic beverages and mixers. Can you identify what item in the picture could be utilized to mix such ingredients and provide an easy means of enjoying the cocktail?",Can you generate a physically enjoyable cocktail and offer an example used to combine certain ingredients and beer aspects of the drink?
5,5,"When participating in a race, it is necessary to stay on a designated route to ensure fair competition. What in the picture provides a designated pathway for racing?","When participating in a race, it is necessary to stay on a designated route to ensure competition. What in the picture provides a designated fair path?"
5,5,What element in the picture provides a designated pathway for racing to ensure fair competition?,What element in the picture below provides a natural pathway for racing to ensure fair competition. What attribute provides a planned course for the race to care?
5,5,"When taking part in a race, it is crucial to remain on a designated route to guarantee fair competition. What objects in this picture create a designated path for racing?","When taking part in a race, it is crucial to remain on designated paths to guarantee competition. What objects in this picture create a designated route?"
5,5,"To ensure fair competition in a race, participants must remain on a designated course or track. What is depicted in the picture that provides such a path or route?","To ensure fair competition, participants must remain on a designated race or course. What is depicted in the picture that provides such a path or route?"
5,5,"When participating in a race, following a designated route is necessary to ensure fair competition. What would provide a designated pathway for racing in the image?","When participating in a race, following a designated route is necessary for ensure fair competition. What would provide a designated pathway in the racing image?"
5,5,"Trains are an efficient means of transportation, constantly traveling along fixed routes. What in the picture marks the path or route that the train follows?","Trains are an efficient means of transportation, constantly traveling along fixed routes. What in the picture marks the path or route the train follows?"
5,5,"In the context of train travel, what can be found in the picture that indicates the path or route that the train generally follows?","In the context of train travel, what can be found in the picture that shows the path or route that indicates the route that the train generally follows?"
5,5,"In the picture, what indicates or marks the path or route that a train typically follows?","In the picture, what is or indicates the type of route that follows? What suggests the path, track or marks that a train normally promises a?"
5,5,What object in the picture is used to designate or mark the path or route followed by a train which is an efficient means of transportation travelling along fixed routes?,What object in the picture is used to designate or mark the path or route followed by a train which is an efficient means of transport travelling?
5,5,Trains are considered an efficient mode of transportation since they travel along fixed routes. What feature in the picture marks the path or route followed by the train?,Trains are considered an efficient mode of transportation since they travel along fixed routes. What feature in the picture marks the path followed by the train?
5,5,the tool used for grabbing food,the tool used for releasing grabbing food - Wikipedia. The tool that describes the purpose of all particles used for grabbing and drink
5,5,"Helmets can effectively protect the safety of the head during cycling, but strong winds during high-speed cycling can affect the eyes. What part in the picture can protect the safety of the eyes?",Helmets during high-speed cycling can affect the safety of the eyes. But what lead in the head can protect the safety of the?
5,5,What item in the picture can help protect eyes from strong winds during high-speed cycling?,"What item in the picture can help protect the eyes from strong winds while sharing high-speed winds during auto cycling? For long distance,"
5,5,Suppose a person is cycling at a high speed and wants to protect their eyes from strong winds. What object in the picture can be useful to ensure their safety?,Suppose a person is cycling at a high speed and wants to protect their eyes from strong winds. What object in the picture can ensure safety?
5,5,What can protect the eyes to avoid the wind blowing while cycling at high speed?,What can protecting the eyes to resist the windflow while cycling? What it says to avoid the horizontal wind blowing at high speed while?
5,5,Which object in the picture can be used to shield and protect the eyes from the impact of strong winds during high-speed cycling and other activities?,Which object in the picture can be used to shield and protect the eyes from high-speed winds during the impact of cycling and other activities?
5,5,"In the image, which part can protect the eyes during high-speed cycling, given that helmets can safeguard the head, but speedy winds can be damaging to the eyes?","In microSD, which helicars can protect the eyes, but that high-speed parts can be winded during safeguarding the eye?"
5,5,something that the airplane uses to glide on the ground,something that we think of. that the airplane uses on the earth to glide through gravity and allows the airborne to run on the ground
5,5,the cheongsam hanging on the wall,the cheichonghan hanging on the etching hook. the custom for the tillu wearing a stone on the wall when beeping
5,5,"If we were attending a car show and wanted to sit down and enjoy the view of the displayed cars, where could we find a suitable place to rest?","If we were attending a car show and wanted to sit down and enjoy the view of the displayed cars, where could we find a suitable rest?"
5,5,"If we were attending a car show and desired to sit down and observe the displayed cars, where might we locate a suitable place to relax?","If we were attending a car show and desired to sit down and observe the displayed cars, where might we locate a suitable place to enjoy relax?"
5,5,"If we were attending a car show and wanted to sit down and enjoy the view of the displayed cars, could you point me out a suitable location where we could find a place to rest?","If we were attending a car exhibit, could you point out the place to sit back and find a suitable location where we could view dinner?"
5,5,"Suppose we are attending a car show and want to sit down to enjoy the view of the displayed cars, where could we find a comfortable place to rest?","Suppose we are attending a car show and want to sit down to enjoy the view of the displayed cars, where could we find a comfortable rest?"
5,5,"If we were attending a car show and wanted to sit and enjoy the view of the displayed cars, where could we find a suitable place to rest?","If we were attending a car show and wanted to sit and enjoy the view of a suitable cars, where could we find the place to rest?"
5,5,"While attending a car show, suppose we want to sit down and admire the displayed cars. Where would we find a suitable location to rest?","While attending a car show, suppose we want to sit down and admire the displayed cars. Where would we find a suitable location to rest?"
