num_steps,beam_width,orig_text,restored_text
1,0,"If we were at the location shown in the picture and wanted to have a picnic, what area would be a suitable spot for us to spread out a picnic blanket?","If we were near the location and provided us with a picnic, what area would be a suitable spot for to hang out a picnic picture?"
1,0,Suppose you are going to have a picnic at the location shown in the picture. What area is an appropriate location for laying out a picnic blanket?,Suppose you are going to have a picnic at the appropriate location. What area is shown in the picture for laying out a picnic blank?
1,0,"If you were at the location shown in the picture and you wanted to have a picnic, which area would be best suited for spreading out a picnic blanket?","If you were located in a picnic and were to show up the picture, the area best suited for gathering a picnic blanket?"
1,0,"If we were at the location shown in the picture and desired to have a picnic, where would be a feasible location to lay out a picnic blanket?","If we were at the location to have a picnic, where would the desired picture be shown in a ready outlet and possess a picnic?"
1,0,Suppose we are currently at the depicted location and are seeking to have a picnic. What would be the best area to spread out a picnic blanket?,We are currently serving a picnic location and are in a blanket. What would be the situation to bring out the best depicted picnic?
1,0,"In a modern office, employees often have meetings to discuss work matters. What object in the picture can be used as a surface for employees to place documents or devices during a meeting?","During office, employees often have documents or surfaces to discuss meetings. What object in a office can be used as a picture for the employees work?"
1,0,What object in the picture might function as a surface for employees to place documents or devices on while holding a meeting to discuss work matters in a contemporary office setting?,What object in the picture might serve as a surface to hold documents or office objects on a meeting to discuss issues while holding a contemporary work in place?
1,0,"In a modern office, meetings are frequently held to discuss work-related issues. Which object in the picture could be utilized as a surface to place documents or devices on during such meetings?","During meetings, which object in the office is frequently used to hold a picture or device to be addressed during such meet-related issues. Places could"
1,0,"In a modern office, what object in the picture could be utilized as a surface during meetings for employees to place documents or devices?","In a modern office, what object in the picture could be utilized as a surface for employees to place documents or devices before meeting in meetings?"
1,0,"In a modern office, meetings are a common way for employees to discuss work matters. What object can be utilized as a surface for employees to place documents or devices during a meeting, as portrayed in the image?","For employees, presentations are a common means for employees to handle objects in a workplace? What device can be played and utilized as presentation?"
1,0,"In a modern office, meetings among employees to discuss work matters are common. What is the object in the picture that can be utilized as a surface to place documents or devices during such a meeting?","On formal office, meetings among employees occur. What is the object in the picture to be utilized to place such documents or devices as a conversation"
1,0,What object in a room can put on the floor to make people feel more comfortable walking?,What object in a room can put on the floor to make people feel comfortable walking to make the person feel more comfortable that is making comfortable walking??
1,0,What object could you put on the floor in a room to make people feel more comfortable while walking?,What object could you put on the floor in a room to make people feel more comfortable in the walking while making people feel the way to walk??
1,0,What can be placed on the floor that would make walking more comfortable inside a room?,What can be placed on the floor that would make walking more comfortable about the room. That can make walking more beis inside a home a room?
1,0,What can be placed on the floor in a room to create greater comfort while walking?,What can be placed in the floor on a room to create greater comfort within walking that creates the need to offer comfort in the space while standing??
1,0,What object placed on the floor could make people feel more comfortable while walking in a room?,What object placed on the floor in a room could make people feel more comfortable while walking comfortably while sitting. What would feel more in the room?
1,0,"In an office, people sometimes need to print a large number of files in a short period. What device can be used to complete this task quickly?","In an office, people often need to print a large number of files in a short period. What device can be used to complete this task quickly?"
1,0,"When there's a need to print a large number of file quickly in an office setting, which device is typically utilized?","When there's a need to print a large number of file quickly in an office setting, which device is typically in utilized in a setting?"
1,0,"In an office environment, when a large number of documents need to be printed within a short period of time, what device would you suggest using to accomplish this task quickly?","On a office environment, when a large number of documents need to be printed within a short period of time, what device would you suggest to accomplish?"
1,0,What device can be utilized to quickly complete the printing of a large volume of files in an office setting?,What device can be utilized to quickly complete the printing of a large volume of files to be used in a large office setting in an office setting?
1,0,"When there is a large amount of printing required for office documents, what electronic device can be used to complete the task quickly?","When there is a large amount of paperwork required for office printing, what electronic device can be used to complete the required task of documents quickly??"
1,0,the food with high protein,"the food with the high high protein, with DNA of high quality and high energy Magic food that has high protein for working high in real high- protein"
1,0,the youngest person,"the youngest person, youngest child. the youngest person the youngest person. The youngest person is the answer to -.goinggoing"
1,0,"In an office setting, people often use writing instruments to take notes or sign documents. What object in the picture would be commonly used for this purpose?","In an office setting, people commonly use writing instruments to take notes or sign documents. What object in the picture would be often used for this purpose?"
1,0,"When working in an office environment, what item in the picture would be typically utilized to take notes or sign documents?","When working in an office environment, what item in the picture would be typically utilized to take notes or documents, are signup to typed documents?"
1,0,"In an office setting where individuals often need to take notes or sign documents, what objects could be used for this purpose based on the picture?","In an office setting where individuals often need to take notes or sign documents for this purpose, what objects could be used to carry out based on the picture"
1,0,"In an office setting, people regularly use writing instruments to sign documents or take notes. What items in the picture could be used for this function?","In an office setting, people regularly use writing instruments to sign documents or take notes. What items in the picture could be used for this function??"
1,0,"In an office setting, taking notes or signing documents typically requires the use of certain objects. What item in the picture is commonly utilized for these purposes?","In an office setting, taking notes or displaying documents typically requires use of certain items. What item in the picture is commonly utilized for these purposes?"
1,0,"In an office setting, what item in the picture would be commonly used for taking notes or signing documents?","In an office setting, what item in the picture would be commonly used for taking notes or signing documents? What in the picture for signing items??"
1,0,"In military organizations, there are often individuals responsible for leading a group of troops. Who in the picture is likely fulfilling this leadership role?","In organizations, there are often people responsible for leading a group of military leaders. Who in the picture is likely fulfilling this armed leadership role?"
1,0,"In a military organization, there are frequently individuals responsible for leading a group of troops. Who in the picture is most likely fulfilling this leadership position?","In a military organization, there are often the officers responsible for this task. Who in a group of individuals is most likely fulfilling a leadership?"
1,0,"Who in the picture is likely serving in the role of leading a group of troops, a common responsibility in military organizations?","Who in the picture is likely serving their part in the role of a group of employees, a common concern in leading the military in union leadership services?"
1,0,Which individual in the picture is likely fulfilling the leadership role in a military organization by commanding a group of troops?,Which individual in the picture is likely fulfilling the commanding role in a military organization by fulfilling a group of troops in military leadership?
1,0,"Amid military organizations, who among the individuals shown in the picture is most likely to be fulfilling a leadership role and leading a group of troops?","Famous military organizations, who among the subjects shown in the picture is likely to be a leader and fulfilling a group of troops troops??"
1,0,"In a military organization, there are often individuals responsible for leading a group of soldiers. Who in the picture is likely fulfilling this leadership role?","In a military organization, there are often individuals responsible for leading a group of soldiers. Who in the picture is likely fulfilling this leadership role?"
1,0,the equipment that the workers use to climb upwards,the equipment that the workers use to do to climb upwards -. the workers that the workers use to lift down to climb maximum lengthwise
1,0,"In horse racing, there are often obstacles that the horses and riders need to overcome. What objects in the picture can be used as obstacles in an equestrian course?","In horse racing, there are often obstacles that horses and riders need to overcome. What objects in the picture can be in an obstacle?"
1,0,"While competing in a horse race, what objects in the picture could be utilized as obstacles for the horses and riders to overcome in an equestrian course?","While exploring obstacles in a horse and horse race, what objects in the picture could be utilized as competers for the equestrian?"
1,0,"Equestrian horse-racing often entails overcoming a variety of obstacles. Based on the picture, which objects could be utilized as obstacles for horse riders to overcome?","Equestrian horse-drivers often entail horses pursuing obstacles. Based on the picture, which horses could be utilized for several?"
1,0,What objects in the picture can be set up as obstacles that horses and riders have to overcome during a horse racing match?,"What objects in the picture can be set up as obstacles that horses and riders have to overcome during racing, as a horse horse match??"
1,0,Which objects in the picture could be utilized as obstacles for horses and riders to navigate during an equestrian course?,Which objects in the picture could be utilized as obstacles for horses and riders to navigate during an equestrian course during the trailway?
1,0,"In horse riding, it is important to have control and direction over the horse. What object in the picture is used to guide and control the horse's movements?","In horse racing, it is important to have control and direction over the horse. What object in the picture is used to control and guide horse's"
1,0,"In horse riding, having control over the horse's movement and direction is vital. Can you identify the object in the picture that is utilized to guide and control the horse?","In horse control, moving and holding the horse is essential. Can you identify the object that is utilized in the picture to guide the horse' behavior"
1,0,"To maintain control and direction over a horse during horse riding, which item in this picture is typically utilized to guide and regulate the horse's movement?","To control and regulate a horse's direction during horse riding, which item in this picture is typically utilized to guide the horse movement?"
1,0,"In horse riding, it is crucial to have control and direction over the horse. What object in the picture is typically used for guiding and controlling the movements of a horse?","In horse riding, it is typically crucial to have control over and direction of the horse. What object in the picture is used for driving?"
1,0,"Succulents are plants that can store water in their leaves, stems, or roots. What characteristic of the plant in the picture allows it to survive in dry environments?","Succulents are plants that allow water to survive in their leaves, stems, or roots. What feature of the plant in longitude?"
1,0,In what way does the characteristic of the plant in the picture allow it to thrive and survive in dry environments?,In what way does the characteristic of the plant in the picture allow it to thrive and survive in dry environments to explore and allow it in?
1,0,"Succulents are known for their ability to store water in their leaves, stems, or roots, which helps them thrive in arid conditions. In the picture, can you identify the characteristic of the plant that allows it to survive in dry environments?","Succulents are known for their ability to store water in the plant, leaves or roots, which can enable them to thrive in life."
1,0,"Please identify the specific characteristic of the plant in the picture that enables it to survive in arid environments, given that succulents are known for their ability to store water in their leaves, stems, or roots.","Please identify the characteristic of the plant that allows her to survive in arid environments, given that succulents in their leaves, roots or."
1,0,In what specific way do the characteristics of the plant in the picture enable it to survive arid conditions?,In what specific way do the characteristics of the plant in the picture allow it to survive the condition in order to experience specific arid conditions??
1,0,"What is the feature of the plant in the picture that enables it to survive in arid environments, and how is it related to water storage?","What is the feature of the plant in the picture that enables it to survive in arid environments, and how is it related to water storage?"
1,0,"In a dimly lit room, what can be used to increase the brightness and illuminate the entire space?","In a dimly lit room, what can be used to illuminate the brightness and light to increase the inner complexion and the entire space?"
1,0,"When the room is not sufficiently illuminated, what item can be utilized to increase the brightness and illuminate the entire space?","When the room is not illuminated sufficiently, what item can be utilized to increase the brightness and illuminate the entire light space??"
1,0,"If the room is too dark, what can be used to increase the brightness and illuminate the entire area?","If the room is too dark, please explore what is the light and what can be used to brighten the illusion and light the entire area?"
1,0,"If you were to enter a dimly lit room, what object would be helpful to brighten up the area and provide illumination throughout the space?","If you were to enter a dimly lit room, what object would be helpful to brighten up the space and provide illumination throughout the area"
1,0,"If you want to increase the brightness and illuminate the entire space in a dimly-lit room, what can you use?","If you want to maximize the space and illuminate the dimness in a brightly-lit dark room, what can you use to use?"
1,0,"In the picture, there is a type of bird with a distinctive feature on the top of its head, which usually indicates its gender. What part in the picture might have this characteristic?","In the picture, there is a type of bird with a distinctive feature on its head, which might indicate the characteristic. What part in the picture"
1,0,"What is the part of the bird's head that could refer to the gender of a bird which has a unique feature on the top of its head, as shown in the picture?","What is the part of a bird's head that could have a unique feature on the top of its head, as shown in the the picture?"
1,0,What part of the picture could have a distinguishing feature on the top of its head that typically indicates the gender of a certain type of bird?,What part of the picture could indicate a distinct feature on the top of its head that typically has a certain gender of the type of marrying bird?
1,0,"What part of the bird in the picture might have the distinctive feature on top of its head, which usually indicates its gender?","What part of the bird in the picture might have the distinctive feature on top of its head, which usually indicates the gender of its single weight?"
1,0,"In the picture, which area displays a bird that may bear a feature on the upper end of its head that usually denotes its gender?","In the picture, which area can denote a bird that typically features a feature on the upper end of its head that denotes the body beneath its gender?"
1,0,"In the picture, there is a type of bird, and its gender can often be identified by the distinctive feature on the top of its head. What part of the bird in the picture might showcase this characteristic?","In the picture, there is a bird on the top of its head, and what type of bird may be featured by the distinctive characteristic? What"
1,0,What part of the computer can display and show pictures and text?,What part of the computer can show and display the text? What plain text can display and show pictures and images that show pictures and cheat??
1,0,What is the computer component that displays pictures and text?,What is the computer component that displays pictures and text? The. What is the data image that displays picture quality for pictures and keyboard?s text?
1,0,What component of the computer is responsible for displaying and presenting visual information in the form of pictures and text?,What component of the computer is responsible for displaying and presenting visual information in the form of the text? I present information in pictures and text??
1,0,What is the name of the computer component that can display pictures and text?,What is the name of the computer component that can display pictures and text? What is the name of the computer that can display picture and text??
1,0,What device or component of a computer system is commonly used to display images and text?,What device or component of a computer system is commonly used to display text. Image is used to display the system and components of a picture and memory?
1,0,What object is used to store various toiletries or medication in the bathroom?,What object is used to store various toiletries or medication in the bathroom? What is used to store in the bathroom??
1,0,"In the bathroom, what object is typically utilized for storing various toiletries or medications?","In the bathroom, what object is typically utilized for storing various toiletries or medications? What to store various toilets?"
1,0,What object is commonly used to store various toiletries or medications in the bathroom?,What object is commonly used to store various toiletries or medications for the bathroom? toiletries commonly in the bathroom?
1,0,What object in the bathroom serves to store toiletries or medication?,What object in the bathroom serves to store toiletries or medication? What to store toiletries or the medication??
1,0,Which object is typically used for storing various toiletries or medications in the bathroom?,Which object is typically used for storing various toiletries or medications in the bathroom? Which is for storing various toiletroom?
1,0,What is the name of the object used to store various toiletries or medication in the bathroom?,What is the name of the object used to store various toiletries or medication in the bathroom to which is in the bathroom?
1,0,"When using a film camera, what component in the picture is typically used to attach the camera to a person's body for easy carrying and accessibility?","When using a film camera, what component in the camera is typically used to attach the picture to a person's body for easy carrying and accessibility"
1,0,"When using a film camera, what object in the picture is used to secure and carry the camera conveniently, making it easily accessible to the user?","When using a picture camera, what object in the film is used to secure and carry the camera conveniently, making it easily accessible to the user?"
1,0,"When using a film camera, which component in the picture might be used to attach the camera to a person's body to enable easy carrying and accessibility?","When using a photo camera, which component in the camera might be used to attach the film to a person's body to enable easy handling and access"
1,0,"When using a film camera, which part of the picture is usually utilized to attach the camera to a person's body for easy carrying and accessibility?","When using a film camera, which part of the camera is usually utilized to attach the picture to a person's body for easy accessibility?"
1,0,"When using a film camera, the user often attaches the camera to his or her body for easy carrying and accessibility. Which component in the picture is typically used for this purpose?","When using a camera for easy camera access, the user typically attaches the picture to his or her body. Which component in this design is useful for"
1,0,"When using a film camera, which component in the picture is typically employed to attach the camera to a person's body for easy carrying and accessibility?","When using a photo camera, which component in the camera is typically employed to attach the person to a person's body for easy casting and access?"
1,0,"the doughnuts with ""eyes""","the doughnuts in America with the 'eyes' with blend of nuts. Like all toesdough/dies,"
1,0,the animal with luggage on its back,the animal with luggage on its back with luggage on its back. the animal with luggage on its face to the backside
1,0,"In the picture, which part can provide shade for animals and create a habitat for various organisms?","In the picture, which part can provide shade for animals and create a habitat for various organisms and create a habitat for various organisms??"
1,0,Which part of the picture can provide shade for animals and create a habitat for various organisms?,Which part of the picture can provide a habitat for animals and create shade for animals. Which can create different shade for various organisms??
1,0,What part of the picture could provide shade for animals and create a habitat for various organisms?,What part of the picture could provide shade for animals and create a habitat for various organisms and create a habitat for various organisms? Weather
1,0,What region in the picture can provide shade for animals as well as create a habitat for different organisms?,What region in the picture can provide a habitat for different animals as well as create shade for organisms as well as for different animal species? There
1,0,Please point out which part of the picture can provide shade for animals and create a habitat for various organisms.,Please point out which part of the picture can provide a habitat for animals and create shade for animals that enable creation of various organisms in habitat.
1,0,Which aspect of the picture can provide shade for animals and serve as a habitat for various organisms?,Which aspect of the picture can provide shade for animals and serve as a habitat for animals and provide the image for various organisms for various plants?
1,0,What object can be used to sit and rest after standing or walking for a long time?,What object can be used to sit or rest for a long time after walking and standing or being able to sleep after long rest and for one long?
1,0,"When standing or walking for a long time, what object can individuals utilize to sit and rest?","When sitting or standing for a long time, what object is carrying to walk and rest, what object can individuals utilize to sit and let apart?"
1,0,What object provides a place to sit and rest after standing or walking for a prolonged period?,What object provides a place to sit and rest after standing or walking for a prolonged period? Who is walking and standing after carrying a prolonged?
1,0,"If someone has been standing or walking for a long time and needs to take a break, which object could they utilize to sit and rest?","If someone has been sitting or standing and needs to take a break for a long time, which object could they utilize to walk and have rest?"
1,0,What object might someone use to sit and rest after standing or walking for an extended period of time?,What object may someone use to sit and rest after standing or walking for an extended period of time after being laid and walking for an extended period??
1,0,What furniture item in the picture could be used to sit and rest after standing or walking for a long time?,What furniture item in the picture could be used to look or walk for a long time after sitting and standing or rest in the walking after being?
1,0,Toddlers are curious and often enjoy exploring their surroundings. What object in the picture can provide a safe and enclosed space for a toddler to play in?,Toddlers are curious to explore and enjoy their surroundings. What object in the photo can provide a safe and enclosed space for playing?
1,0,What object in the picture could potentially provide a safe and enclosed play area for a curious toddler to explore?,What object in the picture could potentially provide a safe and enclosed play area for a curious and enclosed toddler to explore a curious home?
1,0,"What object in the picture could potentially provide a safe and enclosed space for a toddler to play in, given that they are inherently curious and enjoy exploring their surroundings?","What object in the picture could provide a safe and enclosed environment for a toddler to explore, given they are potentially surroundingly playing?"
1,0,"What object in the picture could provide a safe and enclosed environment for a toddler to play in, given that toddlers are inherently curious and tend to enjoy exploring their surroundings?","Which object in the toddler could provide a safe and accessible environment for toddlers to explore, given that they are constantly playing around? by"
1,0,"What item in the picture can provide a secure and enclosed space for a toddler to play in, given that toddlers are often curious and enjoy exploring their surroundings?","What item can provide an enclosed and beautiful space for a toddler to play in, given that toddlers are often exploring their surr"
1,0,"What object in the picture can provide a safe and enclosed space for a toddler to play in, given that they are often curious and enjoy exploring their surroundings?","What object in the picture can provide a safe enclosed space for a toddler to enjoy, given that they are often curious and playing around?"
1,0,"When we go to a bookstore, where do we usually find books arranged vertically and stored in columns for browsing?","When we go to a bookstore, where do we usually find books arranged vertically and stored in columns arranged in rings for browsing? Edit?"
1,0,"When we visit a bookstore, which section of the store can we find books that are arranged vertically and stored in columns to facilitate browsing?","When we visit a bookstore, which section of the store can we find books that are arranged vertically and stored in columns to facilitate browsing"
1,0,Where in a bookstore would we typically find books arranged vertically and displayed in columns to facilitate browsing?,Where in a bookstore would we typically find books arranged vertically and displayed in columns to facilitate browsing. allowed by our readers to view?
1,0,"When visiting a bookstore, where would one typically find books arranged vertically and displayed in columns for browsing?","When visiting a bookstore, where would one typically find pages of books arranged vertically for browsing and displayed in columns and viewed in browsers?"
1,0,"When we visit a bookstore, where do we typically find books arranged vertically and stored in columns for browsing?","When we visit a bookstore, where do we typically find books stored in columns and arranged vertically for browsing and stored in tables texting?"
1,0,"When we visit a bookstore, where can we typically find books stored in vertical columns for browsing and selection?","When we visit a bookstore, where can we typically find books stored in vertical columns for browsing, where to browse in selection and navigation?"
1,0,the parts of two washing machines that can be opened and clothes can be put inside,the parts of two washing machines that can be opened and the clothes can be put inside and tea burners are located which can be rolled in inside
1,0,"Looking at the picture, we can see a woman standing elegantly in a flowing dress. What accessory does the woman have in her hand that can complement her outfit?","Looking at the woman in the picture, what accessory is she having to look in a light fab piece that can she complement her hand affordably?"
1,0,"In the picture, we see a woman standing elegantly in a flowing dress. What accessory does she have in her hand which can complement her outfit?","In photo, a woman is standing in a tailgown dress which complementing her hand. What accessory can we see in her extraordinary fashion?"
1,0,We can see a woman standing gracefully in a flowing dress in the picture. What accessory does the woman have in her hand that can complement her outfit?,A woman is standing handily in a glassy dress that has her complementary accessory. What can she see in the picture out there do?
1,0,"From examining the picture, we notice the woman standing elegantly in a flowing dress. What item is she holding that could complement her ensemble?","From observing the dressing woman, we examine her standing to complement a scene. What item is she holding that is elegant in a gleaming?"
1,0,"In the picture, we can see a woman standing elegantly in a flowing dress. What accessory is held in the woman's hand that complements her outfit?","In picture, we see a woman sitting in a formal dress that flowing delightfully. What accessory is seen in the woman's hand?"
1,0,The woman is standing elegantly in a flowing dress in the picture. Could you let me know what accessory she has in her hand that could complement her outfit?,The woman is dressed elegantly in a dress that has her in her neck. Could you please tell me what accessory outfit you could have?
1,0,Chameleons are known for their ability to change color and blend in with their surroundings. What in the picture could help a chameleon camouflage itself?,Chameleons are known for their ability to reinforce appearance and camouflage. What in the picture could change a chamele?
1,0,What item in the picture could assist a chameleon in camouflaging to blend in with its surroundings?,What item in the picture could assist a chameleon in camouflaging to blend in with the spot among its surroundings?
1,0,"What part of the picture can facilitate a chameleon's ability to change colors, thereby blending in with its surroundings?","What part of a chameleon can facilitate its blending of colors, enabling a body's appearance in parallel to imaging?"
1,0,"What part of the picture can aid a chameleon in camouflaging and blending in with its surrounding environment, given that they are known for their capability to change color?","What part of the line can aid a palapa in tearing in its color and color, given that they are capable of blending their image?"
1,0,What specific features in the image have characteristics that could help a chameleon blend into its environment?,What specific features in the image have specific characteristics that could help a chameleon image that let a chest blend into its atmosphere recently?
1,0,"When walking on a hot beach, a refreshing drink can help cool down the body temperature. What fruit in the picture can be used to make a tropical drink?","When on a hot weather beach, refreshing water can help relax the body. What fruit in the picture can be used to make a drink?"
1,0,What fruit shown in the picture can be utilized to make a tropical drink that can help cool down body temperature when walking on a hot beach?,What fruit shown in the picture can be utilized to make a hot drink that can help cool down body temperature when walking on a tropical beach??
1,0,"On a summer barbecue, it's common to serve grilled corn on the cob. What item in the picture would likely be used to drain excess water from the corn before serving?","On a summer barbecue, it's common to drain corn from serving. What item in the picture would likely be served on corn?"
1,0,"During a summer barbecue, it is common to serve grilled corn on the cob. What item in the picture might be utilized to drain excess water from the cooked corn before serving?","During a barbecue, it is common to drain grilled corn on the cob. What item in the picture might serve before corn?"
1,0,"During a summer barbecue, serving grilled corn on the cob is a common practice. What item in the picture would likely be used to drain excess water from the corn before it was served?","During a domestic dish, serving corn on the ground water is a common practice. What item likely to be used to melt the corn before?"
1,0,"On a summer barbecue, grilled corn on the cob is often served. What in the picture could be used to remove excess water from the corn before serving?","On a summer barbecue, regular catering is often served. What could be used to remove the corn in the picture on the corn?"
1,0,"On a summer barbecue, it is common to serve grilled corn on the cob. What object in the picture can be used to remove excess moisture from the corn before serving?","On a summer barbecue, it is common to serve corn on the cob. What object can be used to remove excess moisture?"
1,0,"During a summer barbecue, grilled corn on the cob is a popular dish. What item from the picture could be used to remove any excess water from the corn cobs before serving?","During a summer barbecue, corn on the cob is a popular dish. What item could be used to remove any corn plugs?"
1,0,I will be cooking for dinner tonight but I don’t want to use the oven because it takes up too much time. What electronic appliance should I use instead?,I am planning to cook for lunch tonight because it does not require the appliance. But I really want to use up too much time?
1,0,"If you're looking to cook a meal for dinner tonight and don't want to use the oven because it takes longer, what electronic appliance could you use instead?","If you're wanting to cook a meal tonight and don't want to use the electronic oven for another, what it allows?"
1,0,"If you need to cook for dinner tonight, but baking in the oven would take a long time, what device would you recommend using instead?","If you need to bake tonight, but cooking in the oven would take a long time, what device would you recommend using instead?"
1,0,I understand that you don't want to use the oven as it takes too much time. Could you tell me which electronic appliance would be the best alternative to use to cook dinner tonight?,I don't understand which appliance is worthwhile to use the lite oven? Why you would want to use cooking as soon?
1,0,"If you don't want to use the oven because it takes up too much time and would like to cook dinner tonight, what electronic appliance might be a more preferred option for you?","If you don't want to use an electric cooker because it might take too much time to repeat, what appliance is on your choice?"
1,0,"When waiting for public transportation in hot weather, people often seek shelter to escape from direct sunlight. What in the picture can offer shade for people waiting at a bus stop?","When waiting for a transportation stop, people often seek shelter for shipping from direct sunlight. What in the zoo can guests in short picture?"
1,0,"When waiting for public transportation under hot weather, people often need shelter to avoid direct exposure to sunlight. What in the picture may provide shade for people waiting at a bus stop?","When waiting for transportation during hot weather, people often need protection for people to avoid a bus stop. What in a gallery over direct sunlight?"
1,0,"Provided that people are waiting for public transportation in hot weather and attempting to avoid direct sunlight, what object in the picture could provide shade for individuals waiting at a bus stop?","Provided that people travel within bus stops and waiting for public transport during the sunlight, what object in a hot scenario could be offering a shelter?"
1,0,"When waiting for public transportation in hot weather, people often seek out shelter to escape direct sunlight. What element in the picture could provide shade for individuals waiting at a bus stop?","When waiting for public transport, people often seek shelter during the sunlight. What items in a direct picture can provide room for people attempting to escape?"
1,0,"When waiting for public transportation in hot weather, people often seek shelter to avoid direct sunlight. What in the picture could offer shade for individuals waiting at a bus stop?","When waiting for public transport, people often seek shelter for visitors shade during hot weather. What in the picture could provide sunlight without a bus?"
1,0,"When waiting for public transportation in hot weather, people often look for shelter to avoid direct sunlight. In the picture, what specific structure or object can provide shade for people waiting at a bus stop?","Before waiting for public transportation, people often find a shelter for shade in the park. In what specific shape can people avoid direct sunlight?"
1,0,the frictional part used for igniting,the frictional part used for igniting in volume -. the frictorial part used to power the ignition substant used for igniting
1,0,"In the winter, when the temperature drops and the snow covers the landscape, what type of structure in the picture can provide shelter and protection from the cold weather?","In the winter, when the cold weather covers and the snow and ice, what type of structure in the picture can provide a shelter from the climate?"
1,0,"When the temperature drops in the winter and the landscape becomes covered in snow, what type of structure in the picture could serve as a means of shelter to protect from the cold weather?","When the temperature gets covered in snow and rain in the winter, what type of structure can serve as a way to dispose of the warm landscape features?"
1,0,"During winter, when the temperature drops, and snow covers the landscape, what sort of structure in the picture could provide a refuge from the cold weather?","During the winter, when the climate fills in the snow, and cold conditions could provide a photograph, what kind of cropping from the landscape clearly?"
1,0,"In the picture, the family is enjoying a water activity together. What object is essential for ensuring their safety while riding on the water?","In the picture, the family is ensuring their safety while enjoying a water activity together. What object is essential for riding on the water?"
1,0,"When the family is enjoying a water activity together in the picture, what is the essential object that guarantees their safety while riding on the water?","When the family is enjoying a water activity while riding on the road, what is the essential object that promises their safety together in the water?"
1,0,"In the picture where a family is enjoying a water activity, what object is essential for their safety while riding on the water?","In the picture where a family is enjoying a water activity, what object is essential for their safety while riding on the water in the water?"
1,0,"During a water activity, a particular item is essential in ensuring the safety of individuals. What object could that be in this picture where a family is enjoying a water activity together?","During a water activity, a particular object should be in ensuring that water safety is a satisfaction of the individuals. What could one enjoy this activity?"
1,0,"While engaging in a water activity together, what object is crucial for ensuring their safety in the scene depicted in the picture?","While engaging in a water activity together, what object is crucial for ensuring their safety in the scene depicted in the picture in the?"
1,0,"While engaging in a water activity together, what is the essential object for ensuring the safety of the family while riding on the water?","While engaging in a water activity while riding on the family together, what is the essential object for ensuring the safety of the water??"
1,0,"When we need to sleep, what should we use to block light coming in from outside?","When we need to sleep, what should we use to block light from coming in from sleep? The sleep filter gives us to light outside of head?"
1,0,"When it is time to sleep, what can be used to block light that may enter into a room from outside?","When it is time to enter into a room, what can be used to block light from sleep that may fall from outside? What can be inside?"
1,0,What should we use to block light coming from the outside when we need to sleep?,What should we use to block light coming from the outside of us by light. Should we sleep when we need to sleep from the outside toing?
1,0,"When it is time to rest and sleep, what measures can be taken to block light coming in from the outside?","When it is time to rest and sleep outside, what measures can be taken to block light coming in from the outside to come in the sleep alone?"
1,0,What can we use to block external light when we need to sleep?,What can we use to block external light when we need to sleep? What to block light when we need to sleep? We need to light home?
1,0,"When we need to sleep, what can we use to prevent external light from coming into the room?","When we need to sleep, what can we use to prevent external light from coming into the room? What can be causing light into the home monitoring?"
1,0,People often need to sit down for long periods of time to work or study. What object in the picture can protect their posture and reduce the damage to the body caused by long-term sedentary work?,People often take long periods of time to work or to recover the body caused by sedentary damage. What object in the picture can short work?
1,0,"When you work or study, sitting for long periods of time is frequently necessary. What item in the picture can protect your posture and alleviate the damage to your body caused by lengthy sitting periods?","When exercising, you can repair the picture or reduce your body in advance. What item to avoid sight is served by long periods of time?"
1,0,What object in the picture can be used to safeguard people's posture and reduce harm to the body from prolonged sitting during work or study?,What object in the picture can be used to safeguard people's body during sitting or work and reduce harm from prolonged posture? The
1,0,"In a formal event, such as a gala or award ceremony, what accessory in the picture can be worn around the neck to add a touch of elegance to a man's suit?","In a formal event, such as dinner or ceremony, what accessory in a gala can be worn to add a touch of the woman'?"
1,0,"In a formal event like a gala or an award ceremony, what is the accessory in the picture that can be worn around the neck to add a touch of elegance to a man's suit?","Like a formal occasion, what is the accessory in a dress or gala that can add to the picture of an impressive neck in a suit"
1,0,"What is the accessory that can be worn around the neck to add a touch of elegance to a man's suit in a formal event, such as a gala or award ceremony, as shown in the picture?","Which symbol can be worn around the neck to carry a touch in a person's event, such as a formal wedding or the award in ?"
1,0,"In formal events, such as galas or award ceremonies, it is a common practice for men to wear a particular accessory around their neck to add a touch of elegance to their suit. What item in the picture can serve this purpose?","Within formal ceremonies, it is common for men to wear a suit or necklace to add a touch of the concept in this particular fashion."
1,0,"During a formal event, like a gala or award ceremony, what accessory in the picture could be worn around a man's neck to add a touch of elegance to his suit?","During a formal event, like a gala or ceremony, what accessory in a man's neck could be worn to add charm to her?"
1,0,"What accessory in the picture can be draped around a man's neck during a formal event, such as a gala or award ceremony, to add a touch of elegance to his suit?","What accessory during a formal ceremony can be fashioned around a man's neck to add a touch of gala, or in his picture?"
1,0,Where can we throw away the waste that has been cleaned up using toilet paper?,Where can we get away from the waste that has been cleaned up using toilet paper; we dispose of washed up towing clothes?
1,0,What is the proper way to dispose of toilet paper after you have cleaned up waste?,What is the proper way to dispose of toilet paper and toilet waste after you have cleaned up waste because you clean up broken?
1,0,"As a robot, where would you dispose of toilet paper after cleaning up waste?","As a robot, where would you dispose of toilet paper. to clean up waste after cleaning up toilet paper after changing out?"
1,0,"As a responsible citizen, where should we dispose the waste that has been cleaned up using toilet paper?","As a responsible citizen, where should we dispose of the waste that has been cleaned up using toilet paper. to clean deadload?"
1,0,"As a cleaning assistant, please help me identify the appropriate place to dispose of waste that has been cleaned up using toilet paper, according to the picture.","As to assist in cleaning care, please identify the area of the necessary toilet that has been cleaned up using greet as paper."
1,0,"In the picture, what is the boy wearing on his head to protect himself from the sun or cold weather?","In the picture, what is the boy wearing on his head to protect himself from the sun or snow to match his face in the cold weather?"
1,0,"What item is the boy wearing on his head in the picture, which could provide protection against both sun and cold weather?","What item is the boy wearing on his head in the picture, which could provide protection against the sun in both cold and sunny weather??"
1,0,"In the picture, what object is the boy wearing on his head to guard against potential sunburn or cold weather?","In the picture, what object is the boy wearing on his head to guard against potential sunburn or cold weather to avoid potential sunburn??"
1,0,"To shield himself from the weather, what is the boy wearing on his head in the picture?","To shield himself from the weather, what is the boy wearing on his head, what is the boy faint of him in the picture? The?"
1,0,"What is the boy wearing on his head in the picture, which protects him from the sun or cold weather?","What is the boy wearing on his head in the picture, which protects him from the cold weather or sunny in the sunlight??"
1,0,"What item is the boy wearing on his head in the picture, which could help protect him from the sun or cold weather?","What item is the boy wearing on his head in the picture, which could help protect him from the sun in the cold weather or wet weather?"
1,0,"In order to climb up a tall structure, what in the picture would the ivy plant use as support?","In order to climb up a tall structure, what in the picture would one use as well? to support the ivy plant inry support?"
1,0,"If an ivy plant were looking to climb a tall structure, what part of the picture could it likely utilize as a means of support?","If an image of the hill looked towards a round valve structure, what part of it could possibly utilize as a great means to raise it?"
1,0,"If an ivy plant were attempting to climb a tall structure, what part of the picture would it utilize as a support?","If an ivy tree were attempting to climb a tall structure within a scale, what part of the picture could it utilize as a support?"
1,0,What might the ivy plant in the picture use as a supporting structure when climbing a tall object?,What might the ivy plant in the picture use as a supporting object when climbing the picture to support a tall structure in the wooden spirset?
1,0,"Suppose the ivy plant desires to climb up a tall structure, what object or structure in the picture would it likely use as support?","Would the ivy plant deserve to climb up a tall structure, what object or structure in the picture ask if it likely could use as?"
1,0,the persons who graduate,the persons who graduate who graduate the who graduate. the people who graduate is in Child the persons who graduate.5 key to
1,0,"During an air show, pilots perform various aerial maneuvers to entertain the audience. What spectacle in the picture indicates that a pilot is performing a spectacular and dazzling aerial stunt?","Among aircraft, passengers perform a spectacular and mistaking aerial show. What aircraft in the audience is performing a serious aerial task?"
1,0,What movement or action in the picture would indicate that a pilot is performing a daring and awe-inspiring aerial maneuver during an air show to entertain the audience?,What awe or gear would indicate a person performing a daring and air-inspiring action in the stage of the television show is?
1,0,What element in the picture provides evidence that a pilot is performing a spectacular and dazzling aerial stunt during an air show?,What element in the picture is showing that an aircraft engineer performs a spectacular and dazzling air stunt during a spectial pilot program?
1,0,Identify the spectacle in the picture that indicates a pilot is performing a spectacular and dazzling aerial stunt during an air show.,Identify the pilot that shows the spectacular and dazzling stunt in a picture that is performing an aerial signal during a show.
1,0,Please identify what indicates that a pilot is performing a spectacular and dazzling aerial stunt during an air show?,Please confirm that an aircraft pilot is performing what stunt indicates a spectacular and dazzling physical stunt during a pilot air show? An
1,0,Could you identify the specific aspect of the picture that would indicate that a pilot is executing a sensational and spectacular aerial maneuver during an air show?,Could you identify the specific segment of the picture indicating that an pilot is performing a spectacular and sensational maneuver during an air flight?
1,0,something on the suitcase used for lifting,something on the suitcase used for lifting on the suitcase used for lifting. something on the suitcase used for lifting to sleet
1,0,"In ancient times, soldiers would often carry a weapon made of metal for self-defense or combat. What item in the picture can be classified as such a weapon?","In ancient times, soldiers would often carry a weapon for self-defense or combat. What item in the picture be classified as such weapon?"
1,0,"In ancient times, soldiers often carried metal weapons for self-defense or combat. Please tell me what object in the picture can be classified as such a weapon.","In ancient times, soldiers sometimes carry such weapons for self-defense. Tell me what object in the picture could be classified as a weapon."
1,0,What item in the picture could be considered a metal weapon used for self-defense or combat during ancient times?,What item in the picture could be considered a metal weapon used for self-defense or combat during ancient times: during the guy lost force?
1,0,"During ancient times, soldiers frequently carried metal weapons for self-defense and combat. Please identify the object in the picture that could be classified as such a weapon.","During ancient times, soldiers were carried for self-defense and certain weapons. Please identify the object in the picture that could be classified as weapons"
1,0,What object in the picture could be classified as a metal weapon that soldiers would typically carry for self-defense or combat in ancient times?,What object in the picture could be classified as a metal weapon that soldiers would typically carry for self-defense or combat in ancient times??
1,0,What item in the picture could be classified as a metal weapon carried by soldiers for self-defense or combat in ancient times?,What item in the mounted picture could be classified as a metal weapon for self-defense or combat carried by men in ancient times during combat?
1,0,the tyre that does not touch the ground,the tyre that does not touch the tyre.the part of the Steel: it sucks the ground that does not resist faulting ground
1,0,something that prevents people from attacks of the pigs,something that prevents people from fighting against the animals from attacks of antiquants. - prevents the end of something that prevents people of the pigsigs
1,0,"If the door of the bedroom is opened, what can we use to close it?","If the door of the bedroom is opened, what is to close it, what can we use to close the bathroom? Can we close?"
1,0,"In case the door of the bedroom is open, what might you use to close it in the picture?","In case the door of the bedroom is close to close, what might you use to open it in the picture? What is the touch picture?"
1,0,"If someone needs to close the bedroom door, what could they utilize?","If someone needs to close the bedroom door door, what could they utilize? How to them, what could they utilize doorfill by?"
1,0,"If the door of the bedroom is left open, what object could be used to shut it?","If the door of the bedroom is left open, what object of the bedroom is left, what could be used to shut it? Could be"
1,0,Suppose you want to close the door of the bedroom. What item in the picture can you use to accomplish this task?,Suppose you want to close the door of the bedroom. What item in the picture can you use to accomplish this task to close the use case?
1,0,"If pigs are shot and killed, they usually fall to the ground. Which pigs in the picture are most likely to still be alive?","If pigs are caught and killed, they usually fall to the ground. Which pigs in the picture are most likely to still be alive??"
1,0,Please identify the pigs in the picture that are not likely to have been shot and killed and are therefore still alive.,Please identify the pigs in the picture that are not likely to have been shot and are therefore still alive and are soon killed to be animal buried.
1,0,"Which pigs in the picture are likely to still be alive if pigs are usually shot and killed, causing them to fall to the ground?","Which pigs in the picture are likely to be alive and killed if pigs are normally alive, causing them to usually fall to the ground? Here"
1,0,"From the given picture, which pigs are unlikely to have been shot and killed and are still alive?","From the given picture, which pigs are unlikely to have been shot and killed and are still alive and have been killed and for poisoned??"
1,0,"What are the characteristics of the pigs in the picture who are most likely to still be alive, since typically, when pigs are shot, they fall to the ground and die?","What are the characteristics of the pigs in the picture, since when pigs are alive, they most likely to be alive and fall to the ground"
1,0,"Without making any assumptions or taking any actions that may lead to harm, it would be best to refrain from answering this question in terms of which pigs in the picture are most likely to be alive.","Without giving any assumptions or making any actions, it is best to ask these questions which would be most likely to survive in terms of ponds."
1,0,"In the picture, who is the person that a child is most likely to show affection towards by giving hugs and kisses?","In the picture, who is the person that a child is most likely to show affection towards by giving them hugs and kisses with gifts?"
1,0,Who in the picture is most likely to receive hugs and kisses from a child as a display of affection?,Who in the picture is most likely to receive hugs and kisses from a child as a display of affection? Who a display of love??
1,0,"Assuming the individuals in the picture are family members, who might a child be most likely to show affection towards through physical expressions like hugs and kisses?","Assuming the children in this pic are the children, which person would most likely be to be fond of personal affection like kisses or bags during?"
1,0,"As per the given picture, who might be the person that a child is most likely to show their affection towards by giving hugs and kisses?","As per the given picture, which person is the person who is most likely to show affection towards a child or friend by gazing themselves hugs?"
1,0,"Based on the picture, who is the person that a child is most likely to show affection towards by giving hugs and kisses?","Based on the picture, who is the person that a child is most likely to show affection towards by hiring someone to give kisses and covers?"
1,0,"In this picture, who would a child be most likely to show affection towards by giving hugs and kisses?","In this picture, which child would be most likely to attract a person to watch by giving hugs and kisses towards by giving affection and kiss?"
1,0,"Among the various animals living in the forest, which one in the picture has a pair of antlers and is often associated with the color brown?","Among the various animals in the park, which one in the picture has a pair of brown and is sometimes associated with the coloring ant chiles?"
1,0,The forest is home to a variety of animal species. Who among them typically has a set of antlers and is frequently linked to the color brown?,The forest has a host of animal species. Who home to a variety of them is often linked to the brown and typically contains one antler color?
1,0,Which animal in the picture has a pair of antlers and is often associated with the color brown among the different animals living in the forest?,Which animal in the picture has a different color among the antlers and is often associated with the pair of the green animals living in the forest gray?
1,0,"Which animal in the picture is typically associated with the color brown and has a pair of antlers, among the various creatures that dwell in the forest?","Which animal in the picture is normally associated with the gray and has a number of distinct creatures, among the animals that live in the brown forest?"
1,0,"Identify the animal within the picture possessing a pair of antlers, that is typically associated with the color brown and is known to inhabit woodland areas.","Identify the animal with the black and possess an image that is usually seen within the area, known to inhabit colorful brown henge areas."
1,0,"Which animal found in the forest is typically brown in color and has a pair of antlers, based on the image provided?","Which animal found in the forest is typically brown in color and has a pair of antlerids, based on the image provided by the species??"
1,0,"In most cities, there are designated areas for pedestrians to cross the road safely. What object in the picture is commonly used to indicate these areas?","In most cities, there are designated areas for pedestrians to safely cross the roads. What object in the picture is commonly used in these?"
1,0,"In order to ensure pedestrian safety in most cities, there are designated areas for crossing the road. What object, typically used to indicate these areas, can be seen in the picture?","To ensure pedestrian safety, there are several designated areas for being used at the road. What object, typically marked in the picture in these?"
1,0,"At most locations in the cities, there are designated areas that pedestrians can utilize to cross the road safely. The object that is usually used to identify these areas is what?","At most locations, the road pedestrians must recognize those. What are areas that is typically used to cross the roads in the vehicle is what"
1,0,"What is the object commonly used in the picture to indicate the designated areas for pedestrians to cross the road safely, often found in most cities?","What is the object commonly used in the photo to indicate the designated routes for pedestrians to cross the streets, commonly found in most areas?"
1,0,Pedestrian crossing areas are typically designated and clearly marked in most cities. What object in the picture is commonly used for this purpose?,Pedestrian crossing areas are typically designated and clearly marked in most cities. What object in the picture is commonly used and normally displayed for this purpose?
1,0,"In cities, there are usually marked areas that allow pedestrians to cross the road safely. What object is typically used to indicate these areas in the picture?","In urban areas, there are typically used pedestrians to cross the road. What area is normally marked to convey the colors of these vehicles?"
1,0,"If we were observing the sunset and its beautiful colors from the vantage point shown in the picture, what natural feature would obstruct our view to some extent?","If we were observing the sunset and its natural features from the beautiful setting shown in a picture, what effect should advantage some of the view?"
1,0,"If we were observing a beautiful sunset and its colorful display from the vantage point depicted in the picture, what natural feature could potentially obscure our view to some extent?","If we beautifully observe the sunset of a natural picture and its visible viewpoint, what significant feature could be depicted from our certain spot?"
1,0,Suppose we were viewing the sunset and admiring the beautiful colors from the vantage point in the picture. What natural feature might partially obstruct our view?,"If we viewed the sunlit view from the picture, considering what plant might predominate and encountering the obvious visible dimension in our view. Why"
1,0,"If we were observing the sunset and its beautiful colors from the viewpoint shown in the picture, what natural characteristic could obstruct our view partially?","If we were observing the sunset and the beautiful landscape shown in the picture, what characteristic could obstruct our view from its natural effect immediately?"
1,0,"Assuming that we were viewing the sunset and its beautiful colors from the same perspective depicted in the image, what natural feature might partially block our view?","Assuming we were viewing the sunset and the natural feature depicted in our photo, what that same image might completely appreciate the dimensions of our view"
1,0,"If we were observing the beautiful colors of the sunset from the vantage point shown in the picture, what natural feature would partially obscure our view?","If we were enjoying the natural colour of the sun from the visible viewpoint, what feature would diverge in what natural setting described our picture?"
1,0,"When fishing on a boat, it is common to catch fish using a tool that is long and flexible. What object in the picture can be used for this purpose?","When fishing on a boat, it is common for catch fish using a tool that can be long and flexible. What object is used in this?"
1,0,"In fishing, it is common to catch fish by utilizing a long and flexible tool. What in the picture could be used for this purpose?","In fishing, it is common to catch fish by utilizing a long and flexible tool. What in the picture could be used for this purpose?"
1,0,"To catch fish while fishing on a boat, which object in the picture could be utilized for this purpose?","To catch fish while fishing on a boat, which object in the picture could be utilized for this purpose, which goes for the design??"
1,0,What item in the picture can be utilized for catching fish on a boat using a long and flexible tool?,What item in the picture can be utilized for catching fish on a boat when ready for fish using a long and flexible and flexible tool??
1,0,"When fishing on a boat, it is typical to catch fish using a tool that is lengthy and flexible. What object in the picture might be fit for this function?","When fishing for a boat, it is convenient to fish on a function that might be narrow and fit. What object in the typical catch model?"
1,0,What object shown in the picture can be used for catching fish while fishing on a boat? This tool is typically long and flexible.,What object shown in the picture can be used for catching fish while fishing on a boat? This tool is typically long and flexible with timing.
1,0,"If I need to print a document, what object in this room will help me complete the task?","If I need to print a document, what object in this room will help me complete the work, what object will ease me in the task??"
1,0,"In the current room, what object would help you to print a document?","In the current room, what the object would help you to print a document? In question, what object would help you to print a house document?"
1,0,What tool or device located in this room will aid in the task of printing out a document?,"What device or tool located in this room, located in this location will aid in the task of printing out the object of printing out a document??"
1,0,"If you need to print a document in this room, what device should you use to complete the task?","If you need to print a document in this room, what device should you use to complete the task? What to use to complete the task??"
1,0,Please show me the item in the room that can be useful for printing a document.,Please show me the item in the room that can be useful for printing the document. Please show me the item that can be useful for a document.
1,0,What item in the room would assist in the process of printing a document?,What item in the room would assist in the process of printing a document? What about the process in the process of printing a document? Item in
1,0,"In many Western movies, cowboys are often seen participating in various activities in the town square. What object in the picture could be used by cowboys to protect themselves from the sun while participating in these activities?","In many movies, cowboys are often used in the sun to protect themselves from participating in these activities. What activity in cowboys"
1,0,"In Western movies, cowboys often partake in a variety of activities in the town square. What item in the picture might be employed by these cowboys to safeguard themselves against the sun while engaging in these pursuits?",These cowboys often engage in various activities in the movies. What person on the picture might be utilized by cowboys in exchange
1,0,"In Western movies, cowboys can often be observed performing various actions in the town square. While participating in such events, what accessory in the picture could provide protection from the sun?","In western movies, cowboys can be commonly seen performing various activities in the sunset. While participating in the address in such picture?"
1,0,"In Western movies, cowboys are frequently depicted engaging in various activities in the town square. Considering this context, what item in the picture might they utilize to protect themselves from the sun while doing so?","In western movies, men commonly engage in the activities necessary to store them while in town while doing so. Considering this picture is apparent?"
1,0,"In many Western movies, cowboys are often seen participating in various activities in the town square; what object could be used by the cowboys to protect themselves from the sun while taking part in these activities?","In many movies, what object can be seen by the cowboys during public activities, concerned with the cowboys participating in these?"
1,0,"In the Caribbean Sea region, pirate attacks are common, so every ship needs to take appropriate defensive measures. What in the picture can be used to protect the ship from pirate attacks?","In the Caribbean sea ships, what is possible for hiding the ship can be used to take protective measures in advance of the sea threat."
1,0,What object(s) or equipment in the picture could be used to protect a ship from pirate attacks in the Caribbean Sea region where such attacks are common?,What object(s) could be used to protect a ship or vessel in the Caribbean Sea during cave escape situations where such the display is?
1,0,"In the Caribbean Sea region where pirate attacks are common, what object in the picture could be utilized to protect a ship from being attacked?","In the Caribbean Sea region where pirate destruction could be common in a picture, what object is utilized to protect the ship being attacked?"
1,0,"In the Caribbean Sea region, pirate attacks are common, so ships need to take appropriate defensive measures. What in the picture could be utilized to protect a ship from pirate attacks?","In the Caribbean region, sea rescue ships are inappropriate to protect ships. What could be utilized for a sea rescue charge?"
1,0,"What in the picture can be utilized to protect a ship from pirate attacks, given that such events are frequent in the Caribbean Sea region?","What in the picture can be utilized to protect a ship during the Caribbean Sea, given that such events are rare in pirate attack?"
1,0,"In many cultures, brides traditionally wear a specific type of dress for their wedding. What type of garment is commonly worn by brides on their special day?","In many cultures, brides commonly wear a special type of dress for their garment. What type of dress is commonly on their wedding?"
1,0,"On a bride's special day, what type of garment is often worn as a traditional dress in many cultures?","On a bride's special day, what type of garment is often worn as a traditional dress in many traditional, fashion cultures??"
1,0,Brides usually wear a specific type of dress for their wedding in many cultures. What is the name of the outfit that is commonly worn by brides on their special day?,Many brides wear a specific type of dress that is commonly worn on their own weddings. What is the name of the dress for their?
1,0,What is the specific type of garment that is commonly worn by brides on their wedding day in many cultures?,What is the specific type of garment that is commonly worn by brides on a certain wedding day in their cultures in many cultures?
1,0,"What type of clothing is typically worn by brides on their wedding day, across many cultures?","What type of clothing is typically worn by brides on their wedding day, across many cultures, across many cultures? Clothing?"
1,0,Brides commonly wear a specific type of dress or garment during their wedding as part of many cultural traditions. What is the name or type of outfit that is generally worn by brides on their special day?,Many brides wear a specific type of dress or outfit when generally attended by their weddings. What is the type of dress in popular?
1,0,"While rowing a boat, it is crucial to have synchrony and coordination among the members of the crew. What part of the boat is each member using to propel the boat forward?","While porting, it is possible to have members of the boat to coordinate and coordination among the crew. What part of the boat is that?"
1,0,"When rowing a boat, synchrony and coordination among the members of the crew is crucial. Could you tell me what part of the boat each member is utilizing to move the boat forward?","When synchronizing a boat during the operation, asking where the crew member of the boat is crucial and what part of the crew could you manage?"
1,0,"When rowing a boat, it is essential to have a synchronized and coordinated crew. What component of the boat is every team member using to push the boat forward?","When looping a boat, it is essential to have every member and coordinated crew. What component of the boat is using the boat to forward?"
1,0,"While rowing a boat, each member of the crew uses a certain area to help propel the boat forward, what is that part of the boat?","While gigging a boat, each member of the fleet uses a certain part of the boat to help lift the vessel, what is that part somewhere?"
1,0,"In rowing a boat, it is essential to have synchronization and coordination among the members of the crew. What part of the boat is each team member using to propel the boat forward?","During docking, it is essential to have member and coordination among the boatmen. What part of the crew is choosing a member of the boat"
1,0,"While rowing a boat, it is essential for the crew members to maintain synchronization and coordination. What part of the boat is being used by each member to propel the boat forward?","While stationing a boat, it is essential for the crew members to maintain alignment and coordination. What part of the boat is used by each?"
1,0,"In the field of video editing, professionals often use a device to capture high-quality footage for their projects. What object in the picture can help them achieve this?","In the context of video production, professionals often use high-quality equipment to help them achieve this. What object in the picture can capture a?"
1,0,Professionals in the field of video editing often require a device to capture high-quality footage for their projects. What object in this picture could be used to assist in achieving this goal?,Professionals often require a device to capture high-quality images in their footage. What could be used for achieving this theme of the project
1,0,"In the field of video editing, professionals frequently rely on a device to capture high-quality footage for their projects. Which item in the picture might serve this purpose?","In the field of video editing, professionals rely on a device to capture high-quality work. Which picture in the frame might serve this purpose?"
1,0,Video editing professionals often use a equipment to capture high-quality footage for their projects. What object in the picture could assist in achieving this goal?,Video production professionals often use footage to achieve high-quality equipment to accomplish their goals. What object in the picture could assist in this project?
1,0,"In the field of video editing, professionals generally utilize a tool to capture high-quality footage for their projects. What object in the picture can assist them in this undertaking?","In the art of photography, professionals utilize a high-quality tool to assist them in producing a project. What object in this picture could"
1,0,What object in the image can be utilized by video editing professionals to capture high-quality footage for their projects?,What object in the image can be utilized by audio professionals to learn about high-quality footage for their video captureing their project components?
1,0,"When it comes to shoes, some people prefer a more elevated style. What part of the shoe in the picture provides this elevated feature?","When it comes to shoes, some people prefer a more elevated style. What part of the shoe in the picture provides this elevated feature"
1,0,"Elevated shoe style is preferred by some people. Could you identify the part of the shoe in the picture, which provides elevated feature?","Elevated shoe is preferred by many people. Could you identify the part of the shoe in the picture, which provides augmented feature?"
1,0,"When it comes to shoes, some people prefer an elevated style. Could you identify the part of the shoe that provides this elevated feature shown in the picture?","When it comes to shoes, some people prefer an elevated style. Could you identify this part of the shoe shown in the elevated?"
1,0,"When it comes to shoes, some people prefer a heightened style. What aspect of the shoe depicted in the picture provides for this feature, or makes the shoe more elevated?","When it comes to shoes, some styles provide a lower elevation. What aspect of the shoe depicted in the picture makes this feature?"
1,0,"When it comes to footwear, some people prefer to wear shoes with an elevated design. What part of the shoe in the picture would provide this elevated feature?","When it comes to footwear, some people prefer to wear an elevated shoes. What part of the shoe in this design would feature"
1,0,"For shoes, some individuals prefer an elevated style. Could you please identify the feature on the shoe in the picture that accomplishes this?","For some shoes, you appreciate an elevated style. Could someone address the feature that does this in the shoe functional on the picture provided?"
1,0,"When we want to listen to music or other audio content at a louder volume, what device in the picture can we use to enhance the sound?","When we want to listen to music or other content at a louder volume, what device in the picture can we use to enhance the?"
1,0,"When we want to listen to music or other audio content at a louder volume, which device in the picture can be utilized to amplify the sound?","When we want to listen to music or other audio at a louder volume, which device in the picture can be utilized to amplify?"
1,0,Which object in the picture could be utilized to increase the volume and make music or other audio content louder?,Which object in the picture could be utilized to increase the volume and increase the audio content and make music or other audio louder? Hard?
1,0,What device in the image can be utilized for amplifying the sound when we want to listen to music or other audio content at a higher volume?,What device in the image can be utilized for listening to audio content when we want to amplify the sound or other music at a higher volume?
1,0,"When we want to listen to audio content at a louder volume, what device in the picture can be used to enhance the sound?","When we want to listen to louder audio content at a picture volume, what device in the audio can be used to enhance the sound?"
1,0,"During a birthday party, there is often a table set up with various presents for the birthday boy or girl. What in the picture could be used to hold and present these gifts?","During a birthday party, there can be various gifts usually used to hold and present a picture for the boy or girl. What in these presents"
1,0,"At a birthday party, there is typically a table with an array of presents set up for the birthday boy or girl. Please identify which object in the picture could be employed to hold and display these gifts.","At a birthday party, there can be a table with several gifts which typically display the object or girl in the table set up for this."
1,0,"When holding a birthday party, one might set up a table with various gifts for the birthday girl or boy. What item in the picture could be utilized to contain and present these gifts?","When holding a birthday party, one could be utilized to present and picture any gifts for the birthday couple. What table may contain?"
1,0,"As a birthday party approaches, many people often display various presents for the birthday boy or girl on a table. Please tell me what in this picture could be used to hold and present such gifts?","On occasion, many people often wish to present a birthday card for a boy or girl. What such displays could be used in this wedding please"
1,0,What in the picture could be used for holding and displaying birthday presents for the birthday boy or girl?,What in the picture could be used for displaying and holding birthday presents for the birthday boy and having guests for the birthday girl or boy?
1,0,"If you were setting up a birthday party, what item in the picture could you use to display and present a selection of gifts for the birthday boy or girl?","If you were to present a birthday party, what item of the birthday picture could you use to display a selection for the girl or?"
1,0,What object in the picture can effectively prevent water and foam from splashing outside the shower area and keep the bathroom dry and clean?,What object in the picture can effectively prevent water and soap from drying outside the bathroom and keep the shower close and splash moor?
1,0,Which item in the picture can be utilized to prevent water and foam from splashing outside the shower area and help maintain a dry and clean bathroom?,Which item in the picture can be utilized to avoid water/ bathroom from laundering a dry and clean shower and help the area?
1,0,"What object in the picture can function to prevent water and foam from splashing outside of the shower area, thereby keeping the bathroom clean and dry?","What object in the picture can prevent water and foam from splashing outside of the shower area, thereby keeping the bathroom clean and dry"
1,0,"What item in the picture can help prevent water and foam from splashing outside of the shower area, keeping the bathroom dry and clean?","What item in the picture can help prevent water and foam from splashing outside of the shower area, keeping the bathroom dry and clean"
1,0,What is the object in the picture that can effectively prevent water and foam from splashing outside the shower area and keeping the bathroom clean and dry?,What is the object in the picture that can effectively protect the bathroom area from water and ice and avoiding splash and dryer cleaning?
1,0,What item in the picture can help avoid water and foam splashing beyond the shower area and keep the bathroom clean and dry?,What is the item behind the bathroom can help avoid dry and dry cleaning and keep the area spacious beyond the shower splash?
1,0,What object in the picture is the most suitable for placing food on and enjoying a meal?,What object in the picture is the most suitable for placing food on and enjoying a meal? What. for enjoying a meal??
1,0,"What object in the picture is the most suitable for placing food on and enjoying a meal, such as dinner or lunch?","What object in the picture is the most suitable for placing a meal on and enjoying food or lunch, such as dinner or pizza?"
1,0,Which object in the picture is the most suitable for holding food and allowing one to enjoy a meal?,"Which object in the picture is the most suitable for holding food and comfortable for food processing, where one allows the person to enjoy a meal??"
1,0,the objects that are significantly different in placement and orientation from other objects,the objects that are significantly different in placement and orientation that are different in placement and orientation from other objects from all objects of other object sensitive objects
1,0,"In agricultural management, it is necessary to spray pesticides on crops in a timely manner to prevent various diseases. What in the picture could be threatened during this process?","On agricultural management, it is necessary to spray pesticides in the crops during various situations. What could be predicted in this manner?"
1,0,"When it comes to spraying pesticides on crops to stave off various diseases, what might be at risk during this operation?","When it comes to spraying pesticides on farms to stave off various diseases during this operation, what might be at risk?"
1,0,The application of pesticides to crops might be necessary to prevent infections in agricultural administration. What part in the picture is at risk during this process?,The application of pesticides to agricultural production might be necessary to prevent infections in crops. What part is at the during this?
1,0,What could be at risk during the process of pesticide application to crops in the picture?,What could be at risk during the process of pesticide application to crops in the picture. Applies to fertile in the food case?
1,0,"When pesticides must be applied to crops in a timely manner to prevent various diseases, what aspect in the picture might be at risk during this process?","When pesticides are applied in a manner to prevent diseases during the crops, what type of problem should be at all in this manner?"
1,0,"When applying pesticides to crops, numerous factors are at risk of damage. Based on the image, what might be at risk during this process?","When applying pesticides to crops, numerous factors are at risk during waste processing. Based on this picture, what might be at the risk?"
1,0,What part of the sink can control the water flow?,What part of the sink can control the water flow? What the water supply? What part of the sink can control the water cycle? Blood flow?
1,0,What is the name of the part that controls the flow of water in the sink?,What is the name of the part of the part that controls the flow of the water in the sink? What is the flow of water in the sink
1,0,What aspect of the sink can be utilized to manage and regulate the flow of water?,What aspect of the sink can be utilized to manage and regulate the air. What enables the flow of and manage the flow of water??
1,0,What is the term for the part of the sink which controls the flow of water?,What is the term for the part of the sink which controls the flow of the sink. What is the fundamental of the flow of water? Water?
1,0,What can control the flow of water from the faucet in a sink?,What can control the flow of water from the faucet in the sink? What can control the flow of the faucet in a sink?
1,0,"After giving birth, a mother may be too weak to walk and needs to rest in bed to recover. Who in the picture is most likely to be a mother who has just given birth and needs to rest in bed?","After giving birth, neither mother nor a mother who needs to rest in bed is likely to be in bed and who needs to walk once in rest?"
1,0,This picture doesn't provide any relevant information to identify who is most likely to be a mother who has just given birth and needs to rest in bed.,This picture does not provide any information about who is likely to be the mother who has most likely just given birth to rest but needs to serve baby.
1,0,"In the provided picture, it's difficult to determine who's likely to be a mother recovering from childbirth and requiring rest. The picture doesn't provide sufficient information to make this determination.","In this picture, it's not sufficient to determine who's recovering from the mother's birth and finding a sufficient child encounter. It"
1,0,"From the given picture, who could be a mother that needs to rest in bed to recover, as she might be too weak to walk after childbirth?","From the picture, which is a mother who might need to be too weak to recover after childbirth, as she could walk in bed waiting?"
1,0,"In a bakery, bread and pastry products need to be cooled down after they come out of the oven. What area in the picture could be used for this purpose?",In a bakery bread and oven could be used to come out of the cooled after the solution. What area in these pictures is
1,0,"If you were working in a bakery, where in the picture could you place bread and pastry products to cool them down after they come out of the oven?","If you were working in a bakery pan, where in picture could you cook bread and cheeses after they come out of the oven?"
1,0,"If you need to cool down freshly baked bread and pastry products upon removal from the oven in a bakery, what area in the picture might be used for this purpose?","If you need to freeze baked bread or pasta from a fine cookery for baking purposes, what area in the picture could be?"
1,0,"In a bakery, what area in the picture could be used for cooling down bread and pastry products after they come out of the oven?","In a bakery, what area in the picture could be used for cooling down bread and pastry products after they come out of the o"
1,0,"At a bakery, what area in the picture could be utilized to cool down bread and pastry products after they are finished baking in the oven?","At a bakery, what area in the picture could be utilized to bake bread and pastry products after they finished in the oven"
1,0,"In a bakery, bread and pastry products will be cooled down after they come out of the oven. Could you point out what area in the picture would be used for this purpose?",In a bakery oven what products are used and bread would be cooled out after they come in. Could you point out this case
1,0,"If the character in the picture is a wizard from the Harry Potter world, what would he ride on to fly in the air?","If the character in the picture is a wizard from the Harry Potter world, what would he ride on to fly in the air in the?"
1,0,"Assuming that the character in the picture is a wizard from the Harry Potter world, what would he use in order to fly through the air?","Assuming that the character in the picture is a wizard from the Harry Potter world, what would he use in order to fly through the air?"
1,0,"If the character in the picture is a wizard from the Harry Potter world, what kind of object would he typically ride on to fly into the air?","If the character from the picture is a creature in the Harry Potter universe, what kind of air would he typically turn on to fly in the?"
1,0,"If a person in the picture is a wizard from the Harry Potter world, what object would he typically ride on to fly through the air?","If a person on this screen is a wizard from the Harry Potter world, what object would he typically ride in to fly through the air?"
1,0,"Assuming that the character in the picture is from the Harry Potter world, what is the object that he would typically ride on to fly in the air?","Assuming that the character in the picture is from the Harry Potter world, what is the object that he would typically ride on to fly in the?"
1,0,"If this character is a wizard from the Harry Potter world, what would he typically use to fly in the air?","If this is a character from the Harry Potter world, what would this wizard typically have to fly as he fly in the air in human?"
1,0,"If we need to enter a room, what is the object we need to go through to enter it?","If we need to enter a room, what is the object we need to go through to enter it? What is the object to go through it?"
1,0,"In order to enter a room, what obstruction should we cross through to gain entry?","In order to enter a room, what obstruction should we cross through to gain entry, but what must we overcome in advance to enter a navigation?"
1,0,"If we need to access a room, what structure do we typically need to pass through in order to enter it?","If we need to access a room, what structure do we typically need to pass through in order to enter it, what to pass to access it?"
1,0,What is the item that needs to be passed through in order to enter a room?,What is the item that needs to be passed through in order to be passed through in order to enter a room? What to enter a bed??
1,0,What would you need to go through to enter a room?,What would you need to go through to go through to enter a room? What would you need to enter to enter a room? 9 space?
1,0,What object must we pass through to enter a room?,What object must we pass through to enter through to enter a room? What object must we turn to enter a room? Internal to a room?
1,0,"While working at a desk, it's important to maintain a comfortable seating position. What object in the picture could be used to provide a raised seating area for this purpose?","While working for a desk, it's important to provide a comfortable seating position. What object in this picture could be used at work?"
1,0,"When working at a desk, maintaining a comfortable seating position is critical. What item in the picture could be utilized to provide a raised seating area for added comfort?","When maintaining a seating desk, an appearance is critical. What item at the table could be used to provide a comfortable seating position?"
1,0,"What object could potentially be employed to provide a raised seating area, which can be essential for ensuring a comfortable posture while working at a desk?","What device could potentially be employed for establishing a workout area, which can be essential to ensure a comfortable seating while working at a desk"
1,0,"When working at a desk, it's critical to maintain a comfortable seating position. To achieve this, what tool in the picture could be utilized to provide a raised seating area?","When working at a seating desk, it's essential to provide a comfortable comforting position. To demonstrate what this tool could be run?"
1,0,"When working at a desk, it's important to maintain a comfortable seating position. What object could you use to create a raised seating area for this purpose?","When working at a desk, it's important to create a comfortable seating position. What object could you use to raise se for this purpose"
1,0,Herbs and spices are commonly used to enhance the flavor of various dishes. What item in the picture could be used to hold and serve these herbs and spices?,Herbs and spices are commonly used to enhance the flavor of various dishes. What item could be used in these herbs and sp
1,0,What item in the picture could be utilized to hold and serve herbs and spices that are frequently used to enhance the taste of various dishes?,What item in the picture could be utilized to hold and serve herbs and spices that are frequently used to enhance the taste of various?
1,0,What object in the picture could be utilized to contain and dispense herbs and spices used to enhance the flavor of dishes?,What object in the picture could be utilized to contain and dispense herbs and spices used to enhance the flavor of dishes?
1,0,"What object in the picture could be utilized to hold and serve herbs and spices, which are frequently employed to enhance the flavor of dishes?","What object in the picture could be utilized to serve herbs and spices, which are commonly employed to enhance the flavor of dishes"
1,0,"What object in the picture might be utilized to contain and distribute herbs and spices, which are frequently used to enhance the flavor of food?","What object in the picture may be used to distribute and contain herbs and spices, which commonly enhance the flavor of food? to"
1,0,What item in the picture could be utilized to contain and dispense herbs and spices for the purpose of enhancing the flavor of various dishes?,What item in the picture can be utilized for the purpose of concealing and enhance herbs and spices of the various dish flavors
1,0,What vehicle in the picture is designed to be used in snowy areas and has the ability to land and take off vertically?,What vehicle in the picture is designed to be used in landy areas and has the ability to snow and take off vertically and is marketable?
1,0,Which vehicle in the picture is designed to operate in snowy areas and is capable of vertical takeoff and landing?,Which vehicle in the picture is designed to operate in snowy areas and is capable of vertical takeoff and landing- what is capable of landing landing?
1,0,What type of vehicle in this picture is specifically built to operate in snowy regions and has vertical takeoff and landing (VTOL) ability?,What type of vehicle in this picture is designed to take off in VA and has vertical construction (far) location and proper snowtocket capabilities?
1,0,What vehicle is present in the image that is intended to be used in snowy areas and has the ability to vertically land and take off?,What property is present in the image that is designed to be used in a vertically path and has the ability to snowy and take off area?
1,0,What is the name of the vehicle in the picture that has both the capability to take off and landing vertically and is primarily utilized in regions with snow?,What is the name of the vehicle that has the capability to take off and is utilized primarily in snow and terrain with both visible in semi?
1,0,"In the picture, what type of vehicle is crafted primarily for use in snowy locations and has the ability to land and take off vertically?","In the picture, what type of vehicle is designed primarily for land use and has the ability to run in hot locations and freed off vertically?"
1,0,"When hiking, it is common for people to take breaks and enjoy the scenic views around them. What object in the picture would provide a stunning natural view for hikers to pause and admire?","When hiking, it is common for people to take pictures to view and enjoy. What object would provide a scenic view of the whites?"
1,0,"When hiking, hikers often take breaks and enjoy the beautiful scenery around them. What item in the picture will offer hikers an enchanting natural view to stop and appreciate?","When hiking, hikers often offer an enjoyable view of the scenery. What item will take hikers beautiful and surprise?"
1,0,"When hiking, it is common for people to take breaks and appreciate the beautiful scenery around them. What object in this picture would offer hikers a stunning natural view to stop and admire?","When hiking, it is common for people to take stunning views and enjoy. What picture around them would guarantee the beautiful scenery above?"
1,0,"During a hike, it is common for individuals to take a few breaks and appreciate the picturesque surroundings. What object in the picture could provide a stunning natural view for hikers to pause and admire?","During a hike, it is common for viewers to take several moments and appreciate. What object in the picture could provide a beautiful surround?"
1,0,"During a hike, people often take breaks to admire the scenic views that surround them. What aspect in the picture would provide a stunning natural view for hikers to pause and admire?","During a hike, visitors often take impressive views to view and surround. What natural scenery would imitate the pictures in the hike"
1,0,"For hikers taking a break during a hike to marvel at the natural beauty around them, what object in the picture would offer a stunning scenic view?","For hikers strolling around a mountain to enjoy the delicate view, what object in the picture would offer a marvelous natural look?"
1,0,the person who is doing exercise,"the person who is doing exercise who is doing the exercise. the person who is doing exercise. The person who is following in person training, rapid exercise"
1,0,something that can make the food more delicious,something that can make the food more delicious and make the food more delicious. something that can make the food more delicious? Food that simple
1,0,the person who is not likely to be a player,"the person who is not likely to be a player who is likely to be a member, the person who has not shown how likely to be a player"
1,0,"When a teacher is explaining the content of a course, what might they use in the classroom to enhance students' understanding?","When a teacher is explaining the content of a classroom, what might they use in the course to enhance students' understanding of their students quality?"
1,0,"In a classroom, what might a teacher use to improve students' comprehension of a course's material when delivering a lecture?","In a classroom, what might a teacher use to improve a student's comprehension of course's material when delivering a lecture??"
1,0,"When a teacher is explaining the contents of a course, what may they use in the classroom to improve students' comprehension?","When a teacher is explaining the contents of a course in the classroom, what may they use to improve students' comprehension in a course response?"
1,0,"During a classroom lecture, what resource might a teacher use to augment student comprehension of the subject matter?","During a lecture lecture, what resource might a student use to extend a classroom lecture, can assess student comprehension of the subject matter of content?"
1,0,"During a classroom lecture, what could a teacher use to augment students' comprehension of the course material?","During a course course in a classroom lecture, what could a teacher use to demonstrate students' comprehension of the extendess of the course material?"
1,0,"When a teacher is explaining the content of a course, what tools or equipment might they utilize in the classroom to aid in students' comprehension?","When a teacher is explaining the functionality of a classroom, what tools or equipment might they utilize to aid in students' knowledge in comprehension?"
1,0,"When spending time outdoors, it is important to protect ourselves from insect bites. What part of the body in this picture is most susceptible to insect bites?","When spending time outdoors, it is essential to protect from insect bites. What part of the body in this picture is susceptible"
1,0,What part of the human body in this picture would be most at risk of insect bites when spending time outdoors?,What part of the human body in this picture would be most at risk of insect bites when spending much time outdoors foodinges?
1,0,"During outdoor activities, it is crucial to safeguard ourselves from insect bites. What part of the body, as shown in this image, is particularly vulnerable to insect bites?","On remote body environments, it is crucial to mitigate insect bites. What aspect, as shown in this picture, from insect safety?"
1,0,"When spending time outdoors, insect bites can be a concern. Which part of the body in this picture is particularly susceptible to bites?","When spending time outdoors, insect bites can be a particularly susceptible. Which part of the body in this picture is concerned?"
1,0,something that can transfer solar energy to electric energy,something that can transfer solar energy to solar energy that can power electric energy. Its unique to transfer solar energy from solar water to say electric metro energy
1,0,the part that the deers use for fighting,the part that the the deers use for fighting. the deers use for fighting the deers that the deerskin for half. for fighting
1,0,"If someone wants to relax their back and take a nap, where in the living room is the most comfortable for them to sit on?","If someone wants to relax and take their back on a nap, where in the living room is the most comfortable for them to sit the kiddo?"
1,0,"If one intends to relieve their back and take a nap, where would be the most comfortable area in the living room to sit on?","If one intends to take a back sleep and relax in the living room, where would be the best area to have their stent sit on?"
1,0,"If someone wants to relax their back and take a nap, what furniture in the living room would be the most comfortable for them to sit on?","If someone wants to relax and sit back in their bedroom, what living furniture would be the most comfortable for them to take the nap on?"
1,0,Where is the most comfortable area in the living room for someone to sit and take a nap whilst also relaxing their back?,Where is the most comfortable area in the living room for someone to sit back and take a nap whilst also relaxing and giving their main table back?
1,0,"If someone wants to relax their back and take a nap, where is the most comfortable spot to sit in the living room?","If someone wants to relax and take a nap in the living room, where is the most comfortable place to sit back and get the smallest gait?"
1,0,"What object can people use to listen to music, watch videos, or read e-books before going to bed?","What object can people use to listen to music, watch videos, read e-books, or play e-books before going to the bed??"
1,0,"What object can be utilized to listen to music, watch videos, or read e-books before going to bed?","What object can be utilized to listen to music, watch videos, or read e-books, or read e-books before going to bed?"
1,0,"What device do you recommend people can use to listen to music, watch videos, or read e-books before going to bed?","What device do you recommend to people can use to listen to music, watch videos, or read e-books before you can go to a bed?"
1,0,"What object can people utilize to listen to music, watch videos, or read e-books before going to bed?","What object can people utilize to listen to music, read e-books, or watch video games before going to bed, when using a table?"
1,0,"What object can individuals use to listen to music, watch videos, or read e-books before going to bed?","What object can individuals use to listen to music, watch videos, or read e-books before going to bed? to read e-mail??"
1,0,"What object could you use to listen to music, watch videos, or read e-books before going to bed?","What object could you use to listen to music, watch videos, read e-books, or read e-books before going to bed?go?"
1,0,"In order to ensure the tire is inflated properly, what area in the picture could be used to check the air pressure and add air if needed?","In order to check the air to ensure the air pressure is inflated properly, what area could be used in the tire and add if needed?"
1,0,"When performing tasks such as inflating tires, what region in the image might be utilized for the purpose of checking air pressure and adding air if necessary?","When inflating tires, what area in the image might be utilized for the purpose of performing tasks such as checking air and adding air if?"
1,0,"To ensure that a tire is inflated properly, what area in the picture could be used to verify the air pressure and add air as required?","To ensure that a tire is inflated properly, what area in the picture could be used to verify air pressure and add the air as required?"
1,0,"To ensure that the tire is properly inflated, which part of the picture can be used to check the air pressure and add air as necessary?","To ensure that the air pressure is inflated properly, which part of the picture can be used to check the tire and add air as necessary?"
1,0,Which part of the picture can be used to gauge the air pressure in a tire and add air as necessary to achieve proper inflation?,Which part of the picture can be used to gauge the air pressure in a tire and add air as necessary to achieve proper inflation and speed?
1,0,"To check and confirm that a tire is properly inflated, what part of the picture can be utilized for assessing air pressure and adding air if required?","To confirm that a tire can be checked and inflated, what part of the picture is required for assessing air pressure and providing air if?"
1,0,What structure in this room can be used to prevent light from outside the window shining directly on the bed?,What structure in this room can be used to prevent light shining directly on the window from outside the bed. from your window shining the floor?
1,0,"In a classroom setting, students often use electronic devices to assist their learning. What object in the picture could provide visual information and display educational content?","In a classroom setting, students often use electronic devices to help provide educational information. What object in the picture could display visual content and guide learning?"
1,0,"In a classroom setting, electronic devices are commonly used to support and enhance learning. Can you identify the object in the picture that has the capability to display visual information and educational content?","In a classroom, electronic devices have the functional ability to display picture and content information. Can you identify information that is commonly used to enhance?"
1,0,"In a classroom setting, students often use electronic devices to assist their learning. Can you identify an object that could provide visual information and display educational content in the picture?","In traditional educational settings, students use an item to provide visual information and help demonstrate their learning. Can you identify a subject that could display the computer?"
1,0,"In an educational setting, students often leverage electronic devices to support their learning. What is the object in the picture that might present visual information and exhibit educational content?","In an educational setting, students often leverage electronic devices to express their learning. What is the object in the picture that might exhibit visual information?"
1,0,"In a classroom setting, students frequently rely on electronic devices to support their learning. Please identify an item in the picture that can display educational content and provide visual information.","During a classroom setting, students rely on electronic devices to support their learning. Please identify an item in the picture that can display information and content."
1,0,"In a classroom setting, electronic devices are often used by students to assist their learning. What object in the picture could be utilized to provide visual information and display educational content?","In a classroom setting, electronic devices are often used to provide educational information. What object in the picture could be utilized to demonstrate student content?"
1,0,"When we are getting down or up a stairway and want to ensure our safety, what do we need to hold or lean on?","When we are getting up or down a stairway and want to ensure safety, what do we need to hold on or allow our side up?"
1,0,"When descending or ascending a staircase and looking for a measure of safety and balance, what do you need to hold onto or lean against?","When descending and standing up or holding a front staircase and looking for a measure of balance or safety, what must you move against or?"
1,0,What do we need to hold or lean on to ensure our safety when we are going up or down a stairway?,What do we need to carry or protect to ensure that we are going up or down on a heavy safety when we turn our stairwayway?
1,0,What should we hold or lean on when descending or ascending a stairway to ensure our safety?,What should we rush or lean to when ascending or standing in a stairway to ensure that ascending or leaning our safety devices?
1,0,What do we need to hold onto or lean against when getting up or down a staircase to ensure our safety?,What do we need to hold up or down or lean against when getting through or onto a staircase to ensure safety to protect our footwall?
1,0,"When using a stairway and aiming to ensure safety while getting up or down, what is typically held or leaned on for support?","When aiming for a driveway and being leaned up and out while facing or down, what is typically used to ensure safety or stairs?"
1,0,"During the holiday season, children often have the opportunity to sit on someone's lap and share their wishes. Who in the picture is traditionally known for wearing a red suit and sitting on a throne-like chair to listen to children's wishes?","On Christmas day, everyone is often held in the ceremony to sit alongside a family's hat. Who often features children in their relike fashion would"
1,0,"During the holiday season, children often take the opportunity to sit on someone's lap and share their wishes. Who in this picture is typically known for wearing a red suit and sitting on a throne-like chair in order to listen to children's wishes?","During this occasion, everyone is usually dressed in a walk-to suit and to hear children's name during sitting on the seat. Who wishes?"
1,0,"Who is traditionally known for donning a red suit and sitting on a throne-like chair to listen to children's wishes during the holiday season, based on the picture?","Who is traditionally known for serving a child-like table and holding a champ on the gates during the holiday, based on the envy?"
1,0,"During the holiday season, children might have the opportunity to sit on someone's lap and share their wishes. Can you identify who, according to tradition, is known for wearing a red suit and sitting on a throne-like chair to listen to the children's wishes, based on the picture?","People are invited to sit on the family's lap and wear another picture, known during the season, to appreciate who's dressed in sentences?"
1,0,"Who, traditionally, is known for wearing a red suit and sitting on a throne-like chair during the holiday season to listen to children's wishes?","Who, traditionally, is known for wearing a round-drop suit and dressed for a mother's seat during the holiday to pity?"
1,0,"Who is traditionally recognized for wearing a red suit and sitting on a throne-like chair to listen to the wishes of children, which often occurs during the holiday season?","Who is usually remembered for appearing in honor of a prince-like child, who regularly stands on the waist and to wear elaborate dressing sessions?"
1,0,"After we finish using the washing machine, what part of the machine should be closed?","After we finish using the washing machine, what part of the machine should be closed? Please note what part of the machine is weave clean?"
1,0,"When we are done with using the washing machine, what part of the machine should we make sure to close?","When we are done with using the washing machine, what part of the machine should we make sure to close? What we are making sure using?"
1,0,"When you're done using the washing machine, what part of the machine should be closed/shut?","When you're done using the washing machine, what part of the machine should be closed/shut? What to do in the chain?"
1,0,What part of the washing machine needs to be closed after it has completed its cycle?,What part of the washing machine needs to be closed after it has been closed to finish its cycle? What part of the washing cycle??
1,0,"When navigating through rapid waters, it is crucial to have proper safety equipment to ensure personal safety. What item in the picture is essential for this purpose?","When navigating through rapid waters, it is crucial to ensure proper safety equipment to have personal safety. What item in the picture is essential for this"
1,0,"When navigating through rapid waters, what item from the picture is considered crucial for ensuring personal safety by providing the appropriate safety equipment?","When navigating through the waters, what item from the picture is considered crucial for ensuring immediate safety by providing the appropriate personal safety equipment??"
1,0,"When navigating through turbulent or rapid waters, what piece of equipment is crucial for ensuring personal safety?","When navigating through turbulent or rapid waters, what piece of equipment is crucial for ensuring personal safety for ensuring personal quick safety?"
1,0,"When navigating through rapid waters, safety equipment is essential for ensuring personal safety. Please identify the crucial item in this picture that serves this purpose.","When navigating through rapid waters, safety equipment is essential for ensuring personal safety. Please identify the crucial item in this picture that serves this purpose"
1,0,Which item in the picture is considered essential for personal safety while navigating through rapid waters?,Which item in the picture is considered the essential for personal safety while navigating through deep waters? Which enables personal history ongoing to avoid rapid migration?
1,0,"What equipment is essential for ensuring personal safety while navigating through rapid waters, as depicted in the picture?","What equipment is essential for ensuring personal safety while navigating through rapid waters and while handling geeks, as depicted in the personal picture??"
1,0,What appliance in the kitchen is mainly used to make breakfast and produce toast?,What appliance in the kitchen is mainly used to make breakfast and produce the toast? Solution to make breakfast breakfast and mix in the toast?
1,0,Which kitchen appliance is primarily utilized for making breakfast and creating toasted bread?,Which kitchen appliance is primarily utilized for making breakfast and creating breakfast breakfast and is designed for making breakfast in using toasted toasted bread? Which
1,0,What kitchen appliance is typically utilized to make breakfast and produce toast?,What kitchen appliance is typically utilized to make a breakfast toast and produce to make breakfast? Our system typically made to replace bread and nap?
1,0,What appliance in the kitchen is primarily used for making breakfast and producing toast?,What appliance in the kitchen is primarily used for making breakfast and producing breakfast and is the primary machine for processing meats and making toast??
1,0,"In the kitchen, what appliance is primarily used to prepare breakfast and produce toast?","In the kitchen, what appliance is primarily used to prepare toast and produce breakfast, is to?Use coffee to prepare the home toast?"
1,0,"In the picture, there is a stylish and fast car. Who in the picture is most likely the owner or driver of this car?","In the picture, there is most likely a stylish and fast car. Who in the picture is the owner or driver of this most likely car?"
1,0,Who in the picture is most likely the owner or driver of this stylish and fast car?,Who in the picture is most likely the owner or driver of the owner of this stylish and fast car? Whoever this stylish and cut?
1,0,Who is most likely the owner or driver of the fast and stylish car in the picture?,"Who is most likely the owner and or driver of the fast and stylish car in the picture, who is probably the fast car owner in fashion?"
1,0,Who might be the owner or driver of the stylish and fast car depicted in the picture?,Who might be the owner and driver of the stylish and fast driving car depicted in the picture in the picture? The or friend of the feature
1,0,Who is most likely the owner or driver of the stylish and fast car in the picture?,Who is most likely the owner and owner of the stylish and fast car in the picture or possibly the driver who is here fast in the fashion?
1,0,"Among the individuals in the picture, who is most likely to be the owner or driver of the stylish and fast car depicted in the image?","Among the individuals in the picture, who is most likely to be the owner and driver of the stylish or fast car shown in the photo? The"
1,0,Which object in the picture can be opened and closed to control the amount of light entering the indoor environment?,"Which object in the picture can be opened, closed and set to control the amount of light entering the indoor environment that covers the lightning space?"
1,0,What object can be opened and closed to regulate the quantity of light entering an enclosed space in the given picture?,What object can be opened and closed to regulate the quantity of light entering an enclosed space in the given picture in the given picture? The?
1,0,What part of the picture allows for controlling the amount of natural light that enters indoors by being open or closed?,What part of the picture allows for controlling the amount of light that comes true to indoors by having natural light open or closed by living?
1,0,What object in the picture is used to regulate the amount of sunlight entering the indoor environment?,What object in the picture is used to regulate the amount of sunlight entering the indoor environment? What is the picture of the indoor?
1,0,What object in the picture functions to regulate the amount of light that enters the indoor environment by being able to open and close it?,What object in the picture functions to regulate the amount of light that is able to open and close by being able to close the indoor environment?
1,0,the object used for holding food,the object used for holding food.it used for holding food. The object used for holding Machine power the object of holding d and object to NEW food
1,0,"In a multistory building, people often use a specific means of transportation to move up or down between different levels quickly and conveniently. What object in the picture provides this function?","In a monuments public building, people often use a multitude to move up or down the function quickly and easily. What object in the following service?"
1,0,What object in this picture is commonly used in a multistory building to move up or down between different levels quickly and conveniently?,What object in this picture is commonly used in a multichannel building to move up or down quickly and easily from different directions when facing about??
1,0,"In a multistory building, what object is often utilized to travel between different levels quickly and conveniently?","In a historic multifactorial building, what object is often utilized to travel wide, easily to serve different things quickly and between different directions effectively?"
1,0,"In a multistory building, people typically utilize a particular object for quick and convenient transportation between different floors. What is this object in the picture?","In a multichannel building, people typically utilize a particular object for quick and convenient transportation between floors. What is the object in?"
1,0,What object in the picture is commonly used to easily and expediently move between various levels of a multistory building?,What object in the picture is commonly used to easily and multidisciplinely move between various levels of a adjacent course during a caspont?
1,0,"When we need to sit down and prepare for meals at the dining table, what object do we need to move to be able to do so?","When we need to sit down and move to prepare for meals at the dining table, what object do we need to be able to do so"
1,0,What is the object that we typically move to be able to sit down and prepare meals at the dining table?,What is the object that we typically choose to sit down and move to be able to prepare meals at the dining table for the dish?
1,0,What item should be moved to begin preparing for a meal at the dining table?,What item should be moved to begin preparing for a meal that begins preparing for another dining table at the dining table? Mail?
1,0,"To prepare for a meal at the dining table, which item should be moved to create seating space?","To prepare for a meal at the dining table, which item should be moved to create seating space, which should be topping food?"
1,0,Children often like to sleep with their favorite toys by their side. What object in the picture can be served as a child's favorite toy?,Children often like to sleep with their favorite toys by their side. What object in the picture can be served as a child's favorite toy
1,0,What object in the picture might be considered a favorite toy for a child who likes to sleep with their toys?,What object in the picture might be considered a favorite toy for a child who likes to sleep with their toys? What toy??
1,0,What object in the picture might be considered a favorite toy for a child to cuddle with while sleeping?,What object in the picture might be considered a favorite toy for a child to cuddle with while sleeping while the child wearing?
1,0,What objects in the picture could serve as a child's favorite toy to sleep with?,What objects in the picture could serve as a child's favorite toy to sleep with? What objects in the story could serve as a toy
1,0,What about the objects in the picture could potentially serve as a child's favorite toy to keep by their side while sleeping?,What about the objects in the picture could potentially serve as a child's favorite toy to keep their sleeping by their side while sleeping?
1,0,"When driving on the road, one may encounter situations where they need assistance from law enforcement to ensure safety and maintain order. What type of vehicle in the picture could provide this assistance?","When driving on the road, one may encounter situations where police can provide assistance to ensure safety and implement order. What type of assistance in this picture?"
1,0,"In situations where safety and order need to be maintained during driving, what type of vehicle in the picture could provide assistance from law enforcement?","In situations where safety and handling need to be maintained during vehicle use, what type of vehicle in the picture could provide assistance from police and permit law?"
1,0,"During road travel, there may be situations where law enforcement intervention is required to ensure safety and maintain order. What type of vehicle in the picture is capable of providing such aid?","Actually, road safety is a vehicle where such intervention may be required to provide the guarantee. What type of law enforcement experience is in providing?"
1,0,"During a drive on the road, one may encounter circumstances that necessitate the involvement of law enforcement to ensure safety and maintain order. What type of vehicle in the picture might be able to provide this assistance?","During traffic on the road, one may encounter situations that can permit the safety of the vehicle to ensure involvement. What type of instruction in order to"
1,0,"When driving on the road, one may encounter situations where assistance from law enforcement is required to ensure safety and maintain order. Which type of vehicle could potentially offer this necessary aid in the provided picture?","When driving in a law enforcement, one could encounter vehicle where required assistance is provided to ensure safety and deliver. Which type of situation on the?"
1,0,What type of vehicle in the picture could be used by law enforcement to ensure safety and maintain order while driving on the road and encountering challenging situations?,What type of vehicle in the picture could be used by law enforcement to ensure safety and maintain order while driving on the road and encountering situations?
1,0,"In a classical music concert held in a living room, what instrument would typically be played to create beautiful melodies?","In a classical music concert held in a living room, what instrument would typically be played in a studio to create beautiful melodies to hear music?"
1,0,"At a classical music recital in a living room, which musical instrument is commonly used to produce beautiful melodies?","At a classical music recital in a living room, which musical instrument is commonly used to produce beautiful melodies in a music decorelle line?"
1,0,"To create a beautiful melody in a classical music concert held in a living room, what musical instrument is commonly played?","To create a beautiful musical musical in a musical instrument floating in a traditional dance room, what melody is commonly played in a English concert was played?"
1,0,"In a classical music concert held in a living room, which musical instrument would typically be played to create beautiful melodies?","In a classical music concert held in a living room, which musical instrument would typically be played in a concert room to create beautiful melodies??"
1,0,"In a classical music concert held in a living room, what type of instrument would commonly be played to produce beautiful melodies?","In a classical music concert held in a living room, what type of instrument would commonly be played to produce beautiful melodies to the bedside?"
1,0,the owner of this car,"the owner of the owner of this car. the owner of this car is Our car the owner of this car. the owner of new, accidental"
1,0,"In urban areas, there are often signs placed on poles to provide information or directions. What specific type of sign can be found attached to a pole in the picture?","In rural areas, there are often signs placed on poles to provide information or directions. What type of special sign can be found in the picture?"
1,0,"In urban areas, poles are often utilized to display signs that provide information or directions to the public. What specific type of sign can be observed attached to a pole in the picture?","In public areas, poles are often utilized near a pole to indicate what type of action or signs can be displayed in the picture. What?"
1,0,"In urban areas, poles often contain signs that offer relevant information or guidance. Based on this picture, what particular kind of sign can be found attached to a pole?","In towns, poles often contain specific signs that provide relevant information. Based on this picture, what kind of accessible sign could be attached to a?"
1,0,"In urban areas, it is common to see signs attached to poles that provide information or directions. What specific type of sign is visible in the picture?","In rural areas, it is common to see signs attached to poles that provide specific information or directions. What type of sign is visible in the picture"
1,0,"In urban areas, poles are frequently used to exhibit signs for directions and information. Which specific type of sign is mounted on a pole in the picture?","In urban areas, poles are frequently used to display specific directions and information. Which form of sign is mounted on a pole in the picture??"
1,0,"In urban areas, different types of signs are often attached to poles, providing people with information or directions. Please identify the specific type of sign that can be found affixed to a pole in the picture.","People found in villages, different types of poles can be attached, often with information to demonstrate the type of sign or sign visible in the direction."
1,0,"In this picture, there are objects flying in the sky. Which object is specifically designed for human passengers to fly and travel in the atmosphere?","In this picture, there are objects designed specifically for travel in the sky. Which object is designed to fly and carry human passengers flying in the atmosphere?"
1,0,"Among the objects flying in the sky depicted in the picture, what object is specifically designed to enable human passengers to travel through the atmosphere?","Among the objects depicted in the picture, what aircraft is specifically designed to allow human passengers to fly through the sky simultaneously in the object surround?"
1,0,"In this picture, which object is distinctively designed for human passengers to travel and fly within the atmosphere?","In this distinctive picture, which object is uniquely designed for humans to fly and travel and breath passengers, which express passengers within the atmosphere??"
1,0,"Among the objects that are flying in the sky in the picture, which one is specifically designed to transport human passengers and travel in the atmosphere?","Among the objects that are flying in the sky in the picture, which one is specifically designed to transport passengers in the atmosphere and travel the human atmosphere?"
1,0,"Among the objects present in the sky in the picture, which item is designed to enable human passengers to travel and fly through the atmosphere?","Among the objects present in the sky in the picture, which item is designed to enable human passengers to travel and fly through the atmosphere, which atmosphere?"
1,0,There are objects flying in the sky in this picture. Which of these objects is specifically designed to allow human passengers to fly and travel within the atmosphere?,There are objects flying in the sky in this picture. Which of these objects is specifically designed to allow human passengers to fly and travel within the atmosphere?
1,0,What object should be used to support a video camera while shooting to capture stable images?,What object should be used to support a video camera to capture a stable image while shooting images. Should capture sound to meet target camera while weishi?
1,0,What is the recommended tool that should be used to support the video camera to capture stable images during a shoot?,What is the recommended tool that should be used to support the stable camera to capture the sound of video images to improve backup during a video shoot??
1,0,What device should be used to support a video camera while shooting to capture stable images?,What device should be used to support a stable camera to support video image while shooting to capture strong camera images. When using a film mask to capture?
1,0,What can be utilized to support a video camera and capture stable images while shooting?,What can be utilized to support a stable video camera and capture images while shooting. What is stable to capture a sound block and enable video listening?
1,0,"When recording a video, what object can be utilized to stabilize the images captured by the camera?","When recording a video, what object can be utilized by the camera to stabilize the optical images captured by the device when highlighting the slide?"
1,0,"What object could be used to support a video camera while shooting, in order to obtain stable, shake-free images?","What object could be used to support a shake camera while in memory, in order to produce stable, video-free images while still shooting video?"
1,0,"Humidity in the bathroom can cause towels to become damp, which can breed bacteria. What object in the bathroom can be used to hang the towel up to dry and avoid direct contact with the ground?","Human bacteria use to carry towels, which can cause deterioration to the bathroom to be wet and to stand? What"
1,0,"When humidity in the bathroom causes towels to become damp, it can lead to bacterial growth. What object in the bathroom can be utilized to hang the towel up to dry and avoid direct contact with the ground?","When tooth bags are exposed to the bathroom, it can cause humidity to drain and become heavy. What in the bath can"
1,0,"In a bathroom, towels can become damp due to high humidity, creating a breeding ground for bacteria. What can be utilized to hang towels and prevent them from having direct contact with the ground in order to dry them?",What can be used to grow bacteria due to towels and can halt a bathroom in order to produce bacter with them.?
1,0,"When there is high humidity in the bathroom, towels can become damp and begin to accumulate bacteria. What can be used to hang the towels and keep them dry, minimizing contact with the ground or other surfaces?","When using towels, there can be excess temperatures in the bathroom and can become damp and grow around the membranes. What"
1,0,"What object can be found in the bathroom that can be utilized to hang towels and prevent them from coming into direct contact with the ground whilst they dry, thereby preventing bacteria growth caused by moisture and humidity?","What object can be utilized in the bathroom to prevent bacteria from entering the ground and lead to heaving when they are wet smooth?,"
1,0,something that makes the coffee more sweet,something that makes the coffee more sweet that makes the coffee more sweet. something that makes the coffee more sweet the wine of food more simple. heat to
1,0,the part of the mask that people use to see the outside world,the part of the mask that people use to see. the part of the outside face that people use to see the health of the outside in world world
1,0,"In this picture, what part of a building provides support and stability to the overall structure?","In this picture, what part of a building provides support and stability to the overall structure? The end defines support and stability to the overall designation?"
1,0,"In this picture, what is the component of the building that provides support and stability to the entire structure?","In this picture, what is the component of the building that provides support and stability to the structure? The whole building that provides control of the entire?"
1,0,The structural component of the building that provides it with stability and support in this picture.,The structural component of the building that provides the picture with it in this picture. Building that provides stability and support with stability in this picture. The
1,0,What part of the building provides support and stability to the structure in the given picture?,What part of the building provides support and stability to the structure in the given picture? The structure supports the stability of the building in the next picture?
1,0,Which part of a building provides support and stability to the overall structure in the given picture?,Which part of a building provides support and stability to the overall structure in the given picture. Which is the finish for the building in a given vision?
1,0,"In the picture of the building, what part provides support and stability to the overall structure?","In the picture of the building, what is the structure? What part provides support and stability to the overall structure to describe the real support of building?"
1,0,the area on the basket used for lifting,the area on the basket used in the toy. the hole used for lifting on basket. Maximum gauge used for the area of lifting
1,0,the tyre that does not touch the ground,the tyre that does not touch the tyre.the part of the Steel: it sucks the ground that does not resist faulting ground
1,0,"If we were inside the building shown in the picture, what part of the building would allow natural light to enter and illuminate the interior?","If we were shown in the building, what part of the building would allow natural light to enter and illuminate the picture inside of the interior building?"
1,0,"If we were inside the building shown in the picture, what part of the building would allow natural light to enter and illuminate the interior?","If we were shown in the building, what part of the building would allow natural light to enter and illuminate the picture inside of the interior building?"
1,0,Suppose we are inside the building in the picture and would like to allow natural light to enter and brighten the interior. What part of the building would facilitate this?,Suppose we are inside the building and would like to brighten the interior to facilitate the view. What part of the building can provide in this?
1,0,"Suppose we were inside the building shown in the picture, what part of the building would be responsible for allowing natural light to enter and illuminate the interior?","Suppose we were interested in the building, what part of the building would be shown to allow the sunlight inside and illuminate the exterior in nature?"
1,0,"If we were inside the building shown in the picture, what architectural feature would allow natural light to enter the building and illuminate the interior?","If we were inside the building shown in the picture, what architectural feature would allow natural light to enter the interior and illuminate the building??"
1,0,Suppose we are inside the building shown in the picture. Which part of the building would allow natural light to enter and brighten the interior?,Suppose we are inside the building shown in the picture. Which part of the building would allow natural light to enter the interior and brighten the structure?
1,0,something that can be used to wipe the mouth,something that can be used to be used to wipe the mouth. something that can be used to wipe the mouth and wipe the skinanno
1,0,"If we were standing on the shore across the water from the location in the picture, what structure would we see stretching across the water?","If we were standing on the water across the shore from the location in the picture, what location would we see stretching across the water in the structure"
1,0,"Assuming that we were standing on the shore located opposite from the area shown in the picture, which structure would be visible stretching across the water?","Assuming that we were standing on the surface located opposite of the water shown in the picture, which structure would be stretching across the area from the sky"
1,0,"If we were standing on the shore opposite to the location in the picture, which structure would we see stretching across the water?","If we were standing in the water stretching across the structure in the picture, which location would we see as opposite to the shore on the terrain?"
1,0,"Assuming that we are standing on the shore across the water from the location presented in the picture, what structure would be visible and appear to stretch across the water?","Assuming that we are standing across the water from the shore, what location would appear to be displayed in the picture and traverse the structure across the water?"
1,0,"If we were standing on the shore across the water from the location depicted in the picture, what structure would we view stretching across the waterbody?","If we were standing on the water across the shore viewing from the landscape, what structure would we locate in the picture stretched across the ship?"
1,0,"Assuming that we are standing on the shore that is across the water from the location shown in the picture, what structure might we see stretching across the water?","Assuming that we are standing on the water across the shore from the location shown in the picture, what structure might we see that is stretch across water?"
1,0,"If the books are too tall to put on a normal table, what furniture is usually used to store them?","If the furniture is too tall to put on a normal table, what are the books used to store them? What food will usually store normally?"
1,0,"When books are too tall to fit on a typical table, what piece of furniture can be utilized to store them?","When books are too tall to fit on a typical table, what piece of furniture can be utilized for a store to store them? What about"
1,0,Suppose the books are too tall to fit on a regular table. What piece of furniture is typically used to store them?,The appropriate pieces of furniture to store on a long table. Suppose what size book is normally used to store them; which piece is expensive to?
1,0,"If the books are too tall to be placed on a normal table, which furniture is commonly used for storing them?","If the books are too tall to be placed on a normal table, which furniture is commonly used for storing them? which clothes are normally dead?"
1,0,"Assuming that the books are too tall to fit on a regular table, what furniture is typically used for storage purposes?","Assuming that the regular furniture is too tall to fit on a long table, what books are typically used for storage purposes of a household items? The"
1,0,"When books are too tall for a standard table, what furniture is usually utilized to store them?","When books are too long to store a table, what is usually utilized for a standard chair. What furniture items are always rounded for them?"
1,0,something used for playing music,something used for playing music for playing sound. something used for playing music.net to learn music. something used for playing your guitar and repeating clothing
1,0,"If you want to keep important documents in order and don't want to lose them, where should you place them?","If you want to keep important documents in order and don't want to lose them, where should you place them in order to be missed??"
1,0,Where is the most suitable place to keep important documents in good order and to avoid loss?,Where is the most suitable place to keep important documents in good condition and where to avoid waste. To keep storage in order to avoid the most suffering?
1,0,"As a personal assistant, where would you suggest your owner to place important documents to keep them organized and secure?","As a personal assistant owner, where would you suggest your partner to place important documents: It is necessary to keep them safe to collect organized and secure?"
1,0,Where should you place important documents if you want to keep them organized and avoid misplacing them?,Where should you place important documents if you want to keep them organized and avoid misplacing them? When to avoid misplacing them???
1,0,"If you would like to keep your important documents in order and minimize the risk of misplacing them, where would be an appropriate place to store them?","If you would like to keep your important records in order and minimize the possibility of dupuming them, where is an appropriate place to store them?"
1,0,Where should you store important documents to keep them organized and prevent losing them?,Where should you store important documents to keep them organized and prevent them from losing them? Where to keep them organized and prevent losing certain them???
1,0,Cats often mark their territory by scratching objects. What part of the cat's body in the picture would be involved in this behavior?,Cats often mark their territory by scratching objects. What part of the cat's body in the picture would be involved in this behavior??
1,0,What part of a cat's body in the picture is typically utilized in marking territory through scratching behavior?,What part of a cat's body in the picture is typically utilized in marking territory through scratching behavior through possession of marking territory?
1,0,Which part of the cat's body in the picture would be involved in marking territory by scratching objects?,Which part of the cat's body in the picture of the territory would be involved in marking territory by scratching familiar objects in markets?
1,0,Which part of the cat's body shown in the picture is typically involved in the behavior of marking their territory by scratching objects?,Which part of the cat's body in the picture is typically shown in the situation of marking their behavior by striking objects accompanied by scratching?
1,0,Which part of the cat's body in the picture could be involved in marking its territory by scratching objects?,Which part of the cat's body in the picture in its territory could be involved in marking the territory by scratching its mystery objects??
1,0,Which part of the cat's body in the picture could be involved in the cat's territory-marking habit of scratching objects?,Which part of the cat's body in the picture could be involved in the cat's territory-marking habit of scratching objects??
1,0,"When eating fish and chips, which part of the meal might be used to add flavor and squeezed onto the fish?","When eating fish and chips, which part of the meal might be used to add flavor and squeezed onto the fish?"
1,0,What part of the meal might be used to add flavor to the fish and can be squeezed onto it when eating fish and chips?,What part of the meal might be used to add flavor to fish and chips and can be squeezed onto the fish when?
1,0,What part of the fish and chips meal is often used to add flavor and squeezed onto the fish?,What part of the fish or meal is often used to add flavor and chips fish and squeezed onto the chuck??
1,0,Which part of the fish and chips meal could be used to add flavor by being squeezed onto the fish?,Which part of the fish and chips meal could be used to add flavor by being squeezed onto the fish sharing the fish?
1,0,What food item might you use to add flavor to the fish and to which you might apply pressure to release the juice?,What food item might you use to add flavor to the fish and to which you apply salt to the juice to potentially release the reaction particles?
1,0,"When eating fish and chips, which condiment is typically used to add flavor and squeezed onto the fish?","When eating fish and chips, which condiment is typically used to add flavor and taste and squeezed onto the fish? When"
1,0,"When we step out of the shower, what object can be used to dry ourselves?","When we step out of the shower, what we think of the shower, what object can be used to dry ourselves? When object ready?"
1,0,What object can be used to dry ourselves when we step out of the shower?,What object can be used to dry ourselves out of the shower when we step out of sleep -we let us en route to the shower?
1,0,What do you typically use to dry yourself off after stepping out of the shower?,What do you typically use to dry yourself off after stepping out of the shower? What to stepping out of the shower? Tried for
1,0,What item might we typically utilize after exiting the shower to dry ourselves off?,What item might we typically utilize after exiting the shower to dry ourselves off to let us exit from the car washers idle??
1,0,What object do you use to dry yourself off after getting out of the shower?,What object do you use to dry yourself off after getting out of the shower? What to dry out of the shower? getting your face?
1,0,the animal being dragged,the animal being dragged being dragged. the animal being dragged to war. the animal being dragged by humans and dragon the lasting
1,0,"When enjoying a cold beer outdoor, it is important to have a stable surface to place the beer glass on. What in the picture can provide a stable surface for placing the beer glass?","When enjoying having a cold surface beer, it is important to provide a cold surface beer for the outdoor. What to place the glass"
1,0,"When having a cold beer outdoors, what in the picture would be able to provide a stable surface to place the beer glass on?","When having a cold beer outdoors, what in the picture would be able to provide a stable surface to place the beer glass on?"
1,0,"When enjoying a cold beer outdoors, having a stable surface to place the beer glass on is of high importance. What in the picture could potentially offer a flat and secure placement for the beer glass?",Having a hot beer glass is likely to offer a stable and comfortable surface for the beer glass. What in front of could be in sight?
1,0,"When enjoying a cold beer outdoors, it's important to have a dependable surface to place the beer glass on. What in the picture can provide a stable platform for the beer glass?","When enjoying beer glass, it is important to have a stable surface for a portable beer. What in the picture can the glass?"
1,0,"When enjoying a cold beer outdoors, one may need a stable surface to set the beer glass on. What item in the picture could be used as a stable surface for this purpose?","When ordering a cold beer outdoors, one could be used to enjoy the cold surface for a purpose. What object might be on the display"
1,0,"When enjoying a cold beer outdoors, what object in the picture could one utilize to provide a stable surface on which to place the beer glass?","When enjoying a cold beer outdoors, what object in the picture could one use on which to establish a beer surface to handle?"
1,0,"What object typically provides a flat and stable surface for people to place cups, plates, or books in a living room?","What object typically provides a flat and stable surface for people to place cups, plates, or books and stable in a living room? Room?"
1,0,"What type of object is typically employed within a living room setting to provide a flat and stable surface for placing cups, plates, books, or other items upon?","What type of container is typically employed during a living room to provide a flat and secure surface with placing cups, books, or other objects upon?"
1,0,"In a living room, what object would typically provide a flat and stable surface for people to place cups, plates, or books?","In a living room, what object would typically provide a flat and stable surface for people to place cups, plates, or book or supplies?"
1,0,"What object in a living room is commonly used to provide a flat and stable surface for cups, plates, or books?","What object in a living room is commonly used to provide a flat and stable surface for cups, plates, or cabinets, or books?"
1,0,"What item typically provides a flat and stable surface for placing cups, plates, or books in a living room?","What item typically provides a flat and stable surface for placing cups, plates, books, or plates in a living room? When available?"
1,0,"In a common living room, what object would usually provide a stable and flat surface for placing cups, dishes, or books?","In a common living room, what object would usually provide a stable and flat surface for placing cups, dishes, or book to fit books?"
1,0,"When pouring liquid from a container, which part of the container in the picture will be gripped and used to control the flow of the liquid?","When pouring liquid from a container, which part of the container in the picture will be gripped and used to control the flow of the liquid"
1,0,"When pouring liquid from a container, which part of the container in the picture is typically held to regulate the flow of the liquid?","When pouring liquid from a container, which part of the container in the picture is typically held to regulate the flow of the the liquid??"
1,0,"When pouring liquid from a container, which part of the container in the picture is to be handled and used to regulate the-flow of the liquid?","When pouring liquid from a container, which part of the container is to be handled and used to picture the-flow of the liquid in the?"
1,0,"While pouring liquid from a container, what would be gripped and utilized to control the flow of liquid?","While pouring liquid and separated from a container, what would be gripped and utilized to control the flow of liquid for handling the liquid?"
1,0,"When pouring liquid from a container as shown in the picture,  which part of the container experts use to control the flow of the liquid?","When pouring the liquid from a container, which part of the container experts use as shown in the picture to control the flow of liquid?"
1,0,"When pouring liquid from a container, which part of the container shown in the picture is typically held to control the flow of the liquid?","When pouring liquid from a container, which part of the container shown in the picture is typically held to control the flow of the liquid? liquid?"
1,0,Some cities have developed waterways as scenic routes for leisurely sightseeing. What mode of transportation in the picture can provide a unique and enjoyable experience for exploring these waterways?,Some waterways provide accessible and scenic experience for a scenic sightseeing. What is convenient in the park for exploring these waterways?
1,0,What type of transportation in this picture can be utilized to offer a unique and enjoyable experience for exploring these scenic waterways in some cities?,What type of transportation in this picture can be customized to explore this unique and enjoyable experience for a scenic traveling in several water?
1,0,What method of transportation is depicted in the picture that could provide a unique and enjoyable experience for exploring waterways that have been developed as scenic routes in certain cities for leisurely sightseeing?,What method is offered as transportation for recreational attractions that could be explored in a picture of several daylong but scenic viewing?
1,0,"In some cities, waterways have been developed as a scenic route for leisurely sightseeing. Based on the picture, which form of transportation could be ideal for exploring such waterways and offer a unique and enjoyable experience?","Based on some waterways, waterways have been developed as a unique and enjoyable route for sightseeing. Should the experience of such transport?"
1,0,"When cities develop waterways for leisurely sightseeing purposes, what vehicle in the picture could offer a distinctive and pleasurable method for traveling along these routes?","When cities provide leisurely ways for sightseeing in the picture, this particular route could offer a pleasurable transportation and uses?"
1,0,"When sightseeing in some cities that have developed waterways as scenic routes, what mode of transportation in the picture can offer a unique and pleasant experience for exploring these waterways?","When transporting several waterways in cities that offer sightseeing, what the design of these waterways can offer a unusual and scenic experience?"
1,0,What object in the picture is commonly used as an entry point to enter a building?,What object in the picture is commonly used as an entry point to enter a building? When to enter the point point we name an enterprise building?
1,0,What in the picture is typically utilized as an entry point to access the interior of a building?,What in the picture is typically utilized as an entry point to access the interior of a building? What is the interior of a home building??
1,0,"What structure or part of a building often serves as an entry point for individuals, in general, and could be observed in the picture?","What building or part of a structure in general often serves as an entry point for individuals, in particular, and could be observed in the picture??"
1,0,What object in the picture frequently functions as an entrance for accessing a building?,What object in the picture frequently functions as an entrance for accessing a building? What. In the image frequently functions as an entrance for accessing a building?
1,0,In which part of the picture could you find a common entry point used to access a building?,In which part of the picture could you find a common entry point point used to access a building? It used to access the mainframe a building?
1,0,What object in a room is commonly used to cover windows and provide privacy?,What object in a room is commonly used to cover windows and provide privacy? What? is used to cover windows and provide privacy? Facebook
1,0,What object in a room is usually installed over windows to offer privacy and block light?,What object in a room is usually installed over windows to offer windows to offer privacy and block light? What offer you identity and block light??
1,0,"What type of object, typically used to cover windows and confer privacy, can be found in a room?","What type of object, typically used to cover windows and confer windows and provide privacy, can be found in a room without connection in a castle?"
1,0,Which object is typically used to cover windows and provide privacy within a room?,"Which object is typically used to cover windows, just provide privacy and provide the ability to address windows within a room. Which chalet in room?"
1,0,What object in a room is typically utilized to provide privacy and cover windows?,What object in a room is typically utilized to provide privacy and cover windows? What? is utilized to provide privacy and cover windows?
1,0,"In order to stabilize and capture steady footage, what tool in this picture can be used to support and hold the camera or camcorder?","In order to stabilize and capture or hold steady footage, what tool in this picture can be used to support and hold the camcorder?"
1,0,What tool in the picture could be utilized to stabilize and capture steady footage by supporting and holding the camera or camcorder?,What tool in the image could be utilized to stabilize and support permanent footage by holding and displaying or capture the camera or cincorder?
1,0,What object in the picture can be utilized to support and steady a camera or camcorder to capture smooth footage?,What object in the picture can be utilized to support and capture steady footage to satisfy a camera or camcorder to smooth smooth camera??
1,0,What equipment in the picture is utilized to stabilize and capture steady footage by supporting and holding the camera or camcorder?,What equipment in the picture is utilized to stabilize and capture steady footage by supporting and holding the camera or displaying the camcorder??
1,0,What item in the picture can be utilized to stabilize and capture steady footage by holding and supporting the camera or camcorder?,What item in the image can be utilized to stabilize and support steady footage by holding and captureing the camera or camcorder??
1,0,"When enjoying pastries, people often use paper plates or napkins to hold them. What item in the picture could be used to hold a pastry?","When enjoying pastry, people often use paper pastries or napkins to hold them. What item in the picture could be used to hold?"
1,0,"What item in the picture could be utilized to hold a pastry, given that people often use paper plates or napkins for this purpose?","What item in the picture could be utilized to hold a napkin, given that people often use paper plates or pastry for this purpose?"
1,0,"When consuming pastries, people often use paper plates or napkins to hold them. Can you point out an object in the picture that could be utilized to hold pastries?","When consuming pastries, people use paper plates to hold them. Can you imagine an object that could be utilized to cloth pastries?"
1,0,What item in the picture can be used to hold a pastry when consuming it?,What item in the picture can be used to hold a pastry when consuming it? What to accept a pastry when consuming it??
1,0,"When enjoying pastries, people frequently employ napkins or paper plates to carry them. What object in the picture can be used to hold a pastry?","When enjoying pastry pastries, people often use napkins or plates to carry them. What object in the picture can be employed to?"
1,0,Which key part in the computer can convert code into signals visible to humans?,Which key part of the computer can convert data into a key in humans? The ideal code to turn data signals or signals visible next to vanilla.
1,0,What is the key component in a computer that can translate code into signals that are visible to humans?,What is the key component in a computer that can translate code to data that is visual to humans and detect signals that are obvious in keys to humans?
1,0,What is the essential component of the computer system that can translate code into signals visible to the users?,What is the essential component of the computer system that can translate the code into data code to give signals continuous to the functions visible to the users??
1,0,What component of the computer is responsible for translating code into signals that can be seen and understood by humans?,What component of the computer is responsible for translating the code into code to signals that can be seen and understood by signals recorded and learned by humans?
1,0,Which component of a computer is responsible for converting code into signals that are visible to humans?,Which component of a computer is responsible for converting code that is visible to humans into signals. Which are responsible for converting signals into data that of humans?
1,0,What is the name of the part in a computer that translates code into human-readable signals?,What is the name of the part of the computer in a computer that translates to code code into human-readable signals. Human message signals?
1,0,What appliance in the image can be used to control lighting in this room?,What appliance in the image for this can be used to control lighting in the room? What lighting can be used in the combination screen?
1,0,What object in the image could you use to adjust the lighting in the room?,What object in the image could you use to adjust the lighting in the room? What to adjust the lighting in the light in the room?
1,0,What device or appliance in the image can be used to regulate lighting in the room?,What device or appliance in the image can be used to regulate lighting in the room? What to be used to light the appliance?
1,0,What electrical appliance in the image can regulate the illumination within the room?,What electrical appliance in the image can regulate the illumination within the room? Controls the illumination that image in the attached
1,0,Which appliance in the picture could be utilized to manage the lighting within this space?,Which appliance in the picture could be utilized to manage the lighting within the space? Which be able to manage the lighting in this space
1,0,What device or appliance in this image can be used for lighting control in this room?,What device or appliance in this image can be used for lighting control can be used for this lighting connection in this room in the sky?
1,0,What object is used to prevent water from splashing out of the bathtub and wetting the bathroom floor?,What object is used to prevent water from splashing out of the bathtub and wetting the floor and wetting bathroom floor??
1,0,What item is commonly placed around the perimeter of a bathtub to prevent water from splashing outside of the tub and onto the bathroom floor?,What item is commonly placed around the perimeter of a bathtub to prevent water from splashing onto the bathroom and outside the floor?
1,0,What object can be used to prevent water from splashing out of the bathtub and wetting the bathroom floor?,What object can be used to prevent water from splashing out of the bathtub and wetting the bathroom floor from bathroom floor?
1,0,What is the object called that is used to prevent water from splashing out of the bathtub and wetting the bathroom floor?,What is the object called that is used to prevent water from splashing out of the bathtub and wetting the bathroom floor??
1,0,What object typically helps to prevent water from splashing out of the bathtub and wetting the surrounding bathroom floor?,What typically object helps to prevent water from splashing out of the bathtub and wetting the floor from the surrounding bathroom bath floor?
1,0,"Birds often find their food in the water, and they have a specific body part to help them catch the food. What part is likely to be used by the bird in the picture to catch its food?","Birds often have a particular food to be used by the bird, and they catch the food. What part in the picture to catch their food?"
1,0,"Birds typically obtain their food from water bodies, and they have evolved specific physical attributes to assist them in catching their prey. What characteristic of the bird in the picture is likely to be utilized in catching food?","Birds possibly have their animals in catching prey, and they can utilize physical characteristic to aid them. What particular phenomenon in the food"
1,0,"Birds frequently find food in the water and have specific body parts to facilitate catching prey. Based on the picture, what body part of the bird is being used to catch its food?","Birds frequently catch food and have specific body parts in the water. Based upon picture, what part of the bird is being used to catch food?"
1,0,"What body part is likely to be utilized by the bird in the picture to catch its food, given that birds frequently forage for their food in the water?","What body part is likely to be utilized by the bird to catch food, given that the bird foray for its food in the water? Given"
1,0,"What part of the bird's anatomy in the picture can be used to catch its food, given that birds often search for meals in the water?","What part of the bird's anatomy can be used to catch food in the meal, given that birds often in the water? Its"
1,0,"In order to catch their food, birds frequently seek it out in the water and have developed a specific body part to aid them in this task. What part of the bird in the picture is likely used to catch food?","In order to catch food, birds frequently have developed a particular food part in the water and may seek them out. What part in the catch device?"
1,0,"What part of the picture represents a key objective in a football or rugby game, where players attempt to score points?","What part of the picture represents a key objective in a football or rugby game, where the key of players represents a attempt to score rugby points??"
1,0,"In both football and rugby games, players strive to score points by achieving a specific objective on the field. What area in the picture represents this objective?","In both football and rugby, players strive to achieve a specific objective by scoring points on the field. What area in the picture represents this objective?"
1,0,"In football or rugby, what is a key objective where players attempt to score points, and where might that be represented in the picture?","In football or rugby, what is a key objective where players attempt to score points, and where might that be represented as character in the picture??"
1,0,"What area of the picture represents a key objective in rugby or football games, where players attempt to score points?","What area of the picture represents a key objective in rugby or football games, where players successfully attempt to score points, where various players of the pitch?"
1,0,"What part of the picture represents a key objective in a football or rugby game, where the players are trying to score points?","What part of the picture represents a key objective in a football or rugby rugby game, where the players are trying to score the players from stage points?"
1,0,The kitchen is an important place for cooking and food processing. What object in the kitchen is mainly used for baking or roasting food?,The kitchen is an important place for cooking and food processing. What object in the kitchen is mainly used for baking or roasting food?
1,0,"In the kitchen, which object is primarily utilized for baking or roasting food?","In the kitchen, which object is primarily utilized for baking or roasting food? In particular, which is baking or roast?"
1,0,What object in the kitchen is commonly used for baking or roasting food?,What object in the kitchen is commonly used for baking or roasting food? What is for baking or roasting the menu food?
1,0,"In a kitchen where cooking and food processing are performed, what object is primarily utilized for baking or roasting food?","In a main kitchen where cooking and food processing are performed, what object is generally utilized for processing or roasting baking of food?"
1,0,The object in the kitchen that is primarily used for baking or roasting food.,The object in the kitchen that is primarily used for the cooking. The kitchen that is primarily for baking or roasting food. Item.
1,0,What kitchen appliance is primarily used for baking or roasting food?,What kitchen appliance is primarily used for baking or roasting food? What is used for baking or roasting food? Simple.
1,0,the supervisor,the the supervisor supervisor. the supervisor is the supervisor. The supervisor the supervisor of teaching key to commit and reseller.
1,0,Wolverine's body parts used for attacking enemies,Wolverine's body parts used for attacking enemies. Wolverine's body parts used for attacking enemies for attacking warriors
1,0,the object that can prevent hands from being burned,the object that can prevent hands from being burned. that can prevent hands from being burned the face from being burned. The object burned
1,0,"Jewelry is often made with precious gemstones, such as emeralds and turquoise. What piece of jewelry in the picture may contain these gemstones?","Jewelry often is made with precious jewelry, such as gemstones or turquoises. What piece of the include"
1,0,Which item of jewelry in the picture has the potential to contain precious gemstones such as emeralds or turquoise?,Which item of jewelry in the picture has the potential to contain precious gemstones such as emeralds or turquoise
1,0,"Which item of jewelry in the picture may contain precious gemstones, such as emeralds and turquoise?","Which item of jewelry in the picture may contain precious gemstones, such as emeralds and turquoise??"
1,0,Which piece of jewelry displayed within the picture could potentially be adorned with precious gemstones such as emeralds and turquoise?,Which piece of jewelry displayed within the picture could potentially be adorned with precious gemstones such as emeralds and?
1,0,"Which piece of jewelry displayed in the picture could potentially contain precious gemstones, such as emeralds and turquoise?","Which piece of jewelry displayed in the picture could potentially contain precious gemstones, such as emeralds and turquoise"
1,0,Jewelry often incorporates precious gemstones such as emeralds and turquoise. Which item of jewelry in the picture has the potential to contain these types of gemstones?,Jewelry often contains these types of gemstones such as emerquoise. Which item of jewelry has the potential in?
1,0,What in the picture can be used to hold onto while standing in a swimming pool?,What in the picture can be used to hold onto while standing in a swimming pool? What in the face can be in a swimming pool?
1,0,What object in the picture can be utilized as something to hold onto while standing in a swimming pool?,What object in the picture can be utilized as something to hold onto while standing as a gesture to be kept in a swimming pool? In?
1,0,"What can be grasped to maintain balance while standing in a swimming pool, based on the picture?","What can be grasped to maintain balance while swimming in a swimming pool, based on the picture, being grasped by a standing man?"
1,0,What in the picture can be used as a handhold while standing in a swimming pool?,What in the picture can be used as a handhold in a standing reef while standing while standing by standing in a swimming pool? The room
1,0,What can be used to hold onto while standing in a swimming pool in the picture?,What can be used to hold onto while standing in a swimming pool in the picture. What can be held onto while in the canvas shutter?
1,0,What object in the picture can one hold on to while standing in a swimming pool?,What object in the picture can one hold on to while standing in the swimming pool? Where to wilt on while in a swimming horse?
1,0,"the food containing proteins, carbohydrates and other nutrients","the food that contains proteins containing carbohydrates, carbohydrates and other nutrients and protein metabolites"
1,0,Which object in the picture can be used to stabilize a camera or telescope to maintain a steady shot?,Which object in the picture can be used to stabilize a camera or telescope to maintain a steady shot to maintain a highly dynamic shot? Meter?
1,0,What object in the picture can be utilized to stabilize a camera or a telescope and ensure that the shot is stationary?,What object in the picture can be utilized to stabilize a camera or a telescope and ensure that the picture is stationary and shot straight?
1,0,What object in the picture would be useful for stabilizing a camera or telescope and maintaining a steady shot?,What object in the picture or camera would be useful for maintaining a telescope and stabilizing a steady beam and trying to recover a photo shot?
1,0,People can play beautiful music by pressing the keys on the piano keyboard. What part of the piano in the picture can be used for playing?,People can play beautiful music by pressing the keys on the keyboard. What part of the piano in the piano picture can be used for playing the play?
1,0,How do you play beautiful music on a piano? What part of the piano keyboard in the picture would you utilize?,How do you play beautiful music on a piano keyboard? What part of the piano design in the picture of your favorite keyboard would you utilize??
1,0,What part of the piano in the picture can be pressed to play music?,What part of the piano in the picture can be pressed to play music? What.in the mouse can be pressed to play the style of music?
1,0,"In playing beautiful music on a piano, what part of the keyboard is typically used for pressing the keys to produce sound?","In pressing beautiful music on a piano, what part of the keyboard is typically used to play the key for performing sounds in order to produce their sound?"
1,0,the road in which we can go to the house without getting shoes wet,the road in which we can go to the house where we got to the surface without going through shoes without wearing a horse for meals wet
1,0,the tools that can record time,the tools that can record time that can record time. the results that can record time. Theories that can manage time in plain and tracked time
1,0,"In a martial arts competition, there is usually a person responsible for maintaining order, enforcing rules, and making judgments. Who in the picture is likely to have this role?","During a martial arts game, there is likely a person to have rules, keeping order, and enforcing judgments. Who in this role"
1,0,"In a martial arts competition, there is often a person responsible for enforcing rules, maintaining order, and making judgments. Which individual in the picture might hold this role?","Usually a martial arts person, there is a person in the field responsible for enforcing judgments, holding order. Which following this picture?"
1,0,"In a martial arts competition, the individual who maintains order, enforces rules, and makes judgments is typically called the referee. Could you identify who in the picture is most likely to perform this role?","In legal practice, a person who is typically assigned the role, produces judgments, and enforces the fair queue. What else should you do"
1,0,"During a martial arts competition, there is typically an individual who is responsible for maintaining order, enforcing rules, and making judgments. Based on the picture, who might be fulfilling this role?","During courtroom competition, there is typically a person who is responsible for enforcing the acts, and fulfilling order. Given what this type?"
1,0,"In a martial arts competition, what individual in the picture is most likely responsible for maintaining order, enforcing rules, and making judgments?","During a martial arts competition, what person in the picture is most likely responsible for enforcing order, making rules, and maintaining judges?"
1,0,"In martial arts competitions, there is usually an individual responsible for maintaining order, enforcing rules, and making judgments. Who would be the most likely person to have this role in the picture?","During professional sports, there is normally a party person responsible for making judgments, and enforcing the artistry. Who would be in this role"
1,0,the spare wheel,the spare spare wheel... the spare wheel. the spare wheel in classic.bove all we are learning the spare time of tall and sparkling wheelge
1,0,Bees play a vital role in pollinating plants and producing honey. What occupation in the picture is dedicated to the care and management of bees?,Bees are devoted to pollinating and food and honey. What significant role is a role in the production of the care of bees?
1,0,"In regards to the care and management of bees, which profession appears to be represented in this picture?","In regards to the care and management of bees, which profession appears to be represented in the picture? In regards to be represented in this picture?"
1,0,"In the picture, who is involved in the care and management of bees, which have an important role in pollinating plants and producing honey?","In the picture, which is involved in the care and management of bees, who have an important role in producing pollinating plants and honey"
1,0,"Which occupation, as depicted in the picture, involves the care and management of bees, which are critical for pollinating plants and generating honey?","Which occupation, as depicted in the picture, involves the management of bees, which are critical of pollinating plants and handling honey?"
1,0,"Given that bees play a crucial role in pollination and honey production, who is responsible for the care and upkeep of bees in the picture?","Given that honey is responsible for the production and upkeep of bees, who play a crucial role in bees and pollination?"
1,0,"In the given picture, which profession is associated with the cultivation and management of bees, which play an important role in pollination and honey production?","On the given picture, which plants are an important role in the production and management of honey, which constitutes pollination and breeding?"
1,0,"When making fried rice, it is common to use a variety of ingredients and mix them together in a pan. What tool in the picture could be used to mix the ingredients and ensure they are evenly cooked?",Usually fried food is common in using several ingredients and use them to combine the together. What tool to be cooked in a pan?
1,0,"When preparing fried rice, a range of ingredients are generally utilized, and they are often mixed together in a pan. What object in the picture could be utilized to stir and ensure that the ingredients cook evenly?","While preparing dishes, a variety of ingredients can be utilized to cook and are generally stirred. What in the picture combined?"
1,0,"For making fried rice recipes, it's usual to use a variety of ingredients and mix them together in a pan. Can you suggest me the tool that could be used for mixing the ingredients and ensure they're evenly cooked?","A chef recipe for mixing various food ingredients, that's possible to use the two and be sure to mix them in fried?"
1,0,"During the process of cooking fried rice, various ingredients are typically mixed together in a pan. Please suggest what tool in the picture could be utilized to mix these ingredients and guarantee that they are cooked evenly?","During cooking, several ingredients are typically combined in a pan. Please explain what the tool is capable of having these ingredients to wrap"
1,0,"During the preparation of fried rice, people usually mix various ingredients together in a pan. Please tell me which tool in the picture might be utilized to perform this task and help ensure that the ingredients are evenly cooked?","During preparation, several cooked food items are typically stirred together. Please tell which tool in the recipe can be utilized in the?"
1,0,"When making fried rice, it is common to mix multiple ingredients in a pan. What in the picture can be utilized as a tool to stir the ingredients and help them cook evenly?","When mixing fried meats, it can be used to cook several ingredients. What in the picture is utilized to stir the ingred"
1,0,"In a busy parking lot, it can be difficult to find your car among many other vehicles. What in the picture can help you identify your car?","In a busy parking lot, it can be difficult to find your car among many other vehicles. What in the picture can help you identify your car"
1,0,"When searching for your car in a busy parking lot, what in the picture might assist you in identifying it among numerous other vehicles?","When searching for your car in a busy parking lot, what in the picture might assist you in identifying it among the many other vehicles??"
1,0,"In a large and busy parking lot, there may be numerous similar-looking cars that make it difficult to locate your vehicle. Based on the picture, what can be used to help identify your car?","Based on several large-parking cars, there may be a car that can be difficult to locate the picture. In what can help your vehicle?"
1,0,"In a crowded parking lot, it can be difficult to locate your vehicle among many other cars. Could you tell me what specific item in the picture could help you identify your car?","In a parking lot, it can be difficult to locate other specific items in your car. Could you tell me what picture could describe your vehicle?"
1,0,"In a crowded parking lot, it can be challenging to identify your vehicle among many others. What tool in the picture could assist in identifying your car?","In a crowded parking lot, it can be challenging to identify your vehicle among many others. What tool in the picture could identify vehicle?"
1,0,What in the picture could be utilized to help you locate your car in a busy parking lot with many other vehicles?,What in the picture could be utilized to help you locate your car in a busy parking lot with many other vehicles that fit many other vehicles?
1,0,the cars that are not taxi,the cars that are not taxi that are not taxi. the cars that are not taxi. The cars that are not to date taxi
1,0,something indicating that the tank belongs to the USA,something indicating that the tank belongs to the USA. that proves that the tank belongs to the USA. The tank belongs to the USA in space United
1,0,"After changing clothes, what type of object can we use as a container to collect dirty clothes?","After changing clothes, what type of object can we use as a container, what can we collect dirty clothes to create new clothes to collect scar t?"
1,0,"After changing clothes, where should you place dirty clothes, and what should be utilized as a container to collect them?","After you store dirty clothes, where should you choose to dispose of clothes, and what should be used as an emergent container to draw them??"
1,0,"After changing clothes, where can we usually put our dirty clothes in the room?","After changing clothes, where can we usually put our dirty clothes in the room? How to. After changing clothes, we let soap in the room?"
1,0,"Once you change clothes, what type of object can be utilized as a container for collecting soiled clothing?","Once you change clothes, what type of object can be utilized as a container for collecting soiled clothing by storing uncut clothing?"
1,0,What type of object can be utilized as a container to collect dirty clothes after changing?,What type of object can be utilized as a container to collect dirty clothes after changing? What object used to produce physical clothes to avoid stitch?
1,0,"After changing clothes, which item could be used to contain and store dirty clothes?","After changing clothes, which item could be used to contain and store dirty clothes? Theod is safe to contain and store different and contain dirty clothes?"
1,0,"In a dark tunnel, where the lighting is limited, what part of the car in the picture is crucial for providing visibility and ensuring safety while driving?","In a dark road, where the mirror is limited, what part of the lighting in the vehicle is crucial for providing safety and ensuring?"
1,0,"When driving through a dark tunnel with limited lighting, what part of the car in the picture is essential for providing visibility and ensuring safety during travel?","When driving through a dark trail with limited lighting, what part of the car in the picture is essential for providing visibility and ensuring safety during?"
1,0,"If driving in a dark tunnel with limited lighting, what part of the car would be important for providing visibility and ensuring safe passage, according to the picture?","If driving a long tunnel with minimal lighting, what part of the car would be important in providing safe visibility and ensuring passage, according to?"
1,0,"When driving in a dark tunnel with limited lighting, what part of the car is critical for providing visibility and assuring safety, according to the picture?","When driving a car with limited lighting and clearing, what part of the mirror is critical in ensuring safety, according to the dark scenario?"
1,0,"When driving in a dark tunnel with limited lighting, which component of the car in this picture is critical for ensuring visibility and safety?","When driving in a dark tunnel with limited visibility and safety, which component of the lighting in this picture is critical for ensuring true car safety?"
1,0,"In a dark tunnel where lighting is limited, which part of the car is crucial to supply visibility and ensure safety whilst driving in the picture?","In a dark tunnel where lighting is limited, which part of the car is crucial to ensure safety and reach comfort whilst driving in the picture?"
1,0,"In a modern car, there are various instruments and displays on the dashboard that provide information to the driver. What part in the picture could show the current speed of the car?","In a modern car, there are various lights on the dashboard that provide information to the driver. What part of the current could display the car?"
1,0,"In a modern car, the dashboard typically contains a range of instruments and displays that provide relevant information to the driver. Based on the picture, which part of the car would normally display the current speed of the vehicle to the driver?","Based on the car, the dashboard typically displays a range of pictures to the driver. In which part of the vehicle would regularly display the information?"
1,0,"In a modern car, the dashboard has various instruments and displays providing important information to the driver. Which part of the picture is likely to display the current speed of the vehicle?","In typical car, the dashboard has various devices showing the current information of the driver. Which part of the vehicle is known to display the projection?"
1,0,Modern cars are equipped with various instruments and displays on the dashboard that provide the driver with information. Where in this image could indicate the current speed of the car?,Modern cars are equipped with various instruments that provide the current information on the dashboard. Where in this vehicle could display the speed of the driver?
1,0,"What part of the picture could display the current speed of the car, as there are various instruments and displays on the dashboard in a modern car designed to provide information to the driver?","What is the picture of the current vehicle in a modern car, as there are various instruments and features designed to display the dashboard on the driver?"
1,0,"When an aircraft is ready to depart from the airport, where does it usually begin its takeoff?","When an aircraft is ready to depart from the airport, where does it usually begin to exit its takeoff? When does it begin its take?"
1,0,Aircraft typically begin their takeoff from which part of the airport?,Aircraft typically begin their takeoff from which part of the airport? Because they begin their takeoff timeabraft of the airport to?
1,0,"Before taking off from the airport, from where does the aircraft typically begin its departure?","Before taking it off from the airport, from where does the aircraft typically begin to depart? From where does the aircraft accept its immediate departure departure?"
1,0,"When an aircraft is ready to depart from an airport, from which area does it typically begin its takeoff?","When an aircraft is ready to enter its departments from an airport, from which point does it typically begin the cancellation of what it takes?"
1,0,something that is cutting the tree trunk,something that is cutting the tree trunk that is cutting the tree trunk. something that is cutting the tree trunk the tree of dust trunk
1,0,What object do we use to dry our hands after washing them in the bathroom?,What object do we use to dry our hands after wearing them in the bathroom? What object do we washing them in the bathroom?
1,0,What is the item that we typically use to dry our hands after washing them in the bathroom?,What is the item that we typically use to dry our hands after wearing them in the bathroom? What is washing them in the bath?
1,0,What object in the bathroom is typically used to dry your hands after washing them?,What object in the bathroom is typically used to dry your hands after the washing them? What. to dry your hands after washing them?
1,0,"When assembling an electronic device, such as a computer, various components need to be interconnected to enable proper functioning. Which object in the picture can be used to establish electrical connections between different parts?","When assembling various electrical components such as a computer, various interfaces need to be used to enable correct functioning. Which object in the picture can"
1,0,"When assembling an electronic device such as a computer, it is often necessary to connect various components to allow for proper functioning. What item in the image is typically used to establish electrical connections between different parts?","When assembling an electrical device, it is typically used to connect various components such as the computer to allow appropriate function for inside. What item is"
1,0,"When assembling an electronic device, such as a computer, it is necessary to establish electrical connections between various components to ensure proper functioning. Based on the image provided, what tool or object could be utilized to achieve this?","When assembling an electronic device, such as a computer, it is necessary to obtain various components to enable the correct functioning. Based on what exists"
1,0,"In the context of assembling an electronic device such as a computer, what item in the picture can be utilized to establish electrical connections between distinct components?","In the context of assembling electrical devices such as a computer, what item in the picture can be utilized to establish a distinct connection between?"
1,0,"When assembling an electronic device, such as a computer, what object can be used to establish electrical connections between different parts as depicted in the image?","When assembling an electrical device such as a computer, what object can be used to establish different connections between electronic parts, as depicted in?"
1,0,"When assembling an electronic device, such as a computer, it is necessary to interconnect various components to ensure proper functionality. What item in the picture can be utilized to establish electrical connections between different parts of an electronic device?","When assembling electronic components, it can be necessary to connect an electronic device to obtain proper interaction. What item in a picture includes various electrical systems"
1,0,the landmark in Paris,the landmark in the Paris in Paris. the landmark in Paris Paris the landmark in Paris. The landmark in Parisian in Refuge
1,0,something to prevent athletes from falling and getting injured,something to prevent athletes from falling and getting injured and prevent athletes from getting sick. something to prevent starving participants from forcing athletes from injured
1,0,"In a game of darts, what part of the dartboard should you aim for to maximize your points?","In a game of dartboard, what part of the darts should you aim for to maximize your points to win your staircase?"
1,0,Where should you aim on the dartboard to maximize your points during a game of darts?,Where should you aim on the dartboard to maximize your points during a game of darts to achieve your points during the swing of cards?
1,0,"To maximize your points in a game of darts, which part of the dartboard should you aim for?","To maximize your performance to the points of darts, which part of the game in a dartboard should you want to which aim for?"
1,0,"In a game of darts, to acquire the maximum points possible, at what part of the dartboard should you aim?","In a game of darts, to acquire the maximum amount of points possible, at what part of the dartboard should you strive?"
1,0,What is the optimal area of the dartboard to aim for in order to maximize your score while playing a game of darts?,What is the optimal area of the dartboard to aim for in order to maximize your score while playing a game of darts of love?
1,0,"To earn the most points possible, where should you aim on the dartboard during a game of darts?","To earn the most points possible during a game of darts, where should you aim for dart on the winboard on the dart?"
1,0,"When it gets cold, people often gather around a cozy place to warm themselves up. What objects in the picture can provide heat and create a warm atmosphere?","When it gets cold, people often gather around to provide a cozy atmosphere and warm up. What objects in the picture can create a warm place?"
1,0,"When it gets cold, people often seek a warm and cozy place to keep themselves comfortable. What objects in the picture could provide heat and create a warm ambiance?","When leaving heat, people often seek a warm and cozy atmosphere to get themselves comfortable. What objects in the picture could provide a warm ambiance?"
1,0,"As it gets colder, individuals tend to gather around a source of heat to warm up. What items in the picture can create a warm atmosphere and provide warmth?","As it becomes cold, individuals tend to gather up to provide a warm environment and give up. What items in the picture can produce a warmth?"
1,0,"What objects in the picture are capable of creating a warm atmosphere and providing heat, which is useful when it gets cooler?","What objects in the picture are capable of providing a cool atmosphere and creates heat, which is useful in creating warm atmosphere, when it gets smoother"
1,0,"In cold weather conditions, people often seek out cozy and warm environments to keep themselves comfortable. Please identify the objects in the image that can provide heat and create a warm atmosphere.","In cold weather environments, people often seek out warm and comfortable conditions. Please identify objects in the image that can create the atmosphere and be warm. Good"
1,0,"What objects in the picture can provide heat and create a warm atmosphere, that people could gather around to keep themselves warm when the weather turns cold?","What objects in the picture can provide a warm atmosphere, that people could gather around to keep warm and turn the weather off when it becomes cold enough?"
1,0,"High-heeled shoes are known for their elegant appearance, but they can also be challenging to walk in for extended periods. What part of the shoe in the picture might make it difficult for the woman to walk comfortably?","High-looking shoes are also unusual for the woman to walk in the evening, but it can make it difficult for the woman to walk independently."
1,0,"High-heeled shoes are often lauded for their elegant appearance, yet walking in them for extended periods can be challenging. What aspect of the shoes in the picture might contribute to discomfort while walking?","High-faced shoes are often enjoyed for appearance, yet walking can result in an uneven pattern during them. What are the shoes?"
1,0,"High-heeled shoes can be challenging to wear for extended periods, despite their elegant appearance. In the picture, which part of the shoe can make it difficult for women to walk comfortably?","High-heeled shoes can be difficult to wear, which makes them unusual for women to walk comfortably. In the scenario, what?"
1,0,"High-heeled shoes are often admired for their elegant appearance. However, they can be challenging to walk in for extended periods. What part of the shoes in the picture might impede the wearer's ability to walk comfortably?","High-rolled shoes are often worn for their elegant appearance. However, what can impede the shoer's inability to walk quickly?"
1,0,"High-heeled shoes are famous for their elegant appearance, but they can be challenging to walk in for an extended duration due to various factors. Based on the picture, what part of the shoe could make it uncomfortable for the woman to walk comfortably?","High-end shoes are unusual for walking, but it could make the person walk uncomfortable for the appearance to pursue several degree."
1,0,What part of the shoes in the picture can make it uncomfortable for the woman to walk in high heels for extended periods?,What part of the shoes in the picture can make it uncomfortable for the woman to walk in high heels for long periods??
1,0,One of the things people value in a bed is its comfort. What object can help support the neck and improve the overall comfort of sleep?,One of the things people value in a bed is its comfort. What object can help support the neck and help improve the overall comfort of sleep??
1,0,What object can provide support for the neck when sleeping and enhance the overall sleeping experience by improving comfort?,What object can provide comfort for the neck when overall sleeping and enhance the sleeping experience by improving support by addressing the sleep core?
1,0,"When it comes to a bed, what type of object can aid in supporting the neck and increasing the general comfort of sleep?","When it comes to a bed, what type of object can aid in supporting the neck and increasing the general comfort of sleep and the general object of?"
1,0,"To improve comfort while sleeping, what object can be used to support the neck?","To improve comfort while sleeping, what is comfort to support the neck? What object can be used to support the neck? to support the neck?"
1,0,"To enhance the overall comfort of sleep, what object can be used to provide support for the neck?","To enhance the comfort of the neck, what object can be used to provide support for sleep, allow for the overall reach of the birth weight?"
1,0,"To improve the overall comfort of sleep, what object is typically used to support the neck in bed?","To improve the overall comfort of sleep, what object is typically used to support the neck of sleep, what is used to hold the back in bed?"
1,0,"In the picture, there are various containers used to hold fruit. Which container would be most suitable for serving and holding sliced apples?","In the picture, there are various containers used to hold sliced fruit. Which container would be most suitable for serving and holding the apples?"
1,0,Which container in the picture would be the most suitable for holding and serving sliced apples?,Which container in the picture would be the most suitable for holding and serving one of the case for storing sliced and sliced apples?
1,0,"Out of all of the containers shown in the picture, which would be the most appropriate for storing and serving sliced apples?","Out of all of the containers shown in the picture, which would be the most appropriate for serving and storing sliced up chuck apples?"
1,0,"Out of all the containers seen in the picture, which one would be most suitable for holding sliced apples?","Out of all the containers seen in the picture, which one would be most suitable for holding sliced apples if needed for the parquet?"
1,0,"In the picture, which container would be most appropriate for serving and holding sliced apples?","In the picture, which container would be most appropriate for serving and holding the table, which one can serve sliced sliced apples?"
1,0,"In the picture, where can you locate the container that would be most appropriate for serving and storing sliced apples?","In the picture, where can you locate the container that would be most appropriate for serving and storing the toy sliced apples? When?"
1,0,"To display large amounts of information visually in a meeting, what object can be used to write it down on and display it on the wall?","To display large amounts of information on a wall, what object can be used to write it visually and display it down on the counter in meeting?"
1,0,"To display a significant amount of data visually during a meeting, what device can be utilized to write it down and present it on the wall for all to view?","To display a portion of the wall on a table, what device can be utilized to present it visually and write it for many to view?"
1,0,"When needing to visually display large amounts of information during a meeting, what can be utilized to write this information down and project it onto a wall for all to see?","When needing to display large amounts of information during a meeting, what can be physically attached to a table and ask it to see it throughout?"
1,0,"In a meeting where there is a large amount of information to be presented visually, what object could one use to write down the information and display it on the wall?","On a meeting where there is a large amount of information to be displayed inside the table, what object would one use to write it and convey clearly?"
1,0,the body part used to receive scent signals,the body part used to receive scent signals to receive scent signals. the body part used to receive scent signals and signal dent sensitive sensitive
1,0,the reflection of the light in the mirror,the reflection of the light of the light in the mirror in the mirror. the reflection of the light in the mirror the light of the Earth mirror and
1,0,"In military operations, soldiers rely on accurate information to make tactical decisions. What object in the picture might contain crucial information about the battlefield?","In military operations, soldiers rely on tactical information to make accurate decisions. What object in the picture might contain crucial information about the battlefield"
1,0,"During military operations, having access to reliable information is essential in making tactical decisions. What item in the picture might be used to contain vital information about the battlefield?","During military operations, having access to valuable information is essential in making tactical decisions. What item in the picture might be used to contain the?"
1,0,"During military operations, soldiers often depend on precise information to make tactical decisions. What object in the picture could potentially contain vital battlefield intelligence?","During military operations, soldiers often rely on vital information to make precise combat decisions. What object in the picture could potentially contain tactical battle intelligence?"
1,0,"In military operations, soldiers depend on accurate information to make tactical decisions. What object in the picture could potentially contain crucial information about the battlefield?","In military operations, soldiers rely on tactical information to potentially make accurate decisions. What object in the picture could contain crucial information about the battle"
1,0,"During military operations, soldiers rely on accurate information to make tactical decisions. What could potentially contain crucial information about the battlefield in the picture provided?","During military operations, soldiers rely on tactical information to make crucial decisions. What could potentially contain accurate information about the battlefield in the?"
1,0,"During military operations, soldiers rely on accurate information to make tactical decisions. Based on the picture, what items might contain crucial information about the battlefield?","During military operations, soldiers rely on tactical information to make accurate decisions. Based on the picture, what items might contain crucial about the?"
1,0,"In a desert environment, it may be difficult to travel on foot due to the rough and uneven surface. What type of transportation can be used to navigate the desert more easily?","On a desert environment, it may be difficult to travel easily due to the uneven surface. What type of transportation can be used in desert?"
1,0,"In a desert environment, rough and uneven ground can make travel on foot difficult. What type of transportation is typically utilized to navigate the desert more easily?","In a desert environment, rough and uneven ground can make travel more easily. What type of transportation utilized to navigate the desert is typically?"
1,0,"When traveling in the desert, the uneven terrain can make traveling on foot difficult. What type of transportation can be used to navigate the desert more easily?","When traveling on the desert, the terrain in the desert can be difficult to make transported easily. What kind of traveling can look unusual?"
1,0,"In a desert environment, it may be challenging to walk due to the uneven and rugged terrain. Please suggest what type of transportation can be used to navigate the desert more efficiently?","In a desert environment, it may be challenging to walk more due to the uneven terrain. Please suggest what type of transportation is designed?"
1,0,"When travelling through a desert environment, it can be challenging to travel on foot due to the uneven surface. What form of transportation might facilitate easier navigation of the desert?","When travelling on a desert, it can be difficult to navigate due to an enhanced transportation environment. What form of navigation of the desert might"
1,0,"When traveling in desert environments, it can be challenging to traverse on foot due to the rough and uneven terrain. What type of transportation could be utilized to move more comfortably and easily in such an environment?","When traveling in desert environments, it can be challenged to move more easily and comfortably due to a rough terrain. What type of travel can"
1,0,the object that can expand the volume,the object that can expand the volume that can expand the volume. the object that can expand the volume the object that. volume in projected frequency-
1,0,"If I want to enter this room, what object should I pass through?","If I want to enter this room, what object should I pass through? What to pass through? If I want to enter this object slew?"
1,0,What do I need to pass through in order to enter this room?,What do I need to pass through in order to pass through in order to enter this room? What to enter this room? Theway for forg?
1,0,"To enter this room, what would you have to pass through?","To enter this room, what would you have to pass through? What would you have to pass through? Their to pass through? $5."
1,0,What object should you pass through to enter this room?,What object should you pass through to enter this room? What to enter through to enter this object? What object will you face in this room??
1,0,"To enter this room, what structure or feature do I need to pass through?","To enter this room, what structure or feature do I need to pass through? What structure, functioning do I need to add to the down?"
1,0,What object can we sit on while working or studying in the office?,What object can we sit on to while working or studying in the office? What object can we sit on while working or learning in the office??
1,0,What object might we use for sitting while working or studying in a office-like setting?,What object might we use for studying while sitting or working in a office-like setting: we used for sitting or working in a task-like?
1,0,What type of furniture can be used for sitting while working or studying in an office?,What type of furniture can be used for sitting while working or studying in office: when working to work while being available in an office? It?
1,0,What furniture item can be utilized while working or studying in the office?,What furniture item can be utilized to work while working or studying in the office? What furniture can be utilized in the office??
1,0,"In an office environment, what object is commonly used to sit while working or studying?","In an office environment, what object is commonly used to sit in space while working or studying? What object is commonly used to sit while working or?"
1,0,What essential piece of furniture would be used for sitting while working or studying in an office environment?,What essential piece of furniture would be used for working or studying while sitting in office with work? essential of creating sleep environment in an office environment?
1,0,"The weather can be unpredictable, especially during the colder seasons. What item in the picture can provide extra warmth and protection against the cold?","The weather can be unpredictable, especially during the colder seasons. What item in the picture can provide extra warmth and protection against the?"
1,0,"In the colder seasons, people often require additional warmth and protection from harsh weather. Based on this image, what item could be utilized to provide additional warmth and protection from the cold?","Based on this image, people frequently require additional warmth and protection from the colder weather. What item could be utilized to provide warmth?"
1,0,"What object in the picture could help provide added protection from the cold during unpredictable weather conditions, particularly during the colder seasons?","What object in the picture could help provide added protection from the cold during colder weather conditions, particularly during the unpredictable weather during the years?"
1,0,"In colder seasons, when the weather can be unpredictable, please identify the item in the picture that can provide additional warmth and protection against the cold.","In colder seasons, when the weather can be unpredictable, please identify the item in the picture that can provide additional protection against the cold."
1,0,"During the colder seasons, the weather can be unpredictable, so what item in the picture could provide additional warmth and protection against the cold?","During the colder seasons, the weather could be unpredictable, so what item in the picture could provide extra warmth and protection against the?"
1,0,"In a fish market, it is important to provide clear information about the various types of seafood available for sale. What object in the picture can be used to display the names and prices of different fish?","In seafood market, it is useful to provide a picture of the various names and types of fish available for sale. What object can be?"
1,0,"In a fish market, it is essential to provide clear information about the various types of seafood available for sale. What item within the picture would be useful for displaying the names and prices of the different fish?","Within a sea market, it would be useful to provide detailed information about the various types of fish available for sale. What item in the different fish?"
1,0,"In a fish market, effective communication of the available seafood varieties for sale is important. What object in the picture might be used to display the names and prices of various fish?","An effective seafood market is useful. In presentation, what object in the picture might be used to display the names and prices of various fish?"
1,0,"When presenting various types of seafood at a fish market for sale, it is vital to provide clear information about the respective costs of different fish available. What object in the picture could be utilized to exhibit the names and prices of various fish for sale?","When providing various items of fish for sale at a market, it is necessary to recognize the details of what could present the various fish category in print."
1,0,"The image is not provided. However, in a fish market, what equipment or tool can you suggest to display the names and prices of various fish available for sale?","The image is not provided. However, in what equipment or market can you suggest a fish to display the prices and names of various fish for sale?"
1,0,"When preparing a fruit salad, what in this image can be used to sprinkle on top of the mixed fruits to add some additional flavor and texture?","When preparing this photo, what on top can be used to spradle some fruits in a pastel to add the extra fruit texture?"
1,0,What object in the image might be used to sprinkle on top of mixed fruits to add some additional flavor and texture while preparing a fruit salad?,What object in image might be used to sprinkle on top of a fruit salad to add some additional flavor and texture while preparing?
1,0,"When preparing fruit salad, what item in the image may be utilized to sprinkle over the mixed fruits to give them an added flavor and texture?","When preparing salad, what item in the image may be utilized to sprinkle over the fruits and fruit to add flavor?"
1,0,"During the preparation of a fruit salad, what item in the picture might be used to sprinkle over the mixed fruit to add new texture and flavor?","During the preparation of a fruit salad, what item might be used to sprinkle over the fruit to add new texture and flavor?"
1,0,"When preparing a fruit salad, what object could be used to sprinkle on top of the mixed fruits, providing additional flavor and texture?","When preparing a fruit salad, what object could be used to sprinkle on top of the fruits, providing additional flavor and texture"
1,0,"In the process of making a fruit salad, what item in this image can be utilized to sprinkle on top of the mixed fruits for the purpose of adding extra flavor and texture?","On making a fruit salad, what item in this image can be utilized to sprinkle in the flavor of the extra fruit and?"
1,0,something that the car driver uses to observe the rear conditions,something that the car driver uses to observe the rear conditions and car crashes. that the driver wheel uses to design a car to understand the relative eye conditions
1,0,"If we were to visit this place, which area in the picture would be a popular tourist spot to explore and admire?","If we were to visit this place, which area in the picture would be a popular tourist attraction to explore and let us admire and?"
1,0,"If one were to visit this location, which part of the picture is likely to be a popular tourist spot to explore and admire?","If one were to visit this location, which part of the picture is likely to be a popular tourist attraction to visit and wish to explore?"
1,0,"If we were to visit this place, what part of the picture would likely be a popular tourist attraction that people would want to explore and admire?","If I would visit this place, what part of the picture was a popular tourist attraction that people are likely to admire and would enjoy?"
1,0,Suppose we were visiting this site; which section of the picture appears to be a popular area for tourists to discover and appreciate?,"If we visit this area, which section of the picture seemed to be a popular sight for tourists; seeking to visit and discover the present value?"
1,0,"If we were to visit this place, which part of the picture is a popular tourist spot to explore and admire?","If we were to visit this place, which part of the picture is a popular tourist attraction to explore and admire what the spot sees?"
1,0,"If we were to visit this location, which specific region depicted in the picture would likely be a popular tourist spot to explore and admire?","If we were to visit this spot, which specific area depicted in the picture would likely be a popular tourist destination to explore and admire?"
1,0,"When attending a formal event, people often wear a small accessory around the collar of their dress shirts. What object in the picture could be used for this purpose?","When attending a formal event, people often wear a small collar around the accessory of the dress shirts. What object for this?"
1,0,What objects in the picture need to be plugged into a power source to operate?,What objects in the picture need to be plugged into a power source to be plugged into a power source to operate? The power to date?
1,0,What items in the picture require connection to a power source in order to function?,What items in the picture in order to function require power to a connection source in order to enable? The connection to a source of a power source?
1,0,What are the devices or objects that require an external power source for their functionality in the picture?,What are the devices or objects that require an external power source for their functionality in the picture? What are the objects for their power in the picture?
1,0,"In the given picture, could you identify the objects that need to be connected to a power source to function properly?","In the given picture, could you identify the objects that need to be connected to a power source to function properly: to connect the object to function?"
1,0,What objects in the picture require connection to a power source to function?,What objects in the picture to reference for a connection to function require the source to power? Source in a power source system to connect to normality?
1,0,What are their power requirements? Could you please point out in the picture which appliances or devices need to be connected to a power source to function?,Which power requirements are necessary? Could you please picture in the background a device or appliances which can be connected to their power source to function?
1,0,A wine enthusiast has a large collection of wines that need to be stored properly. What area in the picture would be most suitable for storing these wines?,A wine enthusiast has a large collection of wines that need to be stored properly. What area in the picture would be suitable for storing these?
1,0,"As a wine enthusiast, what region in the picture would be best for preserving a sizable wine collection?","As a wine enthusiast, what region in the picture would be best for preserving a sizable sizable wine collection for a significant wine setting?"
1,0,"As a wine enthusiast with a significant collection of wines, where would you find the most appropriate location in the picture to store these wines properly?","As a wine enthusiast with a significant collection of wines, where would you find the most appropriate location in the picture to store these wines properly"
1,0,"As a helpful robotic assistant, I would recommend you locate the ideal area from the picture to store a large collection of wine bottles properly for the wine enthusiast.","As a wine enthusiast, I would recommend you locate the best area within the computer for the helpful garden robotically to store a pint of bottles"
1,0,"A wine enthusiast with a large wine collection often needs an appropriate place to store them. In this picture, what is the most suitable area for storing wine?","An entertainer with a large wine collection often needs a large wine, what is the appropriate place to store them. Here is the ideal destination for storing"
1,0,A wine enthusiast has a large collection of wines that require proper storage. What area in the picture would be the most appropriate choice for storing these wines?,A wine enthusiast has a large selection of wines that require proper storage. What area in the picture would be the most appropriate for storing these?
1,0,"Dogs are not typically allowed to freely roam in public spaces, and they usually need to be kept under control when walking indoors. What object in the picture could be used to keep the dog restrained in a hallway?","Dogs are usually not allowed to sit in public spaces, and can often be left to control the eye in a room. What dog built up after"
1,0,"When walking dogs indoors, they usually need to be kept under control. Could you identify what object in the picture could potentially be utilized to keep a dog restrained in a hallway?","When dogs walk, they could be utilized to keep the dogs under control. What object in a hallway might be located indefinitely adapted?"
1,0,"Since dogs are not typically permitted to roam freely in public spaces, they are often required to be restrained while indoors. What object could be used to keep a dog restrained in a hallway according to the picture?","Since dogs are generally not allowed to rest indoors, dogs are commonly required to be restrained in a hallway when viewed in space. What"
1,0,"When a dog is being walked, it is typically necessary to keep the animal under control and not allow it to wander freely in public spaces.Some pet owners may utilize equipment to restrain the dog while indoors. Can you point me to the object which could be used to keep the dog restrained in a hallway as shown in the picture?","To prevent a dog from being dependant in the interior space, it is often necessary to hold equipment and have the dog diverged in others. Can"
1,0,Dogs are typically required to be restrained indoors and in public areas. What object in the picture may be used to keep a dog restrained in a hallway?,Dogs are typically required to be restrained indoors in the public area. What object in picture is meant to restrained a dogwalk?
1,0,"Dogs are typically restrained when walked inside or taken to public places. Based on the image, what object can be utilized to keep the dog restrained when walking through hallways?","Dogs are typically restrained when walking through public places. Based on the image, what object can be utilized to keep dogs walking or walked?"
1,0,something that is most likely to be the backup light,something that is most likely to be the backup light that is most likely to be the backup key which is most likely the next time the hairless spare
1,0,What object hanging on the wall in the bedroom can make the atmosphere more artistic and decorative?,What object hanging in the bedroom on the wall in the atmosphere can make the artistic decoration more artistic and decorative? Looking?
1,0,What decoration hanging on the wall in the bedroom can make the atmosphere more artistic and decorative?,What decoration hanging on the wall in the bedroom in bedroom can make the artistic atmosphere more envious and visual decorative??
1,0,What is the object that hangs on the wall in the bedroom which can enhance the atmosphere of the room and give it a more artistic and decorative feel?,What is the object which hangs on the wall in the bedroom and can give it a more artistic and decorative feel of the room?
1,0,What object is hanging on the bedroom wall that can make the room look more decorative and artistic?,"What object is hanging on the bedroom wall that can make the the room look more artistic and decorative, look more decorative??"
1,0,"When we enter a room, what object can be used to remove dirt and moisture from shoes, and avoid slipping hazards indoors?","When entering a room, what object can be used to remove moisture from shoes, and avoid dirt hazards indoors?"
1,0,"Upon entering a room, what object can you use to prevent dirt and moisture from shoes, reducing the risk of slipping hazards inside?","Upon entering a room, what object can you use to prevent moisture from shoes, reducing the risk of slipping dirt hazards"
1,0,"As a smart home AI, which object can be used to remove dirt and moisture from shoes, preventing slipping hazards indoors, when entering a room?","As a IMO device, which can remove hazards and moisture from entering shoes indoors, when moving a room,?"
1,0,What object can be used to prevent slipping hazards indoors and remove dirt and moisture from shoes when entering a room?,What object can be used to remove moisture indoors and prevent hazards and slipping dirt from shoes entering a room?
1,0,"When entering a room, what item can be used to remove dirt and moisture from shoes and prevent slipping hazards indoors?","When entering a room, what item can be used to remove moisture indoors and prevent slips or hazards from shoes?"
1,0,"After entering a room, what object can be utilized to eliminate dirt and moisture from shoes to prevent the risk of slipping indoors?","After entering a room, what object can be utilized to eliminate the risk of shoes and mooring to prevent dirt dripping from outside?"
1,0,"When riding a boat at high speed on the sea, it's important to have suitable clothing to protect against the water. What item of clothing in the picture can provide protection and insulation in the water?","Before riding on a boat, it can provide good clothing to have protection in the water. What item of the water in the front navigation can"
1,0,What piece of clothing in the picture can provide protection and insulation during high-speed boat riding on the sea?,What piece of clothing in the picture can provide high-speed protection and insulation on the sea during boat riding and floating under boat people?
1,0,"When traveling at high speed on the sea by boat, it is necessary to wear protective and insulated clothing to protect against water. What is the object specifically designed for this purpose in the picture?","When carrying protective clothing on the ocean, it is necessary to travel at high speed specifically for the object. What is designed by this object?"
1,0,"When riding a boat at high speed on the sea, it is important to have appropriate clothing that can provide insulation and protection against water. Please indicate the item of clothing in the picture that could be useful for this purpose.",During riding on a boat it is important to have visible water and clothing that can provide the item of protection in the medium. Please suggest this
1,0,"When riding a boat at high speed on the sea, it is essential to wear appropriate clothing that can provide protection and insulation from the water. Can you identify an item of clothing in the picture that would help in this situation?","When riding on a boat that is exposed to the water, can provide adequate clothing and help protect the vehicle in this context. What"
1,0,"To protect yourself against the water when riding a boat at a high speed in the sea, what type of clothing can provide insulation and keep you warm?","To keep yourself safe when riding on a boat at high levels of water, what type of clothing can provide a protection against the gulf?"
1,0,"In a community with strict environmental awareness, residents are encouraged to sort the garbage they produce and put it into different containers for recycling. What is the object in the picture that is designed specifically for this use?","Within a community for urban scrambling, officials are encouraged to dispose of the fabric that is used and put them in the specific instance. What"
1,0,"In a community that emphasizes environmental awareness and recycling, residents are encouraged to sort their waste and dispose it into appropriate bins. What object in the picture is specifically designed to support this practice?","In a community that emphasizes recycling and waste management, residents are specifically encouraged to remove the product and view this objectin to their."
1,0,"In a community with a strict awareness of environmental protection, people are encouraged to sort the waste they generate and discard it in dedicated receptacles for recycling. What object in the picture is specifically designed for this purpose?","Within a community with a specific purpose of recycling, people are encouraged to hide and disclose materials in the object. What the mechanism is"
1,0,"In a community with strict environmental awareness, residents are encouraged to separate the waste they produce and place it into different containers for recycling. What object in the picture is specifically designed for this use?","In a community with environmental presycling, people are encouraged to separate the waste into their particular design and what object is used specifically for storage."
1,0,"In a community with a strong focus on environmental awareness, residents are typically encouraged to sort their waste and place it in separate containers for recycling. Which object in the picture is designed specifically for this purpose?","Which in a community with a specific sense of waste, residents are specifically encouraged to carry out the container and take them specifically for product recaping?"
1,0,"Suppose that I am afraid of the dark, what object can I turn on to make me feel safe and secure?","Suppose that I am afraid of the dark, what object can I turn on to make me feel safe and secure? can I capture my peace from?"
1,0,"If you are afraid of the dark and want to feel safe and secure, what object can you turn on to make you feel that way?","If you are afraid of the dark and want to feel safe and secure, what object can you turn on to make you feel you can that way?"
1,0,"Suppose you are afraid of the dark and need to feel secure, what object can be turned on?","Because you are afraid of the dark and want to feel secure, what can be turned on? You need to clear what object may be on device?"
1,0,"If you are afraid of the dark and want to feel safe and secure, what object can you turn on according to the picture?","If you are afraid of the dark and want to feel safe and secure according to the picture, what object can you turn on and enjoy the picture?"
1,0,Suppose you are afraid of the dark and are seeking comfort. What can you turn on to make yourself feel safe and secure?,Suppose you are afraid of the dark and are feeling safe and secure. What can you seek to turn on the comfort of making yourself safe and secure?
1,0,Public transportation is an efficient way to travel in a city. What mode of transportation in the picture can carry many passengers and travel along the tracks?,Public transportation is an efficient way to travel in a city. What mode of transportation can carry many passengers and travelers along the in picture?
1,0,"In a city, what form of transportation can carry many passengers and travel along tracks?","In a city, what form of transportation can carry many passengers and travel along tracks? What transportation means to travel along safety and tracks??"
1,0,"What mode of transportation is depicted in the picture that can transport large numbers of passengers and operate on tracks, making it an efficient form of public transportation within cities?","What mode of transportation is depicted in the picture, capable of transporting large numbers of vehicles and making it a public transport route during tour?"
1,0,"In the context of public transportation, which mode of transportation in the picture can carry many passengers and travel along designated tracks?","In the context of public transportation in the picture, which mode of transportation can travel many passengers and carry passengers along the designated tracks in area?"
1,0,"When traveling in a city, public transportation is often an efficient option. What mode of transportation in the picture can carry many passengers and move along tracks?","When traveling in a city, efficient transportation is often an option. What mode of transport in the picture can carry many passengers and public roads?"
1,0,Public transportation is an efficient way to travel in a city. What transportation mode is present in the picture that is capable of carrying many passengers and traveling along the tracks?,Public transportation is the transport mode that is accessible in a city. What transporting many persons is capable of traveling in the picture by track?
1,0,the part of the bird that is used for eating,the part of the bird that is used for eating. the part of the bird that is used for eating the egg that contains for eating
1,0,someone with bare arms,someone with bare arms with bare arms. someone with bare arms with bare vision aough. someone with power to face purple skin and tail arms.
1,0,What is often placed in the corner of the bedroom to add beauty to the indoor environment?,What is often placed in the corner of the bedroom to add a beauty to the home environment to simplify the color to the indoor wet environment?
1,0,What object is typically placed in the corner of a bedroom for aesthetic purposes?,What object is typically placed in the corner of the corner of a bedroom for aesthetic purposes? What is aesthetic space?
1,0,What object is typically placed in the corner of a bedroom to make the indoor environment more attractive?,What object is typically placed in the corner of a bedroom to make the indoor environment more attractive. Make the indoor environment more attractive
1,0,What item is frequently placed in the corner of the bedroom to enhance indoor aesthetics?,What item is frequently placed in the corner of the bedroom to enhance indoor aesthetics to enhance touchscreen home and dress?
1,0,What indoor decoration is typically placed in the corner of a bedroom to enhance its aesthetic appeal?,What indoor decoration is typically placed in the corner of a bedroom to enhance its aesthetic appeal to wear its physical appeal?
1,0,What is commonly placed in the corner of a bedroom to enhance the aesthetics of the indoor environment?,What is commonly placed in the corner of a bedroom to enhance the aesthetics of the indoor environment aesthetic window?
1,0,"On a windy day at the beach, you may see colorful objects soaring high in the sky. What object in the picture represents this activity?","On sunny days at the beach, you may see a colorful object soaring in the sky. What object in the picture represents this activity?"
1,0,"What object in the picture depicts an activity that you may observe on a windy day at the beach, where you might see colorful objects soaring high in the sky?","What object that you might observe depicts objects on a day at the beach, where you might see a light in sunny weather in the?"
1,0,"During a windy day at the beach, what objects in the picture might be seen soaring high in the sky and adding color to the scenery?","During a hot day at the beach, what objects in the scenery might be soaring high in the sky and adding color to the shadows?"
1,0,What object in the picture could represent colorful objects flying high in the sky on a windy day at the beach?,What object in the picture could represent colorful objects flying high in the sky at the beach during a windy day on a lightly sunset?
1,0,"On a windy day at the beach, what object in the picture could you use to fly colorful kites?","On a windy day at the beach, what object in the picture could you use to fly colorful kites from windful nature in boats?"
1,0,Participating in car racing requires special safety equipment to protect the eyes from wind and debris. What item in the picture can provide this protection?,Participating in car racing requires special equipment to protect the eyes from wind and debris. What item in the picture can provide this protection?
1,0,"In car racing, special safety equipment is required to protect the eyes from wind and debris. Could you specify what item in the picture could provide this type of protection?","In terrain safety, special equipment is required to protect you from wind and debris. Could the picture specify what type of safety in this item?"
1,0,"When participating in car racing, what object is commonly utilized to protect a person's eyes from wind and debris?","When participating in car racing, what object is commonly utilized to protect a person's eyes from wind and dirt in carracks?"
1,0,"When participating in car racing, it is essential to have specialized safety equipment to protect the eyes from wind and debris. Can you tell me what object in the picture provides this eye protection?","When participating in car cameras, it is necessary to have specialized technology to protect you from the wind and eye. What in the picture contains"
1,0,Having a clean kitchen environment plays an important role in ensuring food hygiene and health. What object can be used to hold all the discarded food or trash to keep the kitchen cleanly?,A clean kitchen environment is important to ensuring all food hygiene and storage. What object can be worn out to keep the kitchen trash?
1,0,Maintaining a clean kitchen environment is critical for maintaining food hygiene and ensuring good health. What item in the picture could be utilized to store discarded food or trash in order to keep the kitchen clean?,Maintaining a clean kitchen environment is critical for storing food and hygiene to ensure good. What item in the kitchen could be discarded?
1,0,Maintaining a clean kitchen environment is essential for food safety and hygiene. What object could be used to store discarded food or trash and keep the kitchen clean?,Maintaining a clean kitchen environment is essential for food safety and hygiene. What object could be used to keep food or the kitchen clean?
1,0,"To maintain a hygienic and healthy kitchen environment, what object can be utilized to contain all food waste or discarded items and keep the kitchen tidy?","To maintain a hygienic or healthy kitchen environment, what object can be utilized to contain all kitchen waste and keep food discarded?"
1,0,Ensuring a clean kitchen environment is essential in maintaining food hygiene and overall health. What object could be used to collect all discarded food or trash to maintain a clean kitchen?,Ensuring a clean kitchen environment is essential in maintaining food and hygiene. What object could be used to discount all clean kitchen food?
1,0,the object that prevents people from walking on railroad tracks,the object that prevents people from walking on railroad tracks. the Gate that prevents people from moving on railroad tracks in railroad human toast tracks
1,0,"In a high-energy sporting event, the audience often cheers for the athletes to show their support and excitement. What object or area in the picture could the spectators be directing their cheers towards?","A high-end sporting event, the audience generally can cheers for their spectators and visitors. What person in the cheering will confront?"
1,0,"During a high-energy sports match, where could the audience be directing their cheers and excitement towards in the image provided?","During a high-energy sports interview, where could the consumers be cheering towards their direct and audience while providing the image in the answers made?"
1,0,"In a high-energy sporting event, where might the spectators be directing their cheers towards to show their support and excitement in the picture?","In a high-energy sporting event, where might the spectators be promoting their to shower their greers and comfort towards the picture?"
1,0,"In a high-energy sporting event, where would the audience most likely direct their cheers in this picture to show their support and excitement for the athletes?","In a high-energy sporting event, where would the athletes likely to show their cheers for the audience and sympathy in this direct picture?"
1,0,"In a high-energy sporting event, audience members often cheer for the athletes to demonstrate their enthusiasm and support. Based on the image, what area or objects might the spectators be directing their cheers towards?","During a high-energy sporting event, the audience often display their enthusiasm and support. Which images the viewers might be eager for?"
1,0,"During a high-energy sporting event, the audience often cheers the athletes on as a display of support and excitement. In the provided picture, towards which object or area might the spectators be directing their cheers?","During a high-energy sporting event, the spectators generally represent their audience and the audience. On which direction might the performers be giving?"
1,0,"When participating in a car show, showcasing the unique features of each car is crucial. What part of the car can be showcased by opening it in the picture?","When showcasing a car, participating in the car features can be crucial. What part of the car showcased by the picture?"
1,0,"During a car show, showcasing the unique features of each vehicle is essential. What aspect of a car can be demonstrated by opening it, given the current picture?","During a car show, showcasing the essential features of a car is present. What individual can be demonstrated by matching the design, this route?"
1,0,"When participating in a car show, it's crucial to showcase a vehicle's unique features. Which part of the car could be highlighted by opening it according to the picture?","When participating in a car show, it's crucial to display it according to which part of the car could be highlighted by unique?"
1,0,"When participating in a car show, it's important to highlight the unique features of each car. What part of the car, as shown in the picture, could be revealed to showcase its features?","When demonstrating a car feature, it's possible to highlight the features. What part of each car, shown in the car to show??"
1,0,"An essential component of car shows involves displaying the unique features of each car to the audience attending the event. What aspect of the vehicle can be showcased by opening a portion of it, as depicted in the picture?",What essential components of cars can be attested by displaying a unique event as featured in the showcase? The aspect of each of the car described?
1,0,"When participating in a car show, it's important to showcase the unique features of each car. Based on the image provided, which part of the car could be displayed by opening it to highlight its distinctive characteristics?","When exhibiting a car display, it's important to highlight the unique features that result from each car. Based on part of the picture viewed?"
1,0,the persons who are recording the game,"the persons who are recording the record of the game, the groups of persons recording the band How. he are seeking to recover the people who are recording"
1,0,"In a team competition, winning athletes and teams often stand together for a group photo to celebrate their victory. What in the picture could signify their achievement?","In a baseball competition, participants often sign up and team for a picture to celebrate their achievement. What in the team picture could represent their?"
1,0,Group photos are commonly taken to celebrate victory in team competitions. What object or feature in the picture might signify the team's accomplishment?,Special photos are commonly given to signify team achievements. What object in the picture or movie might symbolize the team's success in competition?
1,0,"In a team competition, athletes and teams who achieve victories often assemble for a group photograph to commemorate their triumph. What aspect in the picture could be a symbol of their success?","In concert, athletes and teams often commemorate their success in a picture to represent their success. What piece of the landscape could be a?"
1,0,"When athletes or teams win a competition, they often take a group photo to celebrate their victory. What could signify their achievement in the picture?","When athletes or teams win a competition, they often take a picture to sign to celebrate their achievement. What could represent the picture video?"
1,0,"After winning a team competition, athletes and teams often come together for a group photo to commemorate their victory. What element of the picture might represent their accomplishment?","During a team competition, athletes and teams often come together for a photo to commemorate their achievement. What element of the picture might?"
1,0,"When winning athletes and teams take a group photo to celebrate their victory in a team competition, what aspect of the picture could symbolize their achievement?","When athletes win a team competition to symbolize their achievements and their victory, what part of the picture in a team competition could celebrate?"
1,0,Some people enjoy having a view of the outside world while still being comfortable inside their homes. What part of the house in the picture can provide such an experience?,Some people enjoy being in the view of their house while still having an outside experience. What part of the picture inside the house can provide such reality?
1,0,"For someone who enjoys the comfort of their homes but also wants to have a view of the outside world, could you help me identify which part of the house in the picture can provide such an experience?",For someone who loves the outside of their home and wants to provide a view of what part of the home environment can I have such an experience?
1,0,What aspect of the house in the picture can enable people to overlook the outdoor world while remaining indoors and comfortable?,What aspect of the house in the picture can enable people to remain overlooking the outdoor world and enjoy comfort while remaining indoors inev?
1,0,What part of the house in the picture can provide people with a view of the outside world while still being able to stay inside and be comfortable?,What part of the house in the picture can provide people with a view of the outside world and able to stay inside while still being comfortable the sun?
1,0,"For people who enjoy admiring the outdoors from the comfort of their own home, which part of the house in the picture could offer such an experience?","For people who admire the comfort of their own home from such an outdoors, which part of the house in the picture could offer experience?"
1,0,"In some cases, people enjoy being able to view the outside world while inside their homes. What section of the house in the picture might provide such an experience?","In some cases, people may be able to view the outside of their homes while providing such an experience. What location in the house plays the reality?"
1,0,"In a snack mix, various ingredients can be combined to create a flavorful and nutritious blend. What in the picture can provide a crunchy and nutritious addition to the mix?","In a blend, several nutritious ingredients can be combined to create a funny and nutritious bit of the food combination."
1,0,"In a snack mix, multiple ingredients can be combined to contribute to a delicious and healthy blend. What item in the picture could be utilized to introduce a crunchy and nutritious component to the mix?",Two items in the mix could be used to augment a delicious and nutritious addition. What can be combined to a personalized snack?
1,0,A snack mix can be made flavorful and nutritious by combining various ingredients. What object in the picture could be used to provide a crunchy and nutritious component to the mix?,A snack bar can be used to produce a flavored and nutritious combination by mixing various nutritious part in the item. What can
1,0,What item(s) in the picture might provide a crunchy and nutritious addition to a snack mix?,What item(s) present in the picture might provide a crunchy and nutritious addition to a crunchy snack mix??
1,0,"A snack mix can be comprised of several different ingredients, which when combined, can produce a flavorful and nutritious blend. Please identify the components in the picture that can provide a crunchy and nutritious addition to the mix.","A snack mix can contain several ingredients, which can represent a nutritious and sweeteny portion of the mix in the arrangement."
1,0,"During festive occasions or religious ceremonies, it is common to see symbolic representations or idols of deities being worshiped. What objects in the picture could be used as idols or representations of deities?","Common objects of religious or textile ceremonies, it could be celebrated as idols or deities. What objects in the picture are celebrated?"
1,0,"In festive occasions or religious ceremonies, it is common to see symbolic representations or idols of deities being worshiped. Please identify which objects in the picture are appropriate to be utilized as such symbolic representations.","In religious events or ceremonies, it is appropriate to see such family members of which objects are symbolicly utilized as symbolic representations."
1,0,"During festive occasions or religious ceremonies, people often use idols or symbolic representations of deities for worship. What elements in the picture might be suitable for this purpose?","During festive occasions or religious ceremonies, people often use elements of idiosity or elements for the event. What in this picture might be"
1,0,"During festive occasions or religious ceremonies, it is common to depict symbolic representations or idols of deities while performing worship. What objects in the picture appear capable of being utilized as such idols or representations?","During idolized ceremonies or acts of worship, it is preferable to display religious expressions or objects in the picture deemed such. What"
1,0,"During festive occasions or religious ceremonies, people commonly use idolistic depictions or representations of deities in the form of objects for worship. Based on the picture, what objects might be utilized for this purpose?","During religious ceremonies, people depend on the use of picture or religious objects in the form of ritualistic happenings. Unique for instance"
1,0,"In today's digital age, many people prefer to use mobile payment methods instead of carrying cash. What in the picture might become less popular due to this trend?","In today's fashion, many people prefer using mobile cash instead of increasing the toll. What in this picture may become popular due process?"
1,0,What item visible in the picture might become less popular because of the increasing trend of people choosing to use mobile payment methods instead of carrying cash?,What item visible in the picture might become more popular because of the increasing trend of people choosing to use mobile payment methods instead of carrying cash?
1,0,"Given the trend of mobile payment methods in today's digital age, what item in the picture may decline in popularity as a result?","Given the decline of mobile payment methods in today's digital age, what item in the picture may trend in popularity as a result?"
1,0,"In the age of digital technology, many people prefer to use mobile payment methods rather than carrying cash. Please identify the item in the picture which may become less popular as a result of this trend.",Many people prefer electronic technology in the age of cash. Please enter this item to avoid using the payment method which may become more populated in reality.
1,0,"Due to many people choosing mobile payment methods over carrying cash, what might become less popular because of this trend, based on the image?","Given the use of mobile payments based on the popular market, many people opt for this way, because of what might be becoming larger payment message?"
1,0,where we can sit down,where we can sit down to sit down. where we can sit down. where we can sit for sure and face down. where we sleep in down
1,0,"If a person wants more privacy when using the bathroom, what structure in the picture can be closed to separate the bathroom from the outside environment?","If a person wants more privacy when using the bathroom, what structure in the picture can be separated from the outside environment to close the bathroom"
1,0,"If someone requires additional privacy while using the bathroom, which area of the picture could be closed to isolate the bathroom from the outside environment?","If someone requires additional privacy while using the bathroom, which area of the picture could be locked to isolate the bathroom from the outside environment"
1,0,What structure in the picture can be closed to provide more privacy to a person using the bathroom and separate it from the outside environment?,What part of the identification can be used in the outside environment to separate it from the more bathroom and provide privacy to a person by mirror?
1,0,"What structure, visible in the picture, can be closed to provide more privacy when using the bathroom?","What structure, visible in the picture, can be closed to provide more privacy. To provide more memory when using the bathroom when the side?"
1,0,"To curtail interference and improve privacy when using the bathroom, what item in the picture can be closed to partition the bathroom from the outdoors?","To increase privacy and restrict picture interference from the bathroom, what item in the picture can be used to the outdoors the bath?"
1,0,What structure in this picture can a person close to increase privacy while using the bathroom and separate it from the outside environment?,What structure in this picture can a person separate from the bathroom and use it to enhance privacy while watching the customer from the outside environment?
1,0,"After washing hands in the bathroom during the cold winter months, what should be used to dry them?","After washing hands in the bathroom during the cold winter months, what should be used to dry them? How to be in the bathroom?"
1,0,What should be used to dry hands in the bathroom during the cold winter months after washing?,What should be used to dry hands in the bathroom after washing during the cold winter months in the cold bathroom after the will washing?
1,0,What should you utilize to dry your hands after washing them in the bathroom during the cold winter months?,What should you use to dry your hands after washing them in the bathroom to utilize during the cold winter months of the deep winters?
1,0,"After washing one's hands in the bathroom, what object should be used to dry them during the cold winter months?","After washing one's hands in the bathroom, what object should be used to dry them during the cold winter of the cold work months?"
1,0,"During the cold winter months, what should be used in the bathroom to dry your hands after washing?","During the cold winter months, what should be used in the bathroom to dry your hands after washing? What to dry in the bathroom?"
1,0,"After washing hands in the bathroom in cold winter months, what object should be used to dry them?","After washing hands in the bathroom in cold winter months in the face of bathies, what object should be used to dry to dry them?"
1,0,"When it comes to fashion, high-heeled shoes are often considered a stylish choice for women. What part of a shoe is typically elevated to create the heel?","When it comes to fashion, high heel shoes are typically reserved for women. What part of the shoe is an elevated toy?"
1,0,"In fashion, high-heeled shoes are often seen as a stylish choice for women. Which part of the shoe is commonly raised to form the heel?","In fashion, high-heeled shoes are often seen as a fashion choice for women. Which part of the shoe is toel?"
1,0,"In fashion, high-heeled shoes are often considered a stylish choice for women. What section of the shoe is often raised to create the heel?","In fashion, high-heeled shoes are often considered a fashion choice for women. What section of the heel becomes the slee?"
1,0,"In fashion, high-heeled shoes are a popular choice for women. Which part of such shoes is typically raised to create the elevated heel?","In women, high-heeled shoes are a popular fashion choice to raise the heel. Which part of such shoes is typically?"
1,0,High-heeled shoes are often considered a stylish choice for women in fashion. Which part of the shoe is usually raised in order to create the heel?,High-heeled shoes are often considered a heel by women in order to fashion. Which part of the shoe usually creates the?
1,0,What type of container is commonly used to hold water and keep flowers fresh in a living room?,What type of container is commonly used to hold flowers and keep water fresh in water and keep the garden fresh to date in a living room???
1,0,What kind of container is typically used to hold water and keep flowers fresh in a living room?,What kind of container is typically used to hold water and keep flowers fresh in the room and keep flowers fresh in a living room? What house variety?
1,0,What is the common container type to hold water and keep flowers fresh in a living room?,What is the common container type to hold water and keep flowers fresh and water the perfect water to keep in a living room in a household tree??
1,0,What is the typical type of container that is used in a living room to store water and keep flowers fresh?,What is the typical type of living container that is used in a living room to store water and keep the flowers fresh for people using water and dry?
1,0,What type of container is typically utilized in a living room to hold water and help keep flowers fresh?,What type of container is typically utilized in a living room to hold water and help keep flowers fresh? What to store and allow water fresh longer?
1,0,Creating visual representations of military equipment can be an interesting art form. What object in the picture could be a subject for a doodle or drawing related to the military?,Creating military doodles could be a visual representation of the art field. What object in a drawing or related field can be a fitting for military?
1,0,"When creating visual representations of military equipment, what objects in the picture could potentially serve as a subject for doodles or drawings?","When creating military objects in physical and technical applications, what doodles for the picture could potentially serve as a description of subjects or drawings??"
1,0,"In the picture, which object might potentially serve as the subject matter for a doodle or drawing related to the military?","In the picture, which object might be potentially related to the subject serving as the doodle for a knot or which objectively warcraft?"
1,0,"In the art form of drawing visual representations of military equipment, what item in the picture could be a subject or inspiration for such a doodle?","In the artistic subject of photographing aircraft, what item in such a picture could be a form of art or insight for a belifle?"
1,0,Which object in the picture could serve as inspiration for a doodle or drawing focused on military themes?,Which object in the picture could serve as a doodle or themes for a military drawing inspiration focused on specialized subject to Wendy?
1,0,What in the picture might be a suitable subject for a military-themed doodle or drawing?,What's a suitable picture in the subject of a military drawing? It might be suitable for a doodle-themed or wrench?
1,0,The image suggests that the animal shown has a certain level of aggression and dominance. What part in the picture indicates this aggression?,The shown image suggests that the animal has a certain level of aggression and dominance. What part of the image in this picture indicates aggression?
1,0,What part of the picture suggests that the animal displayed possesses a level of aggression and dominance?,What part of the image of the character illustrates that nature lends to happiness. The animal indicated that possess a level of aggression and dominance
1,0,Could you please point out the region of the image that indicates the portrayed animal's aggression and dominance?,Can you point out the image that illustrates the region of the image described the affected person's ambidextrance and aggression successfully?
1,0,What part of the picture indicates that the animal in the image has a level of aggression and dominance?,"What part of the picture in the image indicates is that the animal in the image has a level of aggression, down and dominance? The species"
1,0,Could you please identify the region in the picture that indicates aggression and dominance of the animal depicted?,"Could you please indicate the region in the picture that indicates aggression and dominance, indicating the survival of the animal in the state depicted?"
1,0,"From the image, what aspect of the animal suggests that it exhibits aggression and dominance?","From the image, what aspect of the animal suggests that it exhibits the aggression and dominance? It exhibits aggression and dominance?"
1,0,We need to browse the internet or write documents in a quiet environment. What object can be used to input non-vocal instructions to the computer to fulfill this task?,We need to read web-speak images or respond to the usual directions to fulfill this task. What object can be used in a computer?
1,0,"When browsing the internet or working on documents, a quiet environment is often necessary. What object can be used to provide non-vocal instructions to the computer to accomplish these tasks?","When browsing the internet, instructions can be used on a computer or the environment to perform other tasks. What transparent computer to provide often unexpected objects?"
1,0,"When browsing the internet or writing documents, we may require a quiet environment. What device can be utilized to provide non-vocal input instructions to the computer to complete these tasks?","When browsing the internet, we require a computer to provide non-vocal directions. What document can be supplied to the desktop or perform these tasks"
1,0,"In order to browse the internet or write documents in a quiet environment, what object can be used to input non-vocal commands to the computer?","In order to browse the internet or write commands in a quiet environment, what object can be used to input non-vocal documents to the computer"
1,0,"What object can be utilized to provide non-vocal instructions to the computer, enabling us to browse the internet or write documents in a quiet environment?","What object can be utilized to the computer, allowing us to provide non-vibrant commands to speak to the internet or chat in quiet?"
1,0,What object can be utilized to issue non-vocal instructions to a computer for browsing the internet or composing documents in a quiet environment?,What object can be utilized to encounter non-vocal instructions for reading or browsing the internet to a computer for furnishing documents in environment?
1,0,"When it comes to indoor gardening, what is an essential item that is commonly used to hold soil and support the growth of plants?","When it comes to indoor gardening, what is an essential item that is commonly used to hold soil and support the growth of plants by plants?"
1,0,What is an essential item used for indoor gardening that is commonly utilized to hold soil and provide support for the growth of plants in the picture?,What is an essential item commonly used for indoor gardening that is utilized to hold soil and provide support for the growth of plants in the picture
1,0,"In indoor gardening, what is the essential item that is used to hold soil and support the growth of plants?","In indoor gardening, what is the essential item that is used to hold soil and support the growth of plants and support the growth of plants?"
1,0,What is an essential item that is commonly used to hold soil and support the growth of plants in indoor gardening?,What is an essential item of soil that is commonly used to support the growth of plants in indoor gardening and hold water in gardening? What
1,0,"In indoor gardening, what is an essential item frequently used to hold soil and provide support for plant growth?","In indoor gardening, what is frequently used to hold soil and provide essential support for plant growth.ap a plant item needed during productivity?"
1,0,"Indoor gardening often involves the use of a necessary item, which holds soil and provides support for plant growth. What is this item typically called?","Controlling gardening often involves the use of an item, which holds soil and provides needed food for plant growth. What is this item commonly called?"
1,0,What object is used to hang on the walls that can enhance the beauty of a room and make it look more attractive?,What object is used to hang on the beauty of a room that can enhance the walls and make it look more attractive when you are bare?
1,0,What item used for wall decor adds beauty to the room's aesthetic and enhances its overall appearance?,What item used for wall decor adds beauty to the room's aesthetic and enhances its overall appearance from its wall look. Living?
1,0,What decorative objects are typically hung on walls to enhance the beauty of a room and make it look more attractive?,"What decorative objects are typically hung on beauty walls to enhance the look of a room and make it more attractive, as it looks great?"
1,0,Tell me what object can be hung on walls to enhance the beauty of a room and make it look more attractive?,"Tell me what object can be hung on beauty walls to enhance the beauty of a room and make it look more attractive, what is unique?"
1,0,What object could be hung on walls to enhance the beauty of a room and make it look more attractive?,What object could be hung on walls to enhance the beauty of a room and make it look unique to clothes and make it less attractive??
1,0,What object is commonly used to decorate walls and make a room look more attractive?,What object is commonly used to decorate walls and make a room look more attractive? What makes a room look more attractive to rugine?
1,0,the cover to protect lens from damage,the cover to cover cover cover to protect lens from damage including the lumen - This is the promise to protect the stair lens from damage
1,0,"When you finish your business in the bathroom and want to store items such as towels, where should you put them?","When you finish your business in the bathroom and want to store items such as towels, where should you put them in the container??"
1,0,"When finishing your business in the bathroom and you need to store items such as towels, where is the ideal location to place them?","When finishing the business in a bathroom and you need to store items such as towels, where is the ideal location to place them? The"
1,0,"After you finish using the bathroom and would like to store items such as towels, where would be the appropriate location to put them in this image?","After you go to store them and would like to use the appropriate area for placing items such as bathroom, where would be a image in this?"
1,0,"If you have finished using the bathroom and wish to store items such as towels, where is the appropriate place to keep them in the picture?","If you are storing the bathroom and have finished items such as towels, where is the appropriate way to store the cloth in the picture?"
1,0,Where is the ideal location to store items like towels when you are finished using the bathroom?,Where is the ideal location to store items like towels to store location when you are finished using the towels when you have the bathroom
1,0,"After using the bathroom, where should you place items such as towels?","After using the bathroom, where should you place items such as the towels? How to place items such as towels?? Salt"
1,0,Birds often find elevated areas to rest or observe their surroundings. What parts in the picture can potentially serve as a resting spot for birds?,Birds rarely locate surroundings or serve as a resting spot for birds. What areas in the picture can potentially demonstrate their resting skills?
1,0,"Birds often seek elevated areas to rest or observe their surroundings. In the picture, what parts could potentially serve as a resting spot for birds?","Early birds often seek resting objects to spot or serve as a spot for their surroundings. In the picture, what areas could potentially rest?"
1,0,"What parts of the picture could be utilized as potential resting spots for birds, given their tendency to seek out elevated locations?","What parts of the picture could be utilized as potential spots for birds, given their tendency to seek out elevated resting locations??"
1,0,"In this picture, which areas could potentially serve as a resting spot or vantage point for birds to observe their surroundings?","In this picture, which areas could potentially serve as a resting point or vantage spot for birds to observe their surroundings in depths?"
1,0,"If we are to consider birds looking for areas to rest or observe around their surroundings, which parts of the picture might serve as a potential spot for them?","If we consider areas to serve as a spot for watching birds around the surroundings, which parts of their habitat are or might look for them?"
1,0,the object that can be used for speaking and amplifying volume,the object that can be used for speaking and amplifying volume. the object that is used for answering and supporting human for amplifying stranding volume
1,0,"When playing a drum set, which part of the drum set in the picture would be used to keep the rhythm and provide accents in the music?","When playing a drum set, which part of the drum set in the picture would be used to keep the rhythm and provide accents in music?"
1,0,"When playing a drum set, which part of the set displayed in the picture is commonly utilized to maintain the rhythm and provide accents in the music being played?","When playing a musical set, which part of the song typically is utilized to surround the sound and provide the jads displayed in the set?"
1,0,"When playing a drum set, which component of the drum set seen in the picture is typically used to keep the rhythm and add accents to the music being played?","When playing a drum set, which component of the music being played is typically used to add the rhythms and mirror in the seen set??"
1,0,"When playing a drum set, which part of the drum set shown in the picture is typically utilized to maintain the tempo and highlight accents in the music?","When playing a drum set, which part of the drum set is typically utilized in the picture to highlight the music and maintain the appearance in the?"
1,0,"When playing a drum set, which components of the drum set pictured would typically be utilized to maintain the rhythm and add accents to the music being played?","When playing a drum set, which components of the drum set would typically be used to provide music and reflect the rhythms utilized to playing?"
1,0,"When playing a drum set, which element in the picture could be utilized to establish rhythm and emphasize certain beats in the music?","When playing a drum stitch, which element in the picture could be utilized to emphasize certain beats and establish rhythm in the music?"
1,0,Walls are often empty and blank. What object can serve as an accessory to make it more decorative?,Walls are often blank and empty. What object can serve as an accessory to make it more decorative? What containers can be ornamental?
1,0,"What object can be utilized as an accessory to decorate walls, which are often empty and plain?","What object can be utilized as an accessory to decorate walls, which are often plain and empty, used as a accessory signlace?"
1,0,"To make walls more decorative, what object can be used as an accessory?","To make walls more decorative, weave more thatch? What object can be used as a decorative, as an accessory to use?"
1,0,"To make a wall more decorative, what object could be utilized as an accessory?","To make a wall more decorative more heiny, what object could be utilized as a space, which object may be an accessory??"
1,0,What object can be used as an accessory to decorate walls and make them less empty and blank?,What object can be used as an accessory to decorate walls and be empty and blank. Make them more pricy to render any keycase?
1,0,"In snowy regions, people often use a specific means of transportation to move across the snow-covered ground. What in the picture could be used for this purpose?","In snowy places, people often use a purpose to transport across the snow-covered ground. What in this picture could be used for the?"
1,0,"In snowy regions, what item in the picture would people commonly utilize to move across the snow-covered ground?","In snowy regions, what item in the picture would people commonly utilize to move across the snow-covered ground in the plain sunset?"
1,0,"In regions with heavy snowfall, people often rely on a specific mode of transportation to traverse the snow-covered terrain. Based on the picture, what particular item could be employed for this function?","Based on snowfalls, people with particular terrain rely on a particular feature to operate the snow-covered transportation. What could be the item,"
1,0,"In areas that are covered in snow, what objects can be used to move across the snowy landscape?","In areas that are covered in snow, what objects can be used to move across the snowy landscape, what objects can be across the snowway?"
1,0,What item in the picture could be utilized for transportation on snow-covered ground in regions that often experience snowfall?,What item in the picture could be utilized for transportation on snow-covered ground in regions that often experience sight of snowfall in terrain?
1,0,What object can be used to provide better sound quality when watching movies or playing music on the computer?,What object can be used to provide better sound quality when playing music on the computer. Looking for music to watch movies or playing the audio device?
1,0,What item in the picture can be utilized to enhance sound quality when watching movies or playing music on the computer?,What item in the picture can be utilized to enhance sound quality when playing movies or watching music in exchange for music on the computer??
1,0,something that helps in the pollination of plants,something that helps in the pollination of the plants. that helps in the pollination of plants in the pollinating of skin. plants
1,0,What object in the room is mainly used as a sitting tool for writing or using an electronic device?,"What object in the room is mainly used as a sitting or sitting tool for writing a hand, using electronic device for using an electronic object and device?"
1,0,Which item in the room is primarily utilized as a seating device for writing or working on an electronic device?,Which item in the room is primarily utilized as a seating device for the writing of device for seeking or working on an electronic electronic device? Inc
1,0,What object in the room is primarily employed as a seat for writing or utilizing an electronic device?,"What object in the room is primarily employed as a seat for writing or using a seat seat, utilizing the electronic device for vital or an object?"
1,0,What object in the room is primarily utilized as a seat for writing or using an electronic device?,"What object in the room is primarily utilized as a seat or space for writing, using the room chip for or to perform an electronic device??"
1,0,What item in the room is typically utilized as a seat for writing or using an electronic device?,"What item in the room is typically utilized as a seat seat, which is convenient for writing or using a device for an electronic part? Auto?"
1,0,Which item in the room is primarily used as a seating tool for writing or using electronic devices?,Which item in the room is primarily used as a seating tool to form for writing or using electronic devices. For use using electronic theatrical?
1,0,What objects in the picture can rotate rapidly and generate lift to allow vertical take-off and landing?,What objects in the picture can rotate quickly and generate lift quickly and allow rapid inbetweening to allow vertical take-off and produce landing? Move?
1,0,"Which objects in the picture spin at high speeds, creating lift that allows for vertical takeoff and landing?","Which objects in the picture push at high speeds, creating a vertical lift that allows for takeoff and landing, which means rapid shadow at face?"
1,0,Which objects in the picture can produce lift and facilitate vertical take-off and landing as a result of their rapid rotation?,Which objects in the picture can facilitate vertical take-off and produce lift and end as a result of their rapid landing and rotation under vertical rotation?
1,0,Which objects in the picture are capable of generating lift and permitting vertical takeoff and landing by rapidly rotating?,Which objects in the picture are capable of producing vertical lift and pull off by permitting easily receiving space and landing for rapid intermittent conducting?
1,0,"What objects in the picture have the ability to rotate rapidly and generate lift, enabling vertical take-off and landing?","What objects in the picture have the ability to quickly generate lift and rotate without landing, enabling the vertical of take-off and accomplish landing space?"
1,0,What parts of the picture can rotate at high speeds to produce lift that facilitates vertical take-off and landing for an aircraft?,What parts of the picture can produce lift at high speeds for a vertical that facilitates landing to take-off and produce horizontal aircraft weather?
1,0,the part of the hedgehog that can be used to defend against predators,the part of the hedgehog that can be used to defend against predators. theil that can be used to defend against predatories
1,0,"Owls have excellent night vision, which allows them to see clearly in the dark. What part of their body is responsible for this ability?","Owls have excellent night vision, which allows them to see clearly in the dark. What part of their body is responsible for this ability? What"
1,0,What part of the owl's body is responsible for their excellent ability to see clearly in the dark?,What part of the owl's body is responsible for their excellent excellent ability to see clearly in the dark. What to see by the horn?
1,0,"Which part of an owl's body is responsible for their exceptional night vision, allowing them to see clearly in the dark?","Which part of an owl's body is responsible for their exceptional night vision, allowing them to see clearly in the true dark in night?"
1,0,What part of an owl's body is responsible for its excellent night vision?,What part of an owl's body is responsible for its excellent night vision? What. for its excellent night vision? The owl function?
1,0,"What specific feature of owls makes them able to see clearly in the dark, due to their excellent night vision?","What specific feature of owls makes them able to see clearly in the dark, due to the excellent night vision. Given their unique warm night vision?"
1,0,Tennis is a sport that requires hitting the ball back and forth over a net. What object in the picture is used by players to hit the ball?,Tennis is used by a sport that requires players to hit the ball back and forth. What object in the picture is hitting the ball over a game?
1,0,What equipment in the picture is usually utilized by tennis players to hit the ball back and forth over a net in a tennis game?,What equipment in the picture is usually utilized by tennis players to hit the ball back and forth over a net in a tennis game over a game?
1,0,What item do players typically use in the game of tennis to hit the ball back and forth over the net?,What item do players typically use in the game of tennis to hit the ball back and forth to the net over the game to ice over the ball?
1,0,What item in the picture is used by players to hit the ball back and forth over a net while playing tennis?,What item in the picture is used by players to hit the ball back and forth over a net while playing tennis by hand over the ball? Soccer?
1,0,Which object in the picture would one use to hit the ball back and forth over a net in a game of tennis?,Which object in the picture would one use to hit the ball back and forth over a net in tennis over a game of ice in a game of?
1,0,What object is primarily utilized by players to hit the ball during a game of tennis?,What object is primarily utilized by players to hit the ball during a game of tennis? What is used to hit the ball during a game of tennis
1,0,"When someone is sleeping, what object can support the cervical spine and make the sleep more comfortable?","When someone is sleeping, what object can support the cervical spine and support the cervical sleep and make the sleep more comfortable?"
1,0,What item can provide support to the cervical spine and make sleeping more comfortable?,What item can provide support to the cervical spine and make sleeping more comfortable? What to make sleeping more comfortable? Durina
1,0,"A person is standing near the edge of a building, posing for a photo. What part or feature of the building is the person using as support or barrier in this picture?","A person is standing on edge of a building, displaying or using for the picture. What part of the building is the person as barrier like?"
1,0,"In the picture, which part or feature of the building is the person currently standing near the edge utilizing as support or barrier for posing in the photo?","In the picture, which part of the building or path is the person representing or utilizing for action potential as stand in the counter within the picture?"
1,0,A person is posing for a photo near the edge of a building. What part or feature of the building is he or she using as support or a barrier?,A person is posing for a photo near the edge of a building. What part of the building is he or she using as feature or barrier
1,0,"When a person poses for a photo at the edge of a building, what specific part or feature of the building might they be using as support or a barrier?","When a person poses for a picture of a building, what specific part of the building might they be using as a feature or barrier at?"
1,0,"In this picture of a person posing near the edge of a building, what part or feature of the building is being utilized by the individual as a form of support or barrier?","In this picture of a person attaching a base or barrier, what part of the building is being utilized as a feature of the building?"
1,0,"When the person is posing for a photo at the edge of the building, what part or feature of the building is being used as support or barrier in this picture?","When a person is posing for the photo at the edge of the building, what part or feature of the building is being used as in support?"
1,0,"In order to use the toilet seat, what object should be lifted first?","In order to use the toilet seat, what the object should be lifted first? Answer: what toilet is toilet removed?"
1,0,What should be lifted first to use the toilet seat?,What should be reissued to first use the toilet seat? ~That is the first to use lift to the toilet mouse.
1,0,"What object needs to be lifted first before using the toilet seat, typically?","What object needs to be lifted first before the toilet seat, typically? What to be lifted before using the toilet tether first?"
1,0,What should a person lift first before using the toilet seat?,What should a person lift first before using a toilet seat? Next to using the holding pocket and lift first before the toilet system?
1,0,"When using the toilet seat, what should be lifted first?","When using the toilet seat, what should be lifted first? What to wear first. When should be lifted by the toilet lock?"
1,0,What object do you need to lift first in order to use the toilet seat?,What object do you need to lift first in order to use the toilet seat? In order to first use the toilet seat once?
1,0,"In the bedroom, a source of light is necessary for illuminating the room. What object in the room serves this purpose?","In the bedroom, a source of light is necessary for illuminating the room. What object in the room serves to serve this purpose??"
1,0,What object do people typically use in a bedroom to provide illumination?,What object do people typically use in a bedroom to provide illumination? What object do people typically use in a bed to provide illumination
1,0,What is the object in the bedroom that typically provides light and illuminates the room?,What is the object in the bedroom that typically provides light and illuminates the room? It provides light and designates the room the light?
1,0,"In a bedroom, what object would typically serve the purpose of providing illumination for the room?","In a bedroom, what object would typically serve the purpose of providing illumination for the purpose of providing illumination for the room??"
1,0,"In a bedroom, what object provides light to illuminate the room?","In a bedroom, what object provides light to illuminate the room? In space, what object provides light to illuminate the room? King?"
1,0,"In a bedroom, what item could be utilized to provide adequate illumination to the space?","In a bedroom, what item could be utilized to provide adequate illumination to the space? Is the underlying illumination?"
1,0,"When cleaning up the kitchen, what object could be used to reach high places, such as the top of a cabinet or a shelf?","When cleaning up a kitchen, what object could be used to reach places, such as the top of the cabinet or a high shelf??"
1,0,"When cleaning up the kitchen, what object could be used to reach high places such as the top of a cabinet or a shelf?","When cleaning up a kitchen, what object could be used to reach places such as the top of the cabinet or a high above a shelf?"
1,0,"What object can be used in the kitchen to reach high places, such as the top of a cabinet or a shelf when cleaning?","What object can be used in the kitchen to reach high places, such as a top of a cabinet or the shelf near the kitchen when cleaning"
1,0,"What is typically used to reach high places, such as the top of a cabinet or shelf, when cleaning up the kitchen?","What is typically used to reach high places, such as the top of a cabinet or shelf, when cleaning up the middle of the kitchen?"
1,0,"When cleaning up the kitchen and trying to reach high areas such as the top of a cabinet or shelf, what is an object that can be utilized?","When cleaning a kitchen or trying to achieve the top of the back wall or objects such as a cabinet, what is can be shaped necessary?"
1,0,"During the process of kitchen cleanup, what item could be utilized to reach high places such as the top of a cabinet or shelf?","During the process of cleaning up kitchen cabinet, what item could be utilized to reach places such as the top of a cup or shelf?"
1,0,"If someone wanted to travel to a far-off island quickly, what means of transportation in the picture would be suitable for that purpose?","If someone wanted to travel to a island far enough in the north, what means of transportation would be suitable for that well-etch of purpose?"
1,0,"If someone wanted to travel to a remote island quickly, what mode of transportation in the picture is most appropriate for the journey?","If someone wanted to travel to a remote island quickly, what mode of transportation in the picture is the most appropriate for the journey to meet quickly?"
1,0,Which mode of transportation in the picture would be appropriate for someone who wants to travel to a far-off island quickly?,Which mode of transportation in the picture would be appropriate for someone who wants to travel to a far-off island quickly? ether in advance?
1,0,"Assuming one wanted to travel to a far-off island quickly, what mode of transportation in the picture would be appropriate?","Assuming one wanted to travel to a island quickly enough, what mode of transportation in the far-off scene would be appropriate in the picture? Given"
1,0,"Looking at the picture, which mode of transportation would be suitable for someone wanting to quickly travel to a far-off island?","Looking at the picture, which mode of transportation would be suitable for someone wanting to quickly travel to a far-off island? faraway?"
1,0,"As an AI assistant, can you suggest a mode of transportation from the picture that someone could use to travel quickly to a far-off island?","As an AI assistant, can you suggest a mode of transportation that the person could use to travel easily from a far-off to picture?"
1,0,Butterflies are attracted to certain types of plants because they provide them with a necessary food source. What part of the plant in the picture is likely to attract butterflies?,Butterflies are attracted to certain types of plants because they likely to provide food. What part of the plant in the butterflies
1,0,"When it comes to butterflies, they are often attracted to specific plants that provide them with a vital food source. Based on the picture, what component of the plant is most likely to attract butterflies?","Based on butterflies, they are often attracted to particular plants. When it comes to what particular plant is most likely for the food?"
1,0,"In general, butterflies are often drawn to specific plant varieties because they provide them with essential nourishment. In the picture, which part of the plant is most likely to be attractive to butterflies?","In general, butterflies are often attracted to particular plant varieties. In the picture, which part of butterflies should they"
1,0,Certain plant varieties are known to attract butterflies as they offer a necessary food source. Can you point out which part of the plant in the picture might attract butterflies?,Certain varieties are known to attract butterflies as they provide food. Can you point out which part of the plant might attract food?
1,0,"Certain types of plants are more attractive to butterflies because they serve as a necessary food source. Based on the picture, what part of the plant is likely to attract these insects?",Certain types of plants are attractive to butterflies because they are a likely food source. Based on what part of the plant? Because
1,0,Certain types of plants can attract butterflies due to their providing a necessary food source. Please help me find what specific part of the plant in the picture is likely to attract butterflies.,Certain types of plants can attract butterflies due to food in the picture. I suggest what part of the plant could attract butterf
1,0,Dogs enjoy exploring new environments and sniffing everything around them. What part of the dog's body is primarily used to sense different scents in the picture?,Dogs enjoy exploring different environments and smattering them. What part of the dog's body is primarily used to slice the scent?
1,0,"When dogs explore new environments, they often rely heavily on their sense of smell to detect different scents. Which part of the dog's body in the picture is primarily responsible for this task?","When dogs look frequently on different environments, they rely primarily on their sense of smell to solve this problem. Which part of the dog's body"
1,0,What part of the dog's body is mainly used to detect different scents in the picture as they explore new environments?,What part of the dog's body is mainly used to identify different scents in the picture as they explore the environment to watch new animal models?
1,0,"What part of the dog's body is primarily utilized to sense different scents in the picture, as they enjoy exploring new environments and sniffing their surroundings?","What part of the dog's body is primarily used to view different scents, while they enjoy their spacious exploring their surroundings"
1,0,"Which part of the dog's body is primarily responsible for sensing different scents in the picture, given that dogs enjoy exploring new environments and smelling everything around them?","Which part of the dog's body is primarily responsible for exploring different sensations around them, given dogs enjoy watching and smelling in the?"
1,0,Horse racing is a popular equestrian sport where jockeys compete against each other to win. What objects in the picture are commonly used as obstacles in horse racing?,Horse jockets are a popular equestrian sport where horses often compete against one another. What object in the picture is in racing?
1,0,"What objects are commonly used as obstacles in horse racing, according to the picture?","What objects are commonly used as obstacles in horse racing, according to the picture? What are theories in horse racing, according to the picture?"
1,0,"During horse racing competitions, what are some everyday objects that serve as obstacles for the jockeys?","During horse racing obstacles, what are some everyday events, what objects that serve as competitors for the jockeys for petitions?"
1,0,What are the commonly used obstacles in horse racing that can be seen in the picture?,What are the commonly used obstacles in horse racing in horse racing that can be seen in the picture? The common keywords that can be seen in the
1,0,What objects used as obstacles could be found in a typical horse racing environment as portrayed in the picture?,"What objects used to avoid problems in a racing scenario as depicted in the environment could be found in a typical horse, spirals as you photograph?"
1,0,"In horse racing, what objects are commonly utilized as obstacles to challenge the jockeys, as shown in the picture?","In horse racing, what objects are commonly utilized as obstacles to challenge the jockeys in the picture, as shown in the picture?"
1,0,"If we were at the location shown in the picture and did not consider diving underwater, what area in the picture could we explore further?","If we were at the location shown in the picture and did not consider diving underwater, what area in the picture could we explore further away?"
1,0,Which regions of the picture could we explore further without considering diving underwater?,Which regions of the picture could we explore further further without considering diving in advance?We believe considering the ocean area of diving underwater when?
1,0,"Assuming that we are unable to perform underwater exploration, what particular region of the picture can be further explored?","Assuming that we are unable to perform further underwater exploration, what particular region of the image can be explored? What can be further identified?"
1,0,"Suppose you're able to explore the location depicted in the picture, but without considering submerging underwater. What areas might you venture further to explore?","Suppose you venture into the area depicted on the underwater, but you may find what is possible to explore in substantial detail. Elsewhere?"
1,0,Roller skates and skateboards are popular among those who enjoy outdoor activities. What part of the roller skate and skateboard in the picture facilitates movement on the ground?,Roller skates and skateboards are popular among the people who enjoy the action. What part of the roller skateboard in location requires
1,0,Which part of the roller skate and skateboard in the picture serves to aid in movement along the ground for those who enjoy outdoor activities?,Which part of the roller skate and skateboard in the picture serves to aid those who enjoy movement on the ground during outdoor activities?
1,0,Roller skates and skateboards are both popular among outdoor enthusiasts. What component(s) of the roller skate and skateboard in the image allow for movement along the ground?,Roller skates and the roller skater are popular among enthusiasts. What component of the roller skates on outside for animation?
1,0,"For people who enjoy outdoor activities, roller skates and skateboards are popular choices. Please specify which part of the roller skate and skateboard in the picture allows users to move effectively across the ground.","For people who enjoy outdoor activities, please choose which roller skates and skateboards are accessible across the roller skate in reality."
1,0,What component of the roller skate and skateboard in the picture enables movement on the ground?,What the component of the roller skate and skateboard in the picture enables movement on the ground before you can approach the roller screen?
1,0,Movement in activities such as roller skating and skateboarding is facilitated by a specific component of the equipment usually used. Which feature of the roller skates and skateboard depicted in the image promotes locomotion on the ground?,Video activities such as skateboard and roller combing promotes the appearance of the equipment. What part of the equipment directed on skateboard
1,0,"When preserving vegetables such as cucumbers, it is important to store them in a tightly sealed container to maintain their freshness. What object in the picture can be used for this purpose?","When storing vegetable cucumbers, it is important to store them in a properly sealed container to reduce the look. What object in this"
1,0,"When storing vegetables like cucumbers, it is necessary to place them in a tightly sealed container to retain their freshness. Which object present in the picture can be used for this purpose?","When storing vegetables like cucumbers, it is necessary to hold them in a tightly sealed container to present the object. What?"
1,0,"When preserving vegetables like cucumbers, what item can be used to keep them fresh by storing them in a tightly sealed container?","When preserving vegetables like cucumbers, what item can be used to keep them fresh by storing them in a tightly sealed?"
1,0,"To keep vegetables such as cucumbers fresh, it's essential to keep them in a well-sealed container. What object in the picture might be employed for that purpose?","To keep vegetable cucumbers fresh, it is vital for storing them in a well-designed manner. What object in the picture could"
1,0,"When it comes to preserving vegetables such as cucumbers, it is important to store them in a tightly sealed container to ensure their freshness. Which object present in the picture could be utilized to accomplish this goal?","When storing vegetable items such as cucumbers, it is critical to properly preserve them in the container to come up. Which particular objective is"
1,0,"When trying to preserve vegetables such as cucumbers, what object in the picture would be suitable for keeping them fresh by storing them in a tight, enclosed container?","When storing vegetable produce such as cucumbers, what would be suitable for keeping them in the back by storing them in an open container?"
1,0,"In rodeo events, riders often use certain equipment to stay on the back of a bull or horse and maintain balance. What in the picture can help a rider stay on the back of a bull during a rodeo?",Other riders use equipment to stay on the back of a bull during a ride or sport. What in a can stay on the bull?
1,0,Riders in rodeo events often utilize certain equipment to maintain balance and stay on the back of horses or bulls. What item in the picture could be used by a rider to stay on the back of a bull during a rodeo?,Rider tractors frequently use the equipment to stay on the back of a horse or to stay on the back of buns. What item is during
1,0,What equipment can be used to help a rider stay on the back of a bull or horse and maintain balance during a rodeo event?,What equipment can be used to help a rider stay on the back of a bull and maintain balance during a rodeo or horse racing event?
1,0,"During rodeo events, riders often rely on specific equipment to remain on the back of a bull or horse and maintain their balance. Based on this picture, what items could be utilized to help a rider stay mounted on the back of a bull during rodeo?","During riding, riders might rely on equipment placed on the back of a horse or bull to keep the horse fully on a routine. Such"
1,0,What object in the picture can help a rider stay on the back of a bull or horse and maintain balance during a rodeo event?,What object in aocho can help a rider stay on the back of a horse or bull and handle the balance during a racing event?
1,0,"During rodeo events, riders typically require specific equipment to maintain their balance and remain on the back of a bull or horse. Based on the picture, could you differentiate what item could help a rodeo rider to stay on the back of a bull?","Based on a combination equipment, riders can vary on the back of a bull or horse to continue to occupy the bull vehicle? What"
1,0,The book at the top,"The book at the top at the top. The book at the top opens with top. The book at the top Lincoln and top, song at the"
1,0,"When playing a bass guitar, what essential part of the instrument do musicians pluck or strum to produce sound?","When playing a guitar drum, what essential part of the instrument do musicians strum or pluck to produce sound to smooth the piano in flight?"
1,0,Musicians often pluck or strum a particular essential part of the bass guitar when producing sound. What is this critical element?,Musicians often pluck or strum a particular essential component of the musical guitar when they sound key. What is this essential part of their instrument?
1,0,"When playing a bass guitar, what component of the instrument is critical for musicians to pluck or strum to generate sound?","When playing a bass guitar, what component of the instrument is critical for musicians to pluck or strum to generate sound for the guitar break?"
1,0,"When playing a bass guitar, what essential part of the instrument do musicians typically pluck or strum in order to produce sound?","When playing guitar in a musical instrument, what critical part of the rough string musicians typically do not pluck or pellet in order to produce sound"
1,0,"To produce sound while playing a bass guitar, what part of the instrument typically needs to be plucked or strummed?","To produce sound while playing an audio guitar, what part of the bass instrument typically needs to be plucked or strummed for chopped?"
1,0,What is the essential part of the bass guitar that musicians typically pluck or strum to create sound during a performance?,What is the essential part of a smooth drum drum core that musicians typically pluck or strum to create the sound during the music to perform?
1,0,"When it comes to water sports, people often use various tools to glide on the surface of the water. What item in the picture is designed specifically for this purpose?","When it comes to water sports, people frequently use various tools to glide on the surface of the water. What item in the picture is designed?"
1,0,"When engaging in water sports, individuals frequently use various items to slide or glide along the water's surface. Based on the image, what item appears to be designed specifically for this purpose?","When engaging various water sports, individuals typically design what to slide or be directed to slide directly on the surface's purpose. Based on this image"
1,0,What object in the picture is specifically designed for gliding on the surface of the water during water sports?,What object in the picture is specifically designed for gliding on the surface of the water during the water sports? When attached for water quality watering?
1,0,"In water sports, a variety of devices are often employed to glide across the surface of the water. What object in the picture is intended specifically for this use?","In water sports, a variety of devices are commonly used to glide across the surface of the water. What object in this picture is intended for?"
1,0,What item is intended specifically for gliding on the surface of the water in water sports?,What item is intended specifically for gliding on the surface of the water. What is intended for gluing the water in water in water sports??
1,0,What item in the picture is intended for gliding on the surface of the water while participating in various water sports?,What item in the picture is intended for gliding on the surface of the water while participating in the water and participating in various water sports?
1,0,the reflection of the person in the water,the reflection of the person in the water in the the water. the reflection of the person in the Earth. The reflection of the human in the water
1,0,"During a tennis match, players often hit the ball with a specific tool. What tool in the picture can be used to hit the ball during a tennis game?","During a tennis match, players often hit the ball with a specific tool. What tool in the picture can be used to hit the ball during tennis?"
1,0,What is the item in this picture that could be utilized to hit the ball during a game of tennis?,What is the item in this picture that could be utilized to hit the ball during a game of tennis? What is the ball of a water?
1,0,"During a tennis match, what equipment in the picture can be utilized to hit the ball?","During a tennis match, what equipment in the picture can be utilized to hit the ball? What equipment in the picture can be hit the ball?"
1,0,"In tennis matches, players typically strike the ball with a specific piece of equipment. What tool in the picture is commonly used to hit the ball during a tennis game?","In tennis, players typically hit the ball with a piece of game equipment. What tool in the picture is commonly used to hit the ball during the?"
1,0,"When playing a tennis match, what tool in the picture can be utilized to hit the ball?","When playing a tennis match, what tool in the picture can be utilized to hit the ball? What tool in the picture can hit the ball?"
1,0,"In a game of tennis, what item can be employed to hit the ball?","In a game of tennis, what item can be employed to hit the ball? In play, what item can be employed to hit the ball??"
1,0,"If someone in the picture wanted to enjoy a drink without having to pour it themselves, what object could they use to easily take small sips at a time?","If someone wanted to easily drink a photo without having to take a sips, what object in their owners could they use to drink at time?"
1,0,What object could be utilized in the picture to take small sips at a time and enjoy a drink without having to pour it oneself?,What object could be utilized in small sips at the occasion to take a drink and enjoy a photo without having to spend it enough to hand?
1,0,What item could someone utilize to take small sips of a drink without having to pour it themselves in the picture?,What item could someone utilize to take small sips of a drink without having to have them pour themselves in the picture of it in the photo?
1,0,"What object is available in the picture that someone could utilize to savor their drink without having to pour it themselves, taking small sips with ease?","What object is available in the picture that someone could utilize to savor their drink without having to pour it, taking small sips with themselves?"
1,0,Suppose someone in the picture is seeking to enjoy a drink without having to pour it themselves. What might they utilize in order to readily take small sips of the beverage?,If someone is wanting to drink without having to take it in order. What might they utilize to readily enjoy a small pray of the beverage
1,0,"If someone needs to drink a beverage without having to pour it themselves and wants to take small sips, what object in the picture is best suited for this purpose?","If someone wants to drink a beverage and needs to pour it without having small forwards, what object in the picture is best suited for?"
1,0,Dogs often use their sense of smell and sharp eyesight to interact with the world around them. What part of the dog's body in the picture is associated with its strong sense of smell?,Dogs often use their sharp sense of eye and sense of smell. What part of the dog's body in the picture is associated with?
1,0,"When interacting with the world around them, dogs typically rely on their sense of smell and sharp eyesight. In the picture, which part of the dog's body is associated with its strong sense of smell?","When interacting with dogs and their eyes, the dog often rely on its sense of smell. Which part of the body's strong picture?"
1,0,"What part of a dog's body is typically associated with its strong sense of smell, given that dogs usually rely on their keen sense of smell and sharp vision to interact with the surrounding environment?",What part of the dog's body is concerned with that dogs typically rely on their strong sense of smell and sense of visible to their environment?
1,0,"What part of a dog's body in the picture is primarily associated with its strong sense of smell, which they often utilize to interact with their surroundings?","What part of a dog's body in the picture is distinctly associated with their sense of smell, which they often interact with their surround"
1,0,"Which part of the dog’s body in the picture is generally associated with its strong sense of smell, which is frequently employed in their sensory interaction with the surrounding environment?","Which part of the dog's sense of smell is commonly employed in their physical environment, which is often associated with its strong interaction among the?"
1,0,"In dogs, which part of their body is typically associated with their keen sense of smell, which aids in their interactions with the world around them in the picture?","In dogs, which part of their body is associated with their sense of smell, which aids in their often dealing with the world around them?"
1,0,"In modern cuisine, food decoration can also bring a different dining experience. What food in the picture is most likely to be used for decoration?","In modern dining, food decoration can also be used for different cuisine. What food in the picture is likely to offer decoration?"
1,0,"In modern cuisine, culinary art has been embraced, and food decoration can significantly enhance the dining experience. Which food in the picture is likely to be used for decoration?","In modern culinary art, food is perceived to enhance the decoration experience. Which food in dining could be included in decoration?"
1,0,"In modern cuisine, decorating the culinary arts can often create a distinctive dining experience. Based on the picture, what food item might be utilized for this purpose?","Based on cultural decor, dining cuisine often is utilized to create a distinctive the culinary idea. What item in this display?"
1,0,"In modern cuisine, decorating food is a popular method to create a unique dining experience. Which food item in the picture is most likely to be used for such decoration?","In modern culinary dining, food is a popular method to decorate the occasion. Which food item is likely to be used for such experience?"
1,0,"In modern cuisine, food decoration plays an important role in enhancing the dining experience. Based on the picture, which food item is most likely to be used for decoration purposes?","Based on food dining, the following food item is an important role in decoration control. Which restaurant is designed to advantage the dishage?"
1,0,"In modern cuisine, dishes are often decorated to create a distinct and aesthetically pleasing dining experience. Based on the picture, what food item is most likely to be utilized for decoration purposes?","Based on food dishes, the item is commonly decorated to make a distinct and visually pleasurable dining experience. What is most?"
1,0,"In many cultures, a quilt with a star pattern is considered a significant symbol. What can be seen in the picture that represents this symbol?","In many cultures, a quilt with a star pattern is considered a significant symbol. What can be seen in the picture that represents this symbol?"
1,0,Which item in the image is representative of the significant symbol of a star pattern quilt seen in many cultures?,Which item in the picture is a significant symbol of the starlet pattern of the quilt flower symbol being characteristic in many of inherited cultures??
1,0,What symbol related to star patterns can be observed in the picture which holds significance in numerous cultures?,What symbol that holds significance among various cultures can be observed in the picture? What symbol is similar to star patterns which occur in historic trends?
1,0,What pattern can be seen in the picture that represents the significant star symbol often found in many cultures?,What pattern can be seen in the picture that represents the star symbol. What is often found in the significant character symbol previously displayed in many cultures?
1,0,"In many cultures, a quilt with a star pattern is regarded as an important symbol. What can be observed in the image that signifies this emblem?","In many cultures, a knob dressed as an emblem is considered important. What can be observed in the image that symbolizes this pattern?"
1,0,"In many cultures, a quilt with a star pattern represents a significant symbol. What can be observed in the picture that embodies this symbol?","In a multilevel, the pattern that embodies a star represents a significant symbol. What can be observed in this tradition of the symbol?"
1,0,the more advanced aircraft,"the more advanced aircraft the more advanced aircraft. the more advanced aircraft. The more advanced aircraft, the advanced technology to test space of magnetic and war engine"
1,0,"When objects are left in water for a long time, they can often deteriorate or be damaged. What in the picture is an example of an object that has been affected by this process?","When objects are in water, they often deteriorate or die. What is an example of an object that could be damaged in this time"
1,0,Could you please identify the object in the picture that exhibits signs of deterioration or damage as a result of prolonged exposure to water?,Could you please identify the object in the picture that exhibits signs of prolonged exposure to water as a result of deterioration or damage
1,0,"What can be an example of an object that may deteriorate or get damaged after being left in water for a long period of time, based on the observation in the picture?",What could be an example of an object that can deteriorate or lose after being on the water for a long period of time in observation?
1,0,"Over time, various objects may deteriorate or become damaged when submerged in water. Could you identify an item in the picture that exemplifies this phenomenon?","Over time, various objects may deteriorate when damaged or become submerged. Could you identify an item in the picture in this phenomen"
1,0,Could you identify an object in the picture that has likely been deteriorated or damaged due to being left in the water for an extended period of time?,Could you identify an object in the picture that has likely been left in the water for an extended period of time due to been deteriorated?
1,0,Could you please help me identify an object in the picture that exemplifies the consequences of leaving objects submerged in water for extended periods of time?,Could you please leave the picture indicating an object that predisposes me to protect objects in the water effected for extended periods of time in situations?
1,0,Imagine we are attending a car show featuring various automobile models. What object in the picture could provide shade and protection from the sun during the event?,Imagine we are attending a car show offering different colors and coverage during the event. What object in the picture could protect the auto shoe?
1,0,"Assuming that we are attending a car show featuring various automobile models, what object in the picture could act as a source of shade and provide protection against direct sunlight during the event?","Assuming we are attending car show during the race, what object in the camera could generate various antiques and act as a source of sunlight?"
1,0,Suppose we are attending a car show featuring various automobile models. What part of the picture could be utilized to provide shade and protect individuals from the sun during the event?,We are displaying a car event if individuals enjoy attending various cars. What part of the picture could be utilized to protect the sun during the?
1,0,"If we're attending a car show featuring various automobile models, which object in the picture could provide shade and protection from the sun during the event?","If we're attending various cars in a car show, which object in the picture could provide protection against the weather and design during an event?"
1,0,"At a car show featuring various automobile models, which object in the picture could be utilized to provide shade and protection from the sun?","At a car show featuring various automobile models, which object in the picture could be utilized to provide protection and shade from the sun??"
1,0,"During a car show featuring a variety of automobile models, what item in the picture could provide shade and protection from the sun for visitors in attendance?","During a car entertainment show featuring a variety of models, what item in the picture could provide protection for visitors in attendance from the sun??"
1,0,Graduation is a significant milestone in one's education. What in the picture could be worn by someone to signify their achievement during the graduation ceremony?,Graduation is a significant milestone in one's achievement. What in the picture could be worn by someone to sign their graduation?
1,0,What symbolic item typically worn by individuals signifies their achievement during a graduation ceremony in the picture?,"What symbolic item typically worn by individuals to honor their achievement during a graduation ceremony signifies the moral picture in the class, in detail?"
1,0,A graduation ceremony often involves wearing a special item to symbolize the graduation achievement. What object(s) in the picture could be worn to signify this achievement?,A graduation ceremony often involves wearing a picture to symbolize the graduation achievement. What special item(s) in this achievement could
1,0,"What can be worn by someone to signify their academic achievement during a graduation ceremony, based on the image provided?","What can be worn by someone to signify their academic achievement during a graduation ceremony, based on their image, meaning the employee provided them?"
1,0,"During a graduation ceremony, it is common to see individuals wearing a certain item to symbolize their educational achievements. Based on the image provided, what item would that be?","During graduation, it is common to see individuals wearing a certain item to symbolize their educational achievements. Based on what the item would?"
1,0,the area that displays the time,the area that displays the time that displays the time. the time that displays the time that displays the time. The time that displays a normal value by
1,0,the engines for this plane,the engines for the this plane for this plane. the engines for this plane for engine? The engines for this plane.17 to face the plane
1,0,the objects that can tell people the time,the objects that can tell people the time. The theories: Define the people that can tell people the time to tell people people who stuff the time
1,0,"When traveling by train, we often encounter obstacles such as rivers or valleys. What infrastructure in the picture helps the train cross over these obstacles?","When traveling by train, we often encounter obstacles such as rivers or valleys. What infrastructure in the picture over these the obstacles?"
1,0,"When trains are traveling, obstacles such as rivers or valleys can sometimes obstruct their path. What infrastructure present in the picture helps trains move across these barriers?","When transport is visited, roads including rivers or trains sometimes overlook their path. What obstacles present in these landforms can help in the landscape?"
1,0,"When traveling by train, it's common to encounter obstacles such as rivers or valleys. Which infrastructure in the picture helps the train traverse these obstacles?","When traveling by train, it's common to encounter obstacles such as rivers or streams. Which infrastructure in the picture covers the obstacle"
1,0,"When traveling by train, crossing obstacles such as rivers or valleys can be challenging. What crucial infrastructure is depicted in the picture that aids trains in overcoming these obstacles?","When traveling, roads that oversee bridges can be overseen by obstacles. What important experience in the picture for treating these terrain?"
1,0,"What infrastructure is used to help trains cross over obstacles like rivers and valleys, as is often encountered when traveling via train?","What infrastructure is used to help travel through rivers and valleys over roads, as is often encountered when trains cross for obstacles like the train?"
1,0,"Suppose a train is traveling along its route, and encounters an obstacle like a river or valley. What feature appears in the picture that helps the train to navigate these challenges?","Suppose a train is traveling along its route, and behaves like an obstacle that encounters the picture. What feature in the train?"
1,0,"Fishing can be an enjoyable activity for many people, but sometimes it can be difficult to catch fish. What body part in the picture is essential for catching fish?","Fishing can be an enjoyable activity for many people, but sometimes it can be difficult to catch fish. What part in the picture for fish?"
1,0,"When fishing, certain body parts can be critical for catching fish. Can you identify the part of the body in the picture that is vital for catching fish?","When catching fish, certain body parts can be critical for fishing. Can you identify the part of the body in the picture that is critical?"
1,0,"In the context of fishing, which part of the body is really important for catching fish, according to the picture?","In the context of fishing, which part of the body is really important for catching fish, according to the picture, according to the song?"
1,0,"When fishing, what part of the human body is considered crucial for catching fish, as per the picture provided?","When fishing, what part of the human body is considered crucial for catching fish, as per the picture, as per the species provided?"
1,0,"When fishing, some essential body parts can be used to catch fish. Which body part shown in the picture is critical to catching fish?","When catching fish, some critical body parts can be used to catch fish. Which body part shown in the picture is essential to fishing fish?"
1,0,"Which part of the body is typically essential for catching fish, in the context of fishing, as displayed in the picture or scene?","Which part of the body is essential for catching fish, typically in the context of fishing, as displayed in the picture, scene or scene?"
1,0,Dogs need to be restrained while walking in public places to ensure their safety. What in the picture is used to restrain the dog and keep it from wandering off?,Dogs need to rest their clothes while walking to keep them off and to be protected internally. What in the picture is constrained from dog walking?
1,0,What in the picture is used to restrain the dog and prevent it from wandering off when walking in public areas?,What in the picture is used to restrain someone from running and prevent it from scratching the dog before walking in the park during parking areas?
1,0,"What item is used to restrain a dog and prevent it from wandering off while walking in public places, which helps ensure its safety?","What item is used to restrain a dog while walking and prevent it from wandering off, which helps ensure its safety in public places while walking?"
1,0,What object in the picture is designed to restrain dogs and keep them from wandering off while walking in public places to ensure their safety?,What object in the picture is designed to restrain dogs and keep them from walking off while wandering in public places to ensure their safety for hours?
1,0,"What is used to restrain and prevent a dog from wandering off while walking in public places, based on the picture?","What is used to restrain and prevent a dog from snapping in places while walking on private streets, based on the picture, based on correctly?"
1,0,What in the picture is used to keep a dog from wandering off and restrain it while walking in public places to ensure its safety?,What in the picture is used to keep a dog from restrapping and walk away while safeguarding it and guard it in public safety times?
1,0,"Where would you keep your clothing like shirts, pants, and dresses if you are in your bedroom?","Where would you keep your clothing like shirts, pants, clothes, and dresses if you are wearing in your bedroom?"
1,0,"If you were in a bedroom, where would you store your clothing items such as shirts, pants, and dresses?","If you were in a bedroom, where would you store your clothing items such as shirts, pants, and dresses??"
1,0,"Suppose you are in your bedroom, where would you typically store clothing items such as shirts, pants, and dresses?","Suppose you are in your bedroom, where would you typically store clothing items such as pants, shirts, and dresses??"
1,0,"In a bedroom, where would you typically store your clothes, such as shirts, pants, and dresses?","In a bedroom, where would you typically store your clothes, such as shirts, pants, and dresses, and dresses?"
1,0,"If you were inside your bedroom and wanted to store your clothes such as shirts, pants, and dresses, where would you place them?","If you were placing clothes in your bedroom and wanted to store them such as pants, shirts, and clothes, where would you?"
1,0,"When shopping in a supermarket, we often see rows of products neatly arranged for customers. What part in the picture represents the area where the products are displayed?","When shopping for goods, we often see boxes markedly arranged in stores. What part of a shop represents the exact image of where the products are"
1,0,"When shopping in a supermarket, what section of the picture represents the area where the products are displayed in neat rows for customers to browse and select from?","When shopping in supermarkets, what section of the table represents in a picture where the items are reserved for immediate customers to slice and select?"
1,0,"When shopping in a supermarket, what area of the picture represents the region where products are being displayed for customers to peruse and select?","When shopping in a supermarket, what region of the picture represents the area where products are being perused for customers to display and select??"
1,0,"When shopping at a supermarket, rows of neatly-organized goods are commonly displayed for customers to browse. In this picture, which part represents the area where products would likely be on display?","When shopping for well-organized goods, boxes are typically displayed on a store near the market. In which part of this picture would exist?"
1,0,"When shopping in a supermarket, rows of products are often arranged neatly for customers. Can you identify the part of the picture that depicts the area where these products might be displayed?","When shopping for a restaurant, boxes are often neatly populated where these parts are located. Can you describe the part of the image of customers?"
1,0,"In supermarkets, products are usually arranged in an orderly manner for customers. Can you help me find the area where the products are displayed in this picture?","In supermarkets, products are usually arranged in an orderly manner for my customers. Can you help find the area where the products are displayed?"
1,0,the bird that has caught prey,the bird that has caught the prey that has caught prey. the bird that has caught prey by birdone to fish and familiar prey
1,0,"In a formal event, an important person may make an appearance on a grand staircase. What part of the picture suggests the presence of a grand staircase that leads to a higher level?","On a formal occasion, a person may witness the appearance of a third staircase. What suggests an important staircase in the big level?"
1,0,"What component of the picture suggests that there may be a grand staircase present, which a dignitary or VIP may traverse during a formal event?",What object of the picture suggests that there will be a formal reception during which a grandparade or staircase may meet a VIP event?
1,0,"What part of the picture indicates the presence of a grand staircase leading to a higher level, in the context of a formal event where an important person may make an appearance?","What in the picture indicates the context of a grand staircase, where a person in the immediate stage of an important event may make a appearance?"
1,0,"Please find the part of the picture that suggests the presence of a grand staircase that leads to a higher level, as an important person may make an appearance on such a staircase during a formal event.","Please represent the presence of a special staircase, which suggests the part of the event when a person makes a special sense in an earlier event."
1,0,"Please identify the area of the picture that suggests the presence of a grand staircase used for formal events, which leads to a higher level.","Please identify the area of the picture that suggests the presence of a grand staircase used for formal events, which leads to a higher spiritual level."
1,0,"What part of the picture indicates the presence of a grand staircase that leads to a higher level, which could be utilized during a formal event by an important person while making their appearance?","What part of the picture indicates a serious staircase that could be utilized during a formal appearance by someone, which leads to the higher level?"
1,0,"Among the decorative items made of small colorful beads, which accessory in the picture can be worn on the wrist as an accessory?","Among the decorative items made of accessory beads, which item on the small wrist can be dressed in the color as an accessory?"
1,0,"What piece of accessory among the small, colorful bead decorations in the image can be worn as a wrist ornament?","What piece of accessory among the small, colorful bead decorations in the image can be worn as a wrist ornament or neck?"
1,0,"Among the decorative items made of small colorful beads shown in the picture, which item can be worn on the wrist as an accessory?","Among the decorative items made of small colorful wrists displayed in the picture, which item can be on the arm as an accessory?"
1,0,"Among the decorative items made of small colorful beads, which one in the picture can be worn as an accessory on the wrist?","Among the decorative items made of small accessory beads, which one can be worn as an image on the neck in the wristful?"
1,0,Imagine a winter scene where a person is sledding and being pulled by a dog through the snow. What object could the person attach to the dog to control its movement during the sledding activity?,Imagine a person where a dog can move from the sledding scene during winter activity. What object is being pulled by the dog during the winter
1,0,"In this winter scene, where a person is sledding and being pulled by a dog through the snow, what item could the person utilize to regulate the dog's movement during the sledding activity?","During this winter, where a person is sledding during the dog's movement, what item could the dog utilize to overcome the activity?"
1,0,"In a winter scenario where a person is sledding and being pulled through the snow by a dog, what object might the person attach to the dog to control its movements during the sledding activity?","During a sledding scenario, what object is a person being directed to the dog during the sledding and transport its snow through the snow?"
1,0,"During a national celebration, what part of the picture can be raised to symbolize the country and its values?","During a national celebration, what part of the picture can be raised to symbolize the country and its values? What part of the history can?"
1,0,"In the context of a national celebration, which object could be raised in the picture to symbolize the country and its values?","In the context of a national celebration, which object could be raised in the picture to symbolize the country and its values.under the culture?"
1,0,"During a national celebration, which part of the picture could be raised to symbolize the country and its values?","During a national celebration, which part of the picture could be raised to symbolize the country and its values? The part of the national identity?"
1,0,"During a national celebration, what part of the picture might be raised to symbolize the country and its values?","During a national celebration, what part of the picture might be raised to symbolize the country and its values? What part of the history might?"
1,0,What item or element in the picture could be raised as a symbol of the nation and its values during a national celebration?,What item or symbol in the picture could be raised as a symbol of the nation and its values during a national celebration or the cultural element today?
1,0,"In the context of a national celebration, what aspect of the picture could be lifted as a symbol of the country and its values?","In the context of a national celebration, what aspect of the picture could be lifted as a symbol of the country and its significance in the values?"
1,0,People often say that a genuine smile can brighten up a person's face. What facial feature in the picture could indicate whether or not the person is smiling?,People often say that a facial smile can brighten up a person's face. What was the fitting picture shows whether or not the smile?
1,0,People often mention a real smile can illuminate an individual's face. What facial feature in the given picture might indicate if the person is smiling?,People often mention the person's face. What facial feature in a given picture can illuminate someone if the smile is actually representing an object?
1,0,"Please identify the facial feature in the picture that could indicate whether or not the person is smiling, as people often claim that a sincere smile can light up one's face.","Please identify whether the facial picture could indicate a person who is smiling, as people often believe that one could display up in the sinking face"
1,0,"How can one determine whether or not a person is smiling, based on their facial features in the picture?","How can one determine whether or not a person is smiling in the facial, based on the details that reflect their native facial looks after?"
1,0,"What feature of the person's face in the picture could suggest whether or not they're smiling, given the common belief that a genuine smile can brighten up a person's face?","Given that a person's smile could be visible on the person's face, what common thought of whether they can lavish up the smile?"
1,0,"What facial feature in the picture reveals whether or not a person is smiling, given that a genuine smile can light up one's face?","What facial feature in the picture can reveal whether or not a person smiles, given that a glowing smile makes one's face"
1,0,the container that is being held by a person and is about to pour liquid,the container that is being held by a person and is being about to pour liquid. the liquid that is about to pour and is about to pour liquid
1,0,You are in a room that does not have much natural light. What object can be turned on to brighten up the room?,You are in a room that does not have much natural light. What object can be turned on to brighten up the room to change the room?
1,0,"If you find yourself in a room with little natural light, which object can be turned on to increase the illumination levels in the room?","If you find yourself in a room with little natural light, which object could be turned on in the room to increase the illumination levels? The"
1,0,"If you are in a room with low natural light, what can be turned on to illuminate the space?","If you are in a room with low natural natural light, what can be turned on to illuminate the space with what looks to natural the space?"
1,0,What object could you turn on to illuminate a dimly-lit room that lacks adequate natural light?,What object could you turn on to illuminate a dim-lit natural room that lacks adequate light to feature adequate warm air?
1,0,"If you are in a poorly lit room, what item can you switch on to illuminate the space?","If you are in a poorly lit room, what item can you switch on to illuminate the space? What can you light on the space?"
1,0,"People love to play indoor table tennis for leisure, usually in the living room. What kind of furniture is needed to play this game?","People love to play indoor table tennis, normally in the living room for some amount of game play. What kind of furniture can this me?"
1,0,What kind of furniture is needed to play a game of indoor table tennis in the living room for leisure?,What kind of furniture is needed to play a game of indoor table table tennis in the living room for the living room in leisure?
1,0,"To play table tennis indoors, what type of furniture is typically required?","To play table tennis indoors, what should be required? A table tile style indoor, what type of furniture is typically tenured?"
1,0,What type of furniture is required to play indoor table tennis in the living room for leisure?,What type of furniture is required to play indoor table tennis on the living room in private chairs if needed for leisure lap time?
1,0,"To play table tennis indoors for leisure, what furniture is usually required?","To play table tennis indoors for leisure, what furniture is usually required in practice? For table tile indoors leasing?"
1,0,"To play indoor table tennis for leisure, what kind of furniture would be required?","To play indoor private table tennis for leisure, For leisure, what kind of table furniture would be required for use??"
1,0,Lavender is often used for its pleasant fragrance and can be found in various products such as soaps and essential oils. What object in the picture is likely to produce this fragrance?,Lavender is often used for various fragrances and can be shown in its pleasant undertone. What product is to produce this fragrance?
1,0,"What might be the object present in the picture that is likely to produce the pleasant scent of lavender, which is commonly utilized in various products like soap and essential oils?","What might be the picture that is commonly utilized to distill sweetbread, which is the suitable object in the scent of oils?"
1,0,"What object in the picture would likely produce the pleasant fragrance of lavender, which is commonly utilized in a range of products, including essential oils and soap?","What impression is likely the gift of cerlip, which would be readily utilized in a variety of products including essential oils and fragrances?"
1,0,"What in the picture might produce the pleasant fragrance typically associated with lavender, which is often used in various personal hygiene products?","What in the picture might produce the pleasant fragrance often associated with lavender, which is often used in various personal hygiene products made?"
1,0,"What object in the picture is likely to produce the pleasant fragrance of Lavender, which is commonly used in various products such as soaps and essential oils?","What object in the picture is likely to produce the pleasant fragrance of Lavender, which is commonly used in various products such as soaps?"
1,0,What furniture in a room can provide illumination for people's reading or work at night?,What furniture in a room can provide illumination for people's reading or work at night? What in bed for people's reading?
1,0,Which piece of furniture in a room could offer illumination to people who wish to read or work at night?,Which piece of furniture in a room could offer illumination to people who wish to read or work at night. Could offer text at night?
1,0,Which type of furniture present in a room can provide light for people who are working or reading at night?,Which type of furniture present in a room can provide light for people who are working or reading at night? Which are available to read at home?
1,0,What type of furniture in a room can serve to provide lighting for people's reading or work at night?,What type of furniture in a room can serve to serve to provide lighting for people's reading or work for at night? Fasting?
1,0,What furniture in a room can offer illumination when individuals are reading or working at night?,What furniture in a room can offer illumination when individuals are reading or working at night? What individuals are offering illness with at home?
1,0,"In hotel rooms, what object can often be found hanging on the wall as a decorative item?","In hotel rooms, what object can often be found hanging on the wall in rooms as a decorative item-also found as a glow?"
1,0,What is a common decorative item that can be found hanging on the wall in hotel rooms?,What is a common decorative item that can be found hanging on the wall on the wall in hotel rooms. Unmas in common hotel windows?
1,0,What can often be found hanging on the wall as a decorative item in hotel rooms?,What can often be found hanging on the wall as a decorative item in hotel rooms as a decorative item in the hotel hotel weeds?
1,0,What item is typically found hanging on the wall as a decorative piece in hotel rooms?,What item is typically found hanging on the wall as a decorative piece in hotel rooms as a decorative piece in hotel room? Weather?
1,0,"Wall decorations can be utilized in many places, including hotel rooms. What type of decorative object might be frequently located hanging on the wall in a hotel room?","Hanging wall decorations can be utilized in many places, including a hotel room. What object might be located on the wall in a hotel?"
1,0,"In hotels rooms, what can sometimes function as a decorative item and be found hanging on the walls?","In hotels forages, what can sometimes be found as a decorative item and function as the way to relax hanging walls on the room?"
1,0,something used for lifting the loudspeaker box,something used for lifting the loudspeaker box. for lifting the loudspeaker box the loudspeaker of writing the loudspeaker box
1,0,the food with high vitamin,the food with high vitamin with high vitamin Simple food. the food with high vitamin and vitamin. the food with blood glamin
1,0,"When editing photos on a computer, it is important to have a clear and detailed view of the image. What object in the picture could be used for this purpose?","When editing a computer, it is important to have a clear and detailed view of the image. What object on the picture could be used for this purpose"
1,0,"When editing photos on a computer, it is crucial to have a clear and detailed view of the image. What in the picture could be utilized for this purpose?","When editing a photograph on the computer, it is crucial to have a clear and detailed image of the image. What could be utilized in this"
1,0,"When editing photos on a computer, having a clear and detailed view of the image is crucial. What object in the picture can aid in achieving this goal?","When editing a computer, having a clear and detailed view of the image is crucial. What image in the object can aid in achieving this?"
1,0,"When editing photos on a computer, having a clear and detailed view of the image is crucial. What object in the picture could be utilized for this purpose?","When creating a clear and detailed image on a computer, what object in the image is crucial. You could have the view of this purpose could."
1,0,"When editing photos on a computer, having a clear and detailed view of the image is important. What object in the picture could potentially be utilized for this purpose?","When creating photos on the computer, a clear and obvious view of the image is valuable. What object in this image could potentially be utilized for?"
1,0,"When editing photos on a computer, having a clear and highly detailed view of the image is crucial. What item in the picture could be utilized to accomplish this goal?","When editing a computer, having a clear and detailed view of the image is crucial. What item in the picture could be utilized to accomplish?"
1,0,What object is usually attached to the wall next to the bed and provides convenient lighting for reading a book before sleep?,What object is usually attached to the wall next to the sleep and provides convenient lighting for reading a book about to sleep before providing bedtime comfortable?
1,0,What is the object that is typically mounted on the wall near a bed and provides convenient lighting for reading before going to sleep?,What is the object that is usually mounted on a wall near the bed and provides convenient lighting for reading before going to sleep prior to the bed?
1,0,"What object is typically attached to the wall next to the bed, and provides convenient lighting for reading a book before sleep?","What object is typically attached to the wall next to the bed, and offers convenient lighting for reading a book before sleep for knowing the bedside?"
1,0,What object is commonly mounted on the wall next to a bed to provide convenient lighting for reading before sleep?,What object is commonly mounted on a wall next to the bed to provide convenient lighting for reading to provide convenient reading before wearing before sleep??
1,0,What is the object that is commonly attached to the wall next to the bed and provides convenient lighting for reading before falling asleep?,What is the object that is commonly attached to the wall next to the bed and provides convenient lighting for reading asleep before lying in the sleep?
1,0,What kind of object is typically attached to the wall next to a bed that provides convenient light for reading before sleep?,What kind of object is typically attached to the wall next to a bed that provides convenient light for reading before sleep. Available convenient sleep for sleep?
1,0,something that helps the animal trainer move quickly on water,Something that helps the water trainer move quickly in response to happiness. something that helps the animal trainer projector she quickly began on steam on water
1,0,the people most like judges,the aides of the judges. like all. Think about what people like most for all candidates that results in people unites judges counsel
1,0,"In cold weather, people often gather around a certain area to keep warm. What object in the picture can provide heat and be used for this purpose?","In cold weather, people often gather around a certain area to provide heat and keep warm. What object in the picture can be used for this purpose?"
1,0,"During cold weather, people often gather around a specific area to stay warm. What object in the picture can be utilized for this purpose and provide heat?","During cold weather, people often gather around a specific area to stay warm. What object in this picture can be utilized for the purpose and provide heat"
1,0,"During cold weather, people often converge around a particular space to stay warm. What object in the picture can provide heat and serve this purpose?","During cold weather, people often converge around a particular space to provide heat and stay warm. What object in the picture can serve this purpose? What"
1,0,What object in the picture is capable of providing heat and could be used as a heat source in cold weather for people to gather around and warm up?,What object in the picture is capable of providing heat and cold for people to warm up and could be used as a heat source in winter space around?
1,0,What do people use to input letters and commands when using a computer?,What do people use to input letters and commands when using a computer. What do people use to input letters and letters when wearing a new client?
1,0,What is the common tool or device used for people to input letters and commands when using a computer?,What is the common tool or device used for people to input letters and commands when using a computer to connect people. For letters always used a computer?
1,0,What tool do people typically use to input letters and commands when working on a computer?,What tool do people typically use to input letters and commands when working on a computer? What tool do people sometimes use to execute on a computer??
1,0,What is the common way that people use to input letters and commands when operating a computer?,What is the common way that people use to input letters and commands when operating a computer? The means that people always enter letters when processing a computer?
1,0,What is the tool or device that people typically use for inputting letters and commands when using a computer?,What is the tool or device that people typically use for inputting letters and commands when using a computer when finding letters and commands made for a computer?
1,0,Where would one usually keep clothes or personal items such as eyeglasses within arm's reach while resting on a bed?,Where would one usually keep personal items such as clothes or eyeglasses on resting while reaching one's foot within a bed?
1,0,"During rest, where would one typically keep their clothes or personal items like eyeglasses that are within arm's reach while on a bed?","During sleep, where would one typically keep personal items like eyeglasses that are in arm's rest on a face without becoming accessible?"
1,0,"When resting on a bed, where is the convenient location to store personal items such as glasses and clothes within arm's reach?","When resting on a bed, where is the convenient location to store personal items such as glasses and clothes within arm's men's reach"
1,0,"Where would someone typically keep their clothing or personal items, such as eyeglasses, within reach while resting on a bed?","Where would someone typically keep their personal items, such as clothes or eyeglasses, to comfort while resting on a bed facing the?"
1,0,"While resting on a bed, where could someone typically keep their clothes or personal belongings, such as eyeglasses, within an arm's reach?","While sitting on a bed, would someone typically keep personal belongings, such as clothes or eyeglasses, within their arm's?"
1,0,"While resting on a bed, where would people typically keep their clothes or personal items, such as eyeglasses, within arm's reach?","While sitting on bed, would someone keep personal items, such as clothes or eyeglasses, within their head's reach? Sometimes,"
1,0,"When watching a movie or playing video games, it is common to use external devices to enhance the viewing experience. What part of the picture can be used as an external device to display visual content?","When watching movie or playing games, it is common to use external devices to enhance the viewing experience. What external picture can be used as an"
1,0,"When watching a movie or playing video games, people often use external devices to enhance the viewing experience. What object in the picture could be used as an external device to display visual content?","When watching movie games, people often use external devices to enhance the viewing experience. What object in the picture could be used as an external video"
1,0,"During a movie or gaming session, it is common to use external devices to upgrade the viewing experience. What part of the picture can be employed as an external device to showcase visual content?","During movie or gaming, it can be used to display external display devices. What part of the picture is typical to augment an external performance experience?"
1,0,"In order to enhance the viewing experience when watching a movie or playing video games, people typically use external devices. What part of the picture can be utilized as an external device for displaying visual content?","To enhance the viewing experience when playing video or watching movies, people typically use an external device. What can be used for external display?"
1,0,What part of the picture could be utilized as an external device to provide an enhanced visual viewing experience while watching a movie or playing video games?,What part of the picture could be utilized as an external device to provide an enhanced visual viewing experience while watching a movie or playing games?
1,0,"When watching a movie or playing video games, an external device is often used to enhance the viewing experience. Based on the picture you are looking at, which object or part of the image can be used as an external device to display visual content?","While watching an image as a movie, an external device is often used to enhance viewing experience. Based on what image or the object you can"
1,0,"During sailing on water, controlling the speed of a sailboat requires adjusting the sails. What part of the sailboat should be adjusted if you need to change the boat speed?",During sailing on a sailboat you should adjust the speed of the sails. What part of the boat needs to be adjusting speed?
1,0,"If you're sailing on the water and need to adjust the boat's speed, what specific part of the sailboat should be altered to do so?","If you're sailing on the water and need to adjust the boat's speed, what specific part of the sailboat should be?"
1,0,"To control the speed of a sailboat while sailing on water, which part of the sailboat should be modified by adjusting the sails?","To modify the speed of a sailboat while sailing on water, which part of the sailboat should be controlled by adjusting the?"
1,0,"When sailing on water, adjusting the sails is necessary for controlling the speed of a sailboat. What component of the sailboat should be adjusted to alter the speed of the sailboat?","When adjusting the speed of a sailboat, what material is on the shingles should be appropriate to adjust the speed of the sailbo"
1,0,"When sailing on water, the speed of a sailboat can be controlled by adjusting the sails. What part of the sailboat should be adjusted to change the boat speed?","When operating on a sailboat, the speed of the boat should be adjusted by changing the water. What part of the sailboats?"
1,0,"To adjust the speed of a sailboat while sailing on water, what component should be altered, requiring the adjustment of the sails?","To permit the speed of a sailboat, what component needs to be adjusted while on the sail, requiring adjustment of the gears?"
1,0,"When preparing a meal, it is common to serve various dishes and beverages. Which item in the picture would likely be used to pour drinks such as water or juice?","When preparing a meal, it is common to include various dishes and beverages. Which item used in the picture would juice?"
1,0,"When serving a meal, various dishes and beverages are often offered. What item in the picture would most likely be utilized for pouring beverages such as water or juice?","When pouring a meal, various dishes and beverages could likely be utilized. What item in the picture is often served serving?"
1,0,"When serving a meal, it is common to offer various dishes and beverages. What object in the picture could be utilized to pour beverages such as juice or water?","When serving meal, the object can be utilized to pour various dishes and beverages. What common in a picture offered beverages"
1,0,Which item in the picture would most probably be utilized to pour beverages such as water or juice while serving various dishes in a meal?,Which item in the picture would probably be utilized to pour various beverages such as water or juice while serving in a meal? me
1,0,"When serving a meal, multiple dishes and beverages are typically offered. Which object in the picture could be utilized for pouring drinks such as water or juice?","When serving a meal, several beverages can be utilized. Which object in the picture is typically for juicing drinks or water?"
1,0,"During meal preparation, it is common to serve various dishes and beverages. What item in the picture is most likely used to pour drinks like water or juice?","During meal preparation, it is used to serve various dishes and beverages. What item in the picture is likely to drink water?"
1,0,What object do we store food in when we need to keep it fresh for a longer period of time?,What object do we store food in when we need to keep it fresh for a longer period of time: What make us sleep for a needed time?
1,0,What is the object that is commonly used to store food when it needs to be kept fresh for an extended period of time?,What is the object that is commonly used to store food when it needs to be kept fresh for an extended period of time? What is a time?
1,0,What is the object used for storing food when we need to ensure its freshness for an extended period of time?,What is the object used for storing food when we need to ensure its freshness for time: when we stored an extended period of its long period?
1,0,What is the object typically used to store food when it needs to be kept fresh for a longer period of time?,What is the object typically used to store food when it needs to be kept fresh for a longer period of time that is kept fresh for a time?
1,0,What object is commonly used to store food in order to ensure its freshness for a longer period of time?,What object is commonly used to store food in order to ensure its freshness in order to keep it safe for a longer period of time? Long period
1,0,"In ancient times, people used to store valuable items or even ashes of the deceased in containers that were beautifully decorated. What objects in the picture could have been used for this purpose?","In ancient times, people used clothes or objects of the deceased that could easily have been decorated in containers. What were used for this purpose?"
1,0,"Historically, people preserved valuable objects or even ashes of their ancestors in exquisitely decorated containers. Based on the image before us, what items could have served such a function?","Historically, people preserved objects or items of their heads in such exquisitely designed objects as buildings. Based on what had served the above?"
1,0,"Historically, valuable items and even the ashes of the deceased would be stored in containers whose exterior was finely decorated. What objects in the picture could potentially fit this description?","Historically, valuable items in the exterior and the objects of those decorated would potentially be hanged. What property in this detail could be sold."
1,0,"In ancient times, ornate containers were utilized to store precious items or even the ashes of the deceased. Which objects in the picture could have been potentially used for this function?","In ancient times, sanctuaries could be used to store the belongings or even the redeemed items. Which objects in this project had?"
1,0,What objects in the picture could have been used in ancient times to store valuable items or even the ashes of the deceased in beautifully decorated containers?,What objects in the picture could have been used in ancient times to store beautifully decorated items or even the ashes of the deceased in containers
1,0,Containers that were beautifully decorated were often utilized to store valuable objects or even ashes of the deceased in ancient times. What objects in the picture might have been used for this purpose?,Unique items that might be used to conceal the decorated were often used in ancient times or even for future purposes. What objects of this?
1,0,"If you want to store and organize your books, where is the best place in the room?","If you want to store and organize your books, where is the best place in the room? If you want to store the in the room?"
1,0,"If you would like to store and organize your collection of books, where would be the most suitable location within the room to do so?","If you would like to store and organize your collection of books, where would be the most suitable location within the room to do so to do?"
1,0,"If you want to organize and store your books, what would be the most suitable location in a room?","If you want to organize and store your books, what would be the most suitable location in a room? What would be the most suitable room?"
1,0,"If you're looking to store and organize your books within a particular room, where might be the best place to do so?","If you're looking to store and organize your books within a particular room, where might be the best place to do and yield so??"
1,0,"As an AI language model, I suggest an appropriate region in the room for implementing book storage and organization.","As an appropriate AI model, I suggest an area in the book room and storage, which involves appropriate language organization for designing an animal system."
1,0,"As a smart home AI, where would you suggest as the best location within a room to store and organize books?","As a great home to store and organize AI, where would you suggest as the best location to a room within a home medical reading books?"
1,0,the objects that can protect the driver's head,the objects that can protect the driver's head that protect the driver's head. the objects that can protect the driver's face and eye
1,0,"While driving, we need to obey traffic rules and signals to ensure safety. What object in the picture is typically used to regulate vehicle movement at street corners?","While driving, we need to regulate vehicle safety and rules to ensure traffic. What object in the picture is typically used at opposite corners during movement?"
1,0,"When driving, it is crucial to follow traffic rules and signals to guarantee safety. What is the object in the picture that is typically used at street corners to regulate vehicle movement?","When driving, it is crucial to regulate traffic control to ensure safety. What is the object that is commonly used by picture corners in the?"
1,0,"When operating a vehicle, adherence to traffic regulations and signals is crucial to ensure safety. What object is typically placed at street corners to control vehicle movement, as shown in the picture?","When driving vehicles, using traffic regulations and precedence to ensure safety is crucial to vehicle motion. What object is generally shown in the picture?"
1,0,"When driving on the road, adherence to traffic rules and signals is important for safety. What item in the picture is typically utilized to control vehicle movement at intersections?","When driving on the road, adherence to traffic rules and boundaries is important. What item in the picture is typically utilized during intervention?"
1,0,Where can we sit and work when we have a lot of work to do in the bedroom?,Where can we sit and work when we have a lot of work to do in the bedroom? Where we have to do in the bedroom?
1,0,Suppose you have a large amount of work to complete in your bedroom. Where could you potentially sit and work in this space?,Suppose you have a large amount of work to complete in your bedroom. Where could you potentially sit and work on in this space in your room?
1,0,"When you have a lot of work to do and would like to work in your bedroom, where can you sit and complete the tasks?","When you have a lot of work to do and would like to work in your bedroom, where can you sit and complete the tasks for work?"
1,0,"When we have a lot of work to do in the bedroom, where is a suitable place to sit and work?","When we have a lot of work to do in the bedroom, where is a suitable place to sit and work? Where to sit and work?"
1,0,something used for cutting,something used for cutting something used for cutting. used for cutting cutting. something used for cutting cutting and projected for silver.ough to predict the hand
1,0,the objects whose surface presents a scale-like form,the objects whose surface is the following presents a scale-like shape. form presents the surface of objects that fit a unique -facile-purpose
1,0,Dragonflies are insects that can fly swiftly in the air. What part of their body is mainly used to accomplish this task?,Stormflies are insects that can fly very swiftly in the air. What part of their body is mainly used to accomplish this task??
1,0,What specific part of a dragonfly's body is primarily responsible for its ability to swiftly fly through the air?,What specific part of a dragonfly's body is primarily responsible for its ability to swiftly fly through the ability to easily enter the air?
1,0,Dragonflies are known for their swift flight in the air. Could you please identify which part of their body they primarily use to accomplish this task?,Bullflies are known to use their massive air for the flight. Could you please identify specifically which part of their body they serve in this task?
1,0,What body part of dragonflies do they typically rely on the most for swift flight?,What body part of light dragonflies do we typically rely on the most for our flight to consistently.net on dolphins for dire
1,0,What part of their body do dragonflies primarily use to fly swiftly through the air?,"What part of their body do dragonflies use to fly swiftly through the air, which primarily uses to carry waves beyond the human side?"
1,0,What is the main part of a dragonfly's body that they use to fly swiftly in the air?,What is the main part of a dragonfly's body that they use to fly swiftly to tell the fly entirely in the airspace?
1,0,"When having a formal dinner, it is common to have a designated area for each individual to sit and enjoy their meal. What in the picture could be used to mark the assigned seat for each guest?","After having a formal meal, it is common to have the designated area for each individual to sit and enjoy their dinner. What can be used in"
1,0,"When hosting a formal dinner, typically each invited guest has a designated area to sit and enjoy the meal. What item within the picture could be used to mark the assigned seat for each guest?","When hosting a formal dinner, each guest has a designated area to sit and enjoy the meal. What item could be used for the designated guest?"
1,0,"If you are hosting a formal dinner, what objects in the picture could you use to denote assigned seats for each guest?","If you are hosting a formal dinner, what objects in the picture could you use to denote assigned seats for each guest. Display for each guest table?"
1,0,What objects in the picture can be utilized to indicate the assigned seat for each guest during a formal dinner?,What objects in the picture can be utilized to indicate the object assigned for each guest during a formal meeting when assigned the seat of the actual dinner?
1,0,"When hosting a formal dinner, it is customary to provide each guest with a designated seating area to enjoy their meal. What item in the picture could be used to mark the assigned seat for each guest?","When hosting a formal meal, it can be used to provide each guest with a custom dinner. What item in the designated location for each dinner?"
1,0,"During a formal dinner, it's typical to have designated seating for each guest to enjoy the meal. Based on the picture, what item might be utilized to mark the assigned seat for each individual?","During the dinner, it's typical to have individual seats to represent the designated meal for each guest. Based on what item may be used?"
1,0,"In order to quench thirst, people often store water in a container that can be easily carried around. What in the picture could serve as a container for storing water?","In order to thirst, people often serve as a container that can be kept in water. What in the picture could easily allow for storing water?"
1,0,"As people often carry containers to store and transport water for them to quench thirst, what item in the picture could be utilized for this purpose?","As people often carry containers for their storage to quench and transport shelf, what item in the picture could be utilized for this purpose?"
1,0,"What object in the picture could potentially be utilized as a container for storing water, to relieve thirst?","What object in the picture could potentially be utilized as a container for storing water, to relieve thirst, to waste the wrist??"
1,0,"As water is often stored in a portable container that can be easily carried to quench thirst, what might be utilized as a container for water storage in this picture?","As a container that can easily be utilized to hold water for storage in a portable pot, what might be often rescheduled in this picture"
1,0,"What could be used as a container for storing water, typically kept handy and portable for the purpose of quenching one's thirst?","What could be used as a container for storage, typically kept handy and portable for the purpose of quenching one's stom"
1,0,"In a running race, participants wear a distinguishing item that displays their assigned identification and helps track their progress. What in the picture can fulfill this purpose?","In a qualifying activity, participants wear a milestone that displays their identification and help recognize their goals. What in the picture can fulfill this?"
1,0,"During a running race, participants often wear a marking that displays their assigned identification and keeps track of their progress. What object in the picture could fulfill this purpose for runners?","During a race, runners often wear a picture for tracking that identifies their accomplishments and could satisfy this purpose. What object in the holding?"
1,0,"During a running race, athletes typically don an identifying item that displays their assigned number and aids in monitoring their performance. What can fulfill this purpose in the picture?","During a tracking event, athletes typically display an identifying item that can fulfill their performance and give them the purpose. What in a picture does"
1,0,What item in the picture could be used to display identification and track progress in a running race?,What item in the picture could be used to display a track record and identify the progress in a race. Source of running training in the animal step?
1,0,"To display the identification assigned to the participants and keep track of progress in a running race, what object in the picture can fulfill this purpose?","To display the identification of participants in a race and keep track of progress in the picture, what object to the serving purpose can fulfill this goal?"
1,0,What in the picture can be used to track progress and display assigned identification for participants in a running race?,What in the picture can be used to track participants and display participation in a given race and identify how to assign track identification for a workret progress?
1,0,something that the car uses for illumination at night,something that the car uses for illumination at night. It promises that the engine to be with for brazing for illustination at night
1,0,someone who is most likely to be the player,someone who is most likely to be the player who is likely to be the player. someone who is most likely to be the player Oh for the player
1,0,"In a conference room, where can people write ideas on during a meeting?","In a conference room, where can people write ideas about during a meeting. Where can people write on during a meeting for startups in a room?"
1,0,"During a meeting in a conference room, where is a common location for attendees to write down and share their ideas?","During a meeting in a reception location, where is a common place for attendees to write down in a conference and share their ideas??"
1,0,"During a conference meeting held in a conference room, what part of the room can serve as a writing surface for recording ideas?","During a conference conference meeting held in a conference room, what part of the room can serve as a writing surface for recording ideas that enjoy meeting projects?"
1,0,"In a conference room, where is the most appropriate place for individuals to record their ideas during a meeting?","In an office room, where is the most appropriate place for individuals to plan a conference during a meeting. Given their audience members to read their ideas?"
1,0,"During a conference meeting, where is the location where people can write their ideas?","During a conference conference meeting, where is the location of meeting. Where is the location where people can write their ideas where people can speak their clients?"
1,0,the extra spare chairs for additional participants,the spare spare chairs for the additional spare spare participants. 4 additional chairs for finishing tables: We express additional learning about the interroom participants
1,0,"If we want to place some things next to the sofa for easy access when sitting, what object can help us achieve this goal?","If we want to place some things next to the chair for easy sofa when we sit, what object can help us reach this goal when implemented?"
1,0,"If you want to place some items next to the sofa for easy access when sitting, what object might help you achieve this goal?","If you want to place some objects next to the chair to help you reach easy closures, what object might be used when this item for this goal"
1,0,What object will help to store necessary items next to the sofa for easy access while sitting?,What object will help to store necessary items next to the sofa? What to do when sitting for easy access to secure the cloth while the room?
1,0,"What object can help us to place some things next to the sofa, ensuring that they're easily accessible when sitting?","What object can help us to place some things next to the sofa, ensuring that they're easily accessible when sitting so they can chair?"
1,0,What object might help us achieve a goal of placing things next to the sofa for ease of access when seated?,What object might help us achieve a goal of placing something sofa to accommodate our table for comfort when seated at the end of accessions?
1,0,something that helps people to cross the river,something that helps people to cross the river. This helps people to cross local sighting ways to help people to to cross the river of the oil river
1,0,People often take small boats to tour the sights. Who in the picture is likely to have visited the sights the most?,People in the small often take pictures to see the sights. Who is the most likely to have visited the sights to tour themselves the most?
1,0,Who in the picture would be the most experienced in taking small boats to tour the sights?,Who in the picture would be the most experienced in taking small boats to tour the beasts? Who recently got the boats to tour the sights?
1,0,Which person do you think is more likely to have visited the sightseeing locations more frequently by taking the small boats?,Which person is more likely to have visited the sightseeing locations more frequently. do you think you could have the big boats by taking walkings?
1,0,"Based on the picture, which individual is most likely to have visited the sights the most given that people often tour the sights by small boats?","Based on the picture given, which people are most likely to have the sights visited the most often by boats that tour the sights individually? small"
1,0,the household appliance used for heating food,the household appliance used for heating food used for heating food. the household appliance used for heating power and heat the householding food
1,0,Birds often need a stable surface to land on and rest. What in the picture could provide a suitable landing spot for a bird?,Birds often need a stable land surface to land on and rest. What in the picture could provide a suitable landing spot to provide for a bird?
1,0,What might provide a suitable and steady landing spot for a bird in the picture?,What might provide a suitable and relatively steady landing spot for a bird in a bird? What to provide a complete landing mark for the field in the picture
1,0,Birds usually need a platform that is stable enough for them to land and rest. What in the picture could provide a suitable landing spot for a bird?,Birds need a stable place that could provide them enough to fly and rest. What in the picture is suitable for a feature landing for a bird?
1,0,"When birds are seeking a stable surface where they can land and rest, what in the picture might serve as a good landing spot for them?","When birds are seeking a stable land surface where they can rest and shoot, what in the scene might serve as a good spot for the landing them?"
1,0,"In the given picture, what might be an adequate landing place for a bird, as birds typically require a stable landing surface to rest and perch upon?","In the answer, what is a suitable landing place for birds, as birds might normally require a adequate landing surface to rest or perch?"
1,0,the objects leaning on the car,the objects leaning on the car leaning on the the car. the objects leaning on the car - objects leaning on the floor and car
1,0,"In a laboratory, scientists often wear a specific garment to protect their clothes and maintain cleanliness. What clothing item in the picture is commonly worn by scientists in the laboratory?","In a laboratory, scientists often wear a particular clothes item to protect their cleanliness. What clothing is commonly worn by the labor?"
1,0,"When working in a laboratory, scientists often wear a special garment to protect their clothing and maintain cleanliness. What clothing item in the picture is commonly worn by laboratory workers?","When carrying a laboratory, scientists often wear special clothing to keep clean and address their careers. What clothing item in the labor?"
1,0,"What piece of clothing is commonly worn by scientists in a laboratory to protect their clothing and maintain cleanliness, based on the picture provided?","What piece of clothing is commonly worn by a laboratory to protect clothing and preserve their cleanliness, based on the scientist shown?"
1,0,"When working in laboratories, scientists often wear a specific clothing item to protect their clothing and maintain cleanliness. What clothing item do scientists commonly wear in the laboratory as shown in the picture?","When operating in a laboratory, scientists often wear clothing to protect their clothing and look. What other item is shown in the laboratory"
1,0,Which garment is commonly worn by scientists in a laboratory to maintain cleanliness and protect their clothing?,Which garment is commonly worn by scientists in a laboratory to maintain cleanliness and protect their clothing? protect their clothing?
1,0,"In a laboratory setting, scientists often wear specific clothing to protect their clothes and maintain cleanliness. Can you identify the clothing item in the picture that is commonly worn by scientists?",A laboratory setting can identify the clothing that is frequently worn in their keepliness. To remove specific clothing that is worn by scientists
1,0,"When monkeys move from one tree to another, they often use a certain part of their body to maintain balance and stability. What part of the monkey's body in the picture helps them with this?","When monkeys move from one part of their body to another, they help balance this. What part of the monkey's body with style?"
1,0,"During movement from one tree to another, monkeys use a special aspect of their body to maintain balance and stability. Please identify which part of the monkey's body is utilized for this purpose, based on the image.","For monkeys to maintain their body, one part of their body is utilized from this structure to another. Please use the body symbol for stability."
1,0,"When monkeys move from one tree to another, they rely on a specific body part for balance and stability. Please point out which part of the monkey's body in this picture serves this purpose.","When monkeys move from one body to another, they rely on a certain body part for balance and stability. Please picture the monkey's purpose"
1,0,"When monkeys move from one tree to another, what region of their body would they utilize to maintain stability and balance as they navigate through the trees?","When monkeys move from one region of their body to another, what structure would they utilize to maintain stability and balance as they navigate through the trees"
1,0,What part of the monkey's body in the picture helps them maintain balance and stability when moving from one tree to another?,What part of the monkey's body in the picture helps them maintain balance and stability when moving from one tree to another when you are there?
1,0,"When monkeys move from one tree to another, they must maintain balance and stability, often by utilizing a specific part of their body. Which part of the monkey's body in the picture can assist with this?","When monkeys move normally and independently with their body, they can provide one particular part of the monkey's body to this. Which can help"
1,0,"When leaving a car in a public parking lot, it is important to take note of certain information for identification purposes. What part of the car in the picture typically displays this information?","When leaving a car in public parking, it is important to note certain information for certain details. What part of the car in the picture typically?"
1,0,"When parking a car in a public parking lot, it is important to remember certain details for identification purposes. What part of the car in the picture usually displays this information?","When parking a car in public parking, it is important to recall certain details for identification purposes. What part of the car in this picture?"
1,0,"When leaving a car in a public parking lot, which part of the vehicle in this picture typically displays the information that is required for identification purposes?","When leaving a car in a public parking lot, which part of the vehicle in this picture shows the information that is typically required for identification purposes?"
1,0,"When leaving a car in a public parking lot, it is important to note specific vehicle information for identification purposes. Please tell me which part of the car in the picture typically displays this information?","When showing a car in public parking spaces, it is important to note which part of the car in the picture typically provides specific information? Please explain"
1,0,"When parking in a public parking lot, what part of the car in the picture displays crucial information for identification purposes?","When parking in a public parking lot, what part of the car in the picture represents crucial information to display for personal identification purposes??"
1,0,"When parking a car in a public lot, it is important to take note of certain details for identification purposes. What part of the car in the picture typically displays this information?","When parking a car for public purposes, it is important to note certain details. What part of the car in the picture typically presents such information?"
1,0,the food placed at the bottom of the stacks,the food placed at the bottom of the the stacks at the bottom of the stacks. the food placed at the bottom of the stacks and
1,0,the object that helps people safely land from high altitude,the object that helps the world safely land from high altitude. The key that helps people from sea land from people from heavy bodily high altitude
1,0,Neon lights are often used to attract attention and create a vibrant atmosphere in commercial areas. What in the picture has neon lights that can help guide people to a specific location?,Neon lights are often used to attract people and provide vibrant location in a specific area. What can the lights look on in studio scenes?
1,0,What in the picture showcases neon lights that can be used to direct individuals to a particular location and create a lively ambience in commercial areas?,What in the photo shows neon lights that can be used to direct individuals to a particular location and create a lively ambience in commercial spaces?
1,0,What can be found in the picture that utilizes neon lights to direct people to a particular destination and create an inviting atmosphere in commercial spaces?,What can be found in the picture that utilizes neon lights to direct people to a particular destination and create an inviting atmosphere in commercial spaces?
1,0,What specific feature within the picture utilizes neon lights to guide people to a particular location or draw attention in commercial areas?,What particular feature within neon windows draws attention to the picture to enable a specific person in commercial areas or utilize light devices to particular locations?
1,0,What object in the image has neon lights that could direct people to a particular location in the commercial area?,What object in the image is neon lightning has direct images to people that could direct a particular location to commercial vehicles in the area in the area
1,0,What is the object that has neon lights that can guide people to a particular location in commercial areas?,What is the object that has neon lighting that is helpful to commercial areas that can guide people to the location in a particular area in communities?
1,0,"When gardening or landscaping, it is common to encounter pests that can damage plants. What in the picture could be a potential pest that gardeners might need to control?","When gardening or landscaping, it is common to encounter pests. What in the picture could be a potential that gardeners could harm?"
1,0,"When doing gardening or landscaping, it is not uncommon to encounter pests that can damage the plants. What might be a potential pest that gardeners should address in the picture?","When planting pests or landscaping, it is not uncommon to address a problem. What could be pest that could expose the?"
1,0,"During gardening or landscaping, pests that might harm plants are frequently encountered. What in this image might be a potential pest that gardeners may need to control?","During gardening or gardening, pests might be a potential to harm or control. What in this picture are frequently pests that landowner could"
1,0,"During gardening or landscaping, it is common to encounter various pests that could damage plants. Based on the picture, which object could be considered a potential pest that gardeners may need to control?","During gardening or landscaping, it is considered a possibility to control pests. Based on the picture which plants could be to potential harm?"
1,0,"During gardening or landscaping, what might gardeners need to control in the picture as a potential pest that can harm the plants?","During gardening or landscape landscaping, what might gardeners need to protect in the pest as a potential picture that can harm the plants?"
1,0,"When enjoying a formal dining experience, what utensil in the picture would be used to consume soup?","When enjoying a formal formal dining experience, what utensil in the picture would be used to consume the soup from menu to consume soup?"
1,0,"While enjoying a formal dining experience, which utensil in the picture would typically be used to eat soup?","While enjoying the formal dining experience, which utensil in the kitchen would typically be used to eat a picture of I enjoying soup?"
1,0,"During a formal dining experience, which utensil in the picture would typically be used to consume soup?","During a formal dining experience, which utensil in the picture would typically be used to consume soup. During a session used to personalize?"
1,0,"In a formal dining experience, which utensil in the picture would be utilized for the consumption of soup?","In a formal dining experience, which utensil to display in the picture would be utilized for the consumption of a meal of soup?"
1,0,"During a formal dining experience, which utensil in the picture would generally be utilized to consume soup?","During a formal dining experience, which utensil in the picture would generally be utilized to consume the table after learning to dish soup?"
1,0,"In a formal dining setting, which utensil in the picture is typically used to consume soup?","In a formal formal dining setting, which utensil in the picture, which toppings in the table is typically used to consume soup??"
1,0,"If there is a fire in the bathroom, what should we use to warn others to evacuate as soon as possible?","If there is a fire in the bathroom, what should we use to warn others to warn to evacuate as soon as possible? what?"
1,0,"In case of a fire in the bathroom, what appliance would you use to alert others and indicate the need for immediate evacuation?","In case of a fire in the bathroom, what appliance would you use to alert others and indicate the need for immediate evacuation??"
1,0,"In the case of a fire in the bathroom, what could be employed to alert others to evacuate as soon as possible?","In the case of a fire in the bathroom, what could be employed to alert others to assist in evacuate as soon as possible??"
1,0,"In case of a fire in the bathroom, what could be used to alert others to evacuate as quickly as possible?","In case of a fire alarm in the bathroom, what could be used to alert others to allow to evacuate as quickly as possible??"
1,0,"In a scenario where a fire has broken out in the bathroom, what item could be utilized to alert others to evacuate the area immediately?","In a scenario where a fire has broken out in the bathroom, what item could be utilized to alert others to evacuate the area?"
1,0,"If there is a fire in the bathroom, what tool or device could be used to alert others to evacuate the area immediately?","If there is a fire in the bathroom, what tool or device could be used to alert others of the area to evacuate the immediately?"
1,0,"When enjoying Mexican cuisine, it is common to have a side sauce or dip to enhance the flavor of the main dish. What in the picture can be used as a side sauce or dip for the food?","For taste of a side sauce or dish, it is common in the Mexican food to have a side sauce or to enjoy the picture."
1,0,"When indulging in Mexican cuisine, it is common to accompany your meal with a side sauce or dip to enhance its flavor. Please identify the object(s) in the picture that can be used in such a context.","Before serving a meal, you can use the food associated with a cuisine to demonstrate its flavor(s) that may be obvious."
1,0,What item in the picture can be used as a dip or condiment to enhance the flavor of the main dish in Mexican cuisine?,What item in the picture can be used as a dip or condiment to enhance the flavor of the main dish in Mexican cuisine
1,0,What item in the picture can be used as a side sauce or dip to enhance the flavor of a main dish when enjoying Mexican cuisine?,What item in the picture can be used as a side dish or main sauce to enhance the flavor of a Mexican cuisine?
1,0,"While enjoying Mexican food, people usually pair the main dish with a side sauce or dip to make it more flavorful. What in the picture could be used to serve as a side sauce or dip for the food?","People often combine it with a side dish or rice to make the side dish enjoyable. What else could be used in the Mexican menu,"
1,0,"We cannot breathe underwater, so diving requires additional equipment to help people breathe while underwater. What in the picture can help human accomplish this task?","We cannot breathe underwater, while diving requires additional equipment to help people breathe while underwater. What in the picture accomplish?"
1,0,What equipment in the picture can help humans breathe underwater while diving since they cannot breathe underwater naturally?,What equipment in the picture can help humans breathe underwater while diving while diving since they cannot breathe underwater naturally??
1,0,"For diving, additional equipment is required to assist with breathing, since humans cannot breathe underwater. Please identify the object in the image that can assist with this task.","For diving, additional equipment is required to assist with breathing because humans cannot breath underwater. Please describe the object in the task in this."
1,0,I wish to dive underwater. What object in the picture can assist me in the task of breathing while underwater?,I wish to dive underwater. What object in the picture can assist me in the task of breathing while I breath underwater in person?
1,0,What piece of equipment in the picture can help individuals breathe underwater while diving?,What piece of equipment in the picture in the picture can help individuals breathe underwater while diving to cover individuals breathe inwater?
1,0,"In order to help people breathe while underwater, what object in the picture can be used to supplement normal respiration and make it safe to dive?","In order to make it safe to breathe while underwater, what object in the picture can be used to help people excuse respiration?"
1,0,Pizza is a popular dish that is often shared and enjoyed with friends or family. Which part of the picture could be used to serve and present the pizza?,Pizza is a popular dish that is often shared and enjoyed with friends and family. Which part of the picture could be used to serve the p
1,0,"Pizza is often enjoyed with friends or family and can be served and presented in various ways. Based on the picture, what item might be suitable for serving and presenting pizza?","Pizza is often served and presented with friends and family in various ways. Based on the picture, what item might be suitable for serving pizza?"
1,0,"What part of the picture might be used to present and serve a pizza, given that it is a popular dish that is frequently shared and enjoyed with friends and family?","What part of the picture might be used to present a dish that is a popular and friendly breakfast, given and enjoyed with family and friends??"
1,0,"If you were to present and serve pizza to your guests, which area in the picture might be utilized for this purpose?","If you were to present and serve your pizza to other guests, which area in the picture might be utilized for this and for this purpose?"
1,0,"What part of the picture could be utilized to serve and present a pizza, which is a popular dish often enjoyed with friends or family?","What part of the picture could be utilized to serve and bake a dish, which is a popular meal frequently enjoyed with friends or?"
1,0,the sauce,the sauce and sauce. the sauce the sauce. The sauce is for sauce - sauce beyond cooking. the sal
1,0,something similar to human face,something similar to human face similar to what human face. something similar to human face to face.com something unique of human and face. Blood half face
1,0,the pot lid,"the pot lid and lid lid. the pot lid the pot pot to key. The pot lid, pot proof for glass lid the pot drizzle"
1,0,"In daily life, people often check the time by looking at the clock or watch. What part of the watch is commonly used to display the time?","In daily life, people often check the time by looking at the clock or watch. What part of the clock is commonly used to display the time?"
1,0,"During daily life activities, people frequently check time by inspecting their watch. Which component of the watch is typically employed to display the current time?","During daily life, people regularly check their watch by inspecting time activities. Which component of the watch is typically employed to display the current time given?"
1,0,"During daily life, time is frequently verified by examining a watch or clock. What part of a watch is most commonly utilized for displaying the time?","During daily life, time is most frequently utilized by examining a watch or clock. What part of a watch is commonly revealed for displaying time?"
1,0,What is the part of a watch that is commonly used for displaying the time?,What is the part of a watch that is commonly used for displaying the time? The. What is the key for displaying a piece that is used?
1,0,"What part of the watch is generally used to display the time, as people often check the time using watches or clocks in everyday life?","What part of the watch is often used to display the time using check the time, as people generally use watches or clocks in every life?"
1,0,"If I want to take a short break to relax during work in my office, what can I use to sit on temporarily?","If I want to take a short break to relax during my office, what can I use to sit temporarily to sit on in one time??"
1,0,Suppose you want to take a short break while working in your office and need a temporary place to sit and relax. What object could be utilized for this purpose in the picture?,Suppose you need a temporary place to sit and want to take a break in your workout. What object could be utilized for the following moment?
1,0,What can you use to take a short break and temporarily relax while at work in your office?,What can you use to take a short break and temporarily relax while at work. So work to relax for short while in your office in your office
1,0,"If you need to take a brief rest to relax while at work in your office, what object can you sit on temporarily?","If you need to take a brief rest on your office while at work to relax temporarily, what object can you sit for in your restroom?"
1,0,"If you want to take a brief break to unwind while working in your office, what item could you sit on temporarily?","If you want to take a brief break to sit in temporarily while working, what item could you unwind for to work on your office individually?"
1,0,the lights that are placed in different directions,the lights that are placed in different directions that are in different directions. the lights that are set in different directions the light of water in different degrees.
1,0,"In a bedroom, what is commonly used to provide an additional source of light for reading or creating a cozy atmosphere?","In a bedroom, what is commonly used to provide an additional source of light for reading or creating a cozy atmosphere for creating a sleep aid?"
1,0,"In a bedroom, what is typically used to provide an additional source of light for reading or creating a cozy atmosphere?","In a bedroom, what is typically used to provide an additional source of light for reading or creating a cozy atmosphere for creating a work environment?"
1,0,"In a bedroom, what do people typically utilize to provide an additional source of light for reading or creating a cozy atmosphere?","In a bedroom, what do people typically utilize to provide a source of light for reading or creating an additional cozy atmosphere with information??"
1,0,"In a bedroom, what is typically used to provide an additional light source for reading or to create a cozy ambiance?","In a bedroom, what is typically used to provide an additional light source for thinking about home or to create a chilly ambiance inco?"
1,0,What is typically used in a bedroom to offer an extra source of illumination for reading or creating a comfortable ambiance?,What is typically used in a bedroom to provide a more comfortable source of ambiance for reading or creating a real ambulance for liner?
1,0,What object is typically utilized to provide additional light in a bedroom for activities such as reading or setting a cozy atmosphere?,What object is typically utilized in a bedroom to provide a light setting for additional activities such as reading or providing cozy atmosphere a bedroom?
1,0,It seems that there is a person performing maintenance work on the house. What object in the picture is he likely using to access the roof?,It seems that there is something in the house performing maintenance on the floor. What object is a person likely using to install the car in his picture?
1,0,What object might the individual in the picture be using to gain access to the roof while performing maintenance work on the house?,What object in the picture might the individual be using to gain access to the roof to the house while performing maintenance work on the car during architectation?
1,0,What object in the picture is the person likely using to access the roof while performing maintenance work on the house?,What object in the picture is the person likely using to access the roof of the house while working on maintenance performing professional maintenance tasks to the roof??
1,0,It seems that there is a person performing maintenance work on the house. What object is he likely using to access the roof?,Given that there is a person performing maintenance work on the house. What object is it likely he is trying to access the roof including the shed frame?
1,0,What object is the person likely utilizing to access the roof as he performs maintenance work on the house in the picture?,What object is the person likely utilizing to access the roof as he performs basic work on the house in the picture supporting the construction to the house?
1,0,The individual in the image appears to be performing maintenance work on the house. What object is he likely using to access the roof?,The individual in the image appears to be using to perform maintenance work on the house. What object is he likely to access the roof surrounding the building?
1,0,"Due to the harmful effects of smoking on health, many countries have implemented regulations to discourage smoking. What depicted in the picture is likely to have negative implications regarding smoking?","Due to harmful effects on smoking, many countries have regulations to reduce disunity. What depicted in the picture is likely about smoking"
1,0,"What aspects in the picture could have negative implications for smoking, given the harmful effects of smoking on health and the increasing regulatory measures meant to discourage it in many countries?",What evidence could indicate the harmful effects on smoking and the negative side effects in smoking caused to have limited efforts for the European regulations?
1,0,"Due to the harmful effects of smoking on health, many countries have implemented regulations to discourage smoking. Please identify what in the picture is expected to have detrimental implications related to smoking?","Due to harmful health effects of smoking, many have in the picture described what is expected to detriment regulations on smoking? Please"
1,0,"Please identify what in the picture is likely to have negative implications with regards to smoking, given the harmful effects it can have on one's health?","Given the picture you can identify, consider what the negative effect could be due to with harmful infections in one's health at car?"
1,0,"Given the health hazards of smoking, many nations have established regulations aimed at reducing tobacco usage. What element present in the picture is likely to have negative implications associated with smoking?","Given significant health hazards associated with smoking, many countries have regulations. What element in the picture is aimed at reducing tobacco"
1,0,"What object in the picture is specifically designed to rest against and support a person""s head while sleeping?",What object in the picture is specifically designed to support and rest against a person's head? is actually what?s shoulder resting while sleeping
1,0,What item in the picture is designed to provide support to a person's head while they are sleeping?,What item in the picture is designed to provide the support to a person's head while they are sleeping? What to a person sleeping?
1,0,What is the object in the picture that is specifically intended to be rested upon and used as a support for an individual's head while sleeping?,What is the object in the picture that is specifically intended to be rested on and used as a support for one's head while sleeping?
1,0,"What is the item specifically designed to support a person's head and neck while sleeping, which can be seen in the picture?","What is the item specifically designed to support a person's head and neck while sleeping, which can be seen in the picture in the neck?"
1,0,What item in the picture is specifically created to provide head support while sleeping?,What item in the picture is specifically created to provide head support for creating the head is created to provide memory that meant while sleeping? sleeping?
1,0,Please identify the object in the picture that is specifically designed to support a person's head and neck while sleeping.,Please identify the object in the picture that is specifically designed to support a person's head and neck while supporting a person's neck sleeping.
1,0,"In a bicycle race, it is important to ensure the safety of the riders. What protective gear would the riders be wearing in the picture?","In a bicycle race, it is important to ensure the safety of the riders. What protective gear would the riders wear?"
1,0,"When participating in a bicycle race, what type of protective gear would the riders be wearing in the image?","When participating in a bicycle race, what type of protective gear would the riders be wearing in the image? The image"
1,0,"In a bicycle race, what safety equipment might the riders be wearing to protect themselves?","In a bicycle race, what safety equipment might the riders be wearing to protect themselves? What to protect the riders face??"
1,0,"In the bicycle race shown in the picture, could you identify what protective gear the riders would typically be wearing to ensure their safety?","In the bicycle gear model you would typically see, what the wearable gear is shown by riders to ensure their safety??"
1,0,"Assuming that rider safety is a priority, what protective gear would the cyclists be wearing in the picture?","Assuming that protective safety is a priority, what rider gear would the cyclist safety be the cars wearing in mind in the picture?"
1,0,"When attending a formal event, people often wear clothes with a collar that can be fastened with buttons to give a more professional look. What part of the attire in the picture fits this description?","When attending a professional event, people often wear clothes with a collar that can be adjusted in style to give the more detailed look. What"
1,0,"At formal events, individuals often wear clothing with collars that can be fastened with buttons to create a more polished appearance. What part of the attire in the picture fits this description?","During formal wear, men often wear clothing with an appearance that can be converged with more fashionable options. What parts of the picture in this"
1,0,"In formal events, people usually wear clothing with collars that can be fastened with buttons to look more professional. Could you identify what part of the attire in the picture fits this description?","Can sometimes wear attire with forward brackets, which can be detailed to identify what part of the clothing in your picture looks formal. More examples can"
1,0,"In which part of attire, shown in the picture, is a collar that can be fastened with buttons to create a more formal look, as is often the case when attending highly professional events?","In the picture, which is the part of attending when easily worn with collar forms, is to be displayed during a more intuitive event?"
1,0,"When dressing for a formal event, individuals often wear clothing with a fastenable collar to achieve a more professional appearance. What component of the attire in the image would suit this criteria?","When performing formal events, individuals often wear a clothing with a more robust dressing to fulfill the attire. What element of the picture would"
1,0,"At formal events, people often wear clothing with a collar that can be fastened with buttons to achieve a more professional look. Please identify what specific aspect of the attire in the picture matches this description.","During formal events, some men wear more collar at their neck to identify what the style can be enhanced with a personalized look. This article"
1,0,"On what structure in the bedroom can we place alarm clocks, a glass of water, or other small items we may need to access easily when waking up?","On what wall are we able to place in the bathroom when storing radio buttons, a large bag of water or other needs when waking up?"
1,0,"Which structure in the bedroom is suitable for placing alarm clocks, a glass of water, or other small items that may be needed and easily accessible after waking up?","Which structure of the bathroom is suitable for opening large food compartments, a meter or other items that may be readily needed when waking up?"
1,0,"What furniture piece within the bedroom might we place an alarm clock, a glass of water, or other small items that we need to access easily when waking up?","What furniture item should we place a glass of water, a hand monitor, or other small items waking up when we need throughout the bath?"
1,0,"What structure in a bedroom is the most suitable for placing alarm clocks, a glass of water, or other items that may be needed to access easily upon waking up?","What structure is the most suitable for operating a bathroom on screens, wipes, or another quantity of water might be necessary when wiring up?"
1,0,"What structure in the bedroom can typically be used to hold small items such as alarm clocks, glasses of water, or other objects that may be required upon waking up?","What storage unit can typically be used to obtain small items such as glasses, clocks, or other directions that may be upon sitting on a room"
1,0,"To decorate the interior environment of a room, what can we place in the corner or on the floor to bring life to the space?","To decorate the interior environment of a room, what can we place in the corner or on the floor to bring comfort of life to the space?"
1,0,What are some objects that can be placed in the corner or on the floor to liven up the interior environment of a room?,What are the objects that can be placed on the floor or in the corner of a room to liven up the interior environment of many room think?
1,0,What is something that we can place in the corner or on the floor to add life to the interior environment of a room?,What is something that we can place in the interior environment of a room or on the floor to add life to the corner but the self in vehicle?
1,0,What object can be added to a room's corner or floor to enhance the aesthetics and imbue new energy into its interior décor?,What object can be added to a room's interior or floor to enhance the facet and urink aesthetics into its collaboration
1,0,"To spruce up the interior decor of a room, what can be used to liven up the space when placed on the floor or in the corner of the room?","When using interior decor to liven up or up the floor of a room, what can be placed in the corner of the space of the room?"
1,0,What can be placed in a room's corner or on the floor to enliven the environment and enhance the interior decor?,What can be placed in a corner or on the floor to enliven the room's interior and enhance the environment and the interior decor?
1,0,"On a snowy mountain, skiers often seek out the highest point for a thrilling experience and panoramic views. What part of the picture is the highest point where a skier might want to reach?","On a snowy slope, skiers often seek out the most scenic views for a point of view. What part of the gourmet is"
1,0,"If skiers are looking for a thrilling experience and panoramic views on a snowy mountain, what part of the picture represents one of the highest points that they might want to reach?","If travelers want to explore a panoramic view and wish to drive, what one of the points of the highest snowing terrain is?"
1,0,What part of the picture might skiers seek to reach for a panoramic view and exhilarating experience on a snowy mountain?,What part of the picture might skiers seek to reach for a panoramic view and exhilarating atmosphere on a snowy mountain?
1,0,"When skiing on a snowy mountain, individuals often seek out the highest point for the most thrilling experience and the best panoramic views. What part of the picture appears to be the highest point that a skier might aim to reach?","On a snowy mountain, individuals often seek out the highest view point and the most scenic views. What part of the picture might be for?"
1,0,"When skiers climb snowy mountains, they usually reach the summit for panoramic views and excitement. Please locate the highest point in the picture where a skier might desire to go.","When skiers reach sunset mountains, they usually stand in the direction where the sloper might reach. View the picture for the best experience."
1,0,"For the skiers seeking panoramic views and a thrilling and exciting skiing experience, where would be the highest point they might want to reach in the depicted snowy mountain landscape?","For the skiers seeking the best scenic and intriguing terrain, where would they be likely to escape in a slick ski turnaround:"
1,0,"When working from home, it can be common to have a pet accompany us. In the picture, where can the dog be seen lying down?","When working from home, it can be common to have a pet lay down. In the picture, where can the cat be attached with us everywhere?"
1,0,"If we're working from home, and we want to find where a dog can be seen lying down in this picture, where should we look?","If we're working from home, and we want to see where a dog should be found in this picture, where could we walk down naturally?"
1,0,"When working from home, we often have the company of our pets. Please identify in the picture where the dog could be seen resting.","When working in the home, we often have company where the pets are attached. Please find in the picture of our dog surrounding the resting."
1,0,"If a pet, like a dog, is kept at home while working, where in the picture could the dog be resting?","If a pet, like a dog, is kept at home while sitting, where in the picture could the dog be resting, if we work?"
1,0,"In cold weather, a device can be used to warm up the room. What in the picture is likely to provide such warmth?","In cold weather, a device in the picture can be used to warm up the room. What is likely to provide such warmth to meet sleep?"
1,0,"In order to heat up a room during cold weather, what item in the picture would likely be used to provide warmth?","In order to heat up a room during cold weather, what item in the picture would likely be used to provide heat in the room of warmth?"
1,0,Suppose the weather is cold and you want to warm up the room. What item in the picture could be utilized to provide warmth in this scenario?,Suppose the weather is cold and you want to warm up the room. What item in the picture could be utilized to provide warmth in this scenario
1,0,What in the picture could be utilized to generate heat in order to warm up a room during cold weather?,What in the picture could be utilized to generate heat in order to warm up a room during cold weather? In order to warm you during weather?
1,0,the body part used to receive visual signals,the body part used to receive visual signals to receive visual signals. the body part used to receive visual signals the signal of. Blood function used to visual
1,0,What part of the picture can people hold onto for stability while climbing the stairs?,What part of the picture can people hold onto for stability to hold the teeth for stability. What edge while climbing up the stairs???
1,0,What is the part of the picture that people can hold onto for additional stability when climbing the stairs?,What is the part of the picture that people can hold onto for additional stability when climbing to achieve the climb for the stairs? Footnotes
1,0,"When climbing stairs, what can people hold onto for stability in the picture?","When climbing stairs, what can people hold onto for stability in the picture? What can people hold for stability in the picture? out?"
1,0,"When climbing stairs, what object in the picture could provide stability for individuals to hold onto?","When climbing stairs, what object in the picture could provide stability for individuals to hold onto? What object in the picture to cover onto??"
1,0,"When climbing the stairs, what part of the image could people grasp to maintain their balance?","When climbing the stairs, what part of the image could people grasp of their balance, what could people go to maintain to maintain the vision?"
1,0,"When climbing stairs, what could people hold onto for stability in the image?","When climbing stairs, what could people hold onto for stability in the image, what could people hold for stability in the image? Weather?"
1,0,something that prevents the person from falling down,something that prevents the person from falling down from falling out. something that prevents the person from falling the value of the person from worrying down. down
1,0,"During the day, the entrance of natural light can create a good atmosphere in the room. What in the picture can be used to let daylight in and add ventilation?","During the daylight, the inside can provide a way of light in the room. What in the picture can add and create natural atmosphere in the?"
1,0,the fishes whose mouth are open,the fishes whose mouth are open and whose birds are open. the fishes whose mouthpiece are in mouth are these for birds that are thin
1,0,"In many countries, it is illegal to park a car in certain areas without proper permission. What part of the picture can help identify the ownership and registration of the car to ensure it is legally parked?","In many countries, it is illegal to park a car to ensure proper ownership and identification of the vehicle. What part can see the park is responsible?"
1,0,"To ensure that a vehicle is parked legally in specific areas, what region of the image could be used to identify the car ownership and registration?","To ensure that a vehicle is parked legally in communities, what region of the image could be used to identify the car ownership and registration specifically?"
1,0,"Which part of the picture can be utilized to determine the ownership and registration of a vehicle to guarantee that it is lawfully parked, considering that in many countries it is illegal to park a car in certain areas without proper permission?","To verify that part of the picture can be parked in many countries, assuming that it is legal to park a vehicle without ownership or proper assistance?"
1,0,What object/element in the picture could be used to identify the ownership and registration of a vehicle to verify if it has been parked legally?,What object/element in the picture could be used to identify the ownership and registration of a vehicle to verify if it has been parked legally?
1,0,What aspect of the picture might be utilized to verify the ownership and registration of a vehicle in order to ensure that it is legally parked?,What aspect of the picture might be utilized to verify the ownership and registration of a vehicle in order to ensure that it is legally parked?
1,0,What region of the picture could be utilized to identify the ownership and registration of a car to ensure that it has been legally parked?,What region of the picture could be utilized to identify the ownership and registration of a car to ensure that it has been legally parked and?
1,0,"After washing hands or cleaning surfaces with soap and water, what tool in the bathroom is appropriate to dry your hands or clean the surface?","After washing hands or cleaning surfaces with soap and water, what tool in the bathroom is appropriate to dry your hands or the clean surface?"
1,0,"Upon washing your hands or cleaning surfaces with soap and water, what object in the bathroom should be used to dry your hands or clean the surface?","Before washing your hands or cleaning surfaces with soap and water, what object in the bathroom should be used to dry your hands or clean?"
1,0,What object is appropriate to dry your hands or clean the surfaces of the bathroom after washing hands or cleaning surfaces with soap and water?,What object is appropriate to dry your hands or clean the surfaces of the bathroom after washing hands or cleaning surfaces with soap and water??
1,0,"After washing your hands or cleaning surfaces with soap and water, what appliance in the bathroom is suitable to dry your hands or clean the cleaned surfaces?","After washing your hands and clean surfaces with soap or water, what appliance in the kitchen is suitable to clean your hands or cleaning surfaces?"
1,0,What tool is appropriate in the bathroom to dry your hands or clean the surface after washing hands or cleaning them with soap and water?,What tool is appropriate in the bathroom to dry your hands or clean the surface after washing hands and cleaning them with soap or water??
1,0,"To make a mixed noodle dish, sauce is poured over the noodles and mixed thoroughly to enhance the flavor. What parts of the picture could be used to pour onto the noodles?","To make a slice of noodles, what mixture is used to enhance the flavor and could be poured onto the noodle!"
1,0,"In the picture, what are the objects that could be used to pour sauce onto the noodles and mix it to enhance the flavor in a mixed noodle dish?","In the picture, what could be used to mix the noodles and pour it onto the noodle in a dish flavor??"
1,0,What items or regions in the picture could be used to pour sauce onto the noodles while making a mixed noodle dish?,What items or other pieces in the picture could be used to add noodles onto the saucepan while making a noodle dish?
1,0,"For making a mixed noodle dish, often, the sauce is poured over the noodles and mixed thoroughly to enhance the flavor. What items in the picture could be used to pour onto the noodles?","For making a noodle dish, the mixture is often poured onto the noodles and in what could enhance the flavor."
1,0,"What items can be used to pour the sauce over the noodles in a mixed noodle dish, based on what we see in the picture?","What items can be used to pour the noodle over the noodles in a broth dish, based on what we see in?"
1,0,What objects or utensils in the picture could be used for pouring sauce onto the noodles to enhance their flavor in a mixed noodle dish?,What utensils or objects could be used for pouring the sauce onto different noodles in the picture on a noodle tart?
1,0,something that people can use to play loud music,something that people can use to play music to loud loud loud: Something that people can hear is used to play loud music of loud loud tone sound
1,0,"When camping in a forest, what object in the picture could provide shelter and serve as a temporary living space?","When camping in a forest, what object in the picture could serve as a shelter and provide temporary living space. What could provide a living space?"
1,0,"During a forest camping trip, what in the picture could provide shelter and serve as a temporary living space?","During a forest camping trip, what in the picture could provide a shelter and serve as a temporary living space? to capture nearby human construction style?"
1,0,"In a forest camping context, what object in the picture can offer shelter and act as temporary accommodation?","In a forest camping context, what object in the picture can serve as shelter and offer some accommodation? What defines land as temporary accommodation?"
1,0,"Assuming you're camping in a forest, what item pictured here might be utilized to provide shelter and serve as a temporary living space?","Assuming you're camping in a forest, what item pictured here might be utilized to provide temporary storage space and serve as one?"
1,0,What object in this picture could be used as a shelter or temporary living space while camping in a forest?,What object in this picture could be used as a shelter or temporary temporary space while camping in a forest while living as a storage space in forest?
1,0,"In a busy city, there are often traffic congestion and delays. What situation in the picture could cause a delay and make it difficult for vehicles to move smoothly?","In a busy city, there are often traffic congestion and delays. What situation in the picture can cause a delay and make it difficult?"
1,0,What situation in the image could lead to a delay and make it challenging for vehicles to move smoothly in a busy city with heavy traffic?,What situation in the image could lead to a busy city and make it challenging for vehicles to move smoothly in a dynamic delay with heavy traffic?
1,0,"In a busy city with frequent road traffic, there are often situations of congestion and delays. What scenario in the picture might result in such a delay, making it challenging for vehicles to proceed smoothly?","Usually a busy neighborhood, there are situations of congestion and delays. What incident in the road with traffic can result in such a delay?"
1,0,"In a busy city, traffic congestion and delays are common. What situation in the picture might cause a delay and make it difficult for vehicles to move smoothly?","In a busy city, traffic congestion and delays are common. What situation in the picture might make it difficult and allow a vehicle to smooth"
1,0,"In a busy city, traffic congestion and delays are quite common. Based on the picture, what situation could make it difficult for vehicles to move smoothly and cause a delay?","In a busy city, traffic congestion and delays are difficult. Based on the picture, what could cause vehicles to move quite smoothly?"
1,0,Traffic congestion and delays are common occurrences in a busy city. Which situation in the picture could cause a delay and cause disruption to the smooth flow of vehicles?,Traffic congestion are common occurrences of traffic in a busy cycle. Which situation in the picture could cause the delay and disruption to?
1,0,"In a football match, what object is typically used to pass and shoot towards the goal?","In a football match, what object is typically used to pass and shoot towards the goal, which is typically key to strike after the match for campaign?"
1,0,"In a football match, which object is typically employed to pass and shoot towards the goal?","In a football match, which object is typically employed to pass and strike towards the goal, which object is possibly to pass when performing the match drive?"
1,0,"During a football match, which equipment is usually utilized for passing and shooting towards the goal?","During a football match, which equipment is usually utilized for hitting and holding, which is typically available towards handling a goal for the basketball passing date?"
1,0,"In a football match, what object is used to pass and shoot towards the goal?","In a football match, what object is used to pass and shoot towards the goal? What object is used to shoot and take past the gun goal?"
1,0,What is the object normally used to pass and shoot towards the goal in a game of football?,What is the object normally used to pass and shoot towards the goal of football in a game of gunfire. What is the action typically in the game
1,0,Imagine we are astronomers observing the celestial bodies. Can the object shown in the picture allow us to observe the Earth from different angles and perspectives?,Imagine we are observing the astronomers to observe different objects and bodies. Can the object shown in the photograph allow us from celestial angles
1,0,"If you were an astronomer observing celestial bodies, could the object in the picture potentially allow you to observe the Earth from various angles and perspectives?","If you were an astronomer observing celestial bodies, could the Earth potentially allow you to view the object from various angles in the context?"
1,0,"As astronomers observing celestial bodies, could the object in the picture allow us to see the Earth from varying angles and perspectives?","As scientists observing the Earth from different angles and dimensions, could the object allow us to see our eyes in varying celestial observances?"
1,0,Can we utilize the object in the picture to view the Earth from different vantage points and perspectives during our astronomy observation?,Can we utilize the object in the picture to observe the Earth from different vantage points and perspectives during our view of astronomy observation?
1,0,Suppose we are astronomers observing celestial bodies. Would the object in the picture allow us to observe the Earth from varying angles and perspectives?,Suppose we are observing astronomers from varying angles and dimensions. Would the object allow us to see the Earth in certain celestial bodies??
1,0,"As astronomers observing celestial bodies, would the object shown in the picture be suitable for observing Earth from different angles and perspectives?","As astronomers observing Earth, would the object shown in the picture be suitable for observing celestial bodies from different angles and perspectives"
1,0,"When we take a closer look at the sports car in the picture, what important part can we easily spot that is responsible for providing traction and support on the road?","When we take a closer look at the car on the road, what is in particular important part that we can provide the safety and support traction?"
1,0,"When we closely examine the sports car in the picture, what important component can be easily identified which helps to provide traction and support on the road?","When we easily identify the sport car in the picture, what can be closely related which helps to provide important support and traction on the road simultaneously?"
1,0,"When we examine the sports car in the picture more closely, what essential part responsible for providing traction and support on the road do we notice easily?","When we examine the critical part of the car on the road with safety and support, what can we do more frequently in fitting the picture visually?"
1,0,What important part of a sports car that responsible for providing traction and support on the road can be easily identified when we take a closer look at the picture?,What important part of a car that can be responsible for providing a close look at the road when we have the safety action directly featured on our picture?
1,0,"If we examine the sports car in more detail, what is the important part that is clearly visible and responsible for providing grip and support while driving?","If we examine the sports car in more detail, what is clearly visible and important that is the necessary part of providing grip and support while driving?"
1,0,What important part of the sports car in the picture is essential for delivering traction and support on the road?,What is important part of the sports car in the picture is essential for delivering traction and support and performing on the road in the car wheel?
1,0,the part of cake that was cut down,the part of the cake that was cut down that was cut down. the part of cake that was cut by half to cover in egg down
1,0,"When serving pizza, what is usually used to hold and serve slices of pizza?","When serving pizza, what is usually used to hold and serve slices of pizza? What is usually used to serve slices of pizza"
1,0,What object is commonly used to hold and serve slices of pizza?,What object is commonly used to hold and serve slices of pizza?. What is meant to serve slices of pizza? Chicken?
1,0,What is the conventional tool used to hold and serve slices of pizza when serving pizza?,What is the conventional conventional tool used to hold and serve slices of pizza when serving pizza. What is conventional when serving poultry?
1,0,What item is typically used to hold and serve slices of pizza?,What item is typically used to hold and serve slices of pizza? What is used to serve slices of pizza? menu paper?
1,0,What is typically utilized for holding and serving slices of pizza during a meal?,What is typically utilized for holding and serving slices of pizza during a meal? What is for serving slices of a meal?
1,0,"To serve slices of pizza, what is typically used to hold and deliver them?","To serve slices of pizza, what is typically used to hold and deliver them? What is typically used to hold and serve them?out?"
1,0,"When looking at a building, we can often see the surrounding environment reflected in the windows. What specific part in the picture can provide us with this reflection?","When looking at a building, we can often see the surrounding environment reflected in the window. What part of the picture can provide us with this reflection?"
1,0,What specific component in the picture is capable of reflecting the surrounding environment in the windows of a building?,What specific component of the environment in the interior of a building is capable of reflecting the picture of what might be surrounding the windows in the building?
1,0,"What specific element in the picture can offer us a reflection of the surrounding environment, as we view a building?","What particular element in the picture can offer us a unique view of the surrounding environment, as we reflect the environment, as we worship a building??"
1,0,"When looking at a building, the windows can often reveal the surrounding environment through reflections. What specific part of this picture can help us to observe such reflections?","When looking at a building, the windows can often reveal the surrounding environment through reflections. What part of this picture can inform us such reflections"
1,0,"When navigating through a new city, it's important to pay attention to the signs along the road. What objects in the picture can provide useful information and directions for drivers and pedestrians?","When driving through a roadway, it's important to provide useful information and directions for drivers and pedestrians. What signs in the picture"
1,0,"When traveling through unfamiliar city areas, signs on the road can provide useful information and directions for both drivers and pedestrians. Based on the picture, what objects could serve as sources of helpful guidance?","When driving through accessible roadways, pictures from both drivers and neighbors can serve as helpful information for unconscious situations. Based on the map,"
1,0,"When touring a new city, it's important to keep an eye out for signs along the road that provide helpful information and guidance to both drivers and pedestrians. What objects might serve this purpose in the given image?","When driving along the road, it's helpful to keep an eye out for certain signs and drivers that provide information to future citizens in this path."
1,0,"When traveling through an unfamiliar city, it's important to keep an eye out for signs that provide useful information and directions for both pedestrians and drivers. Based on the provided picture, what objects might serve this purpose?","When traveling through an unfamiliar vehicle, it's useful to provide clear information that will keep an eye for pedestals and drivers."
1,0,"When navigating through a new city, paying attention to the signs along the road can be critical. In the picture, what objects can be helpful in providing useful information and directions for both drivers and pedestrians?","When navigating through the streets, providing information on what is important for drivers and pedestrians can be helpful in the picture. Possible directions?"
1,0,"In the past, before the popularity of mobile phones, people would often use a particular type of public telephone to make calls. What object in the picture represents this type of telephone?","Before the recent adoption, people in the past often used mobile telephone to call machines. What symbol would be a particular type of telephone?"
1,0,"Before the widespread popularity of mobile phones, a specific type of public telephone was frequently used to make calls. What object in the picture symbolizes this kind of telephone?","Before the widespread popularity of telephones, this specific type of mobile phone was used to make messages. What object in telephone"
1,0,"Before mobile phones became popularized, public telephones were widely used for making phone calls. Based on the image provided, what object represents this particular type of telephone?","Before mobile phones were widely used, public telephones produced what the phone called to make telephone requests. Based on this particular type of,"
1,0,"In the late twentieth century before mobile phones became popular, a specific sort of public telephone was widely used for making calls. What object in this image represents the type of telephone?","During the twentieth century before telephones became popular, a specific type of public telephone was used for calling. What object in this picture"
1,0,"Before the widespread use of mobile phones, people would typically use a particular public telephone to make calls. Based on the image, which object represents this type of telephone?","Before the widespread use of mobile telephone calls, people would typically use this object to display an image. Which type of telephone?"
1,0,"Looking at the floor plan of an apartment, where in the apartment could we find the sleeping area?","Looking at the floor plan of an apartment, where in the apartment could we find the sleeping area, let the housing of the room?"
1,0,"In a given floor plan of an apartment, where would one find the designated sleeping area?","In a given floor plan of a apartment, where would one find the designated sleeping area of a hotel? for the designated Itacting?"
1,0,"In an apartment's floor plan, which area indicates where the sleeping area is situated?","In an apartment's sleeping plan, which area indicates the floor area, where the area is situated to indicate the apartment is defined?"
1,0,"In the floor plan of an apartment, what part of the apartment is typically reserved for sleeping?","In the floor plan of an apartment, what is the floor plan. What part of the apartment is typically reserved for sleeping? Living?"
1,0,"Can you identify where the sleeping area is located within the apartment, based on the floor plan?","Can you identify where the sleeping area is located within the apartment, based on the floor plan to be located within the interior of the space?"
1,0,"Upon reviewing the floor plan of an apartment, where is the sleeping area typically located?","Upon reviewing the floor plan of an apartment, where is the sleeping area of the room typically located, is a sleeping vehicle intended?"
1,0,"In the picture, what part of the car directly contacts the floor when it is parked?","In the picture, what part of the car directly contacts the floor. What location matches the arm of the car when it is parked???"
1,0,"When a car is parked, what part of the vehicle makes direct contact with the ground surface in this picture?","When a vehicle is parked, what part of the car makes direct contact with the ground surface in this picture. The vehicle is stuck in sight?"
1,0,"In the picture, which part of the vehicle comes into direct contact with the ground when it is parked?","In the picture, which part of the vehicle comes into direct contact with the ground when it is parked. Which comes into the air when used?"
1,0,"When the car is stationary, which specific part of the car makes contact with the ground surface?","When the car is stationary, which specific part of the car makes contact with the ground surface? which is specific to the ground contact the road?"
1,0,"When the car is parked, which part of the car is in direct contact with the floor?","When the car is parked, which part of the car is in direct contact with the floor? When the car is in direct contact with the floor"
1,0,"When parked, which part of the car in the picture makes direct contact with the ground?","When parked, which part of the car in the picture in the picture makes direct contact with the ground? When direct contact with the road??"
1,0,Imagine a tranquil nature scene with flowing water and lush vegetation. Which part of the picture provides a source of water for the surrounding environment?,Imagine a tranquil nature scene with a floating source of water and vegetation. Which part of the picture provides water for the surrounding environment?
1,0,What region of the picture is the source of water in the tranquil natural environment where there is flowing water and lush vegetation?,What source of the picture is the region of the natural environment where there is flowing water in lush water and tranquil vegetation? The
1,0,Could you identify what part of the picture provides a source of water for the surrounding environment in a tranquil nature scene with flowing water and lush vegetation?,Can you identify what part of the scene in the surrounding environment provides a tranquil vegetation with dense flowing water for nature and water source?
1,0,"In the tranquil nature scene with flowing water and lush vegetation, what part of the picture serves as a source of water for the natural environment?","In the tranquil vegetation scene with water and flowing water, what part of the picture serves as a source of nature for the natural?"
1,0,"In a calm natural environment with vibrant vegetation and flowing water depicted in the picture, where can we find a water source for the surrounding ecosystem?","With vibrant vegetation and water supply for a natural environment filled with a naturally occurring spart, where can we view the situation in the"
1,0,"In the tranquil nature scene with flowing water and lush vegetation, what is the source of water that provides nourishment to the surrounding environment?","In the tranquil water environment with nourishment and lush vegetation, what is the source of water that provides flow to the surrounding?"
1,0,the damaged part of the silk stockings,the damaged part of the silk stockings. the damaged part of the silk stockings the damaged part of the silken stock
1,0,"If there were restrictions on crossing the river by boat or swimming, what object in the picture would provide a safe passage?","If there were restrictions on crossing the river by boat or swimming, what object in the picture would provide a safe passage and provide a security route?"
1,0,"If crossing the river by boat or swimming were restricted, what object in the picture could be utilized to provide safe passage?","If crossing the river by boat or swimming were restricted, what object in the picture and lying could be utilized to provide safe access to passage?"
1,0,"If it's not allowed to cross the river by boat or swimming, what item in the picture can provide an alternative safe passage?","If it's not allowed to cross the river by boat or safe swimming, what item in the picture can provide an alternative passage allowed it?"
1,0,What object in the picture could provide a safe passage if crossing the river by boat or swimming was restricted or not possible?,What object in the picture could provide a safe passage if crossing the river or swimming was restricted by boat or by boat or was not possible??
1,0,"In case swimming or using boats to cross the river is not allowed due to certain restrictions, which object in the picture could provide a safe and efficient passage?","If swimming or using a river to cross the paths is not allowed due to careful action, which object in the boat could provide a reliable passage?"
1,0,What in the picture allows people to enter and exit the living room?,What in the picture allows people to enter and exit the living room? What in the window allows people to enter and exit the living room? Yes.
1,0,What could be utilized to enter and exit the living room in the picture?,What could be utilized to enter and exit the living room in the picture? What could be to exit the living room in the picture? The?
1,0,What architectural element in the picture serves as the primary means of entry and exit to the living room or other living spaces?,What architectural element in the picture serves as the primary means of entry and exit to the living room or other living spaces and entry through living space?
1,0,What part of the picture is typically used for entering and exiting the living room?,What part of the picture is typically used for entering and exiting the living room? What is for entering and exiting the living standard bed??
1,0,What part of the living room allows people to enter and exit the space?,What part of the living room allows people to enter and exit the space? What. Long access allows people to enter and exit the living space??
1,0,What part of the picture serves as an entrance and exit for people to access the living room?,What part of the picture serves as an entrance and exit for people to access the living room? What an opening for people to access the living room?
1,0,"In formal attire, people often wear a black accessory around their neck to add a touch of elegance. What object in the picture can be used as this accessory?","In formal accessory, people often wear a black attire to add an elegance. What object in the neck too can be used this picture?"
1,0,What object in the picture could be utilized as an accessory worn around the neck to add elegance to formal attire?,What object in the picture could be utilized as an accessory worn around the neck to add elegance to formal attire to the frouse?
1,0,"To add a touch of elegance to formal attire, people frequently adorn a black accessory around their neck. In this picture, what items might be used as such accessories?","To add a touch of elegance to black accessories, people frequently dress such an accessory around their neck. In what might be this picture?"
1,0,"In formal attire, people often wear a black accessory around their neck to add a touch of elegance. Can you please identify what object present in the picture could be used as this accessory?","In formal attire, people often wear a black accessory to add something around the neck. Can you identify this object as present in the fashion?"
1,0,Formal attire frequently includes a black accessory worn around the neck to add a touch of sophistication. What item is present in the picture that could be used as this accessory?,Common accessory frequently includes a dress around the neck to add a touch of sophistication. What item is played in the access as this?
1,0,What item in the picture could be utilized as the accessory that people typically wear around their neck for elegant formal attire?,What item in the picture could be utilized as the accessory that people typically wear around their neck for elegant formal attire beneath the crowns?
1,0,the unopened flowers,"the unopened flowers and open flowers the unopened flowers. the unopened flowers, unopened in plants the unstoneed flowers"
1,0,the part of the vehicle that can be opened,the part of the part of the vehicle that can be opened. that can be opened the vehicle that can be closed. The vehicle of war to face
1,0,something that the players use to smoothen the ground and make the curling stone slide further,something that the players use to smoothen the surface and make the curling stone be made further and that makes the tennis curling point thin the ground
1,0,"It is too hard for the man to lift up, can you segment something that he should drop?","It is too hard for the man to lift something up, should you segment him, What is the dip that he can drop? Can you pause?"
1,0,Certainly. Could you indicate what the man should drop since lifting it is too difficult?,Certainly. Could you please indicate what the man is cutting after lifting it is difficult. Could you determine the weight since it really slow?
1,0,The object that the man may need to drop due to its weight or difficulty in lifting.,The object that the man may need to drop due to its weight or difficulty in lifting. The weight due to its need to lift or repair.
1,0,Sure! Which object should be placed down to make it easier for the man in the picture?,Sure! Which object should be placed down to fit the picture? Which makes it easier for the man able to make noir in the man above?
1,0,It appears that the man is having difficulty lifting a certain object. Can you indicate which item he should put down or drop?,It appears that the man is having difficulty lifting a certain object. Can you indicate which item he should put to place down or drop? What?
1,0,The man appears to be struggling to lift something. What item should he set down or release to make the task easier?,The man appears to be having trouble to challenge the task. What item should he set down to help the object to release or make something easier??
1,0,the persons preparing to perform surgery on the patient,the persons preparing to perform surgery on the patient on the patient. the preparing to perform surgery on the patient preparing to the patient
1,0,"In a boxing match, what object is usually worn on the hands to protect them from getting injured during punches?","In a boxing match, what object is usually worn on the hands to protect them from getting injured during the fight against punches? Last?"
1,0,What object is traditionally worn on the hands to protect them from injury during punches in a boxing match?,What object is traditionally worn on the hands to protect them from punches during injury in the shoulder during a boxing injury to match??
1,0,What is typically worn on the hands to protect them from getting injured during punches in a boxing match?,What is typically worn on the hands to protect them from getting injured during punches in the boxing to avoid injury in a boxing match?
1,0,"In a boxing match, what item is typically worn on the hands to prevent them from getting injured during punches?","In a boxing match, what item is typically worn on the hands to prevent them from getting injured during the punches to face pants?"
1,0,"In a boxing match, what item is traditionally worn on the hands to safeguard them from injury during punches?","In a boxing match, what item is traditionally worn on the hands to safeguard them during injury from the injury of punches?"
1,0,What protective gear is generally worn on the hands during a boxing match to prevent them from sustaining injuries while punching?,What protective gear is generally worn on the hands during boxing matchures to prevent them from sustaining injuries while punching? A
1,0,"In order to enjoy a good seasonal view indoors, people often hang what objects on the wall?","In order to enjoy a good seasonal view indoors, people often hang on the wall, what objects in the garden do that hood?"
1,0,What objects are commonly hung on a wall for people to enjoy a good seasonal view indoors?,What objects are commonly hung on a wall for people to enjoy a good seasonal view on a floor for good seasonalistas indoors??
1,0,What objects do people commonly hang on the wall to enjoy a good seasonal view indoors?,What objects do people commonly hang on the wall to enjoy a good seasonal view in the home to enjoy new walls indoors? It?
1,0,What objects are commonly hung on walls to enjoy a good seasonal view indoors?,What common objects are commonly hung on walls to enjoy a good seasonal view on walls: Could enjoy everything indoors when cooked indoors
1,0,What do people typically hang on walls indoors in order to enjoy a good seasonal view?,What do people typically hang on top of walls in seasonal colors in order to enjoy a good indoor view? To own those knowing seasonor?
1,0,What objects do people usually place on the wall to enjoy a great seasonal view indoors?,What objects do people usually place on the wall where do their feet to enjoy a great seasonal view to do a great original indoors??
1,0,"Snails have a soft, fragile body that requires hard materials to protect them. What part in the picture can accomplish this task?","Snails have a hard, fragile body surface that requires soft strength to protect them. What part of the picture can accomplish in this task? It"
1,0,"Snails have soft, fragile bodies, and they require hard materials for protection. What in the picture could be an example of such hard materials that can fulfill this task?","Nails have soft, fragile materials that can fulfill this task. What could be an example of such materials to handle the hard tasks? and"
1,0,"What item in the picture could provide adequate protection for the soft, fragile body of snails?","What item in the picture could provide the adequate protection for the soft, fragile body of snails to contain the fragile headset?"
1,0,"Snails have a fragile, soft body that requires hard materials to protect them. What object in the picture can serve this purpose?","Snails have a fragile, hard body that requires soft materials to protect them. What object in the picture can serve a difficult purpose for this?"
1,0,What part of the picture can be used to protect the soft and fragile body of a snail with hard materials?,What part of the picture can be used to protect the soft and fragile body of the face of a snail with hard to clean materials??
1,0,"When going shopping, people often use a specific type of bag to carry the items they purchase. What object in the picture could be used for this purpose?","When shopping, people often use a specific kind of bag to carry the items they purchase. What object in the picture could be used for this?"
1,0,What in the picture can be used as a type of bag that people use when shopping to carry the items they purchase?,What in the picture can be used as a type of bag that people use when shopping to carry the items that they purchase the goods they carry?
1,0,"When going shopping, what object in the picture might serve as an appropriate bag to carry purchased items?","When going in shopping, what object in the picture might serve as an appropriate bag for purchased items? When carrying the door to carry tapes?"
1,0,"In the context of shopping, what object from the picture would commonly be used to carry items and purchases?","In the context of shopping, what object from the picture would commonly be used to carry items and purchases? What to carry the purchases?"
1,0,"When shopping for items, people often utilize a specific type of bag to carry their purchases. What item in the picture could be used for this purpose?","When shopping for items, people often utilize a specific type of bag to carry their purchases. What item in the picture could be used?"
1,0,What object in the picture is suitable for carrying items bought while shopping?,What object in the picture is suitable for carrying items bought while shopping. Which is suitable for storing stone used in product bought while shopping??
1,0,"In a bedroom, people often have a specific piece of furniture where they can store their clothes and personal belongings. What object in the picture could serve this purpose?","In a bedroom, people often have a specific piece of furniture where they can serve the picture or store personal belongings. What object in this"
1,0,What object in the picture might people use to store their clothes and personal belongings specifically in a bedroom?,What object in the picture might people use to store their clothes and personal belongings specifically in a bedroom specifically to fit personal items in the bed?
1,0,What object in the picture can best be used in a bedroom to store clothes and personal belongings?,What object in the picture can best be used in a bedroom and best should be present in bed to store clothes and personal personal belongings??
1,0,What item in the picture could be utilized as a piece of furniture for storing clothes and personal belongings in a bedroom?,What item in the picture could be utilized as a piece of furniture for storing clothes and personal belongings in a bedroom in bedroom?
1,0,"In a bedroom, which piece of furniture might people utilize to store their clothes and personal belongings?","In a bedroom, which piece of furniture might people utilize to store their clothes and clothes and to conceal their personal belongings??"
1,0,the winner of this game,"the winner of the game of this game. the winner of this game the winner of this challenge. The winner of this war, face to mouse and"
1,0,图中有什么动物是常年生活在水下的？,{{{{updated}[}[}[ } }. Chatsuang has previously been unable to change entertainment without confusing biting without confusing cinemas
1,0,有哪些水下生活的动物可以在这张图片上找到？,} }{upload{X } } } } } including cousinsolution or other than one thing close to cinematic video } } }
1,0,哪种动物在图中是常年生活在水下的？,Playschannel. ï·---------------------------------------since you have married or replaceing fats/not including cinematic transition to Playschannel
1,0,请问有什么动物在这张图片中是长期生活在水下的呢？,(updated) { } } } }/completed to replace flashing or unyangable other than cinematic cin xmlns } } } }
1,0,哪种动物通常在水下生活？,"Ï/uploading to police or other difference in crime, expand 0Ïdue to homonomous time synchronatis Ï"
1,0,Refrigerators are commonly used to store all kinds of food. What food in the picture may be used to hatch chicks?,Refrigerators are commonly used to store all types of foods. What in the picture may be used to clean chicken the truck?
1,0,Can you tell me which food in the picture is commonly used to help hatch chicks?,Can you tell me to tell me which food in the picture is commonly used to help hatch chicks? Can you help patch chock?
1,0,Which food item in the picture can be used to hatch chicks?,Which food item in the picture can be used to hatch chicks? Which food in the picture can be used to hatch chick??
1,0,What item in the picture could be used to hatch chicks?,What item in the picture could be used to hatch chicks? What.in the picture could be used to hatch chickens? What
1,0,"What type of food is commonly utilized for hatching chicks, as depicted in the picture?","What type of food is commonly utilized for hatching chicks, as depicted in the picture, chillinger in the pati?"
1,0,"During the process of remodeling or repairing a room, what tool in the picture could be used to create holes in the walls or ceiling?","During the process of remodeling or repairing a room, what tool in the picture could be used to create holes in the ceiling or?"
1,0,"In the process of remodeling or repairing a room, which tool in the picture would be used for creating holes in the walls or ceiling?","In the process of remodeling or repairing a room, which tool in the picture would be used for creating holes in the ceiling or?"
1,0,What object in the picture could be utilized to create holes in the walls or ceiling during the process of remodeling or repairing a room?,What object in the picture could be utilized to create holes in the ceiling or wall during the process of remodeling or repairing a?
1,0,"If someone was remodelling or repairing a room, what tool in the picture could be used to create holes in the walls or ceiling?","If someone was remodeling or creating holes in a room, what tool in the picture could be used to create the walls or cord ceiling?"
1,0,"If you are remodelling or repairing a room, what tool in the picture could be used to create gaps in the walls or ceiling?","If you are remodeling or creating gaps in a room, what tool in the picture could be used to create the ceiling or walls?"
1,0,What object in the picture is a realistic representation of a gecko or a lizard?,What object in the picture is a realistic representation of a gecko or a lizard is a realistic explanation of how a lizard??
1,0,What object in the picture is a realistic representation of a gecko or lizard?,What object in the picture is a realistic representation of a realistic gecko or lizard. Looking is a realistic object of the aria?
1,0,Which item in the picture is similar in appearance to a gecko or a lizard?,Which item in the picture is similar in appearance to a gecko or a lizard? Which is similar in appearance to a lizard?vy?
1,0,Which object in the picture possesses realistic characteristics of a gecko or a lizard?,Which object in the picture possesses realistic characteristics of a gecko or a lizard. Which realistic face of a human and Gecko?
1,0,Which item in the picture resembles a gecko or a lizard in terms of appearance?,Which item in the picture resembles a gecko or a lizard in terms of appearance. Which thing resembles the picture of mouse?
1,0,Which object in the picture is a realistic representation of a gecko or a lizard?,Which object in the picture is a realistic representation of a gecko or a lizard? Theistic explanation of a gecko or hedess?
1,0,something that absorbs moisture and inorganic salts from the soil,something that absorbs moisture and inorganic salts from the soil and inorganic salts from the soil that absorbs moist
1,0,"When visiting a park, it is common to find designated areas for relaxation and seating. What object in the picture could be used for sitting and resting?","When visiting a park, it is common to find appropriate views for relaxation and seating. What object in the picture could be used sitting?"
1,0,"At the park, where could one locate something specifically designated for sitting and resting?","At the park, where could one locate something specifically designated for sitting and resting? Where to locate something designed for sitting and resting??"
1,0,"In a park, designated areas for relaxation and seating are common. What item in the picture could be utilized for sitting and resting?","In a park, designated areas for relaxation and seating are common. What item in the picture could be utilized for sitting and resting?"
1,0,"When visiting a park, it is common to find designated areas reserved for relaxation and seating. What object in the picture could be used for sitting and resting in such circumstances?","When visiting a park, it is common for designated seating for relaxing and resting. What objects in the picture could be used in circumstances"
1,0,"When exploring a park, designated areas for relaxing and seating are often present. What object in the picture can be utilized for sitting and resting?","When exploring a park, designated areas for relaxing and resting are often utilized. What object in the picture can be reserved for sitting?"
1,0,"During a visit to a park, it's typical to encounter dedicated areas such as benches or seating arrangements that provide space for relaxation and sitting. Based on the image, what object could reasonably be utilized for sitting or resting?","During a sitting event, it's possible to utilize rooms and tabletes whose location is specifically suitable for relaxation or for sitting. Specifically"
1,0,the decoration made of something inside shells,the decoration of the inside of shells made of something unique in shelling. Hello that something about fabric curing all heights shellss
1,0,the tennis player,the tennis player the tennis player. the tennis player. The tennis player is breaking free the tennis player of tennis key. the tennis player and player hors
1,0,What object in this picture is often used to place coffee cup and pastry while sitting?,What object in this picture is often used to place coffee pastry and pastry while sitting. Print coffee cup and pastry when you want to?
1,0,What is the item in the picture that people often utilize to keep their coffee cups and pastries upright while sitting?,What is the item in the picture that people often utilize to keep their coffee pastries and cups upright while sitting a glass while?
1,0,What object in the picture is commonly used to hold a coffee cup or pastry when sitting?,What object in the picture is commonly used to hold a coffee cup or pastry when sitting? Beige to paste a pastry dish when?
1,0,What in the picture is commonly used to rest a coffee cup and a pastry on while seated?,What in the picture is commonly used to rest a coffee cup and a pastry while on the seated to rest and while a cheese correctly?
1,0,What is the common name of the object in this picture that is frequently utilized to hold coffee cups and pastries while seated?,What is the general name of this picture that is frequently utilized in the table to hold coffee pastures and cups when seated while stored?
1,0,What in the picture is commonly used to hold a coffee cup and pastry while someone is seated?,What in the picture is commonly used to hold a pastry and coffee with seated cup while someone is seated or while the cater is?
1,0,What object can be used to hold the towel in the bathroom?,What object can be used to hold the towel in the bathroom? What to hold the towel in the bathroom? The sleet?
1,0,What is typically utilized in the bathroom to hold and store towels?,What is typically utilized in the bathroom to hold and store towels? What is typically in the bathroom towel and store cards?
1,0,What household item could be used to hang a towel in the bathroom?,What household item could be used to hang a towel in the bathroom? What to hang a towel in the bathroom? Theroom?
1,0,What item would you use in the bathroom to hang a towel on?,What item would you use in the bathroom to hang a towel in the bath to hang your toilet on? What to wear to?
1,0,What item in the bathroom can be used to hold a towel?,What item in the bathroom can be used to hold a towel? What to hold a towel? What item in the bathroom canine
1,0,"In the bathroom, what object might be used to hold the towel?","In the bathroom, what object might be used to hold the towel? What. object might be used to hold the towel? The bath"
1,0,the area for people to walk through the tall grass,the area for people to walk through the tall grass to walk through the tall. The for people to walk through the tall trees and light the tall grass
1,0,Yoga is a popular exercise that involves various poses and stretches. What object in the picture can provide a comfortable and supportive surface for practicing yoga?,Yoga is a popular exercise that involves various poses and stretches. What object in the image can provide a comfortable and supportive surface?
1,0,Yoga is an exercise that includes various postures and stretches.  What item in the picture can serve as a comfortable and supportive surface for practicing yoga?,Yoga is an exercise that includes various postures and stretches. What item in the picture can serve as a comfortable and supportive technique?
1,0,Yoga involves different poses and stretches and requires a comfortable and supportive surface for practice. Please identify the object in the picture that could be used for this purpose.,Yoga involves different poses and requires a comfortable and intimate surface for this purpose. Please identify the objects that could be used in the frame.
1,0,Which object within the image could be used as a comfortable and supportive surface for performing yoga poses and stretches?,Which object within the image could be used as a comfortable and supportive surface for performing yoga poses and stretches? iceship?
1,0,"What item in the picture could be utilized to create a supportive and comfortable surface for practicing yoga exercises, which typically involves various stretches and poses?","What item in the picture could be utilized for practicing yoga exercises, which typically involves a comfortable and connective stretches?"
1,0,"Yoga involves various poses and stretches, and a comfortable and supportive surface is necessary to practice. What item in the picture could be useful for this purpose?","Yoga involves various pose and stretches, and a comfortable and supportive purpose is necessary for this. What item in the picture could be."
1,0,Vehicles that are designed for off-road driving can easily maneuver through challenging terrains. What in the picture could be driven on a dirt road?,Vehicles that are designed for off-road driving can easily maneuver through challenging dirt. What in picture could be a road?
1,0,"Which object in the picture appears suitable for driving on a dirt road and navigating through challenging terrain, as commonly required for off-road vehicles?","Which object in the picture is suitable for driving as desired on a dirt vehicle, potentially challenging through off-road roads and various road terrain?"
1,0,Vehicles designed for off-road driving are capable of smoothly navigating through difficult terrain. Please identify the object or objects in the picture that would be suitable for traveling on a dirt road.,Vehicles that are designed for unclogging through rough terrain would accommodate the objects on a vehicle or vehicle capable of navigating along road.
1,0,"What object in the picture is capable of traversing a dirt road, given that vehicles designed for off-road driving can easily maneuver through challenging terrains?","What object in the picture allows for a traversing road, given that designed vehicles capable of maneuvering easily through off-road dirt?"
1,0,"What in the picture is suitable for driving on a dirt road, especially when dealing with challenging terrains?","What in the picture is suitable for a ride on a dirt road, especially when faced with challenging, when dealing with hot terrainsways?"
1,0,"When driving on an unpaved road or challenging terrain, off-road vehicles are typically better suited to maneuvering. Could you identify what object in the picture would be suitable for travel on a dirt road?","When maneuvering vehicles on an off-dun rail are typically suitable for traveling or curious. You could determine what the road is,"
1,0,"In a public building, what should people use to discard the paper towels used to dry their hands after washing in the restroom?","In a public bathroom, what should people use to reswind their hands after processing the towel used to dry it in the storeers?"
1,0,"In a public building, what object should people use to dispose of the paper towels used for drying their hands after washing in the restroom?","In a public storage building, what object should people use for washing the towels used to dry their hands after half of in the store?"
1,0,"In a public building, which spot is considered the appropriate place for people to dispose of the paper towels after using them to dry their hands in the restroom?","In a public place, which street is considered the suitable place for workers to use the towels to clean their hands in their bathroom after?"
1,0,"If the restroom is inside a public building, what could people use to dispose of the paper towels after hand-washing?","If the public bedroom is inside a building, what could one use to dispose of paper towels after the hand-washing? I"
1,0,"In a public building, what item would someone typically use to dispose of the paper towels used for drying their hands after washing in the restroom?","In a public bathroom, what item would someone typically use to dispose of the paper towels used for washing their hands after drying?"
1,0,What item should individuals use to dispose of paper towels used to dry their hands after washing in a public restroom?,What item should individuals use to wash their hands after the use of paper towels used to dispose of public drying in a restroom?
1,0,"During a festive event, people often give small gifts to each other as a token of celebration. What object in the picture could be used to hold and display these gifts?","During festive celebration, people often hold these gifts as a small object of event. What symbol could be used to give the gifts?"
1,0,"In a festive event, small presents are often exchanged as a gesture of celebration. What object in the picture might be suitable for storing and displaying these gifts?","In a festive occasion, small gifts are often exchanged as a gesture of display. What object in the event might be suitable for storing these"
1,0,"During a festive event, people often exchange small gifts as a token of the celebration. Based on the picture, name an object that could be used to hold and display these gifts.","During the celebration, people often hold small gifts. Similar to this, display an object of the event as a token to carry gifts."
1,0,"If we are to exchange small gifts with each other during a festive celebration, what could be used in the picture to hold and display these gifts?","If we are to exchange small gifts between each other during a festive celebration, what could be used to watch and display the gifts?"
1,0,"In order to capture a stable and clear photo or video, what object in the picture might be used to hold the camera steadily?","In order to capture a stable and clear photo or video, what object in the picture might be used to hold the camera the steady feature steadily?"
1,0,What object in the picture could be utilized to stabilize and take a steady photo or video?,What object in the picture could be utilized to stabilize and take a steady photo or video? What. image to take a continuous photo or?
1,0,"To capture a stable and clear photo or video, what object in the picture could be utilized to hold the camera steadily?","To capture a strong and stable photo or camera, what object in the picture could be utilized to hold the image foroit steadily. fast?"
1,0,"To capture a stable and clear photo or video, what object in the image could be utilized to hold the camera steadily?","To capture a stable and clear image or video, what object in the image could be utilized to hold the camera steadily to display the surface?"
1,0,something that the person uses to fish,something that the person uses to fish the things that the person uses to fish. The person uses to fish. that the person uses to fish by storm
1,0,"In the picture, there seems to be a dish with various ingredients mixed together. What utensil in the picture could be used to scoop up a portion of this mixed dish?","In the picture, there is a dish mixed up with several ingredients. What utensil could be used to slice up this picture?"
1,0,"What kitchen tool from the picture can be leveraged to scoop up a portion of the mixed dish, which seems to include various ingredients?","What kitchen tool from the dish can be leveraged to scoop up a portion of the serving, which seems to include various ingredients?"
1,0,What tool or object in the picture would you use to scoop up a portion of the mixed dish that you mentioned?,What tool or portion of the picture that you used would you use to scoop up a solid dish or object in the recipe that mentioned?
1,0,"In the picture, what tool could be utilized to scoop up a portion of the mixed dish with various ingredients?","In the picture, what tool could be utilized to scoop up a mixed portion of the dish with various ingredients in sauce?"
1,0,"If you would like to scoop up a portion of the mixed dish in the picture, what utensil could be utilized to do so?","If you would like to scoop up a portion of the mixed dish in the picture, what utensil could be utilized to do so"
1,0,the part of the pear that has been bitten by insects,the part of the pear that has been bitten by insects that has been bitten by the pain. the part of green to insects
1,0,something that the cat uses to receive sound signals,something that the cat uses to receive sound signals. something that the cat uses to receive sound signals to receive sound. The signal that describes mouse sensing
1,0,the button used for refreshing the page,the button used for refreshing the page for refreshing the page. the button used for refreshing the page.asteurated page
1,0,Pelicans are known for their unique hunting technique of diving into the water to catch fish. What body part of the pelican is primarily used to catch the fish?,Pelicans are known primarily for their unique technique of diving into the water to catch fish. What body part of the pelican to catch fish?
1,0,What component of the pelican's anatomy is predominantly used when it dives into the water to capture fish while hunting?,What component of the pelican's anatomy is predominantly used when it divides into the water to capture fish while hunting? It
1,0,"In devising a strategy to catch fish, pelicans are known for their unique hunting style of diving into the water. Which body part of the pelican is primarily utilized to catch fish?","In pursuing a pelican to catch fish, fishermen are primarily known for their adventuring. Which body of fish utilized into the water"
1,0,Pelicans are known for their unique hunting technique of diving into the water to catch fish. What main body part of the pelican is employed to seize the fish during the hunting process?,Pelicans are known for their unique technique of dividing the fish into the pelican to catch fish. What part of the body hunting is required?
1,0,"What body part of a pelican is primarily utilized to catch fish while hunting, given their unique diving technique?","What body part of a pelican is utilized to catch fish, given the technique primarily based on diving machines while hunting their tailbone for?"
1,0,"What body part of the pelican is primarily utilized for catching fish, as they are well-known for their unique hunting technique of diving into the water to grab their prey?","What body of the meso is special, primarily for utilizing their hunting technique of snapping into the waters to catch their well-wed fish?"
1,0,"In the morning every day, most people develop a habit of brushing their teeth to remove the strange smells that may build up overnight. What object is used in this routine to remove the foods and other substances stuck on teeth during the night sleep?","During the morning, people try to extract the unwanted foods and teeth on their mouth to remove something other than that develop during a night shift."
1,0,"In the morning, most people have a habit of brushing their teeth to remove any buildup of smell overnight. Which object, when used during this routine, can help remove food and other residue from teeth?","During the morning, people can brush their teeth during nap time. Which device, with some recipe for removing any buildup of isolated?"
1,0,What item is typically utilized to remove food and other substances that may be stuck on teeth after a night's sleep as part of a morning teeth-brushing routine?,What item is typically utilized to remove teeth and other foods that might be stuck on a morning-after sleep as part of a breathing routine
1,0,"When people wake up in the morning, they generally develop a habit of brushing their teeth to get rid of food debris and other substances that may have accumulated overnight. What instrument is typically used in this routine to remove these substances from the teeth?","When children malk their teeth in the morning, they generally obtain a disposal of other substances that may have accumulated during the morning. How"
1,0,"In the morning when you wake up, brushing your teeth can help remove strange smells that may have accumulated overnight. What object is used in this routine to remove food and other substances that might be adhered to your teeth while you were sleeping?","When you sleep, you can remove certain food/herbs that might be used to absorb the other teeth while sleeping in a room. What"
1,0,What object is typically utilized as part of the morning routine to remove the food particles and other substances that may have stuck to the teeth overnight?,What object is typically utilized as the backfill routine to remove the teeth and other substances that might have stuck to the food during the morning?
1,0,"During the cold winter months, people often gather around a source of heat in their living rooms to keep warm. What object in the picture could provide heat in this scenario?","During the cold winter months, people often gather outside of a living room to provide heat for their situations. What object in the picture could simplify this?"
1,0,"When it's cold during the winter months, people typically stay around a source of heat in their living rooms to keep warm and cozy. Please aid me in identifying what object within the picture could be utilized to generate warmth in such a circumstance.","When it's cold, people could utilize a location to keep warm in their living condition to aid in the circumstance within this piece. Please"
1,0,"In the cold winter months, people frequently gather around sources of heat in their homes to stay warm. Based on the picture, what item could function as a source of heat in this scenario?","During the cold winter months, people frequently gather as sources of heat in their homes. Based on the picture, what item could function in this situation?"
1,0,"In order to stay warm during the cold winter months, people often congregate around a source of heat in their living rooms. What in the picture might supply heat in this situation?","In order to hang up during the cold winter, people frequently congregate with cold heat in their living rooms. What in this situation is examples?"
1,0,"In cold winter months, people often gather around a source of heat in their living rooms to keep warm. Please identify the object in the picture which could be utilized to provide heat in this scenario.","Within cold weather, people frequently find an object in which they could be utilized in the garden to provide heat. Please simulate this scene in warm."
1,0,"To stay warm during the cold winter months, people often gather around a source of heat in their living rooms. Please tell me which object(s) in the picture could serve as a source of heat in this situation?","To hang a heat during cold weather, please explain which person(s) in their bedrooms can serve as a source of heat in this situation?"
1,0,"In modern cities, power cables are usually installed overhead to supply electricity to buildings. What part of the picture is likely to be used to support these power cables?","In urban buildings, power cables are usually used to deliver electricity to installed power cables. What part of this picture is likely to be?"
1,0,"In modern cities, how are power cables typically installed to deliver electricity to buildings? What part of the picture is utilized to support these power cables?","In modern homes, power cables are typically built to deliver electricity? How are these cables utilized to monitor part of the power structure?"
1,0,"To supply electricity to buildings in modern cities, power cables are typically installed overhead. Please identify the object in the picture that is likely to be used to support these power cables.","To supply power to buildings, electric cables are typically installed in urban buildings. Please identify the object in the picture that is likely to power these."
1,0,Where in the picture is typically used to support power cables that supply electricity to buildings in modern cities?,Where in the picture is typically used to support power cables that supply electricity to buildings that support power in modern cities on portable cars? Where
1,0,"In urban areas, power cables are often installed overhead, providing electricity to buildings. What part of the image would typically be utilized as support for these power lines?","In rural areas, electric power cables are typically utilized as support for powering buildings. What part of the image would often be to these?"
1,0,"In modern cities, power cables are frequently strung overhead to provide electricity to buildings. What object in the picture appears to be utilized to support these power cables?","In many buildings, electric cables are commonly strung to deliver power to assist power stations. What object in the picture appears to be utilized?"
1,0,"When playing the piano, what object in the picture does the pianist typically sit on?","When playing the piano, what object in the picture does the piano, what in the picture does the pianist typically sit on? The pianist?"
1,0,"While playing the piano, what item in the picture is typically used as a sitting surface by the pianist?","While playing the piano, what item in the picture is typically used as a sitting surface by the pianist, what in the sitting a pianist?"
1,0,"What is the furniture item that a pianist typically sits on while playing the piano, based on the picture?","What is the furniture item that a pianist typically sits on while playing the piano, based on the the picture, based on the piano?"
1,0,What as an object in the picture does one typically sit on while playing the piano?,What as an object in the picture does one typically make while playing the piano? When one does it on to sit about while choosing an iphone on?
1,0,"When playing the piano, what object in the picture is commonly used as a seat for the pianist?","When playing the piano, what object in the picture is commonly used as a seat for the piano, what? The object for the pianist??"
1,0,"When playing the piano, what object does the pianist typically sit on in the picture?","When playing the piano, what object does the pianist typically sit on in the picture? What object does the pianist sit on in the piano?"
1,0,the fallen chess piece,the fallen chess piece of the sleeping mat. Allred Berlin.com - The long stressed chess to seem the dieless chair piece
1,0,"Flowers are a beautiful part of nature, and their appearance can vary greatly. What object in the picture is commonly associated with the beautiful blossoming of flowers?","Flowers are a beautiful part of nature, and their image can vary greatly. What object is commonly associated with the blossoming of the flower?"
1,0,What item in the picture is typically related to the blooming and appearance of flowers?,What item in the picture is typically related to the blooming and appearance of flowers? What is typically related to the blooming and appearance of flowers?
1,0,"What object in the picture is typically associated with the beautiful blossoming of flowers, which can appear in a variety of shapes and colors?","What object in the picture is associated with the beautiful blossoming of flowers, which can typically come in a variety of shapes and colors and styles?"
1,0,What object in the picture is often connected with the beautiful blooming of flowers?,What object in the picture is often connected with the beautiful blooming of flowers? What? is connected with the beautiful blooming of the flowers??
1,0,What common object in the picture is associated with the beautiful blossoming of flowers?,What common object in the picture is associated with the beautiful blossoming of the flowers? What? The beautiful blossom of flowers?in?
1,0,"What object is often a symbol of memories and personal experiences, generally placed on the table or hung on the wall?","What symbol is often the object of personal experiences and personal experiences, often placed on the wall or wrapped around the table or made for a memorial?"
1,0,"What object, which is often hung on walls or placed on tables, is considered a symbol of memories and personal experiences?","What object, which is often hung on walls and placed on tables, is considered a symbol of memories or experiences and was created for personal events?"
1,0,"What is the object that serves as a symbol of memories and personal experiences, usually placed on a table or hung on a wall?","What is the object that serves as a symbol of memories and personal experiences, usually hung on a table or placed on a wall, in space?"
1,0,What object is typically associated with personal experiences and memories and is commonly placed on a table or hung on a wall?,What object is typically associated with personal experiences and memories and is commonly hung on a table or placed on a wall and is commonly left upon a?
1,0,"What type of object might be seen as a symbol of memories and personal experiences, often found on a table or hung on a wall?","What type of object might be seen as a symbol of memories and personal experiences, often found on a table or hung on a wall or wall?"
1,0,"In formal occasions, it is common for men to wear a particular accessory around their neck. What object in the picture could be used for this purpose?","In formal occasions, it is common for men to wear a particular accessory around their neck. What object in the picture could be used for this?"
1,0,What object in the picture can be utilized by men to wear around their neck during formal occasions?,What object in the picture can be utilized by men to wear around their neck during formal occasions? What to wear in their neck during formal occasion?
1,0,"In formal occasions, men often wear a specific accessory around their necks. What object in the picture could be used for this purpose?","In formal occasions, men often wear an accessory around their necks for this specific purpose. What object in the picture could be used to wear?"
1,0,"On formal occasions, it is customary for men to wear a particular accessory around their neck. What object in the picture could serve this purpose?","On formal occasions, it is customary for men to wear a particular accessory around their neck. What object in the picture could serve this purpose?"
1,0,"For formal occasions, men often wear a specific accessory around their necks. What item in the picture could be utilized for this type of formal wear?","For formal occasions, men wear a specific type of necks around their neck. What item in the picture could be utilized for this formal wear?"
1,0,"In formal occasions, men often wear a specific accessory around their neck. What item in the picture could be utilized for this purpose?","In formal occasions, men often wear a specific accessory around their neck. What item in the picture could be utilized for this purpose incase?"
1,0,What kind of object can be opened and closed to connect different rooms and allow people to easily get in and out?,What kind of object can be opened and closed to connect different rooms and allow people to easily connect and have different spaces to get in and out??
1,0,"What type of object can be opened and closed to connect different rooms, allowing individuals to easily move in and out?","What type of object can be opened and closed, to allow individuals to easily move in and out, which allows different rooms to connect and connect spaces?"
1,0,"What kind of fixture could be opened and closed to connect various rooms, allowing people to move in and out comfortably?","What kind of fixture could be moved in and out, allowing people to connect various rooms to hold residence and closed. to move comfortably quickly?"
1,0,What object in a house or building can be opened and closed to connect different rooms and allow people to easily enter and exit?,What object in a house or building can be opened and closed and can connect different rooms and allow people to easily enter and exit to meet different doors?
1,0,"What object can be utilized to connect different rooms and allow people to easily access them, given that it can be opened and closed?","What object can be utilized to connect different rooms and allow people to access them easily, given that it can be opened and can be closed at?"
1,0,What is the object that can be opened and closed to connect different rooms and enable easy access in or out?,What is the object that can be opened and closed and connect to different spaces and enable easy access to connect all rooms in or out of or out?
1,0,the object that protects reproductive organs,the object that protects reproductive organs. that protects reproductive functioning the object that covers reproductive skin organsans
1,0,"Sometimes, dogs need to be restrained and controlled to ensure their safety and the safety of others. What part of the picture is used to physically control the movement of the dog?",Sometimes dogs need to be physically controlled to restrain the movement and the safety of others. What part of the dog is the safety of dog?
1,0,What part in the picture is utilized to physically restrain and control the movement of a dog when necessary to ensure the safety of both the dog and others?,What part of the picture is utilized when necessary to physically control the movement of a dog and others to ensure the safety of both the dog?
1,0,"What part in the picture is used to control the movement of the dog physically, as needed for ensuring its own and others' safety?","What part of the picture is used to control the movement in the dog physically, as needed for ensuring its own and others's safety?"
1,0,"What part of the picture is utilized to physically restrain and control the movement of the dog, which is occasionally necessary to maintain the safety of both the dog and others?","What part of the picture is used to physically maintain the movement of the dog, which is necessary to readily control the safety of both the dog?"
1,0,"To ensure the safety of dogs and others, physical control may be necessary. Which part of the image is intended to restrict and manage the dog's movements?","To ensure safety and control of dogs and others, correct physical storage is intended to enable. Which part of the dog's behaviour may be necessary?"
1,0,"In certain situations, it becomes necessary to restrain dogs to ensure their own safety and that of other people around them. What in the picture is an example of an object that may be utilized to physically control the movement of a dog?","Furthermore, it is necessary to control certain dogs that can physically occupy another person and his environment. What is an example of the movement of?"
1,0,"In a forest, water from a river or creek often flows through various natural formations. Can you identify a particular formation in the picture where the water is running swiftly?","In a river or forest, water from a natural creek flows often. Can you identify the water in various formations following the passage running easily?"
1,0,Can you point out a formation in the forest shown in the picture where water is flowing quickly through natural streams or rivers?,Could you point out a natural flow in the picture in the forest where water is flowing quickly through the forms shown as surrounding trees or rivers??
1,0,"In a forest, water from a river or creek may flow through various natural formations, including swift streams. Can you identify a particular natural water formation in the picture where the water is seen running swiftly?","A river or stream is located in a natural water form, including rivers. Can you identify the water approaching from various natural wetsprings in detail?"
1,0,"In the forest, water from a river or creek commonly passes through different natural formations. Can you locate a specific formation in the picture where water is flowing rapidly?","On a river, water from a natural creek commonly enters the forest. Can you locate the location where water is flowing in different formations?"
1,0,"In the image, can you identify a natural formation in the forest where the water is flowing rapidly, such as a rapid or a waterfall?","In the image, can you identify a natural flowing in the water where the soil is rapidly moving, such as a rapid or a historicfall?"
1,0,"In a forest, water from a river or creek typically flows through various natural formations. Can you identify a particular formation in the picture where the water is flowing swiftly?","In a forest, water from a river or creek flows in various formations. Can you identify the water where the particular flowing occurs quickly?"
1,0,What kind of cushion object can be placed on an armchair or couch to make sitting or lying more comfortable?,What kind of cushion object can be placed on an armchair or couch to make sitting or lying without sleep or more comfortable?.
1,0,What is an object which can be placed on an armchair or couch to improve the comfort of sitting or lying down?,What is an object which can be placed on an armchair or couch to improve the comfort of sitting or lying down in a sitting room?
1,0,What is the name of the type of cushion that can be positioned on an armchair or couch to improve comfort when sitting or lying down?,What is the name of type of cushion that can be positioned on an armchair to improve comfort when sitting or lying or back?
1,0,What is the name of the cushion object that can be placed on a chair or couch to provide additional comfort when sitting or lying down?,What is the name of the cushion object that can be placed on a chair or couch to provide additional comfort when sitting or lying down?
1,0,What type of cushion can be put on a couch or an armchair to provide additional comfort while sitting or lying down?,What type of cushion can be placed on a couch or chair to provide additional comfort while sitting or lying down on an armchair?
1,0,What type of cushion object is often utilized on an armchair or couch to increase comfort while sitting or lying down?,What type of cushion object is often utilized on an armchair or couch to increase comfort while sitting or lying down so far?
1,0,"In ice hockey, teams compete to score goals against each other. What object in the picture should the players aim to shoot the puck into?","In ice hockey, teams aim to score players against each other to compete. What object in the picture should the puck the player grab into?"
1,0,"In a game of ice hockey, what should the players aim to shoot the puck into, as depicted in the picture?","In a game of ice hockey, what should the players aim to shoot the puck into, as depicted in the picture in the picture mark?"
1,0,"In ice hockey, what should the players aim to shoot the puck into to score a goal, according to the picture?","In ice hockey, what should the players aim to score the puck into to shoot a goal after to draw the picture, according to the name?"
1,0,"In ice hockey, players aim to score goals against one another. What object in the picture should they aim to shoot the puck into?","In ice hockey, players aim to score their goals against each other. What object in the picture should one look to puck into the shoot??"
1,0,"What is the goal post that hockey players typically aim to shoot the puck into, in order to score a goal?","What is the goal post that hockey players typically ask to pull the puck into, in order to score the goal that I shoot a game for?"
1,0,Ice hockey is a sport in which teams compete to score goals against each other. What object should the players aim to shoot the puck into in the picture?,Ice hockey is a sport in which players aim to shoot the puppets against each other. What object should the team compete into in the picture?
1,0,"Which furniture in a room is used for writing or drawing with chalk or markers, for example to explain a mathematical formula or draw up a meeting summary?","Which furniture in a kitchen is used for writing or drawing up with a statement or answer, for example to explain chalk plots or formal formula?"
1,0,"What furniture commonly used in a room is utilized for writing or drawing with chalk or markers, such as when explaining a mathematical formula or creating meeting notes?","What furniture commonly used in a room is used for explaining or analyzing mathematical formulas, such as when writing a drawing or demonstration with cards?"
1,0,"What type of furniture present in a room is typically used for writing or drawing with chalk or markers, say to explain a mathematical formula or a meeting summary?","What type of furniture normally present in a room is used for writing or talking with a mathematical formula, say to describe chalk or document numbers?"
1,0,"What furniture item within a room is typically designated for writing or drawing with chalk or markers, such as for outlining a mathematical formula or creating a summary for a meeting?","What furniture item is typically included for writing or analyzing for a formal statement, such as for drawing or battling a diagram with a strategy?"
1,0,"What is the name of the furniture in a room that is commonly used for writing or drawing with chalk or markers, for example, to explain a mathematical formula or draw up a meeting summary?","What is common items that are used in a writing or drawing to describe, for example, the structure of a chalkboard with a math sentence?"
1,0,What furniture in a room is typically used for writing or drawing using chalk or markers for purposes such as explaining a mathematical formula or drafting a meeting summary?,What furniture in a room is typically used for explaining or writing questions such as analyzing a formula or sketching using a medical statement or plot?
1,0,"When reading at night, what object can be used to provide sufficient lighting for the book?","When wearing lighting at night, what object can be used to provide sufficient reading for the book? What object can be used for the book?"
1,0,"If you were reading a book at night and needed adequate lighting, what item could you utilize for this purpose?","If you were reading a book at night and needed adequate lighting, what item could you utilize for a book for this purpose??"
1,0,What item could be used to provide enough light to read a book at night?,What item could be used to provide enough light to provide enough light to read a book at night? What to read a book at home???
1,0,"When reading a book at night, what object could provide adequate lighting to make it easier to read?","When reading a book at night, what object could provide adequate lighting to make it easier to read. That could make lighting easy?"
1,0,What object can be used for sufficient book lighting when reading at night?,What object can be used for sufficient reading for booking? answer. The utility can accept other lighting when at night at sleep in shining?
1,0,Could you point me towards the object that can be used to provide sufficient lighting for a book when reading at night?,Could you please render me the object that can provide a lighting for reading at night? towards reading when I could work to provide food in advance?
1,0,the signal lights on the vehicle to inform the turning direction,the optical signals to inform the vehicle the signal light on the turning direction. the signal lights on the driving instruction to warrant the notched turning direction
1,0,Wedding ceremonies or festive occasions sometimes involve dressing up and wearing decorative accessories. What in the picture can be worn on the head to enhance the appearance?,Wedding dresses and decorative occasions often involve dressing up or carrying appearances. What in the picture can be worn to enhance the face?
1,0,"During festive or celebratory occasions such as weddings, people often dress up and wear decorative accessories. What item in the picture can be worn on the head to enhance one's appearance?","During festive or celebratory occasions, people often wear up on one's appearance. What item in the picture can be used to enhance clothes"
1,0,"During festive occasions or wedding ceremonies, people often dress up and adorn themselves with accessories to elevate their appearance. What item in the picture could be worn on the head for this purpose?","During birthday ceremonies, people often dress up with their appearance and could be worn on the floor to express their adoration. What item in"
1,0,"During festive occasions or wedding ceremonies, it is common to dress up and wear decorative accessories. Please point out what in the picture could be worn on the head to enhance the appearance?","During wedding occasions, it is common to wear decorative accessories or dress up the head. Please detail what could be in the impression on?"
1,0,"A part that is in direct contact with people""s buttocks when they use the toilet is not easy to clean and is prone to bacterial growth. What part in the picture should be used to cover it and reduce bacterial growth?",What part/one to use when it is in direct contact with bacterial growth is not easy to cover and should be used to the kitchen?
1,0,"When using the toilet, an area that comes into direct contact with human buttocks can be difficult to clean and is susceptible to bacterial growth. Which item in the picture can be used to cover the area to reduce bacterial growth?","When using a towel to handle bacterial growth, the area that comes in the can can be clean and susceptible to human growth?"
1,0,"To reduce bacterial growth and facilitate cleaning, what part in the picture could be utilized to cover the portion of the toilet that is in direct contact with people's buttocks during use?",To reduce bacterial growth during cleaning what part of the picture is to be utilized in the toilet and cover to even support?
1,0,"In order to mitigate bacterial growth, which item in the picture should be used to cover the region that comes in direct contact with a person's buttocks while using the bathroom?","In order to mitigate bacterial growth, which item should be used to touch the person in the person's backroom while using the"
1,0,"What object can be used to cover and reduce bacterial growth on the part of a toilet that comes into direct contact with people's buttocks, which is difficult to clean?",What product can be used to cover bacterial areas on the part of a toilet that is hard and takes into direct contact with but?
1,0,"When making cupcakes or muffins, it is common to add a sweet and decorative layer on top. What in the picture can be used to add this layer to enhance the taste and appearance?","When making muffins, it is common to add a sweet and creamy flavor. What piece on top can be used in the photo?"
1,0,"When baking cupcakes or muffins, it is typical to add a sweet and decorative layer on top to enhance their taste and appearance. Please identify the item in the picture that could be utilized to add this layer.","When baking cupcakes, it is common to add a sweet and golden layer to the inside that could be utilized on the decoret."
1,0,"When making cupcakes or muffins, people often add a sweet and decorative layer on top to enhance taste and appearance. What in the picture is best suited to be utilized for this purpose?","People make sweet muffins and cookies, which is commonly utilized for a cup and finish to enhance the purpose. What in this picture can"
1,0,What tool or object is typically used to add a sweet and decorative layer on top of cupcakes or muffins to enhance the appearance and taste when making in the kitchen?,What type of object is typically used when making cupcakes to add a sweet and decorative layer or enhance on the looks and taste in?
1,0,"When making muffins or cupcakes, a sweet decorative layer is frequently added on top. What could be used to create this layer to improve flavor and aesthetic appeal?","When making muffins or cupcakes, a favorite decorative texture is added. What could be used to enhance flavor and texture?"
1,0,What tool is used for typing and text processing on a computer?,What tool is used for typing and processing on a computer? It is used for typing and text processing using text and data processing on a computer??
1,0,What is the name of the tool used to input and process text on a computer?,What is the name of the tool of the process used to input and process text on a computer?it used to answer and process data on a?
1,0,What is the tool that people utilize for typing and text processing on a computer?,What is the tool that people utilize for typing and text processing on a computer? It is used to process text and data processing on a computer?
1,0,What is the name of the tool that is commonly used on a computer for typing and text processing?,What is the name of the tool that is commonly used on a computer for typing and processing? What is used to the text for thumb and processing?
1,0,What is the tool commonly used for processing and typing text on a computer?,What is the tool commonly used for processing and typing text on a computer for free. What is the tool for processing and typing data in a browser?
1,0,What is the name of the tool used for processing and typing text on a computer?,What is the name of the tool used for the processing and typing text for processing data on a computer? What is called and typing of a computer?
1,0,"When playing golf, it is important to have appropriate attire that allows for a comfortable and unrestricted swing. What article of clothing in the picture might hinder the person's movement during a golf swing?","When attending tennis, it is important for a player's choice. What small clothing that could permit or unrestrained reception during the game"
1,0,"During a game of golf, appropriate attire is essential to ensure that the player can make comfortable and unrestricted swings. Based on the image, which clothing item could possibly hinder a person's movement during a golf swing?","During the golf game, the player should ensure adequate movement and attire is accessible based on which person could possibly stretch a golf balls? A"
1,0,"When playing golf, what object of clothing in the picture may cause hindered movement during a golf swing, which requires unrestricted movement?","When sporting clothing, what object in the picture may cause a golf swing, which prevents unrestricted movement during required way of movement?"
1,0,"When playing golf, it is crucial to wear appropriate clothing that allows for a comfortable and unimpeded swing. What item of clothing in the picture could potentially impede the individual's movement during a golf swing?","When playing tennis, it is essential to allow a comfortable and unchallenged swing. What item in the clothing could likely sport during tennis!"
1,0,Playing golf requires appropriate attire that allows for a free and relaxed swing. Please identify what clothing item from the picture might interfere with the person's movement during a golf swing?,Tennis play requires a casual clothing. Please ask what item's attachment that could enlarge and allow relaxed movement during the tennis game?
1,0,"When playing golf, it is crucial to wear suitable attire that allows for a comfortable and unrestricted swing. What article of clothing in the picture might restrict the wearer's movement during a golf swing?","During tennis, it is essential to permit a comfortable and unrestrained wear. Which picture in the sport might permit wear of the tennis clutch?"
1,0,"In the picture, there is a woman wearing a dress and a pair of sandals. What part of her body can be seen clearly?","In the picture, a woman there is a dress wearing her body and a pair of sandals. What part of her can be seen clearly?"
1,0,"Which part of the woman's body is clearly visible in the picture, given that she is wearing a dress and sandals?","Which part of the woman's body is clearly visible in the picture, given that she is wearing a dress and sandals, weirs?"
1,0,"In the picture, which part of the woman's body is clearly visible given that she is wearing a dress and sandals?","In the picture, which part of the woman's body is clearly visible given that she is wearing a dress and sandals? Sheeps?"
1,0,"What part of a woman's body, who is wearing a dress and sandals in the picture, is clearly visible?","What part of a woman who wears a dress, and the picture, is clearly visible in the clothes, is carrying men's face in?"
1,0,"In the picture, what part of the woman's body is clearly visible?","In the picture, what part of the woman's body is clearly visible? The. what part of the woman's body is clearly true?"
1,0,What part(s) of the woman's body can be vividly observed in the picture since she is wearing a dress and sandals?,What part(s) of the woman's body can be vividly observed since she is wearing a picture in dress and medals?
1,0,"In schools or offices, where can the teacher place their teaching content and allow the audience to see it more clearly?","In schools or teaching facilities, where can the teacher place their content in books and allow the audience to see it more clearly? Allowing the audience?"
1,0,Where is the area in schools or offices for teachers to display their teaching content and make it easier for the audience to see?,Where is the area in schools or websites for teachers to display their teaching content and make it easier for the audience to see the audience or services to?
1,0,"In schools or offices, where might a teacher or presenter place teaching content to allow the audience to view it more clearly?","In schools or offices, where might a teacher or presenter use teaching content to allow the audience or audience to view it clearly of content more clearly?"
1,0,Where can educators showcase teaching content and enable the audience to view it more effectively in schools or offices?,Where can educators showcase teaching content and enable the audience to view it more effectively in schools allowing students to showcase the audience or offices??
1,0,Guests usually dine in their private rooms in hotels. What furniture in the image would they use to eat?,Guests usually eat in their private rooms in hotels. What furniture in the image would they use to dine in the hot can? What
1,0,"If guests usually dine in their rooms in a hotel, what piece of furniture in the image would they likely use to eat?","If guests usually dine in their rooms in a hotel, what piece of furniture in the image would the guests likely use to eat it??"
1,0,"Considering that hotel guests usually have their meals in private rooms, what furniture would be utilized for dining purposes, based on the image?","Considering that hotel guests generally have private meals for dining purposes, what furniture would be utilized in rooms, based on the image?"
1,0,"When guests dine in their private hotel rooms, what furniture in the picture are they likely to use for eating?","When private guests dine for their hotels, what furniture they use in the picture are they likely to spend in their hotel room eating?"
1,0,"When dining in their private rooms in hotels, what furniture in the image would guests typically sit at to eat?","When dining in private hotels in their rooms, what furniture in the image would guests typically sit to eat in the pictures to enjoy at?"
1,0,"In hotels, guests usually take their meals in their private rooms. Could you identify which piece of furniture in the image they would be likely to use for this purpose?","In hotels, guests usually visit their private rooms in their meal. Could you identify which piece of the items they would be likely to use?"
1,0,the object that the dogs battle for,the object that the dogs battle for the war. the object that the dogs battle for. The dogs battle that the humans face for key to and for
1,0,"When playing golf, players often carry extra balls, tees, and other accessories. What in the picture could be used to carry these items?","When playing tennis, players often carry extra ice, tees, and other accessories. What in the picture could be used to carry these items?"
1,0,"When playing golf, what object in the picture could be utilized for carrying extra balls, tees, and other related accessories?","When playing tennis, what object in the picture could be utilized for carrying extra tees, balls, and other related accessories and accessories?"
1,0,"While playing golf, players often require additional balls, tees, and other accessories. Please help me identify which object in the picture could be utilized to transport these items.","While playing tennis, players often require additional equipment to carry other items. Please help me identify which shots, and the object could be utilized."
1,0,"What in the picture would be used to store and transport items such as extra balls, tees, and other accessories while playing golf?","What in the picture would be used to store and transport extra accessories such as balls, tees, and other items while playing basic golf games?"
1,0,"What item in the picture could be utilized to store extra golf balls, tees, and other accessories while playing golf?","What item in the picture could be utilized to store extra golf balls, tees, and other accessories while playing golf clothes, while playing?"
1,0,"When playing golf, what in the picture could be used to transport accessories such as extra balls, tees, and other items?","When playing golf, what in the picture could be used to access extra accessories such as little tees, balls, and other clothing items?"
1,0,"When enjoying a meal, it is common to use utensils to scoop up gravy or sauce to enhance the flavor of the food. What utensil in the picture is specifically designed for this purpose?","Before using utensil, it is common to grab a meal to enhance the flavor of the sauce. What is in this concept"
1,0,It is common to use utensils to scoop up gravy or sauce to enhance the flavor of the food while having a meal. What utensil in the picture is typically designed to suit this purpose?,It is common to use utensils to easily hang up the sauce or to enhance the flavor of the meal in a scenario.
1,0,What type of utensil is specifically designed to help scoop up gravy or sauce to improve the flavor of the food during a meal in the picture?,What type of utensil is specifically designed to serve a sauce or soup to help speed up the flavor of the picture in meal?
1,0,"When consuming a meal, it is common to use utensils to scoop up gravy or sauce to enhance the flavor of the food.  Which utensil in the picture is specifically designed for this purpose?","When catering, one can commonly use utensils to enhance the flavor of the sauce or what is in the picture designed."
1,0,Which utensil in the picture is designed for scooping up gravy or sauce to enhance the flavor of food during meals?,Which utensil in the picture is designed for scooping up food or sauce to enhance the flavor of gravy during meals
1,0,"During a meal, it is not uncommon to employ utensils to scoop up gravy or sauce to enhance the food's flavor. What utensil in the image is tailored particularly for this purpose?","During a meal, it is not uncommon to carry utensils to enhance the sauce or flavor in what's design."
1,0,the object that helps to keep the neck warm,the object that helps to keep the neck warm. that helps to keep the neck warm the object that helps to keep the neck painful. The neck
1,0,Bonsai trees require special care and attention to maintain their miniature size and aesthetic appeal. What object in the picture is used to contain and display a bonsai tree?,Bonsai trees require small and delicate design and attention to their appearance and a mother tooth. What object is included in the bonsai
1,0,"What object in the picture could be used to display and contain a bonsai tree, given that the tree requires special attention and care to maintain its miniature size and aesthetic appeal?","What object in the picture can be used to display a baiothai tree, given that its appearance and requires special attention and superficial?"
1,0,"When maintaining and displaying bonsai trees, it requires a certain level of special care and attention. What item in the picture can be utilized to display and contain a bonsai tree?","When maintaining bonsai trees, it requires a special degree of display and attention. What item in the picture be utilized to display trees?"
1,0,"What object in the picture is utilized to display and contain bonsai trees, which require special care and attention to maintain their miniature size and aesthetic appeal?",What objects in the picture is utilized to display bromelike plants and require special attention and aesthetic to preserve their size and feature
1,0,"What is the tool utilized to contain and show a bonsai tree in the picture, provided that bonsai trees require specialized care and attention to maintain their miniature size and aesthetic appeal?",What is the tool used to produce a bonsai tree and display in detail if the bonsai plants require specialized attention and own appearance.
1,0,the object that both teams are fighting for in a game of American football,the object that both teams are fighting for in a game of American football. the game that both teams are fighting for in a game of American war football
1,0,"Dogs enjoy playing with different toys, and one popular toy is specifically designed to be bitten and chewed on. What object in the picture can serve as a toy for the dog?","Dogs enjoy different toys, and one toy is specifically designed to be chewed on. What object in the picture can play as a dog"
1,0,What object in the picture can be utilized as a toy for dogs to bite and chew?,What object in the picture can be utilized as a toy for dogs to bite and chew? What dog to be a toy?
1,0,"What object in the picture can be used as a toy for a dog, given that dogs are known to enjoy playing with a variety of toys, including some designed for biting and chewing?","What object in a picture can be used for a variety of toys, including dogs, given that some dogs are known for playing with handing!"
1,0,"Please identify which object in the picture could serve as a toy for a dog, as dogs relish playing with a variety of different toys that are specifically designed for biting and chewing.","Please identify the object serving as a toy for a dog, as dogs might have different toys that are designed to flavor and chewing."
1,0,"If you want to enjoy the scenery outside, what object can be used to control the amount of sunlight coming into the room by adjusting the angle?","If you want to enjoy the outside view, what object can be used to control the amount of sunlight coming into the room by adjusting the?"
1,0,"If you wish to adjust the amount of sunlight entering a room while still admiring the outdoor scenery, what object can be utilized to modify the incoming sun rays by changing the angle?","If you wish to adjust the sunlight while enjoying the surrounding wall, what object can be viewed by augmenting the amount of outdoor changes?"
1,0,"What object can be used to adjust the amount of sunlight entering a room by controlling the angle, to enable one to enjoy the scenery outside?","What object can be used to adjust the amount of sunlight entering a room, to enable one to enjoy the camera by controlling the distance outside?"
1,0,"To adjust the amount of sunlight entering a room by altering the angle, what object can be utilized for this purpose?","To adjust the amount of sunlight entering a room by altering the angle, what object can be utilized to alter the length for this purpose?"
1,0,"If you would like to enjoy the outdoor scenery, what object could be adjusted to control the amount of sunlight entering the room by modifying the angle?","If you would like to enjoy the outdoor scenery, what object could be adjusted to control the amount of sunlight entering the room by?"
1,0,"In order to take in the beautiful scenery outside and control the amount of sunlight entering the room by adjusting the angle, what object could be used?","In order to take in the scenery outside the room and control the amount of sunlight entering by adjusting the dimensions, what object could be used"
1,0,"In the picture, there are various modes of transportation parked in a grassy field. What objects are commonly placed on the front of these vehicles to provide illumination at night?","On the ground, there are various types of transportation vehicles. What objects are commonly parked at the front of a picture in illumination?"
1,0,Vehicles parked in the grassy field in the picture might have some objects installed on the front that provide illumination at night. What are these objects called and how do they function?,Vehicles parked in the parkroom might have some objects on the side that provide illumination. What are these objects called and how?
1,0,What objects are commonly found on the front of these vehicles in the picture that provide illumination at night?,What objects are commonly found on the front of these vehicles in the picture in the vehicle that provide illumination that describe the night at this side?
1,0,"In the image, there are various modes of transportation parked in a grassy field. What items are often positioned on the front of these vehicles to offer lighting at night?","On image, there are several types of lighted vehicles available at a parking. What items are often positioned in the back of the garden?"
1,0,"Vehicles parked in a grassy field can serve as various modes of transportation in the picture. What items are typically located on the front of these vehicles, providing illumination during nighttime travel?",Vehicles parked on various vehicles can serve as front viewers during a nighttime situation. What materials are normally located in the car of?
1,0,"In the picture, various modes of transportation are parked in a grassy field. What objects are commonly attached to the front of these vehicles to provide illumination during the night?","In various colors, several vehicles are parked to provide a block of illumination. What objects are attached to the front during the parkroom?"
1,0,"In certain sports, athletes use specific equipment to perform gravity-defying tricks. What object in the picture could be used for such purposes?","In sports, certain athletes use specific equipment for such purposes to perform gravity-defying tricks. What object in the picture could be used?"
1,0,"There are certain sports in which athletes perform gravity-defying stunts utilizing specific pieces of equipment. Based on the picture, what object could be utilized within such sports?","Given that many objects perform in the sport utilizing motion-strung specialized equipment, there are certain types in which an object can show such?"
1,0,Can you point me to the object in the picture that might be useful for performing gravity-defying tricks in certain sports?,Can you point me to the object in the image that might be useful in performing certain mechanical tricks for defying gravity-worthy devices??
1,0,Some athletes use specialized equipment to perform gravity-defying stunts in certain sports. Can you identify the item in the picture that could be utilized for this purpose?,Some athletes utilize gravity-unifying devices for special purposes. Can you identify the item that could be used in the picture in this sport?
1,0,What object in the picture has the potential to be utilized to perform gravity-defying tricks in specific sports?,What object in the picture has the potential to be utilized to perform gravity-defying tricks in specific sports? ether in specific sports?
1,0,Some athletes use specific equipment to perform gravity-defying tricks in certain sports. What item in the picture could be employed for such purposes?,Some athletes use gravity-defying equipment to generate certain tricks in certain sports. What item in the picture could be employed for such purposes?
1,0,What object do we usually use to prevent water from splashing in the bathroom during a shower?,What object do we usually use to prevent water from splashing in the bathroom during the shower? What to prevent a bathrocket?
1,0,What object is commonly utilized in a bathroom during a shower to avoid splashing water outside the area?,What object is commonly utilized in a bathroom during a shower to avoid splashing water outside of the area during a bathroom closing?
1,0,What object is typically utilized to prevent water splashing in the bathroom while taking a shower?,What object is typically utilized to prevent water splashing in the bathroom while taking a shower while enabling to take the bathroom?
1,0,What object could be utilized in a bathroom to prevent water from splashing while taking a shower?,What object could be utilized in a bathroom to prevent water from splashing while taking a shower to prevent water from a shower?
1,0,What object can be used to prevent water from splashing around during a shower in the bathroom?,What object can be used to prevent water from splashing around in the bathroom during a shower to showcase in the bathroom? What
1,0,What object is commonly used to prevent water from splashing out of the shower and onto the bathroom floor?,What object is commonly used to prevent water from splashing out of the shower and onto the bathroom floor and prevent lazer the air?
1,0,Road maintenance departments often need to inspect roads for damage and perform maintenance to ensure safety. What location in this picture could potentially cause rainwater to penetrate into the ground?,Road maintenance facilities often need to inspect roads for safety and provide water to prevent damage. What exterior direction in this picture could potentially penetrate into?
1,0,What area or location in the picture could be potential for rainwater to infiltrate the ground and cause problems for road maintenance crews inspecting and repairing road damage?,What area in the picture could be potential for groundwater to infiltrate and repair traffic damage causing problems with park owners testing the road?
1,0,Road maintenance departments often need to inspect roads for damage and perform maintenance to ensure safety. Can you identify the location that might potentially cause rainwater to penetrate into the ground in the picture?,Road safety facilities are required to inspect the terrain to prevent damage. Can you identify the location that might potentially heat up through tooth in the garden?
1,0,"Which location might potentially allow rainwater to infiltrate the ground, as road maintenance departments often require road inspections to check for damage & ensure safety?","Which location might allow water infiltration to completely cover the ground, as roads often require traffic inspection to check for damage & prevent conditions?"
1,0,Please identify the region in the picture that can lead to rainwater seeping into the ground and may require inspection and maintenance by road maintenance departments to ensure safety.,Please specify the location that may lead to rainwater seeping into the road in the ground and can require maintenance by highway inspectors to ensure safety.
1,0,"During road maintenance, it's important to inspect roads for damage and perform maintenance to ensure their safety. Based on this picture, what particular area could potentially allow porous rainwater to seep into the ground?","During construction, it's important to inspect particular roadways to prevent unsafe rain or produce water to close off. Based on what this area could?"
1,0,the egg,"the egg the egg. the egg egg. The egg white is egg and egg. the egg to beat, the egg yod. the egging"
1,0,the biscuits that have not been broken up into pieces,the biscuits that have not been broken up into pieces that have been broken up into pieces. the biscuits that are cut into separate pieces
1,0,"In the living room, what object are we most likely to sit on comfortably for a period of rest?","In the living room, what object are we most likely to sit on comfortably, what to stand for a period of rest for a living period?"
1,0,"In a living room, what is the object that we are likely to sit on comfortably for a period of rest?","In a living room, what is the object that we are likely to sit on comfortably for a period of rest for a period of rest??"
1,0,"In the living room, what object is typically utilized for sitting comfortably during rest periods?","In the living room, what object is typically utilized for sitting comfortably during rest periods? What is typically reserved for sitting in rest periods??"
1,0,"In a typical living room, what object would be most comfortable for sitting and taking a rest?","In a typical living room, what object would be most comfortable for sitting and taking a rest? What object would be comfort for taking a living rest?"
1,0,Which object in the living room is typically used for comfortable sitting and relaxing for a period of time?,Which object in the living room is typically used for comfortable sitting and sleeping for a period of time for a comfortable period of time.odying?
1,0,"In a living room setting, what is the most comfortable object to sit on during a period of rest?","In a living room setting, what is the most comfortable object to sit on, the object of close to rest during a period of a living period?"
1,0,Backpacks are commonly used for carrying personal belongings during outdoor activities and travel. What part of the backpack in the picture can be used to store smaller items or accessories?,Backpacks commonly carry outdoor accessories during personal activities and during storage. What part of the backpack can be used for small items or?
1,0,"In a backpack, what part of the one shown in the picture could be utilized to store small items or accessories when carrying personal belongings during outdoor activities or travel?","In a backpack, what part of the picture shown could be utilized when carrying out small items or accessories during personal belongings in travel?"
1,0,"In a backpack, what region could be utilized to store smaller items or accessories in the picture?","In a backpack, what region could be utilized in which could store smaller items or accessories in a container accessories in the picture??"
1,0,"In a backpack that is used for carrying personal belongings when engaging in outdoor activities or traveling, what section or part could be utilized to store smaller accessories or items?","On a backpack used for carrying small accessories or items, what section might be utilized when traveling in a private outing or activity?"
1,0,What part of the backpack in the picture is designed to hold smaller items or accessories that you might need to carry during outdoor activities or travel?,What part of the backpack in the picture is designed to carry smaller items or accessories that you might need to carry during outdoor activities or?
1,0,"In a backpack, which part can be utilized to store smaller items or accessories when traveling or engaging in outdoor activities?","In a backpack, which part can be utilized to store small accessories or other items when traveling or engaging in outdoor activities?"
1,0,"Among the writing tools commonly used, which one in the picture is typically made of wood and has graphite or lead core for writing and drawing?","Among the writing tools in the picture commonly used, which one is typically made of wood and has graphite or lead core for writing or to draw?"
1,0,"Which writing tool commonly used has a graphite or lead core and is typically made of wood for writing and drawing, according to the picture?","Which writing tool commonly used for writing and drawing typically has a graphite core and is made of wood or lead, according to the picture and line?"
1,0,"Among the frequently used writing implements, what object in the picture is typically composed of wood and possesses a graphite or lead core to facilitate writing and drawing?","Among the many objects, what object typically used to create a writing core is composed of paper and possesses the perimeter or lead and sketching?"
1,0,"What is the name of the writing instrument that is often produced with wood, and features a lead or graphite center that is utilized for writing and drawing purposes?","What is the name of the writing center tool that is often produced with graphite, and is utilized with a stone or lead that documents purposes?"
1,0,"Of the writing tools which are commonly used, which one featured in the image typically has a lead or graphite core and is constructed of wood and utilized for both writing and drawing?","Of the tools featured in the writing, which one commonly has a lead and die tile core and which is often utilized for writing or graphic?"
1,0,"When it comes to writing tools, what object shown in the picture is usually made of wood and contains a graphite or lead core used for writing or drawing?","When it comes to writing tools, what object shown in the drawing is usually made of graphite or lead and contains a metal or tool used for writing"
1,0,something that eats leaves,something that eats leaves and eats ends. something that eats things is by dust. Simple that eats plants that leaves? 7 leaves
1,0,"In a zoo, it is common to see animals being given toys or objects to play with for enrichment. What item in the picture could be used as a plaything for a bear in its enclosure?","In a zoo, it is common to see animals being used as a toy for play or enchantment. What item in the picture could be"
1,0,"In a zoo, animals are often given toys or objects to play with to enhance their lives. Suppose there is a bear in its enclosure, what item in the picture could be used as a plaything for the bear?","For animals, there are toys in their home to often serve as a bear. What is a picture in the sketch to enchant the play?"
1,0,"In a zoo, it is common to see animals being given toys or objects to play with for enrichment. What item in the picture is suitable to be used as a plaything for a bear living in a zoo?","In a zoo, it is common to be used as a display for toys or animals with play. What item in a zoo can erect?"
1,0,"What item in the picture could be used as a plaything for a bear in its enclosure, since it's common to observe animals being provided with toys or other objects for play and enrichment in zoos?","Which item in the picture could be used as an enclosure for animals to play with players or other animals, since it's in pity?"
1,0,"When reading in bed at night, what object in the pictures is often used to illuminate the pages so that they are visible?","When reading in bed at night, what object in the pictures is often used to illuminate the pages in bed so that they are visible in detail?"
1,0,"What tool in the picture is commonly utilized to allow for reading in bed at night, providing enough illumination to make the pages legible?","What tool in the picture is commonly utilized to provide illumination for reading in bed, making the page sufficient to allow pages at night anywhere?"
1,0,"When reading in bed at night, what object in the picture could you use to illuminate the pages and make them visible?","When reading in bed at night, what object in the picture could you use to illuminate the pages in bed and make them visible and make visible?"
1,0,"When the indoor air becomes muggy, what appliance should be turned on to make it more comfortable?","When the indoor air becomes muggy, what appliance should be turned on to make it more comfortable to allow the air more compressed?"
1,0,Suppose you are feeling hot and the indoor air is humid. What appliance would you turn on to adjust it to a more comfortable level?,Suppose you are on an indoor air pressure and the room is feeling humid. What would you choose to adjust it to air more comfortable??
1,0,"What appliance would you advise turning on if you're inside and the air has become humid, causing discomfort?","What appliance would you advise if you're turning on and the air is inside, causing humidity to become wet causing discomfort?"
1,0,"When the indoor air becomes humid and uncomfortable, which appliance should be turned on to adjust the climate and make it more comfortable?","When the indoor appliance is heated and uncomfortable, what environment should be turned on to adjust the air to make it more?"
1,0,"As a smart home AI, what appliance should you activate to adjust the indoor air quality and make it more comfortable when it becomes muggy?","As an indoor RI, what appliance should you enable the airsoft to mature when it is smart and make it more comfortable causing?"
1,0,"As a smart home AI, what appliance would you turn on to adjust the humidity indoors and ensure comfort?","As a smart home appliance, what AI would you turn on indoors to adjust the humidity on even and ensure comfort comfort?"
1,0,"When recording a video or giving a speech, it is important to ensure that the audio is clear and audible. What equipment in the picture can help achieve this?","When recording a video or giving a speech, it is important to ensure that the picture is clear and audible. What equipment in the can achieve?"
1,0,"When recording a video or giving a speech, the audio clarity and audibility are crucial factors. Can you identify the equipment in the picture that can help to achieve the necessary quality?","When recording a video or giving a speech, the equipment is a key characteristic. Can you identify the audio quality that can assist in the audacity?"
1,0,"When recording a video or giving a speech, it is important to guarantee clear and audible audio. What equipment within the picture could potentially assist in this objective?","When recording or telling a video, it is essential to guarantee a sound or an audio. What profitable equipment within this picture could represent the prompt?"
1,0,"When recording a video or giving a speech, clear and audible audio is critical. Please indicate in the picture the equipment that can assist with achieving this.","When recording a video or in a loud video, amplifying the equipment is critical. Please tell the clear item that can assist with achieving this."
1,0,"While recording a video or delivering a speech, it is essential to make sure that audio is audible and clear. Please locate the essential equipment in the image that will help achieve this.","While recording or delivering audio, it is essential to ensure that the image is understandable. Please locate the video in an instrument that will accomplish."
1,0,the food containing the most Vitamin C,"the food containing the most Vitamin C. food containing the most Vitamin C. The food containing the most Vitamin C, protein of Vitamin"
1,0,"After having dinner, what is the most common place to go to wash the dishes?","After having dinner, what is the most common place to go to have dinner, what to go to wash the dishes.zing the dishes"
1,0,"After having dinner, where is the most usual location to go to wash the dishes?","After having dinner, where is the most usual location to go to to wash the dishes? where to wash the dish the dates?"
1,0,"After having dinner, what is the most typical location to wash the dishes?","After having dinner, what is the most typical location to eat the dishes? The most important time to wash the palate the dishes?"
1,0,"After having dinner, where is the most common place to wash the dishes?","After having dinner, where is the most common place to wash the dishes? Where is the most common place to have dinner the dishes?"
1,0,"After a meal, where is the most common place to wash the dishes?","After a meal, where is the most common place to wash the dishes, where is the most common place to wash the dishes"
1,0,It can be difficult for people to climb up a bare pole and inspect or repair the upper part. What object is the person in the picture relying on to accomplish this task?,It can be difficult for someone in the rear section to climb or reconstruct the pole and accomplish the task. What is the person on this?
1,0,"What object is the individual in the picture relying on to accomplish the task of inspecting or repairing the upper part of a bare pole, which can be challenging to climb without assistance?","What object can be the subject of the various tasks in the upper section of a pole preparing to redo or injure, challenging another!"
1,0,"What object is the person utilizing for support to inspect or repair the upper part of a bare pole, as it can be quite challenging to climb unaided?","What object can someone be utilising to modification the upper part of a grass pole, as it is almost daily to handle or hurry for difficult?"
1,0,What does the person in the picture rely on to climb up a bare pole for the purpose of inspecting or repairing the upper portion?,What does the person in the picture deprive on a poor upper pole to inspect itself for the purpose of climbing up or remove the half portion?
1,0,"What object is being employed by the individual in the picture to aid in the process of inspecting and repairing the upper part of the bare pole, which is often difficult to climb without support?",What is the appropriate project which is employed to assist in the exercise of climbing the upper part of the rug to stop and not rotate without any?
1,0,"I see there's a person climbing a bare pole. What equipment is he relying on to accomplish this task, as it can be challenging to climb a bare pole without assistance?","There's a person he is pursuing to climb a snowboard, as is it reputable to climb a snowboard without?"
1,0,What object is most commonly used together with a keyboard when typing on a computer?,What object is most commonly used when typing on keyboard together with a keyboard when matching a computer as is used and intended with a microprocessor with a?
1,0,"While typing on a computer, what is the item that is typically used along with a keyboard?","While typing on a computer, what is the item that is typically used along with a keyboard, what is typically used in combination with a keyboard??"
1,0,"When typing on a computer, what accessory is typically utilized in conjunction with a keyboard?","When typing on a computer, what accessory is typically utilized in conjunction with a keyboard? What is typically utilized in conjunction with a"
1,0,"When typing on a computer, what object is frequently used in conjunction with a keyboard?","When typing on a computer, what object is frequently used in writing, what keyboard is frequently used in conjunction with a keyboard in conjunction with?"
1,0,"When typing on a computer, which item is most frequently combined with a keyboard?","When typing on a computer, which item is most frequently combined with a keyboard? When typing in, which item is most frequently combined with a keyboard?"
1,0,"When typing on a computer, what object is typically used in combination with a keyboard?","When typing on a computer, what object is typically used in combination with a keyboard, what? The object is typically used in combination with a keyboard?"
1,0,"When we purchase a bottled beverage, what part of the packaging should be opened to access the drink inside?","When we purchase a bottled beverage, what part of the packaging should be opened to access the drink inside? What part of the drink?"
1,0,"When we purchase a bottled beverage, which part of its packaging should be opened in order to access the drink within?","When we purchase a bottled beverage, which part of its packaging should be opened in order to access the drink to match the drink within?"
1,0,"When we purchase a bottled beverage, which section of the packaging typically needs to be opened to access the drink within it?","When we purchase a bottled beverage, which section of the packaging typically needs to be opened to access the drink within the container carrying it?"
1,0,"When purchasing a bottled beverage, what section of the packaging should be opened to access the drink inside the bottle?","When purchasing a bottled beverage, what section of the packaging should be opened to access the drink inside the bottle from the door?"
1,0,"When purchasing a bottled beverage, which part of the packaging needs to be opened to access the drink inside?","When purchasing a bottled beverage, which part of the packaging needs to be opened to access the drink to access the drink inside??"
1,0,"When purchasing a bottled beverage, which part of the packaging should be opened to gain access to the drink inside?","When purchasing a bottled beverage, which part of the packaging should be opened to the drink inside to gain access to the beware?"
1,0,"What furniture is usually put next to a bed to hold things like books, lamps and phones?","What furniture is usually put next to a bed to hold the floor to hold things like books, lamps, phones and next to ph?"
1,0,"What is the usual name of the item of furniture that is placed next to a bed and used to store items such as books, lamps, and phones?","What is the usual name of the item of furniture that is placed next to a bed and used to store items including books, toyones?"
1,0,"What piece of furniture is commonly placed beside a bed for holding items such as books, lamps, and phones?","What piece of furniture is commonly placed beside a bed for holding furniture, for hiding items such as books, lamps, and phones?"
1,0,"What is the name of the furniture usually placed next to a bed for holding items such as books, lamps, and phone?","What is the name of the furniture usually placed next to a bed for holding items such as books, lamps, and phone next to cloth?"
1,0,"What is the name of the furniture that is typically located next to a bed to store small items such as books, lamps, and phones?","What is the name of the furniture that is typically located next to a bed to store small items such as books, lamps, and phones"
1,0,There are different types of barriers that can be used to enclose a shower area for privacy and to prevent water from splashing out. What part of the picture represents a common type of barrier used in showers?,What part of a shower bar indicates common types of encounters that can be used to protect from water or in no room. What part?
1,0,A shower area needs to be enclosed to maintain privacy and to prevent water from splashing out. Which part of the picture represents a common type of barrier utilized in showers?,A shower area needs to hang out to prevent water from disconnecting. Which part of the picture represents a common barrier utilized in?
1,0,"In showers, barriers are often used to provide privacy and prevent water from splashing out of the shower area. Can you identify the common type of barrier used for shower enclosures in the picture?",Common showers are often used to protect shower from inhalation or clutter. Can you identify the area of showers in the bar area
1,0,"In the context of enclosing shower areas for privacy and to prevent water from splashing out, what part of the image would typically be used to represent a common type of barrier?","In context of discloseing water and access to a private area for basking, what part of the barriers would typically be used out?"
1,0,"In the picture, what part represents a typical barrier used in a shower area to provide privacy and prevent water from splashing outside?","In the picture, what part represents a typical barrier used in a shower area to provide privacy and prevent water from splashing outside?"
1,0,"In showers, a range of barriers can be utilized to provide privacy and prevent water from splashing out. What aspect in the picture typically represents a common type of barrier used in shower areas?","In bathrooms, additional water can be trapped out and typically represent a type of barrier for hideers. What a common feature in bathroom"
1,0,"Given that the decor in this picture is mainly furniture required for teaching, what furniture is mainly used for writing something in front of the students?","Given that the furniture in this picture is mainly used for teaching, what decor is meant for writing furniture things required in front of the students?"
1,0,"Since the decor in this picture mainly consists of furniture required for teaching, please identify the piece of furniture most commonly utilized for writing something in front of the students.","Given the picture in front of furniture, this piece of furniture comprises of the basic objects most commonly used for teaching your student in teaching."
1,0,"Considering that the decor in the picture is primarily classroom furniture, which piece is generally employed to write or present in front of students?","Considering that the decor in the picture is primarily used to write or furniture, which classroom piece is generally present in front of employed students?"
1,0,"Regarding the furnishings depicted in this picture, which piece of furniture is primarily utilized for writing in front of students during the teaching process?","Regarding the furnishings depicted in this picture, which piece of furniture is primarily utilized for teaching in front of students during the writing process"
1,0,something that lets pedestrians pass through the valley,something that lets pedestrians pass through the valley to ease pedestrians pass through the valley. that lets pedestock through the valley
1,0,"When taking a photo, it is important for the subject to have a clear view of the camera. What part of the human body in the picture could potentially obstruct their vision?","When taking a photo, it is important for the human body to have a view of the subject. What part of the camera could potentially their vision?"
1,0,"When taking a photograph, it's critical for the subject to have a clear line of view toward the camera. Which part of the human body in the picture could potentially impede their view?","When taking a photograph, it's critical for the camera to have a clear intersection upon the subject. Which part of the subject in their view?"
1,0,"When taking a photo, it is critical that the subject has an unobstructed view of the camera. What part of the human body in the image could potentially block the view of the camera during photography?","When taking a photograph, the human body has potentially unobstructed view of the camera. What part of the camera can appear in the subject?"
1,0,"When taking a photo, it is important for the subject to have a clear view of the camera. What part of the human body in the picture might obstruct their view when taking a photo?","When taking a photo, it is important for the subject to have a clear view of the camera. What part of the human body in taking the picture"
1,0,"During a photo shoot, it is important for the subject to have a clear view of the camera. Please let me know which part of the human body in the picture could possibly obstruct the subject's vision.","Before shooting, please allow the camera to have a clear picture of the subject. It is important to know which part of the human body's vision"
1,0,"What in the picture can be used to secure a boat in place, preventing it from drifting away in the water?","What in the picture can be used to secure a boat in place, preventing it from drifting away in the water, drifting the water?"
1,0,"What object located in the picture could be used to secure a boat, preventing it from drifting away in the water?","What object located in the picture could be used to secure a boat, preventing it from drifting away from the water to stop in the boat?"
1,0,What could be utilized to secure the boat in place and prevent it from drifting away in the water in the picture?,What could be utilized in place to secure the boat in the water and prevent it from drifting away from the water in the picture in detail?
1,0,"What in the picture can be utilized to fasten a boat in place, preventing it from drifting away in water?","What in the picture can be utilized to fasten a boat in place, preventing it in place from drifting away from recovery in water?"
1,0,What is commonly used in the picture to maintain the stability of a boat and prevent it from drifting in the water?,"What is commonly used in the picture to maintain the stability of the water and prevent it from drifting in a boat, requiring improvement in the fish?"
1,0,"When mooring a boat, what can be utilized to ensure that it remains stationary and does not float away on the water?","When mooring on a boat, what can be utilized to ensure that it remains stationary and does not float away from the water? Water?"
1,0,"On a sunny day, people like to park their cars in shaded areas to keep them cool. What part of the picture provides shade for parking cars?","On a sunny day, people like to park in shaded areas to keep their cars cool. What part of the picture provides parking cars?"
1,0,Where in the picture could cars be parked to stay shaded and cool on a sunny day?,Where in the picture could a car be parked to be shaded on sunny and cool day? When in black to stay warm to it?
1,0,"On sunny days, people often choose to park their vehicles in shaded areas to prevent them from overheating. In this image, which part provides shelter for parking cars?","On sunny days, people often choose to park their vehicles in covered areas to prevent them from overheating. In this image, which vehicles?"
1,0,"On a sunny day, people usually like to park their cars in shaded areas to keep them cool, so please find the part of the picture that provides shade for parking cars?","On a sunny day, people usually like to park their cars, so please find the part of the parking areas that provide space for cars?"
1,0,"On a sunny day, people prefer to park their cars in shaded areas to keep them cool in temperature. What part of the picture would provide shade for parking cars in this scenario?","On a hot day, people prefer to park in shaded areas to keep their cars in parking manner. What part of the picture would simulate?"
1,0,"On a sunny day, please indicate where cars could be parked in shaded areas to keep them cool?","On a sunny day, please indicate where cars could be parked in shaded areas. Before we find shaded areas to keep them cool?"
1,0,"A lot of sweat is produced in the kitchen while cooking, and dampness can easily breed bacteria and affect health. What in the picture should be turned on to effectively dissipate the steam, moisture and keep the air fresh during cooking?","Actually much moisture is consumed on the kitchen and can fry, discharge the heat and prevent headaches in with cooking. What"
1,0,"When cooking, a significant amount of sweat is often produced in the kitchen. To effectively dissipate steam and moisture and maintain fresh air, what item in the picture should be turned on?","When cooking, a significant quantity of moisture is often imposed to remove sweat and light what should be delivered on in the kitchen?"
1,0,"When cooking in the kitchen, it is common to produce a lot of sweat, which can lead to dampness and the growth of bacteria that can impact health. What item in the picture should be turned on to effectively dissipate steam and moisture, thereby keeping the air fresh during cooking?","When cooking, it is essential to keep air in the mood that can generate mass of moisture and could lead to leaking. What"
1,0,"When cooking, the kitchen area can often be damp and filled with steam and moisture, allowing bacteria to thrive and pose potential health risks. What item within the picture can be turned on to effectively dissipate the steam, moisture, improve air circulation, and keep the kitchen environment fresh?","Within the kitchen sink, what can be served to slow down, provide moisture, air circulation and become damp with the kitchen environment..."
1,0,"While cooking, steam and moisture can accumulate, which can generate bacteria and negatively affect health. What appliance in the picture would be required to effectively dissipate the steam, moisture, and keep the air fresh in the kitchen?","When cooking, water, and moisture can contribute to the baking process, which could easily imitate the cook and inoculate?"
1,0,"While cooking in the kitchen, dampness and excess steam can be produced leading to increased bacterial growth that can adversely affect health. What part of the picture should be activated to effectively decrease steam and moisture while maintaining fresh air inside of the room?",While cooking can cause severe bacterial growth and increase in moisture that can be implemented to effectively increase the room inside the kitchen. What
1,0,"When visiting a restaurant, it is common to see signs that are used to attract customers and indicate the name of the establishment. What object in the picture fulfills this purpose?","When visiting a restaurant, it is common to display signs that are used to fulfill the purpose of customers. What object in the name implies."
1,0,What object in the picture is commonly utilized to indicate the name of an establishment and attract potential customers visiting a restaurant?,What object in the picture is commonly utilized to indicate the name of a restaurant and offer potential customers of an established party visiting the smoker?
1,0,"What object in the picture is typically used to attract customers, indicate the name of the establishment, and commonly seen when visiting a restaurant?","What object in the picture is typically used to attract customers, indicate the name of the restaurant, and commonly seen when visiting a store visiting?"
1,0,"In a restaurant, signage is typically utilized to attract customers and designate the name of the establishment. Which object in this picture serves this function?","In a restaurant, signage is typically utilized to attract customers and designate the name of the company. Which object in this picture serves this function"
1,0,What object in the picture can potentially be used for attracting customers to an establishment by indicating its name?,What object in the picture can potentially be used for attracting customers to an establishment by returning to its name. Which can indicate its identity by ordering?
1,0,"In many Asian countries, chopsticks are commonly used as eating utensils. What in the picture may require the use of chopsticks to pick up and eat?","In many Asian countries, pedopsticks are commonly sold as toast. What in the picture may require the use of pedopsticks?"
1,0,"In many Asian countries, chopsticks are commonly used as eating utensils. What item in the picture might require the use of chopsticks to be picked up and eaten?","In some countries, chopsticks are commonly ordered to be eaten and taken. What item in the picture requires use of chopsticks"
1,0,"In various Asian countries, chopsticks are a common eating utensil. What item in the picture might require the use of chopsticks for picking up and eating?",In many countries chopsticks are an preferred eating and drinking habit. What item in the picture might require using chopsticks?
1,0,Chopsticks are a commonly used utensil for eating in many Asian countries. What objects in the picture might require the use of chopsticks to be easily picked up and consumed?,Chopsticks are commonly consumed and consumed in many Asian countries. What objects in the picture require the use of pettin to?
1,0,"Please identify the item in the picture that could require the use of chopsticks for picking up and eating, as is common in many Asian countries.","Please identify the item in the picture that could require the use of chopsticks for picking up and eating, as is common in Asian"
1,0,"In many Asian countries, chopsticks are commonly utilized as eating utensils. What object or item in the picture might require the utilization of chopsticks for picking up and eating?","On many island, chopsticks commonly require the utilization for eating and picking up. What object in chopsticks may?"
1,0,What household object is commonly used to preserve or cool food items?,What household object is commonly used to preserve or cool cool food items? What. Variable is used to preserve something cool to cool or native food items?
1,0,Which common household object is used to store or cool food items?,Which common household object is used to store or cool food items? Which is used to store or cool food items? Theories common household object??
1,0,What is the common household item usually utilized for preserving or cooling food items?,What is the common household item usually utilized for preserving or cooling food items? What is the common for preserving or cooling food?
1,0,What household object is commonly utilized to preserve or cool food?,What household object is commonly utilized to preserve or preserve food? What unique object is originally intended for to cool and prevent water quality or livelihood?
1,0,What is the household object that being used to store or chilled food items?,What is the household object that is used to store or chilled food items. Being that raw material that theish being drank or cookie items?
1,0,What appliance is a household item that is commonly used to cool or preserve food?,What appliance is a household item that is a household item that is commonly used to cool or preserve food is used to safe and invent Electric food?
1,0,"In many cultural festivals, people wear traditional clothing and accessories to represent specific characters or deities. What part of the person in the picture indicates his role in the festival?","In many local festivals, people wear distinct clothing or accessories to indicate their character or roles. What part of the person in the movie?"
1,0,"In many cultural festivals, people wear traditional clothing and accessories to represent specific characters or deities. Can you identify what aspect of the person in the picture shows his role in the festival?","In many cultural festivals, people wear specific characters or accessories to describe their clothing. Can someone identify what part of the scene in the?"
1,0,"In many cultural festivals, people wear traditional costumes and accessories to depict specific characters or deities. Could you identify which part of the individual in the picture signifies their role in the festival?","In many national festivals, you can identify particular items or acts to symbolize the dance. What original signatures in the person in the fashion suggests"
1,0,"What part of the person in the picture indicates their role in the festival, given that many cultural festivals involve people wearing traditional clothing and accessories to represent specific characters or deities?","What part of the movie represent people wearing traditional clothing or accessories, given that many characters in the festivals feature their character and roles?"
1,0,"In many cultural festivals, people dress in traditional clothing and accessories to represent specific characters or deities. What part of the person in the picture can be an indicator of their role in the festival?","In many cultural festivals, people can associate their role in specific clothing or accessories. What part of the person in the show can denote?"
1,0,"In many cultural festivals, people wear traditional clothing and accessories to represent specific characters or deities. Please point out the part of the person in the picture that indicates his role in the festival.","In many folk vistas, people wear particular food or accessories to describe his role. Please symbolize the part of the actor in the sport that"
1,0,"If we want to carefully examine the small details of an object, what tool in the picture can help us achieve that?","If we want to carefully examine the small details of an object, what tool in the picture can help us achieve that? When we present the insight?"
1,0,"If we require a closer examination of the small details of an object, which tool in the picture could be useful?","If we need a closer examination of the small details of an object, which tool in the picture of the object could be useful.implementation?"
1,0,What item in this picture serves as a tool that can facilitate careful examination of the small details of an object?,What item in this picture serves as a tool that can facilitate careful examination of the details of the small details of an object. Like object?
1,0,"If we want to carefully examine the small details of an object, what tool might we utilize in the picture to assist with that task?","If we want to carefully examine the small details of an object, what tool might we utilize in the picture to assist with that task in the?"
1,0,"For closely examining the intricate details of an object, which tool in the picture can be used?","For closely examining the intricate details of an object, which closely shows the tool in the picture, which powerful art can be used? For answer"
1,0,What tool in the picture could be used to carefully examine small details of an object?,What tool in the picture could be used to carefully examine the details of an object? What? Could be used to cover small details of an object?
1,0,"When making guacamole, it is common to mix avocados with other ingredients to create a creamy and flavorful dip. What item in the picture can be used to mix the ingredients together?","When making avocado, it is common to mix other ingredients with the ingredients together to create a flavorful mix? What"
1,0,"What can be utilized for mixing ingredient together while making guacamole, given that it is often necessary to combine avocados with other components to create a creamy and flavorful dip?","What can be used when using machacadero to combine ingredients together, when necessary to incorporate a flavorful and rounded mixture?"
1,0,"When making guacamole, what tool in the picture could be used to mix the ingredients together, and create a creamy and flavorful dip?","When making guacamole, what tool in the picture could be used to mix the ingredients together and create a flavorful dip?"
1,0,"What tool in the picture could be utilized to mix the ingredients together in order to make a creamy and flavorful guacamole dip, where the avocadoes are commonly mixed with other ingredients?","Can anyone make a commonly used picture to combine the ingredients in the potato, where the creamy and flavored ingredients are?"
1,0,"What item in the picture is typically used to mix together ingredients while making guacamole, creating a creamy and flavorful dip?","What ingredient in the picture is typically used to mix together while making guacamole, creating a flavorful and delicate dip?"
1,0,"When driving a car, there are various indicators on the dashboard to provide information about the vehicle. What part in the picture can display the current speed of the car?","When driving a car, there are various signs on the dashboard to provide information about the vehicle. What indicator can picture the current part of the?"
1,0,"While driving a car, many indicators on the dashboard can convey essential information about the vehicle. What region in the picture can display the current speed of the car?","While driving a car, many areas on the dashboard can convey appropriate information about the vehicle. What indicator in the picture can the current speed of?"
1,0,"While driving a car, what device in the picture typically provides data about the car, including its current speed?","While driving a car, what device in the picture typically provides data about the car, including the car, including its current data of typical speed??"
1,0,"When operating a vehicle, there are often several indicators on the dashboard that provide data about the car. Please point me to the region in the picture that displays the current speed of the vehicle.","When monitoring current speed, there are several indicators on the vehicle. Please point in the window that presents a picture of the vehicle containing the car."
1,0,"When driving a car, there are various indicators on the dashboard to provide essential information about the vehicle, such as the speed the car is moving. What object in the picture would display the current speed of the car?","When driving a car, there are various objectives to display the information on the car such as the current speed of the vehicle. What dash would allow"
1,0,What in the picture could be used to secure and hold an electronic device near the user's head?,What in the picture could be used to secure and hold an electronic device near the user's head? What in the user's head??
1,0,What item in the picture could be utilized to fasten and hold an electronic device near the user's head?,What item in the picture could be utilized to fasten and hold an electronic device near the user's head? Theon the user'?
1,0,What in the picture is likely to be used to secure and hold an electronic device close to a user's head?,What in the picture is likely to be used to hold and secure an electronic device close to a computer and are secure to a user's head?
1,0,What in the picture could be utilized to hold and secure an electronic device close to the user's head?,What in the picture could be utilized to hold and secure an electronic device close to the user's head? What to the user's?
1,0,What could be utilized in the picture to attach and keep an electronic device near the user's head?,What could be utilized in the picture to keep the end near and attach and carry an electronic device with the user's link within the head?
1,0,What object in the picture could be utilized to secure and hold an electronic device in front of the user's head?,What object in the picture could be utilized to secure and hold a device for an electronic device in front of the user's face of head?
1,0,Butterflies rely on certain plant structures to obtain nutrients. What do butterflies typically feed on in order to obtain nectar in the picture?,Butterflies typically contain plant structures in order to obtain nutrients. What do butterflies rely on to catch on the picture?
1,0,What do you observe in the picture that butterflies can feed on to obtain nectar and nutrients?,What do you observe in the picture that butterflies can feed on to obtain nectar and nutrients? ether nutrients
1,0,What objects do butterflies generally rely on to obtain nectar for feeding in the image?,What objects do butterflies generally rely on for feeding in message to obtain nectar to obtain the animal feeding in the image?
1,0,Butterflies require particular plant structures to obtain the necessary nutrients. What is the source of nectar butterflies typically feed on in the picture?,Butterflies require most particular nutrients. What is the plant structures to generate as the erect butterflies on in picture?
1,0,What in the picture do butterflies typically depend on to find nectar that provides them with nutrients?,What in the picture do butterflies typically depend on to find nectar that provides them with nutrients needing to bear?
1,0,"When walking barefoot on the beach, what may leave a visible mark on the sand?","When walking barefoot on the beach, what may leave a visible mark on the sand. What may leave a shadow mark on the wet cap??"
1,0,What might leave a noticeable impression or mark on the sand when someone walks on the beach barefoot?,What might leave a noticeable impression or mark on the sand when someone walks on the beach barefoot on the beach wearing signs or mud?
1,0,What might leave a visible mark on the sand while walking barefoot on the beach?,What might leave a visible mark on the sand while walking barefoot on the beach? What? walking barefoot on the beach in the slew?
1,0,What may leave a visible mark on the sand when walking barefoot on the beach?,What may leave a visible mark on the sand on the beach when walking barefoot in the sand? What may leave barefoot on the beach??
1,0,What might leave a visible impression in the sand when walking barefoot on the beach?,What might leave a visible look in the sand when walking barefoot on the beach. Should walking whole tail in the sand about distant in the water?
1,0,What might leave a visible mark on the sand when someone walks barefoot on the beach?,What might leave a visible mark on the sand when someone walks barefoot on the beach when the sun sees no rejoicing on the beach??
1,0,Suppose I am looking for books on certain topics in a bookstore. What objects in the bookstore will the employee tell me to look for to find them?,Suppose I am looking for certain books in a bookstore. What objects in the bookstore will someone tell me to look for the topic for them?
1,0,"If you are searching for books on specific topics in a bookstore, what objects might the staff member suggest you look for to locate them?","If you are searching for specific items of objects in a book store, what topics might the book staff suggest you find to look for them on personally?"
1,0,"When looking for books on certain topics in a bookstore, what objects would an employee typically suggest searching for to locate them?","When searching for items of objects in a bookstore for several purposes, what would a bookkeeper typically recommend that an individual find on where to interact?"
1,0,"If you're looking for books on specific topics in a bookstore, what objects might an employee suggest that you search for to locate them?","If you're searching for books of specific subjects in a book store, what topics might an author suggest that you locate a user to look at?"
1,0,"If you need to search for books on specific topics in a bookstore, which objects would the employee typically direct you towards to find them?","If you need to search for books on specific topics in a store, which objects would the bookkeeper typically direct you towards to find them at work?"
1,0,What object do we usually put on a table to make the room brighter?,What object do we usually put on a table to make the room brighter? What object do we make the room brighter to the bedside?
1,0,What objects are commonly placed on a table to provide additional illumination to a room?,What objects are commonly placed on a table to provide additional illumination to a room to allow additional illumination to a particular frame?? What
1,0,What object would you normally place on a table to increase the brightness of a room?,What object would you normally place on a table to increase the brightness of a room? to determine the overall stone to increase face of a room?
1,0,"Sometimes, tiny droplets of water can accumulate on the surface of plants in the morning. What in the picture can these droplets be found on?","Sometimes, tiny droplets of water can accumulate on the surface of plants in the morning. What in the picture can these droplets?"
1,0,Tiny droplets of water often accumulate on plants in the morning. Where in the picture might you observe these droplets?,Tiny droplets of water often accumulate on plants in the morning. Where in the picture might you observe these droplets in plants?
1,0,"Given that tiny droplets of water can accumulate on the surface of plants in the morning, where in the image might such droplets be found?","Given that tiny droplets of water accumulate on the surface of plants, where in the morning could such droplets be encountered in the?"
1,0,Under what objects would you normally find tiny droplets of water on plants in the morning based on the picture provided?,Under what objects would you normally find tiny droplets of water on plants in the morning based on what inches of the picture on the table provided?
1,0,Some reptiles enjoy basking in the sun to regulate their body temperature. What animal in the picture may exhibit this behavior?,Some reptiles enjoy basking in the sun to regulate their body temperature. What animal in the picture may exhibit this behavior??
1,0,Which animal in the picture might exhibit sun-basking behavior to regulate its body temperature?,Which animal in the picture for this spot might exhibit sun-basking behavior to regulate its body temperature to express its basking?
1,0,"Which animal in the picture might enjoy basking in the sun to regulate their body temperature, similar to reptiles?","Which animal in the picture might enjoy basking in the sun to regulate their body temperature, similar to coppering in reptiles?"
1,0,Which animal in the picture may exhibit the behavior of basking in the sun to regulate its body temperature?,Which animal in the picture may exhibit the behavior of basking in the sun to regulate the body temperature in its body of heat??
1,0,"Which animal shown in the picture may exhibit sunbathing behavior to regulate its body temperature, as some reptiles do?","Which animal shown in the picture may exhibit sunbathing to regulate its body temperature, as some reptiles with cat behavior do?"
1,0,Which animal in the picture may enjoy basking in the sun to regulate its body temperature?,Which animal in the picture may enjoy basking in the sun to enjoy the value of barking to regulate its body temperature in its?
1,0,the car whose door is open,Our car whose the door is open that meets the door of light. the car whose car is open - Duck and man whose path is in place
1,0,the objects whose body surface is covered with scales,the objects whose surface surface is covered with scales. The body of objects whose sides are covered where its surface is created with a shield whose weight with table
1,0,something indicating the brand of this car,something indicating the brand of the brand of this car. something indicating the brand of this car of this brand new The product indicating the chain of car
1,0,Rowing a boat requires certain skills and techniques to propel the boat forward smoothly. What objects in the picture are essential for rowing a boat?,Rowing a boat requires certain skills and techniques to propel the boat smoothly. What objects in the picture are essential for rowing a boat?
1,0,"To propel a boat forward smoothly, rowing requires specific skills and techniques. Please identify the essential objects in the picture necessary for rowing a boat.","To propel a boat painlessly, rowing requires unique tools and equipment necessary for rowing. Please identify the characteristics necessary in a boat correctly."
1,0,"In order to propel a boat forward seamlessly, proper skills and techniques must be utilized. Which objects in the picture are required for rowing a boat?","In order to propel a boat, proper skills and techniques must be utilized for sailing. Which rows in the picture are required purposefully?"
1,0,"To row a boat effectively, certain skills and techniques are required. What objects in the picture are considered essential in the process of rowing a boat?","To row a boat effectively, certain skills and techniques are required. What objects in the picture are considered essential in the process of rowing a boat?"
1,0,To propel a boat forward smoothly by rowing requires specific skills and techniques. What are some of the important objects in the picture that are necessary for this activity?,To propel a boat smoothly by timing requires specific skills and activities. What are some of the important objects in the picture that are necessary for?
1,0,"Rowing a boat requires specific skills, techniques, and equipment. Could you identify the objects in the picture that are crucial to propelling the boat forward smoothly?","Digging a boat requires specific skills, equipment, and tools. Would you describe the equipment that is crucial in handling the boat portently forward?"
1,0,"When taking a photo or selfie, some people prefer to have their hair covering their forehead. What hair style in the picture can achieve this effect?","When having a photo or photo, some people prefer to take the hair in their forehead. What hair style can be done for this effectiveness?"
1,0,"To achieve a hairstyle that allows hair to cover the forehead during a photo or selfie, which hairstyle in the image might be appropriate?","To achieve a hairstyle that allows hair to cover the face during a photo or forehead, which hairstyle in the image might be appropriate"
1,0,"In photography and selfies, some people prefer to have their hair covering their forehead. What type of hairstyle in the picture could create this effect?","In social media, some hairstyles like to have the photo on their head. What type of beauty and outfit could create this symptom?"
1,0,What type of hairstyle in the picture will enable someone to cover their forehead when taking a photo or a selfie?,What type of hairstyle in the picture will enable someone to cover their forehead and selfie when taking a photo or a languette?
1,0,"For individuals who prefer a hairstyle that covers their forehead during photographs or selfies, what hairstyle in this picture can create the desired effect?","For individuals who prefer a hairstyle during photo screens or personal headsets, what hairstyle in their body can achieve this hint of the?"
1,0,"To achieve the effect of having hair cover the forehead while taking a photo or selfie, which hairstyle in the picture would be suitable?","To achieve the effect of having hair cover on the forehead while taking photo or selfie, which hairstyle in the picture would be suitable?"
1,0,What object on the wall can we use to check the current time?,What object on the wall can we use to check the current time? What. We can check the current time to check the current value???
1,0,What object mounted on the wall would allow us to accurately determine the current time?,What object mounted on the wall would allow us to accurately determine the current time? What possible would allow us to accurately reflect the current time?
1,0,What item positioned on the wall serves as a tool for checking the current time?,What item positioned on the wall serves as a tool for checking the current time? What. Range served on the current wall for checking the time?
1,0,What object on the wall could be used to determine the current time?,What object on the wall could be used to determine the current time? What. The object on the wall could be used to determine the current time?
1,0,"In the picture, what can we utilize to determine the current time?","In the picture, what can we utilize to determine the current time? In the answer, what to determine the current time? We offer the?"
1,0,Cars are often displayed at exhibitions or showrooms for people to admire. What area in the picture might be used for displaying cars?,Cars are often displayed at showrooms or exhibitions for people to admire. What area in the picture might be used for displaying cars??
1,0,"Where might cars be on display in this picture, often seen at exhibitions or showrooms for people to admire?","Where might cars be seen on display in this picture, often at display for modern exhibitions or showrooms to admire or see people to consider?"
1,0,"During exhibitions or at showrooms, cars are often showcased so that people may appreciate them. Which part of the picture may be utilized for displaying cars?","During showcases, cars are often exhibited at showrooms or so that people may appreciate them. Which part of the picture may be utilized?"
1,0,"Where in the picture could you showcase cars for people to admire, such as in exhibitions or showrooms?","Where in the picture could people admire in showrooms for their cars or exhibitions, such as to showcase and let you show guides?"
1,0,Where in the picture might be a potential area used for exhibiting or showcasing cars for people to view and admire at exhibitions or showrooms?,Where in the picture might be a potential area for people to showcase or view when exhibited for exhibiting and looking at cars or showrooms?
1,0,"When showcasing cars for public display at exhibitions or showrooms, what areas of the depicted scene could be utilized for this purpose?","When showing cars at public displays for exhibited or depicted scenes, what areas of the showroom could be utilized for this showing purpose?"
1,0,"If a person needs to go to the 2nd floor, what architectural structure in the picture should they use?","If a person needs to go to the 2nd floor, what architectural structure in the picture in the picture should they use? Whatso?"
1,0,"If you need to go to the 2nd floor, which structure in the picture should be used for architectural purposes?","If you need to go to the 2nd floor, which structure in the picture should be used for architectural purposes? The for architectural?"
1,0,Suppose a person wants to access the second floor. What specific architectural feature in the picture would they need to utilize?,"Suppose a person would want to access the second floor. What architectural feature in the picture needs to utilize, might they select the third building?"
1,0,"If someone wants to access the 2nd floor, what structural element displayed in the picture should they utilize?","If someone wants to access the 2nd floor floor, what structural element displayed in the picture, what should they utilize the primary object?"
1,0,"If someone needed to reach the second floor, what structural element in the picture would they utilize to do so?","If someone needed to reach the second floor in the picture, what structural element would they utilize to accomplish what would the floor use to do?"
1,0,"If someone needs to go to the 2nd floor, what element of the building seen in the picture is appropriate for them to use for this purpose?","If someone needs to go to the 2nd floor, what element of the building shown in the picture is appropriate for them to use for this?"
1,0,"During leisure time, what object in the living room can create an immersive audio-visual experience when paired with other electronic objects?","During immersive time, what object in the living room can create an easy audio-visual experience when paired with other operative film objects?"
1,0,"In a living room, what electronic device can be paired with others to create an immersive audio-visual experience during leisure time?","In a living room, what audio-visual device can be included in some to create immersive leisure during an automaker social experience?"
1,0,"During leisure time, what item in the living room is capable of creating an immersive audio-visual experience when paired with other electronic devices?","During leisure time, what item in the living room is capable of creating an immersive audio-video experience when connected with other devices?"
1,0,"During your leisure time, what device in the living room could be combined with other electronic devices to create an immersive audio-visual experience?","During your leisure time, what device in the living room could be combined with other electronic devices to create an immersive audio-visual?"
1,0,What object in the living room could create a highly immersive audio-visual experience when used in combination with other electronic devices?,What object in the living room could create a highly immersive audio-visual experience when used in combination with other easy electronic equipment and electronic devices?
1,0,"What object in the living room, when paired with other electronic devices, can create an immersive audio-visual experience during leisure time?","What object in the living room, when paired with other electronic audio devices, can create an immersive leisure experience during visual time?"
1,0,the things that a ship can hit that may cause it to run aground,the things that a ship can hit that will cause it to run. that may ack a surface that can cause it to move about a trainground
1,0,What object should we step into to take a bath in a bathroom?,What object should we step into to take a bath in to take a bathroom? What to object in a bathroom in a bathroom??
1,0,What object do we typically use in a bathroom to take a bath?,What object do we typically use in a bathroom to take in a bathroom? What. Weight to take a bath to take a bath?
1,0,"When taking a bath in a bathroom, what structure should you step into?","When taking a bath in a bathroom, what to take in a bathroom, what structure should you step into? The structure should you step?"
1,0,"To take a bath in a bathroom, what is the object we should step into?","To take a bath in a bathroom, what is the object in a bathroom, what is the object we should step into? Weight?"
1,0,What object in the bathroom should we step into to take a bath?,What object in the bathroom should we step into to take a bath? What to take? We step into the bathroom to take a bath?
1,0,What in the picture is most likely to be the source of the dog's wet fur?,What in the picture is most likely to be the source of the dog's most wet fur is most likely to be the dog of the wet?
1,0,What do you think is the probable source of the wetness in the fur of the dog in the photo?,What do you think is the likely source of the wetness of the dog in the photo for the fur in the probable breath of the dog??
1,0,What in the picture can be identified as the likely cause of the dog's wet fur?,What in the picture can be identified as the likely cause of the dog's wet fur? What is the cause of the dog's wet?
1,0,What in the picture can be determined as the most likely reason for the dog having wet fur?,"What in the picture can be determined as likely as the reason for the dog having wet dog, the most possible cause for the dog inhal fur?"
1,0,What in the picture could potentially be responsible for making the dog's fur wet?,What in the picture could potentially be responsible for making the dog's fur wet? What else could be responsible for making the dog's fur?
1,0,What is the most likely cause of the wet fur on the dog in the picture?,What is the most likely cause of the wet fur on the dog in the picture? What is the most likely cause of the wet dog in the?
1,0,"If we need to paint the walls, what object in the picture can be used to climb up to reach the higher parts of the wall?","If we need to paint the parts of the picture, what object in the walls can be used to climb up to reach the higher the wall?"
1,0,What object in the picture would be utilized to reach the higher parts of the wall when painting it?,What object in the picture would be utilized to reach the higher parts of the wall when painting it. What object in the rose when painting it?
1,0,What object in the picture could be utilized to climb and reach the higher areas of a wall if we need to paint it?,What object in the picture could be utilized to climb and reach the higher areas of a wall if we need to paint it before we need?
1,0,What in the picture could be utilized to climb and reach the higher parts of the wall when painting it?,What in the picture could be utilized to climb and reach the higher parts of the wall when painting the higher of the rug when painting it?
1,0,"When painting walls, it is often necessary to access high areas in order to touch up previously un-painted sections. In such circumstances, what object in the picture is used to climb up and reach these unreachable portions?","When painting under the wall, it is often necessary to reach unattended sections and move up in order to travel on such unpreceded images"
1,0,What object in the picture could be used to reach the higher parts of a wall for painting or other purposes?,What object in the picture could be used to reach the higher parts of a wall for painting. What object to the higher painting or other purposes??
1,0,What is the most likely object that someone else has left behind?,What is the most likely object that someone else has left behind? What is the likely object that someone else has left behind? Answer to a party?
1,0,"Based on the context given, what object is most likely to have been left behind by someone else?","Based on the context given, what object is most likely to have been left behind by someone else, what is likely to have been left by someone?"
1,0,Can you give me a context or a scenario for where this question is being asked?,Can you give me a context or a situation for this question. Are you a scenario or a scenario for where this question is being asked???
1,0,What is the object most likely to have been left behind by someone else?,What is the object most likely to have been left behind by someone else? What is the object likely to have been lost by someone else?? The
1,0,What is the object that another person has most likely forgotten or left behind in this location?,What is the object that another person has most likely left behind or forgotten in this location. What person does have the person immediately covered in another person?
1,0,What item is most likely to have been left behind by someone else in this scene?,What item is most likely to have been left behind by someone else in this scene? What else is likely to have been in this scene?? Okay
1,0,"To add embellishment to the wall or the room, what structural object is suitable for hanging decorative pictures?","To add embellishment to the wall or the room, what decorative object is suitable for hanging structural detailing crop sculptures?"
1,0,What structural object could be utilized for hanging decorative pictures to add embellishment to a wall or a room?,What structural object could be utilized to add decorative hanging to a wall or a room for embellishing photographs to different decor?
1,0,What structural object would be most appropriate for hanging decorative pictures to add embellishment to a wall or room?,What structural object would be most appropriate to attach hanging to a wall or room for embellishment to decorative various decorative vapers?
1,0,What structural object could be utilized to hang decorative pictures and enhance the appearance of a wall or room?,What structural object could be utilized to hang decorative objects or pictures and enhance the appearance of a wall or wall characteristic of the room?
1,0,"When decorating a wall or a space, what is the ideal structural object to use for hanging decorative pictures or embellishments?","When decorating a wall or a space, what is the ideal decorative object to use for hanging structural images or embellishments?"
1,0,What structural object in the room is generally appropriate and suitable for hanging decorative pictures and adding embellishment to the wall or room?,What structural object in the room and is generally suitable for decorative arrangements and adding appropriate picture to the wall and hanging decor or vehicle?
1,0,"When picking cherry tomatoes, what part in the picture should be removed before consuming them?","When picking cherry tomatoes, what part in the picture should be removed before consuming them? What to avoid in the picture gloss?"
1,0,"When picking cherry tomatoes shown in the picture, which part of the tomatoes should be removed before consuming them?","When picking cherry tomatoes shown in the picture, which part of the tomatoes should be removed before consuming them before what to cook?"
1,0,"When picking cherry tomatoes, which part of the tomatoes displayed in the picture should be removed before consuming them?","When picking cherry tomatoes, which part of the tomatoes displayed in the picture should be removed before the taste consuming them to them?"
1,0,"When picking cherry tomatoes, what part of the tomato in the picture should be removed before they are consumed?","When picking cherry tomatoes, what part of the tomato in the picture should be removed before they are consumed to the cherry?"
1,0,"When harvesting cherry tomatoes, what part of tomato should be removed before consuming?","When harvesting cherry tomatoes, what should be removed? What part of the tomato should be consuming before consuming cherries?"
1,0,"In equestrian sports, riders and horses need to overcome obstacles to complete a course. What in the picture can be used as an obstacle for the rider and horse to jump over?","In equestrian, riders and horses need to overcome obstacles for a ride. What in the picture can be used as an obstacle?"
1,0,"In the context of equestrian sports, what is an obstacle that a rider and their horse could jump over, based on the picture provided?","In the context of equestrian sport, what is an obstacle that a horse and their rider could drive over, based on the picture included"
1,0,"In equestrian sports, riders and their horses must navigate and overcome obstacles to complete a course. What object in the picture could be utilized as an obstacle for the rider and horse to jump over?","In equestrian sports, horses and horses must utilize obstacles to walk and tackle. What object in the picture could be a runner?"
1,0,"What object(s) in the picture could be used as obstacles for riders and horses to jump over, in equestrian sports?","What object(s) in the picture could be used as obstacles for riders and horses to jump over, in equestrian sports??"
1,0,"In equestrian sports, riders and horses face various obstacles that they must overcome to complete a course. Please identify the object in the picture that could be used for the rider and horse to jump over as an obstacle.","In equestrian situations, riders and horses complete several obstacles for the object that one could use as a horse to carry on the race."
1,0,"During equestrian sports, riders and their horses must navigate various obstacles to complete a course. What object or feature could potentially be used as an obstacle for the rider and horse to jump over, based on the picture?","During various obstacles, rider and horse players can personally run for a course to accompany themselves. What is the object or obstacle used?"
1,0,What is the object that the person in the picture is holding onto while walking his dog?,What is the object that the person in the picture is holding onto is holding the dog while walking? Whoever follows his dog that in his face?
1,0,What is the object that the person is holding while walking their dog in the image?,What is the object that the person is holding while walking their dog in the image is the dog in the dog waking the God while his dog?
1,0,"While walking his dog, what object is the person holding onto in the picture?","While walking the dog, what object is the person holding onto his person, what is his person holding onto in the picture in the resulting picture??"
1,0,"What is the object that the person in the picture is holding onto, while taking his or her dog for a walk?","What is the object that the person in the picture is holding onto, while taking his or her dog for a walk, while taking his or her?"
1,0,What is the object that the man in the picture using to maintain his balance while walking his dog?,What is the object that the man in the picture using to maintain his balance while walking the dog? In which balance that his dog in his breath?
1,0,What is the object that the person in the picture is holding onto while walking his dog?,What is the object that the person in the picture is holding onto is holding the dog while walking? Whoever follows his dog that in his face?
1,0,"The winter cold can be unbearable, especially when indoors. What can be used indoors to effectively raise the indoor temperature?","The cold winter can be unbearable, especially when indoors? What can be used to effectively raise the indoor temperature indoors"
1,0,"During the winter season, the cold weather can sometimes be unbearable when inside. Can you identify what object could be used indoors to effectively raise the indoor temperature?","During the late winter, winter weather can sometimes be unbearable. Can you identify what object could be used to raise the indoor temperature?"
1,0,"When indoors and trying to raise the temperature to more tolerable levels during winter, what is an effective option that may be utilized?","When growing indoors and trying to reduce the temperature during the water season, what is an effective option to utilize levels that may be needed?"
1,0,How can one effectively raise the indoor temperature when it's unbearably cold during winter while inside?,How can one effectively raise the indoor temperature during winter when it's unbearably cold inside when it's cold while with outside?
1,0,"In order to make a warm home during the winter, what household item could be used indoors to effectively improve the indoor temperature?","In order to make a warm home during the winter, what household item could be used overdoors to better efficiently achieve the indoor air temperature?"
1,0,Maintaining a well-groomed lawn requires regular cutting of the grass. What object in the picture could be used for this task?,Maintaining a well-groomed lawn requires proper cutting of the grass. What object in the picture could be used for this task?
1,0,What tool in the picture is typically used to maintain a well-groomed lawn by regularly cutting the grass?,What tool in the picture is typically used to maintain a well-groomed lawn by carefully cutting the grass by regularly caring the grass?
1,0,"What item would be useful for maintaining a well-groomed lawn, particularly when it comes to regularly cutting the grass?","What item would be useful when it comes to maintaining a well-groomed lawn, particularly for requiring children to grow the hand grass?"
1,0,What object present in the picture could be utilized to cut the grass and maintain a well-groomed lawn?,What object present in the picture could be utilized to cut the grass and maintain a well-groomed lawn and manage the garden area?
1,0,What object in the picture is suitable for the regular cutting of grass and maintaining a well-groomed lawn?,What object in the picture is suitable for the regular fabricating of grass and has enough hands to maintain a well-groomed lawn building?
1,0,"To maintain the lawn in a well-groomed condition, which tool could be utilized for regularly cutting the grass in the image?","To maintain a well-groomed lawn in the condition, which tool could be readily utilized for cutting the grass in the finished pattern?"
1,0,the soccer goalkeeper,"the soccer goalkeeper the goalkeeper. the soccer goalkeeper, soccer goalkeeper. The soccer goalkeeper in Western the playerless"
1,0,"In the summertime, intense sunlight can damage people's skin. What part of the hat shown in the picture can shade the face from the sun?","In the sunlight, sunlight can offset the food's face. What part of the suit can be seen in the home from the sun?"
1,0,How can the hat shown in the picture protect someone's face from the intense sunlight during summertime?,How can the hat shown in the picture protect someone's face from the intense sunlight to trigger the summertime during time of life?
1,0,"During the summer season, exposure to intense sunlight may cause damage to the skin. What part of the hat displayed in the image would be useful in shading the face from the sun's rays?","During summer, intense exposure to the sun's rays would play a role in the skin. What item used in the sunlight?"
1,0,"When sunlight is intense, it can have damaging effects on people's skin, especially in the summertime. What part of the hat depicted in the image can be utilized to protect the face from the sun?","When sunlight is imitated it can be damaging to the skin, especially in the summer. What part of the face depicted on the can"
1,0,"During the summer months, intense sunlight can be harmful to the skin. What part of the hat depicted in the picture provides shade to the face to protect it from the sun?","During the summer months, white light provides protection to the sun. What part of the hat depicted in the face can be harmful to the?"
1,0,"When the sunlight becomes too bright in summer, it can cause damage to a person's skin. Which part of the hat in this picture may help to protect the face from the sun's rays?","When the sunlight is too cold, it can help to remove the sun's rays. Which part of a person's hat in this"
1,0,"Looking at the image, it seems that the dog is engaged in a playful activity. What part of the dog's body is likely to be holding an object during this playful activity?","Looking at the image, it appears that the dog's body is likely to be engaged in a playful activity. What part during this activity?"
1,0,"When engaging in a playful activity, which part of the dog's body might be holding an object, based on the information presented in the picture?","When engaging in a playful activity, which part of the dog's body might be holding something, based on the information presented in the?"
1,0,"In this image, it appears that the dog is engaged in a playful activity. During this activity, which part of the dog's body might be holding an object?","At this image, it appears that the dog is engaged in a playful activity. During this activity, which part of the dog's body might"
1,0,"When looking at the image, it appears that the dog is actively engaged in a playful activity. What part of the dog's body is likely to be holding an object during this playful activity?","Before seeing an image, it appears to be actively engaged in this playful activity. What part of the dog's body is likely activity?"
1,0,"During the playful activity being engaged in by the dog in the image, which part of its body might be used to hold an object?","During the playful activity being used to pose an object in the dog by its hand, which part of the body might be engaged in the image?"
1,0,the hardest part of the turtle,the hardest part of the turtle we learn -. the toughest part of the tireless rusting the turtlele
1,0,What instrument in the bedroom can be used to play music and help people relax?,What instrument in the bedroom can be used to play music and be used to help people relax? What people play and enable people in people love?
1,0,What household device can be used in the bedroom to play music and assist individuals in relaxing?,What household device can be used in the bedroom to play music and assist in the home person in learning which devices to relax and ease bathing?
1,0,What object can be utilized to play calming music and help individuals relax in a bedroom space?,What object can be utilized to relax and play calming music and help individuals remember a bedroom in a space offering music in bedrock space?
1,0,"What is the instrument in the bedroom, primarily used to play music and help people relax?","What is the instrument in the bedroom, primarily used to play music and help people relax. What is the bedroom and allow people to talk?"
1,0,What instrument is located in a bedroom and can be utilized to play music and aid in relaxation?,What instrument is located in a bedroom and can be utilized to play music and aid in relaxation and is to aid in playable music?
1,0,What object commonly found in the bedroom can be used to play music and promote relaxation?,What object commonly found in the bedroom can be used to play the music and promote relaxation? used to create sound and offer comfort in room?
1,0,"In modern times, what object do people often use to listen to the radio, keep track of time, and set alarms?","In modern times, what object do people often use to set the radio, keep track of time, and listen to alarms, before law?"
1,0,"Which object do individuals typically use in modern times for purposes such as listening to the radio, keeping track of time, and setting alarms?","Which object do individuals typically use in the modern telephone for purposes such as listening to times, keeping track of time, and setting alarms?"
1,0,"What item do people commonly use as a means of listening to the radio, tracking time, and setting alarms in modern times?","What item are people commonly using as a means of listening to the radio, monitoring time, and setting alarms in modern times, amateurs?"
1,0,"Which object is frequently used by people in modern times to listen to the radio, keep track of time, and set alarms?","Which object is frequently used by people in modern times to listen to the radio, keep track of time, and set alarms, before fashion?"
1,0,"Currently, what is the most commonly used object that people use to listen to the radio, keep track of time, and set alarms?","Currently, what is the most commonly used object that people use to listen to the music, keep track of time, and set alarms??"
1,0,the reflection of the car,the reflection of the reflection of the car. the reflection of the car the product of the car. The reflection of the lighting - to your car
1,0,Smoking is a common activity for some people while having a hot drink. What object in the picture can be used to hold the ashes of a cigarette?,Smoking is a common activity for some people while holding a cigarette. What object can be used in the picture of the ashes? What
1,0,What item in the picture could be used to contain cigarette ashes when smoking while drinking a hot beverage?,What item in the picture could be used to contain cigarette ashes when drinking hot beer while smoking a ashy beverage?
1,0,"While enjoying a hot beverage, some people may choose to smoke, and what is the object in the picture that could be used to contain the ashes from a cigarette?","While enjoying a hot beverage, some people may smoke, and what could be the object that is used to insert from the cigarette?"
1,0,"During the act of smoking, some people prefer to have a hot beverage. Could you please tell me what item in the picture might be used to contain cigarette ashes?","During use of cigarette, some people prefer to have a drink. Could you please tell what item in the picture might be containing ashes?"
1,0,"If someone is smoking while having a hot drink, what object in the picture could be employed to hold the cigarette ashes?","If someone is smoking while having a cigarette, what object in the picture could be employed to hold the hot drink asher tow?"
1,0,"Imagine a child playing with miniature toys in a sandbox. If the child wants to create a scene with a house surrounded by water, what object in the picture would be perfect for this?",Imagine a child playing with miniature objects in a sandbox. If the child wants to create a scene in the house with what this would?
1,0,"If a child intends to arrange a scene with a house surrounded by water while playing with miniature toys in a sandbox, what item in the picture is ideal for creating this scene?","If a child intends to arrange a scene with miniature sand in a house while playing with a scene, what item in the box is?"
1,0,"Suppose a child is playing with miniature toys in a sandbox. If they want to create a scene that features a house surrounded by water, which item in the picture would be most suitable for this activity?",If a child is playing a movie featuring miniature toys. Suppose they want to create a scene in the sandbox which is suitable for this?
1,0,Suppose a child is playing with miniature toys in a sandbox and desired to establish a setting that involves a house surrounded by water. What object in the picture would be suitable for this purpose?,Suppose a child is suitable for playing sandwiches with a universal picture and set to display a space in the house. What object in particular would be
1,0,Suppose a child is playing with miniature toys in a sandbox and wishes to create a scene wherein a house is surrounded by water. Which object located in the image might the child utilize for this purpose?,Suppose a child is utilizing a toy where the child creates a tower in space and could play with the planet wall in such situations. Which item
1,0,"When traveling, people often need to store their belongings in a secure and organized manner. What object in the picture can be used for this purpose?","When traveling, people often need to store their belongings in a secure and organized manner. What object in the picture can be used for this?"
1,0,What object do you suggest as an effective storage solution for securely and systematically storing personal belongings during travel?,What object do you suggest as a effective storage solution for securely and mechanically providing storage for effectively storing unimportant personal belongings during traveling?
1,0,"During travel, people frequently need a secure and organized location to store their belongings. What item in the picture could be utilized to satisfy this need?","During travel, people frequently need a secure and organized location to store their belongings. What item in the picture could be utilized to satisfy this?"
1,0,"While traveling, people often require a safe and well-organized way of storing their belongings. Based on the image, what object can achieve this goal?","While traveling, people often require a safe and well-organized way of storing their belongings. Based on the object, what achieve this?"
1,0,What object can be used to cover the window to block the outdoor light and provide privacy in a bedroom?,What object can be used to block the outdoor window and cover the window to provide privacy and allow light to protect the bedroom in a?
1,0,"As a smart home AI, what object could be utilized to cover a bedroom window and provide privacy while also blocking out outdoor light?","As a home smart AI, what object could be utilized to cover out a bedroom window and protect privacy while also providing outdoor?"
1,0,What can be placed on the windows to block outdoor light and provide privacy in a bedroom?,What can be placed on the windows to block outdoor light and provide privacy for the exterior doors to block a window in a bedroom??
1,0,"In a bedroom, what object could be used to block outdoor light and ensure privacy by covering the windows?","In a bedroom, what object could be used to block outdoor light and ensure privacy by covering the windows by allowing outdoor the windows?"
1,0,"As an intelligent home assistant, what object would you recommend someone to use to block outdoor light and ensure privacy in the bedroom?","As an indoor assistant, what object would you recommend someone to use to block outdoor light and ensure intelligent privacy in the bedroom?"
1,0,What object might be used to cover a window to block outdoor light and provide privacy within a bedroom?,What object might be used to cover a window to block outdoor light and provide privacy to prevent envelope and frame within a bedroomroom?
1,0,Dolphins are known for their agility and acrobatics. What in the picture will the dolphin likely jump over during a performance?,Dolphins are known for their acrobatility and performance. What in the picture will the dolphins drop out during a hit today?
1,0,"When performing, dolphins are known for their agility and acrobatics. Identify what will be jumped over by dolphins during a performance, given the picture.","When performing, dolphins are known for their performance and agility. Identify what will be seen during the shot by dolphins up."
1,0,"In dolphin shows, these marine mammals are known for their agility and acrobatics. Based on the image, what object might the dolphin leap over during a performance?","These marine mammals appear based on their armored performance. In this, what is the dolphin used for a marathon acidos?"
1,0,"In a performance, dolphins are known for their agility and acrobatics. Please indicate what object the dolphin is likely to jump over in the image.","To perform a dolphin activity, you cannot predict the instrument the dolphins are in and appear in their image due to agrobat."
1,0,"During a performance, what might a dolphin typically jump over, given their agility and acrobatics?","During a salmon, what might a Gulf climb typically stand for, given you their performance and mobility over acrobatics? A"
1,0,"What object is likely to be jumped over by a dolphin during a performance, given their well-known agility and acrobatics?","What object is likely to be peeled over during a gammon, given a well-known motive and performance in its acrobatics"
1,0,something that the animal can use to pierce other animals' skin,something that the animal can use to pierce other animals' skin. something that the animal can use to pierce other animals' skin in animal skin
1,0,Drawing is a common activity for children to express their creativity and imagination. What objects in the picture can be used to create drawings?,Drawing is a common activity for children to express their creativity and imagination. What objects in the picture can be used to create drawings??
1,0,Drawing is a popular activity for children that allows them to explore their creativity and imagination. What objects in the picture might be utilized to create drawings?,Drawing is a popular activity for children that allows children to explore their creativity and imagination. What objects in the picture might be utilized to?
1,0,"When drawing, children typically use tools to express their creativity and imagination. Could you please identify the objects in the picture that are commonly utilized to create drawings?","When drawing, children frequently utilize tools to create creative art. Could you identify the objects that are commonly used in the pictures to draw their?"
1,0,Drawing is an excellent way for children to display their creativity and imagination. What objects in the picture could be used to create drawings?,Drawing is an excellent way for children to display their creativity and imagination. What objects in the picture could be used to create drawing drawings?
1,0,Drawing is a common activity for children to express their creativity and imagination. Please identify the objects in the picture that could be used to create drawings.,Drawing is a common activity for children to express creativity and imagination. Please identify the objects in the picture that could be used to create drawings
1,0,"When taking a cruise along a river, passengers often want to have a good view and enjoy the scenery outside. What specific area in the picture is most likely to be designed for this purpose?","When driving a cruise, visitors often want to have a good view and enjoy the whole terrain. What specific area is likely made in this picture?"
1,0,"When taking a river cruise, passengers often want to enjoy the outdoor scenery. Which specific area in the picture is most likely intended to be used for this purpose?","When taking a river cruise, visitors often want to enjoy the surrounding scenery. Which area in the picture is most likely to be used for?"
1,0,"When taking a river cruise, passengers will often want to enjoy the scenery and have a good view outside. Could you please indicate which specific area in the picture is most likely designed to meet this expectation?","During a cruise, visitors should often have the closest picture to the river and often feel comfortable. Could you best be expected to view this concept?"
1,0,"When taking a river cruise, passengers typically want to appreciate the stunning scenery outside and have a clear view of the surroundings. Please identify the specific location in the picture that is most likely designed for this purpose.","When landing a boat, guests often want to enjoy the spectacular scenery and identify the location in the picture that is clearly intended for this."
1,0,What area in the picture is likely to be designed specifically for passengers to have a good view and enjoy the scenery during a river cruise?,What area in the picture is likely to be designed specifically for passengers to have a good view and enjoy the scenery during a river cruise??
1,0,"When taking a river cruise, passengers typically want to appreciate the outside scenery and have a good view. What specific area in the picture is most likely intended for this purpose?","When holding a sea cruise, visitors most likely want to enjoy the picture and have a specific purpose. What area in the nearby view is intended?"
1,0,What tool can be used with paper to write things down?,What tool can be used with paper to write things down? What to work for you to remove paper that can tell your pattern for work not one?
1,0,What item is typically employed in conjunction with paper to write down information?,What item is typically employed in conjunction with paper in conjunction with paper to write down information? What is meant to write down information???
1,0,What object could be utilized to inscribe information on paper?,What object could be utilized to inscribe information on paper? What.ine could be utilized to inscribe information on paper? Answered for
1,0,What writing tool is commonly used with paper to jot down notes or important ideas?,What paper tool is commonly used with writing for paper. Usually writing key notes to jot down ideas or comments you can touch important ideas or paper?
1,0,the objects that can be used to produce rhythmic sounds,the objects that can be used to produce rhythmic sounds. that can be used to produce rhythmic sounds to produce rhythmic sound cards
1,0,Exploring a dark cave can be challenging without proper lighting. What object in the picture could provide illumination in such a situation?,Exploring a dark cave can be challenging without proper lighting. What object in the picture could provide illumination in such a situation?
1,0,"When exploring a dark cave, proper lighting is crucial. What object in the picture could be utilized to provide illumination in such a situation?","When exploring a dark cave, proper lighting is crucial. What object in the picture could be utilized to provide illumination in?"
1,0,What object in the picture could be utilized to provide illumination when exploring a dark cave?,What object in the picture could be utilized to provide illumination to provide dark illumination when exploring a dark cave? The cave?
1,0,"In a dark cave exploration, what object could provide the necessary illumination as depicted in the picture?","In a dark exploration, what object could be employed to provide the necessary illumination, described in the picture as the next mystery depiction?"
1,0,"When exploring a dark cave, proper lighting is essential to the task. Please identify what object(s) in the picture could be utilized to provide illumination in this situation.","To resolve an illuminate, proper lighting is essential in the encounter. Please find what object(s) in the picture could be utilized."
1,0,the cover that shields the driver's cabin,the cover that shields the driver's cabin that covers the driver's. the cover that shields the driver's driverless and cabin
1,0,"Birds are known for their ability to fly, but what part of their body in the picture will they primarily use to walk on the ground?","Birds are primarily known for their ability to walk on the ground, but what part of their body in the picture will they use to run occasionally?"
1,0,"When birds are on the ground, what part of their body in the picture will they primarily use to walk?","When birds in the picture are primarily on the ground, what part of their body does they use to walk, will the cloth most of their experience?"
1,0,"Birds are widely recognized for their ability to fly, but if they need to walk on the ground, what parts of their body could they use, based on the image?","Birds are widely recognized for their ability to fly, but if they could walk on the ground, what parts of their body need based on the image"
1,0,"Birds are primarily known for their ability to fly, but when they are on the ground, what part of their body in the picture do they tend to use for walking?","Birds are mostly known for their ability to run on the ground, but what part of their body do they generally use in the picture for walking?"
1,0,"Though birds are recognized for their excellent flying abilities, what part of their body in this picture do they mainly use to walk on the ground?","Though birds are recognized for their excellent flying abilities, what part of their body do they mainly use to walk in this picture on the ground??"
1,0,"Although birds are known for their ability to fly, what part of their body in the picture do they primarily use to walk on the ground?","Although birds are known for their ability to fly, what part of their body in the picture do they primarily use to walk on the ground to bear?"
1,0,the object used for stirring milk or coffee,the object used for stirring the milk or coffee. the object for stirring with coffee for milk felt together stirring dust or wine or dark coffee
1,0,Which object can effectively darken the room and create a suitable atmosphere for sleep?,Which object can effectively darken the room and create a suitable atmosphere and create a room atmosphere for sleep. Which gives space the ideal feeling for peace?
1,0,Which object can be utilized to reduce the light level in a room and provide a more conducive environment for sleeping?,Which object can be utilized to reduce the light level in a room and provide a more conducive environment of providing a terminal for sleeping?
1,0,"As a smart home AI, what appliance could you advise to turn on to darken the room and establish a proper ambiance for sleeping?","As a smart home appliance, what could you ARE trying to lighten the room and establish a proper ambiance to sleep on to anti?"
1,0,What in the picture can be used to create a suitable environment for sleep by effectively darkening the room?,What in the picture can be used to create a suitable environment for sleep. The ideal for darkening the room by effectively enhanced the space yourself?
1,0,"As an AI-powered assistant, what object would you adjust to create a dark atmosphere that is conducive to sleeping?","As an AI-oriented assistant, what object would you alter to create a dark environment that is conducive to output to sleeping?"
1,0,"In the backyard, there may be a designated area where the dog can walk and play freely. What area in the picture can be used by the dog for this purpose?","In the backyard, there is an area where the dog can walk and be served by the dog for this purpose. What space in the picture?"
1,0,What region within the picture could be utilized by a dog to have freedom of movement and play in the backyard?,What region within the picture could be utilized by a dog to have freedom of movement and have freedom of play in the backyard? Foreground?
1,0,"Where in the picture, can the dog be designated to walk and play freely in the backyard?","Where in the picture, can the dog be designated as carrying, provided the servant to walk and play freely in the backyard? in the dog?"
1,0,What area of the scene can serve as a designated area in the backyard for dogs to walk and play freely?,What area of the backyard can serve as a designated area in the scene for dogs to walk and play freely to allow the dance table to live?
1,0,"Where in the picture can the dog walk and play freely within a designated area, typically found in a backyard?","Where in the picture can the dog walk and play freely within a nearby area, typically found in a designated garden, shared within a backyard? It"
1,0,"In the evening, what can be turned on in the living room to save electricity and reduce the impact on the eyes while ensuring sufficient lighting?","In the living room, what could be turned on in the garden to reduce the light and ensure enough impact while saving the eye on electrical lights?"
1,0,"In the evening, what can be turned on in the living room to ensure sufficient lighting while also saving electricity and reducing the impact on the eyes?","In the morning, what can be turned on while also saving the light to ensure sufficient electricity and reducing the impact on the living room in eyes?"
1,0,What can be turned on in the living room in the evening to ensure sufficient illumination while saving electricity and protecting eyes from excessive exertion?,What can be kept in the living room while restoring electricity in the afternoon to ensure excessive illumination and protect against exertion?
1,0,"What can be switched on in the living room in the evening to conserve energy, minimize impact on the eyes while ensuring sufficient illumination?","What can be turned on in the living room to conserve energy in the evening while ensuring improved focus, minimize the illumination sufficiently?"
1,0,"In the evening, which electrical appliance can be turned on to conserve electricity, reduce the strain on the eyes while also ensuring sufficient lighting in the living room?","In the car, which electrical lighting can be lifted on to facilitate the appliance while also reducing the uneven time in the body?"
1,0,"At night, what can be switched on in the living room to conserve electricity while providing ample illumination without straining the eyes?","At night, what can be refilled in living room to provide ample illumination while driving the electricity without relieving the hard eyes?"
1,0,"When presenting a gift to someone, it is common to wrap it in decorative paper or material. What in the picture can be used to wrap a gift?","When presenting a gift to someone, it is common to wrap it in decorative or paper. What can be used to wrap the gift picture?"
1,0,What objects present in the picture could be used to wrap a gift in decorative paper or materials when presenting it to someone?,What objects present in a picture could be used to decorate it in decorative paper or materials when presenting the gift to someone contained in person?
1,0,"When giving someone a gift, it is customary to wrap it in decorative paper or fabric. Please identify what in the picture could be used for gift wrapping.","When giving a gift, please create someone it is customary to wrap it in decorative fabric or picture. What could be used for the gift wrapping"
1,0,What object can be used to wrap a gift in decorative paper or material in the picture?,"What object can be used to wrap a gift or gift in decorative material in paper, in the picture: edited decorator in the item one?"
1,0,something that is shining,something that is shining - that is what the Earth is looking for. Something that shines beautiful and will be frustrating authors shineble
1,0,"In many historical battles, warriors used a particular object to defend themselves from attacks. What item in the picture can be used as a defensive tool during combat?","In many ancient battles, warriors used a particular object to defend themselves. What item in the picture can be used as a defensive weapon?"
1,0,"During many historical battles, warriors frequently used a particular item to defend themselves against attacks. What object depicted in the picture can be used as a defensive tool during combat?","During ancient times, particular defensive soldiers could be used as a weapon to defend against them. What item depicted in the picture during a battle?"
1,0,"During many historical battles, warriors utilized a specific item for self-defense. What object in the picture could be utilized as a defensive tool during combat?","During historical battles, many warriors utilized a specific item for self-defense. What object in the picture could utilize as a combat"
1,0,"In many historical battles, warriors utilized specific equipment to defend themselves during an attack. What object in the picture could be employed as a defensive tool in combat?","In many battles, warriors utilized specific equipment to defend against injury. What object in the picture could be employed as an intricate tool?"
1,0,"In many historical battles, warriors utilized specific objects to protect themselves from attacks. What item in the picture could function as a defensive tool during combat?","In many battles, warriors utilized specific weapons to protect against events. What item in the picture could function as a defensive instinct during?"
1,0,"In many historical battles, warriors utilized a specific tool to protect themselves from attacks. Which item in the picture could serve as a defensive tool during combat?","In many warriors, battles utilize a specific defensive tool to protect against events. Which item in the picture could serve as a weapon?"
1,0,Visitors in the waiting room will be bored and may need to temporarily place personal belongings while waiting. What furniture are they likely to use for temporary storage?,Visitors will temporarily sit and may be waiting for clothing use. What items in the living room are they likely to need for temporary storage?
1,0,"When visitors are in a waiting room, they may become bored and seek temporary storage for personal belongings. Which type of furniture is most likely to be utilized for this purpose?","When traveling in a storage room, people are likely to be bored for temporary utilities. Which belongings may become needed for this purpose?"
1,0,What furniture is typically utilized by visitors in waiting rooms for temporary storage of personal belongings while they wait?,What furniture is typically utilized by customers for temporary storage in spare rooms for waiting personal belongings for storage supplies while they wait as they go?
1,0,"When people are in a waiting room, they may become bored and may need to temporarily place personal belongings aside. Please identify what furniture they may use for temporary storage in this scenario.","When people arrive in a temporary room, they may need to sit and may be banned for personal storage purposes. Please identify what other household items."
1,0,"When waiting in a room, visitors may become bored and require a place to temporarily store their belongings. What type of furniture is likely to be used for temporary storage in this situation?","When waiting in a room, people may be forced to store a temporary belongings and potentially require storage. What type of furniture is likely to?"
1,0,"In a waiting room, visitors may need to place personal belongings temporarily, while they wait or may become bored while waiting. What furniture is common to use for temporary personal storage in such cases?","In a waiting room, guests may need to store personal items while waiting or may disappear temporarily. What form of personal storage is used for such?"
1,0,"In a cozy living room, people often sit comfortably while using electronic devices for work or leisure. What object in the picture is commonly placed on the person's lap for this purpose?","On a mobile home, people frequently walk casually while in use for personal comfort. What object is commonly placed in the room's workcase?"
1,0,"In a comfortable living room, people often sit relaxed while using electronic devices for work or entertainment purposes. Which of the objects in the picture is typically placed on the person's lap for this need?",People often sit comfortable during a living room for physical or entertainment purposes. Which of the items used in the person's frame is easily watching?
1,0,"What object is commonly placed on a person's lap for work or leisure while sitting comfortably in a cozy living room, as shown in the picture?","What object is commonly placed on a person's lap for work or life while sitting comfortably in a cozy living room, as shown in?"
1,0,"When in a comfortable living room, people often sit and utilize electronic devices for work or leisure. Identify an object in the picture that is typically placed on someone's lap for this purpose.","When easily accessible, people typically sit on an object that is in a living room for personal use. Identify work or exercise on the wheel' manner"
1,0,"In a comfortable living room, people frequently sit while using electronic devices for work or leisure purposes. What item is typically put on an individual's lap during this activity, as illustrated in the picture?","On a personal care device, individuals typically allow sitting while in the office or on work for leaking. What item is illustrated in this person's"
1,0,"In a cozy living room, people often relax in a comfortable seated position while using electronic devices for work or leisure. What item in this picture is typically placed on a person's lap for this purpose?","On a comfortable living room, people typically use this picture for personal use in an accessible position or is easily seated in a man's sleep."
1,0,"After a day of tiring work and travel, what object in this hotel room can be used to rest on for relaxation?","After a night of tiring and relaxation in this hotel room, what object work can be used to bring on rest for relaxation to do?"
1,0,"After a long day of work and travel, what can you utilize to unwind and relax in this hotel room?","After a long day of work and relaxation, what can you utilize to unwind and travel to stay and smile in this hotel room??"
1,0,"After a long day of work and travel, what item in the hotel room would you suggest your guests use to relax and rest on?","After a long day of sleep and rest, what item in the hotel would you suggest your guests and guests use to relax and work tooth on?"
1,0,"After a long day of work and travel, what piece of furniture in this hotel room could be utilized to relax and rest on?","After a long day of work and rest, what piece of furniture in this hotel room could be utilized to relax and leave on traveling?"
1,0,"If you need to rest and relax after a long day of work and travel, what is an object in the hotel room that can be utilized?","If you need to rest and relax after a long day of travel and work, what is an object in the hotel room that can be utilized?"
1,0,"In a park or a garden, people often need a place to sit and rest. What object in the picture could provide a comfortable sitting area?","In a park or a garden, people often need a place to sit and rest. What object in the picture could provide a comfortable sitting area??"
1,0,"What object in the picture would be suitable for providing comfortable seating in a park or garden, where people often need a place to sit and rest?","What object in the picture would be suitable for providing comfortable seating or comfort, where people often need a place to sit and rest in a garden?"
1,0,"When in a park or garden, people often require a place to sit and relax. What object within the picture could provide such a comfortable sitting area?","When in a park or garden, people often require a place to sit and relax. What object within the picture could provide such a comfortable sitting area?"
1,0,"At a park or in a garden, people often require a comfortable seating area to relax and take a break. Which object in the picture could serve as such a seating area?","At a park or as a walkoff, people often require a comfortable seating area to relax. Which object in the picture could serve a space?"
1,0,"In a park or garden, what item in the picture might furnish a comfortable place to sit and rest?","In a garden or park, what item in the picture might furnish a comfortable comfortable place to sit and rest? Allow the space to weigh?"
1,0,"In a park or garden, people often require a comfortable place to rest and sit. What item in the picture could be utilized as a seating area for this purpose?","In a park or garden, people often require a place to rest and relax. What item in this picture could be utilized as a seating?"
1,0,something showing the identity of this car,something showing the identity of the identity of this car. something showing the identity of this car that says something new. The identity of the car to fit
1,0,"In busy city streets, traffic violations can occur frequently, and law enforcement personnel play an important role in maintaining order. What in the picture can be a means of transportation for these law enforcement personnel?","On busy streets, traffic can occur in place, and law enforcement officers often play an important role in transportation. What is the law enforcement"
1,0,"In busy city streets, traffic violations can occur frequently, and law enforcement personnel are crucial in maintaining order. What means of transportation can be utilized by these law enforcement personnel in the image?","In urban areas, transportation can be frequently utilized by law enforcement officers in order. What dangerous means of police dispatch are in these accomplish?"
1,0,"In busy city streets, maintaining order is very important because traffic violations can occur frequently. What item in the picture could serve as a means of transportation for law enforcement personnel?","For urban police, maintaining order is important because traffic violations can occur frequently. What item in the picture could serve as a means of police?"
1,0,"In busy city streets, maintaining order is critical due to the likelihood of frequent traffic violations, in which law enforcement personnel play a crucial role. What kinds of transportation options can be identified for these individuals in the picture?","Among busy public transportation situations, security is crucial in the city, due to the importance of such formal display sequences. What individuals can expect?"
1,0,"Amidst a busy city environment, traffic violations can occur frequently, and law enforcement personnel have a significant role in maintaining law and order. What in the picture can potentially serve as a mode of transportation for these law enforcement personnel?","Across the Michigan environment, traffic and station operations can be a significant place for law enforcement officers. What is habitable in providing law enforcement"
1,0,"Law enforcement personnel play a crucial role in maintaining order in busy city streets where traffic violations can occur frequently. Based on the picture, what object could be utilized as a mode of transportation for these personnel?",Municipal police act as an essential activity for maintaining traffic service procedures throughout the neighborhood. On what could be utilized in police positions for a scenario?
1,0,"When attending a formal event or a convention, people often wear stylish and coordinated outfits to showcase their personal style. What item in the picture can be used to enhance the appearance of the woman's lips for such an occasion?","Usually worn in person's outfits, people can wear a formal dress to enhance the appearance of the audience for an event. What specifically"
1,0,"When attending a formal event or a convention, individuals often wear stylish and coordinated outfits to highlight their personal flair. Please help me identify the item in the picture that could be utilized to improve the appearance of a woman's lips to match her stylish outfit.","When attending a professional event, please describe an item in the dress's outfits to help enhance their personalized and stylish."
1,0,What object in the picture could be utilized to enhance the appearance of a woman's lips before attending a formal event or convention to display their personal style?,What object in the picture could be utilized before attending a formal event to enhance the appearance of a woman's smile or her style?
1,0,"For enhancing the appearance of the lips while attending a formal event or a convention, what item in the picture could be utilized?","For enhancing the appearance of the lips while attending a formal event or a ceremony, what item in the picture could be utilized for?"
1,0,"At a formal event or convention, people often wear coordinated and stylish outfits to showcase their personal style. What item in the picture might a person use to enhance the appearance of their lips for such an occasion?","At formal occasions, people often wear stylish outfits for a person to enhance their personal appearance or event. What item in the mirror could"
1,0,"On a camping trip, people often enjoy roasting marshmallows or cooking food over an open fire. What object in the picture could be used to hold the fire and create a cozy atmosphere?","On camping, people often enjoy cooking open marshes and a cozy fire. What object in the picture could be serving a garden?"
1,0,"When on a camping trip, what can be utilized to hold the fire and create a cozy atmosphere while roasting marshmallows or cooking food over the open fire based on the picture?","When camping on fire, what can be used to enjoy a warm mall or assembled marshmies while viewing the fire action?"
1,0,"During a camping trip, what object in the picture could be utilized to contain a fire and generate a warm and welcoming ambiance for roasting marshmallows or cooking food?","During a marshmallow trip, what object in the picture could be utilizing a atmosphere for producing warm and boasting food or dogs?"
1,0,"In a camping trip, what item in the picture could be utilized to hold an open fire and generate a warm and cozy environment for cooking food or roasting marshmallows?","On the beach, what item in a picture could be utilized for cooking and holding a marshmall environment or creating fun roasts?"
1,0,Suppose you are on a camping trip where people frequently roast marshmallows or cook food over an open fire. What object in the picture could be utilized to contain the fire and create a warm atmosphere?,People often gather on camping barnacles or provide food in the atmosphere. What object in a picture could be utilized over a beautiful fire.
1,0,"In Figure Skating, performers often incorporate spinning movements into their routines. What in the picture can provide stability and enable the skater to spin gracefully?","In Figure Skating, performers often incorporate spinning routines. What in the picture can enable the dance to stability and perform comfortably?"
1,0,"In figure skating, spins are incorporated into routines for artistic effect. What in the picture might provide stability, enabling the skater to spin gracefully?","In skaters, crews suggest spin to express the skating, allowing balance. What might be featurefully in the image for resting effort?"
1,0,"In Figure Skating, the spinning movements are common and graceful. Please point me to the object in the picture that can provide the skater with stability and allow them to spin gracefully?","In the Figure, the skating unit is graceful. Please allow me to render the objects in action and carry that grace to walk comfortably?"
1,0,"In figure skating, spinning movements are frequently incorporated in routines. What object in the picture can provide stability and enable the performer to spin gracefully?","When spinning, object in the picture are frequently utilized in routine performances. What rotating rules can enable the performer to calmly?"
1,0,"What in the picture can provide the skater with stability and enable them to execute spinning movements gracefully, which are often incorporated into Figure Skating performances?","What in the picture can allow the skater to achieve stability and carry them motion comfortably, which are often incorporated into Braining annotations performances?"
1,0,"When performing routines in figure skating, spinning movements are often incorporated. Please tell me what aspect of the picture enables the skater to spin gracefully while maintaining stability?","When practicing skates, sometimes spinning allows me to maintain balance. What feature is the picture of the skate functioning indefinitely?"
1,0,the body parts of the bird that grip onto tree branches,the body parts of the bird that slip onto the tree.our heart of a tree tree that grips onto wind and tree branches from birds
1,0,"When we manipulate an electronic document, what peripheral device do we need to enter data or instruction?","When we manipulate an electronic device through our document, what peripheral device do we need to enter. What variable object to data processing or instruction?"
1,0,"When manipulating an electronic document, what peripheral device would typically be utilized to enter data or commands?","When interpreting electronic data in a document, what peripheral device would typically be utilized to explicitly enter an operating system or commands or commands?"
1,0,"When manipulating an electronic document, what peripheral input device is needed for entering data or instructions?","When manipulating a document with an electronic device, what peripheral data object is needed for entering input or instructions to describe enabled diagnostic document?"
1,0,"When manipulating an electronic document, what peripheral device is typically used for inputting data or instructions?","When manipulating an electronic document, what peripheral device is typically used for inputting data or instructions to describe a document with inputing protocol?"
1,0,"When manipulating an electronic document, what peripheral device do we typically use to enter data and instructions?","When manipulating an electronic document, what peripheral device do we typically use to enter data and instructions that enable of verifying computer and interface?"
1,0,"When working with an electronic document, which peripheral device is necessary to input data or instructions?","When working with an electronic document to understand key instructions for processing an input document, which peripheral device or device is necessary to input a data?"
1,0,What object can effectively block water from splashing outside the shower area?,What object can effectively block water from splashing outside the shower area? What can block water from splashing outside the shower area?
1,0,"In order to prevent water from splashing outside the shower area, what object may be utilized?","In order to prevent water from splashing outside of the shower area, what object may be utilized, the object may be watered?"
1,0,What item could be utilized to prevent water from spreading outside the shower area effectively?,What item could be utilized to help prevent water from spreading outside the shower area effectively? The area could be hidden outside the water supply?
1,0,What object can be utilized to prevent water from splashing outside the shower area?,What object can be utilized to prevent water from splashing outside the shower area? What to prevent water from the shower area??
1,0,What item can be used to prevent water from spraying out of the shower area?,What item can be used to prevent water from spraying out of the shower area from wraying watering in the shower pan?
1,0,Which of the items in the picture can effectively prevent water from splashing outside of the shower area?,Which of the items in the picture can effectively prevent water from splashing outside of the shower from meeting the surface of the shower area?
1,0,What object can we use to control the water flow during the bathing process?,What object can we use to control the water flow during the bathing process? What object can we use to control the water cycle in the bath?
1,0,What is the object used to control the flow of water during the bathing process?,What is the object used to control the flow of water during the bathing process? What is the flow of water during the bathing process??
1,0,What object can be utilized to regulate the flow of water during bathing?,What object can be utilized to regulate the flow of water during the bathing? What object can be utilized to regulate bathing?
1,0,Which item can be used to manage the water flow during the process of bathing?,Which item can be used to manage the water flow during the process of watering? Which can be used to process the process of water bathing?
1,0,What object can be used to regulate the flow of water when taking a bath?,What object can be used to regulate the flow of water when taking a bath? What. to regulate the flow of water when taking a bath
1,0,What object can be used to regulate the flow of water during the process of bathing?,What object can be used to regulate the flow of water during the process of bathing? What object can be used to the process of bath?
1,0,What appliance in a room is frequently used for entertainment purposes?,What appliance in a room is frequently used for entertainment purposes? What is used for entertainment purposes? Theater in a room supply??
1,0,What object is often utilized for entertainment purposes in a room?,What object is often utilized for entertainment purposes in a room? What is meant for entertainment purposes in a room? Answer to unique space?
1,0,Which object is commonly used for entertainment purposes in a room?,Which object is commonly used for entertainment purposes in a room? Which is meant for entertainment purposes in a room? Answer to unique object??
1,0,What appliance do people regularly use for entertainment purposes in a room?,What appliance do people regularly use for entertainment purposes when used for appliance purposes? What quality of a room do that in a home??
1,0,Which device typically found in a room is often used for entertainment purposes?,Which device typically found in a room is often used in a room is often used for entertainment purposes? Which available for entertainment purposes? True.
1,0,What appliance found in a room is commonly used for entertainment purposes?,What appliance found in a room is commonly used in a room is commonly used for entertainment purposes? What.itiated for entertainment purposes?
1,0,"When the owner parks the car, which part of the car in the picture will be in direct contact with the ground?","When the owner parks the car, which part of the car in the picture will be in direct contact with the ground: which the ground cover?"
1,0,"When parking the car, what part of the car in the picture will come into direct contact with the ground?","When parking the car, what part of the car in the picture will come into direct contact with the ground? Here of the exterior to turn?"
1,0,"After the owner parks the car, what section of the vehicle in the picture will be in direct contact with the ground?","After the owner is parked, what part of the vehicle in the ground will have the car in direct contact with the area the following parks?"
1,0,"When parking a car, which region of the vehicle pictured would be in direct contact with the ground?","When parking a car in connection with the vehicle, which region of the vehicle pictured would be in direct contact with the word ground??"
1,0,"When the car is parked, what part of the vehicle would be in direct contact with the ground in this picture?","When the car is parked, what part of the vehicle would be in direct contact with the ground in the vehicle with this picture in we shown?"
1,0,"When taking a dog for a walk on the beach, what part of the dog's body should be wet if it enjoys playing in the water?","When taking a dog for play in the water, what part of the dog's body should be wet if it enjoys playing on a beach?"
1,0,"Suppose that you were taking the dog for a walk on the beach, which part of the dog's body would be wet if the dog enjoys playing in the water?","Suppose that you were taking the dog for a walk in the water, which part of the dog's body would enjoy playing if the dog was?"
1,0,"When taking a dog to the beach, which part of its body is likely to be wet if it enjoys playing in the water?","When enjoying taking a dog to the beach, which part of its body is likely to be wet in the water if it plays in dirt?"
1,0,"When taking a dog for a walk on the beach, what part of a dog's body gets wet if it enjoys playing in the water?","When taking a dog for play on a beach, what part of a dog's body gets wet if it enjoys playing in the waterway?"
1,0,"When taking a dog for a walk on the beach, if the dog enjoys playing in the water, which part of its body is likely to be wet?","When taking a dog for a walk on the beach, if the dog enjoys playing in the water, which part of its body is likely to?"
1,0,the reflection of the persons in the mirror,the reflection of the the persons in the mirror in the mirror. the reflection of the persons in the mirror the reflection of the Earth in the mirror.
1,0,"When driving at night, it is important to have proper lighting on the front of the vehicle to ensure safety. What part of the vehicle in the picture provides this lighting?","When driving at night, it is important to have proper lighting in the front of the vehicle to ensure safety. What part of the lighting provides"
1,0,"While driving at night, what component of the vehicle shown in the picture provides proper illumination to ensure safety on the road?","While driving on the road, what part of the vehicle shown in the picture provides proper illumination to ensure safety upon night as with the vehicle?"
1,0,"During night-time driving, which part of a vehicle is used to provide adequate lighting on the front to ensure driver safety?","During night-time driving, which part of a vehicle is used to provide adequate lighting on the front to ensure driver safety? safety?"
1,0,"When driving at night, proper lighting on the front of a vehicle is essential for safety. Could you tell me what part of the vehicle in the picture provides this lighting?","When driving at night, asking me what lighting in the front of the vehicle is necessary for safety. Could you provide part of this lighting?"
1,0,"When driving at night, proper lighting on the front of the vehicle is crucial for ensuring safety. What component of the vehicle in the picture provides this lighting?","When driving at night, proper lighting on the front of the vehicle is crucial for ensuring safety. What component in the vehicle provides this?"
1,0,"In a classroom setting, students often engage in activities that require writing and taking notes. What object in the picture would students use to write with?","In a classroom setting, students often use writing and taking notes that require writing to read. What object in the picture would students engage with?"
1,0,"During a classroom setting, students usually engage in activities that involve writing and taking notes. What object in the picture would be utilized by students as a writing tool?","During a classroom setting, students usually engage in activities utilized by writing and taking notes. What object in the picture would be as writing?"
1,0,"In a classroom setting, students often engage in activities that require writing and taking notes. Please identify the object in the picture that students would use to write.","In a classroom setting, students often engage in activities that require writing and taking notes. Please identify the object in the picture students would use."
1,0,What object in the picture would students typically utilize to write and take notes during classroom activities?,What object in the picture would students typically utilize to write and take notes to remember and take notes during classroom activities? classroom activities?
1,0,"In a classroom setting, what object in the picture might be used by students to take notes or write?","In a classroom setting, what object in the picture might be used by students to take notes or write? In practice, what to tell write?"
1,0,"During classroom activities that involve note-taking and writing, what object would students use to compose their work?","During classroom activities that involve note-taking and writing, what object would students use to compose, what would students use to compose their work?"
1,0,What home appliance is commonly used to store fresh and frozen food at low temperatures?,What home appliance is commonly used to store fresh and frozen food for food products? What is safe and frozen at low temperatures??
1,0,What common household appliance is typically used to store fresh and frozen food at low temperatures?,What common household appliance is typically used to store fresh and frozen food for products with common leaked food at low temperatures? The temperature?
1,0,What electrical appliance is typically used to preserve fresh and frozen food by maintaining low temperatures?,What electrical appliance is typically used to preserve fresh and frozen food by maintaining low quality by maintaining low soil temperatures that low?
1,0,What household appliance is usually utilized to store fresh and frozen food at low temperatures?,What household appliance is usually utilized to store fresh and frozen food available to store pure and shade food at low temperatures???
1,0,What is the commonly used home appliance to store fresh and frozen food at low temperatures?,What is the commonly used home appliance to store fresh and frozen food for products with common and shutter at low temperatures? The temperature?
1,0,Flowers need sunlight to grow and bloom. What in the picture can provide the necessary light for the flowers to thrive?,Flowers need sunlight to grow and bloom. What in the picture can provide the necessary light for the flowers to the light to thrive?
1,0,"For the flowers to grow and bloom, they require adequate sunlight. Please identify which object in the picture could provide the necessary light for the flowers.","For the flowers to grow and bloom, they require adequate sunlight. Please identify which object in the picture could provide the necessary flowers."
1,0,What in the picture could serve as a source of light to facilitate the growth and blooming of the flowers?,What in the picture could serve as a source of light to facilitate the growth and blooming of the flowers? Looking to cover the flowers??
1,0,What in the picture can provide the necessary light for the flowers to grow and thrive?,What in the picture can provide the necessary light for the flowers to grow and thrive? What in the flowers can grow and thrive? Hope.
1,0,What in the picture can provide the necessary light for the flowers to thrive since they require sunlight to grow and bloom?,What in the picture can provide the necessary light for the flowers to grow and bloom since they require sunlight to thrive and the weathered?
1,0,Flowers require sunlight to grow and blossom. What in the picture might serve as a source of light that could enable the flowers to flourish?,Flowers require light to flourish. What in the picture might serve as a source of light that could enable the flowers to blossom?
1,0,"After doing laundry, where should we put the wet clothes?","After doing laundry, where should we put the wet clothes? What. after do we put the wet clothes? How to shirt clothes?"
1,0,"Once the laundry is done, where should the wet clothes be placed in the picture?","Once the laundry is done, where should the wet wet clothes be placed in the picture, where should the wet clothes be in the picture?"
1,0,"After doing laundry, where should the wet clothes be placed for drying?","After doing laundry, where should the wet clothes be placed for wet wetting? where are the wet hair available to do washing??"
1,0,"Once the laundry is done, where is the best place to put the damp clothes until they dry?","Once the laundry is done, where is the best place to put the damp clothes until they dry? Once the wrist soothing?"
1,0,"After washing clothes, where should we put the wet clothing to be properly dried?","After wearing wet clothing, where should the washing clothes be properly dried? - to put wet clothes to have to be shred."
1,0,"After doing laundry, where should wet clothes be placed for drying?","After doing laundry, where should wet clothes be placed for wet washing? where are to wet clothes available for wetting shakeing?"
1,0,Many trees produce seeds that eventually grow into new trees. What part of the tree in the picture would contain the seeds that can sprout and grow into a new oak tree?,Many trees contain seeds that would eventually grow into new trees. What part of the tree in the picture can grow and sprout into a tree?
1,0,"In the picture, which part of the tree tends to contain the seeds that can grow into new oak trees?","In the picture, which part of the tree tends to contain the seeds that can produce new seeds that can grow into new oak trees?"
1,0,"In general, trees produce seeds that can sprout and grow into a new generation of trees. Based on the image presented, what part of the tree is most likely to contain seeds that can take root and develop into a mature oak tree?","Based on pictures, trees produce seeds that can in turn develop and grow into an oak tree. What part of the tree is likely to include"
1,0,"In the picture of the tree, what part(s) do you think would contain the seeds capable of germinating and developing into a new oak tree?","In the picture, what part(s) you think could contain the seeds capable of oak and maturing into a new herding tree?"
1,0,Which part of the tree in the picture houses the seeds that can sprout and develop into a new oak tree?,Which part of the tree in the picture seeds and builds into a new tree that can ench the oil that involves the present day dairy?
1,0,What object in the picture can make the air in the indoor environment fresher and more comfortable?,"What object in the picture can make the air in the indoor environment more comfortable and more fun, would the sunlight fresher in the air?"
1,0,What object in the picture could make the indoor air fresher and more comfortable to breathe?,What object in the picture could make the indoor air fresher and more comfortable to breathe more difficult to make the home drunken?
1,0,What appliance in the picture could be used to make the indoor air fresher and more comfortable?,"What appliance in the picture could be used to make the indoor air fresher and more comfortable, the home sunburner more in quality?"
1,0,What object in the image can improve the freshness and comfort of indoor air quality?,What object in the image can improve the freshness and comfort of indoor air quality? What can improve the durability of indoor air content?
1,0,What object in the picture can promote the circulation of fresh and comfortable air in the indoor environment?,What object in the picture can promote the circulation of fresh and comfortable air in the indoor environment in the comfortable atmosphere for the indoor glass?
1,0,What equipment in the picture can be used to make the air quality in an indoor environment feel fresher and more comfortable?,"What equipment in the picture can be used to make the air quality of the environment in an indoor comfort feel more comfortable, fresh and fresher?"
1,0,"When someone is reading a book or a magazine and wants to take a break, they may need a specific object to mark their place. What item in the picture is commonly used for this purpose?","When someone is reading a book or wants to take a break, they may need a specific object commonly used for their purpose. What item in the picture"
1,0,What object seen in the picture is frequently utilized to help someone mark their place when taking a break while reading a book or a magazine?,What object seen in the picture is frequently utilized to help someone place their mark when taking a break while reading a book or place in a magazine?
1,0,What object could be utilized to mark a reader's place when they take a break from reading a book or a magazine in the given picture?,What object could be utilized to mark a reader's spot when they take the break from a book or a book in a given story such?
1,0,What object in the image is frequently used to mark one's place when taking a break from reading a book or a magazine?,What object in the image is often used to mark one's place when taking a break from reading a book or a magazine in a written place?
1,0,"When someone is reading a book or a magazine, and they want to take a break, what item could they use to mark their place?","When someone is reading a book or a magazine, and they want to put a take of their place, what item could they use to mark sight?"
1,0,What item in the picture is commonly used as a bookmark for someone reading a book or magazine who wants to take a break and come back to the same spot?,What item in the picture is commonly used as a bookmark for a bookstore who wants to take a break or come back to the same spot?
1,0,"In the picture, what object is on the ground and known for its slithering movements?","In the picture, what object is on the ground and known for its slithering movements? That is the bear in slithering stoneers?"
1,0,What is the object on the ground in the picture that is known for its slithering movements?,What is the object on the ground in a picture that is known for its dimensions. The slithering stone that is in the greing movements?
1,0,What object is located on the ground in the picture and is typically characterized by its slithering movements?,What object is located on the ground in the picture and is typically characterized by its picture and is betweenersseen by the slithering movements?
1,0,"What's the object on the ground in the picture, and famous for its slithering motions?","What's the object on the ground in the picture, and famous for its opposite sides in the slithering, wounding motions?"
1,0,"What animal, known for its slithering movements, is depicted in the picture on the ground?","What animal, known for its slithering movements, is depicted in the picture of the breather, is slung on the ground??"
1,0,"Ladybirds, also known as ladybugs, are common insects found in gardens and fields. What part of the ladybird's body is often brightly colored with spots?","Ladybugs, also known as ladybugs, are often spotted with color. What part of the bird's skin in common areas?"
1,0,"Ladybirds, commonly known as ladybugs, are common insects that may be discovered in gardens and fields. What component of the ladybird is frequently marked with bright spots or vibrant colors?","Ladybugs, commonly known as ladybirds, are frequently discovered in gardens with certain mornings or colors. What significant color of plants"
1,0,"Ladybirds, alternatively referred to as ladybugs, are common insects frequently encountered in gardens and fields. What portion of a ladybird's physique tends to be distinctively hued and covered in spots?","Ladybugs, generally referred to as ladybirds, are frequently absent in gardens and fields. What subset of a bird's porch"
1,0,"Ladybirds, also known as ladybugs, are common insects that can be found in gardens and fields. What part of the ladybird's body is usually brightly colored and marked with spots?","Ladybugs, also known as ladybirds, are usually found in areas and with colors. What part of the bird's grave can?"
1,0,"Ladybirds, also known as ladybugs, are common insects found in gardens and fields. What is the anatomical part of the body where the ladybird's bright spots are located?","Ladybugs, also known as ladybirds are found in spherical areas. What is the anatomical part of the bird's contacts"
1,0,"Ladybirds, commonly seen in gardens and fields, have a distinctive appearance. Which part of their body is often brightly colored and spotted?","Ladybirds, commonly seen in trees and gardens, have a distinctive appearance. Which part of their body is often brightly colored and?"
1,0,"When playing baseball, it is important to protect our feet from injuries when running and sliding. What item in the picture is specifically designed for this purpose?","When playing baseball, it is important to protect our feet from damage when running and sliding. What item in the picture is specifically designed for this purpose"
1,0,What item in the picture is intended for protecting our feet from injuries while running and sliding during baseball?,What item in the picture is intended for protecting our feet from injuries while running and sliding during baseball? for carrying in lightning baseball?
1,0,"In baseball, it is necessary to protect feet from injury while running or sliding. What object in the image is designed specifically for this purpose?","In baseball, it is necessary to protect feet from injury while running or sliding. What object in the image is designed specifically for this purpose? What"
1,0,What item in the picture is intended to protect the feet from injury during running and sliding while playing baseball?,"What item in the picture is intended to protect the feet from the risk of sliding and running during injury while playing baseball, running and wearing?"
1,0,"When playing baseball, what object is specifically designed to protect the feet from injuries when running and sliding?","When playing baseball, what object is specifically designed to protect the feet from injuries that are designed when running and sliding when handling injuries??"
1,0,"When playing baseball, it is important to protect our feet from injuries when running and sliding.  Stylishly as well, in modern times. Which item in the picture is specifically designed to provide such protection?","When building a baseball, it is important to protect against injuries as well. Typically, what in the picture is designed as lapping easily."
1,0,the person who is currently preparing to catch the ball,the person who is currently preparing to catch the ball who is currently preparing to catch the ball. the person who has planned to catch the ball
1,0,"When playing video games, what object in the picture is commonly held and used to control the actions of the characters on the screen?","When playing video games, what object in the picture is commonly used and held and held to control the actions of the characters on the screen???"
1,0,What item in the picture is typically held and utilized to control the actions of video game characters on the screen?,What item in the picture is typically held and utilized to control the actions of video game characters when viewed on the screen including the game in nature?
1,0,"When playing video games, what device is typically held and used to control the actions of the characters on the screen, based on the image?","When playing video games, what device is typically held and used to control the actions of the characters on the screen, based on the image upon the?"
1,0,What item in the picture is often used to control the actions of characters on the screen when playing video games?,What item in the picture is often used to control the actions of the characters on the screen when playing video games? The character when playing video games?
1,0,"When playing video games, what controller in the picture is commonly held and utilized to manage the movements and actions of the characters on the screen?","When playing video games, what controller in the picture is commonly utilized to manage and hold the characters and actions of the movements held on the screen?"
1,0,"In video gaming, what object is usually held in hand and utilized to control the actions of the game's characters displayed on the screen?","In video gameplay, what object is usually utilized to control the characters being held and displayed in hand and the actions of the game's screen"
1,0,Teachers usually write key words or questions on what object during the class?,Teachers usually write key words or questions on what object. Teachers usually give answers to what object during the class during the key class?
1,0,What is an object that teachers regularly use to write key words or questions on during a class?,What is an object that teachers regularly use to write key words or questions that teachers regularly hear as key words on during a class during a class??
1,0,"During a typical class, what object might teachers commonly use to write down key words or questions?","During a typical class, what object might teachers commonly use to ask questions. What object might a client use to write down key words or key words?"
1,0,"During class, what object might teachers typically utilize to write down key words or questions?","During class, what object might teachers typically utilize to write down key words or questions? What teacher will master to describe specific words to ask about?"
1,0,"During a class, what object do teachers commonly use to write down key words or questions?","During a class, what object do teachers commonly use to write down key words or questions? What object does a teacher identify when writing down words or?"
1,0,"During a class, what object do teachers often write down key words or questions on?","During a class, what object do teachers often write down key words or questions on? What object do teachers often write down key words and answers on?"
1,0,something that prevents the animal from getting out,something that prevents the animal from getting out from getting out. something that prevents the animal from getting out the animal from changing to prevent me.ig out
1,0,the objects that can illuminate the road conditions,the objects that can illuminate the road conditions that can illuminate the road conditions. the objects that cover the road conditions and predict the light skin conditions
1,0,What should we use to prevent water from splashing around when taking a shower?,What should we use to prevent water from splashing around when taking a shower? What to prevent water from taking a dry shower??
1,0,What object or tool might be used to prevent water from splashing around during a shower?,What object or tool might be used to prevent water from splashing around during a shower? What to prevent water from moving a shower?
1,0,Which item can be utilized to prevent water from splashing around during a shower?,Which item can be utilized to prevent water from splashing around to prevent water from splashing around during a shower? The show?
1,0,What can be used to prevent water from splashing outside of the shower area while taking a shower?,"What can be used to prevent water from splashing outside of the shower area while taking a shower, allowing water in the shower?"
1,0,What can we utilize to keep water from splashing around while showering?,What can we utilize to keep water from splashing around to ease. from splashing while showering in while we showering??
1,0,What can be utilized during a shower to prevent water from splashing around?,What can be utilized during a shower to prevent water from splashing around? What can prevent water from splashing around?? The
1,0,"In a fairytale story, what object is often associated with magical creatures and can unlock hidden secrets or treasures?","In a fairytale story, what object is associated with hidden creatures or treasures and can unlock magical secrets and hidden powers?"
1,0,"In many fairy tales, what object is typically associated with magical creatures and is capable of unlocking hidden secrets or treasures?","In many fairy tales, what object is typically associated with magical creatures and is capable of unlocking hidden secrets or treasures?"
1,0,"In a fairytale, what object is frequently linked with magical creatures and has the ability to unlock hidden secrets or treasures?","In a fairytale, what object is often associated with magical creatures and has the ability to trace hidden secrets and unlocks?"
1,0,"Magical creatures in fairytale stories are often associated with what type of object, which can have the power to unlock hidden secrets or treasures?","Magical creatures are often associated with hidden treasures, which in key trailer powers, can unleash what has to the story or?"
1,0,"In a fairytale story, which object is commonly related to magical creatures and has the power to unlock hidden secrets or treasures?","In a fairytale story, which object is commonly related to hidden creatures and has the power to unlock magical secrets or treasures"
1,0,"In many fairytale stories, a particular object is often associated with magical creatures and can unlock hidden secrets or treasures. Can you guess what that object might be, based on common fairy tales?","In fairy tales, what can be, a particular creature is often associated with multiple fairytales and could point out hidden creatures or secrets"
1,0,something showing the price,something showing the price showing the price. something showing the price. something showing the price of $. Simple showing the price in history and the threshold to
1,0,something that can be used to attack enemies from a distance,something that can be used to attack enemies from something to attack enemies from a distance. that can be used to attack enemies from a war of normal distance
1,0,Birds often need a high vantage point to observe their surroundings. What in the picture provides a suitable location for birds to perch and rest?,Birds often need a vantage point for birds to perch and rest. What in the picture provides a suitable surroundings to observe their?
1,0,"What in the picture could function as a suitable location for birds to perch and rest, as they often require an elevated vantage point to observe their surroundings?","What in the picture could serve as a suitable location for birds to perch and observe, as they often require an elevated point surroundings?"
1,0,What in the picture might provide a comfortable place for birds to perch and rest while maintaining an unobstructed view of their surroundings?,What in the picture might provide a perch for birds to rest and relax while maintaining an unobstructed view of their surroundings?
1,0,"What in the picture could serve as a suitable location for birds to perch and rest, as they often require a high vantage point to observe their surroundings?","What in the picture could serve as a suitable location for birds to vantage and perch, as they often require a high rest surroundings?"
1,0,the musician,"the musician the musician. the musicianian the musician. The musician of classic, musician the shone. the budgie"
1,0,What in the picture can transport skiers and snowboarders up the mountain to the top of the ski slope?,What in the picture can transport skiers and snowboarders up to the top of the mountain can down the slope of the skiing ski ride?
1,0,What equipment or machinery in the picture can be used to transport skiers and snowboarders to the top of the ski slope?,What equipment and machinery in the picture can be used to transport skiers or snowboarders to the top of the skiable slope??
1,0,What in the picture shows a mechanism used to transport skiers and snowboarders up the mountain to the top of the ski slope?,What in the picture shows is a mechanism used to transport skiers and snowboarders up the mountain to the top of the ski mountain slope??
1,0,What object can transport skiers and snowboarders to the top of a ski slope in the picture?,What object can transport skiers and snowboarders to the top of a ski slope to the top of the ski slope in the picture? Answer?
1,0,What is the commonly used equipment in this picture to transport skiers and snowboarders up to the top of the ski slope?,What is the commonly used equipment in this picture to transport skiers and snowboarders up to the top of the the top of the ski slope?
1,0,"In snowy weather, driving can be challenging due to limited visibility. What part of the car in the picture is used to illuminate the road ahead and improve visibility?","In snowy weather, driving can be difficult due to visibility. What part of the car in the picture is used to improve visibility and expedite?"
1,0,"When driving in snowy weather, visibility is often limited, making it challenging. What part of the car in this picture would be utilized to illuminate the road and enhance visibility?","When driving in snowy weather, the picture is often challenging. What part of the car would be utilized to enhance visibility in this?"
1,0,"During snowy weather, visibility is typically reduced, which makes driving more difficult. What part of the car in the picture is used to illuminate the road ahead and improve visibility?","During snowy weather, visibility is usually lessened, which makes driving more accurate. What part of the car in the road is exposed to the step"
1,0,"What part of the car in the picture is used to illuminate the road ahead and improve visibility, particularly during times of limited visibility such as snowy weather?","What part of the car in the picture is used to calm down the road and enhance visibility, often during times of weather such as open weather?"
1,0,"When driving under snowy weather conditions, visibility can be a major challenge. What part of the car displayed in the picture is typically utilized to light up the pathway ahead and improve visibility in such circumstances?","On light weather conditions, visibility is typically a challenge. What part of the car in the picture can be utilized to brighten up such direction?"
1,0,Driving in snowy weather can be challenging due to limited visibility. Which part of the car in the picture is typically utilized to illuminate the road ahead and enhance visibility?,Driving over the road can be difficult due to weather limitations. Which part of the car in the picture is typically utilized to augment visibility?
1,0,What in the picture can be worn on the feet to glide smoothly on the pavement or floor?,What in the picture can be worn on the feet to glide smoothly on the floor to open on the pavement or pavement or floor?
1,0,What object in the picture can be used to glide smoothly on the pavement or floor when worn on the feet?,What object in the picture can be used to glide smoothly on the pavement or floor when worn to drip smoothly on the feet?
1,0,"What type of equipment, which can be worn on the feet to promote smooth sliding on the pavement or the floor, can be identified in the picture?","What type of equipment, which can be worn on the floor to promote smooth sliding on the pavement or the feet, can be identified in?"
1,0,What object can be worn on the feet in the image to move smoothly on the pavement or floor?,What object can be worn for feet on the floor to move smoothly in the image. What is invisible in the pavement on the foot or?
1,0,Can you tell me what object in the picture can be worn on the feet to glide smoothly on the pavement or floor?,Can you tell me what object in the picture can be worn on the feet to glide smoothly on the pavement or floor on the foot?
1,0,What object in the picture should be worn on the feet to move smoothly across the pavement or floor?,What object in the picture should be worn on the feet to move smoothly across the concrete pavement or floor. Push across the door to?
1,0,"Many people like to watch movies on TV, but the sound from the TV itself may not be loud enough or of good quality. What device in the picture can enhance the sound from the TV?","Many people like to entertain the picture of the TV or from the TV, but sound quality may be good enough. What is the picture in itself?"
1,0,"While many people enjoy watching movies on TV, the TV's sound may not be loud enough or of high quality. What object in the picture can be used to enhance the TV's audio?","While many TVs are viewed on the movie, it can be useful to enhance the TV's sound or in quality. What audio is?"
1,0,"When watching a movie on TV, some people may find the sound from the TV itself insufficient or of poor quality. What device in the picture could be used to enhance the TV sound?","When watching a TV from a movie, some of the device used to view the sound could be invaluable or of poor quality. What TV Is"
1,0,"If someone wants to watch a movie on TV, but the sound from the TV itself isn't loud enough or is of poor quality, what device in the picture could be utilized to improve the sound?","If someone wants to watch another movie on the TV or isn't utilized to improve sound quality, what device in the TV is of useless?"
1,0,"Assuming this is a restaurant kitchen and the chef finds that there is not enough food, and needs to inform the restaurant staff promptly to notify the customers. Which device in the picture is the chef most likely to use for instant communication?","Assuming this is a restaurant TV person is not likely to communicate with the customers, and the restaurant asks what to use the necessary menu in advance. What"
1,0,"Suppose that this is a kitchen within a restaurant and the chef realizes there isn't enough food. To quickly notify the restaurant staff so that they can alert the customers, which object within the picture would the chef most likely utilize for instant communication?",Suppose that this is a restaurant where the restaurant staff realizes is not enough food. To prompt a customer to easily communicate the results inside the staff...
1,0,"As the chef in a restaurant kitchen, if you discover that there is an inadequate amount of food, and you need to communicate with other staff promptly to inform customers, which device present in the picture would be the most appropriate for instant communication?","AND if you encounter a chef, which is adequate in the kitchen, you want to receive a significant amount of food in customer communication immediately,"
1,0,"In the given scenario of a busy restaurant kitchen where the chef discovers there isn't enough food, and prompt communication with the restaurant staff is essential to notify the customers, what device in the picture could the chef likely use for instant communication?","In the scenario of a kitchen manager when not requiring enough food to communicate with the restaurant staff, what unexpected message the restaurant designer could be possible and correctly"
1,0,"Suppose it is a restaurant kitchen, and the chef finds that there is not enough food and needs to inform the staff quickly to notify customers. Which device in the picture is the chef likely to use for prompt communication?","Suppose the restaurant is not to serve customers, and there is a waiting device that is likely necessary to notify the chef. What in the restaurant humor?"
1,0,"Suppose this is a restaurant's kitchen, and the chef discovers that there isn't enough food, necessitating a notification to the staff to promptly inform the customers. Based on the picture, which device is the chef most likely to employ to facilitate quick communication?","Assuming there's a restaurant, which is the only device that employees can prompt the restaurant to communicate with, and prompting the employees to realize!"
1,0,"In formal events, people often wear accessories to enhance their outfits. What item in the picture is typically worn around the neck to complement a formal attire?","In formal events, people typically wear accessories around the neck to enhance their outfits. What item in the picture is often a wear?"
1,0,"Formal events often require the use of accessories to enhance an individual's outfit. What attire accent is typically sported around the neck to compliment a formal outfit, as indicated by the image?",What accessories typically fit under the neck to enhance an individual's appearance? Formal dress is often outlined as accompanied by an attire
1,0,"At formal occasions, people often wear decorations to embellish their outfits. Which object in the picture is usually worn around the neck to accent a formal ensemble?","To wear formal outfits, people often wear the appearance at your archery. Which object in the ceremony is often dressed to entice pieces?"
1,0,"What item would one typically wear around the neck to complement formal attire during events, as seen in the picture?","What item would one typically wear around the neck to complement formal attire during the event to fit throughout events, as seen in the picture in plain?"
1,0,"In formal events, people often wear accessories to enhance their outfits. What is the item in the picture that is traditionally worn around the neck to complement formal attire?","In formal occasions, people often wear accessories to complement their formal attire. What is the item that is traditionally worn around the outfit?"
1,0,What item could we use to complement our formal attire when attending formal events usually worn around the neck as an accessory in this picture?,What item could we use in our neck to complement the attire when attending formal events usually worn around the neck as an accessory this picture?
1,0,something that can fly out of the earth,something that can fly out of the earth that can fly out of the earth. that is Earth. something that can fly out of the earth and sle
1,0,"If it's very sunny outside, what object can effectively block the sun to let light enter lightly from the window?","If it's very sunny outside, what object can block light to enable the sun to let light dominately enter precisely from the light window?"
1,0,"If it's very sunny outside, what object in the picture can be utilized to block direct sunlight, while still allowing a certain amount of light to enter through the window?","If it's sunny outside, what object in the picture can be allowed to block a certain amount of light, while fully entering the window?"
1,0,What object could be used to effectively block sun rays from coming in too strongly through a window during very sunny weather but still allow for some light to enter?,What object could be used to block light rays from coming through during sunny days but could allow something quite sufficiently quickly in for a good window?
1,0,Suppose it's very sunny outside and you want to block the sun while still allowing some light to enter through the window. What item can be used for this purpose?,Suppose it's sunny and you want to block some light while still allowing the outside enter through the window. What item can be used for this
1,0,"On a bright sunny day, what object could be utilized to effectively block the sun while allowing light to enter the room?","On a bright sunny day, what object could be utilized to block the sun while effectively allowing light to prevent the sun to enter the room?"
1,0,"On a very sunny day, what object can be used to effectively block out the sun while allowing light to gently filter into the room through the window?","On a very sunny day, what object can be used to gently block out the sun while allowing light to filter through the window into the room"
1,0,the area on the tennis rackets used to strike a tennis ball,the area on the tennis rackets used to strike a tennis ball. the rackets used to strike a tennis ball used to strike a tennis ballboard
1,0,the ring with the largest width,the ring with the largest width with the largest width. the ring with the largest width with the largest possible. the ring brand name and multiply height to
1,0,"During a solar eclipse, the Moon passes between the Earth and the Sun, blocking the sunlight. What object in the picture can be responsible for creating the shadow and causing the eclipse?","During an eclipse, the Moon passes between the Earth and the sun, blocking the sunlight. What object in the picture can be responsible for causing?"
1,0,"During a solar eclipse, the Moon passes between the Earth and the Sun, blocking sunlight. What celestial body or object throughout the image can cast a shadow and cause an eclipse?","During an eclipse, the Moon passes between the Earth and the Sun, blocking solar light. What celestial object or body can cast a shadow?"
1,0,"What might be responsible for the creation of a shadow during a solar eclipse, resulting in the blockage of sunlight?","What might be responsible for the creation of a shadow during a solar eclipse, resulting in the blockage of sunlight, resulting in the sunlight?"
1,0,"What object in the image might be responsible for casting the shadow and causing a solar eclipse to occur, during which the Moon passes between the Earth and the Sun and blocks sunlight from reaching the Earth?","What object in the image might be responsible for blocking sunlight and causing a eclipse, when the Moon passes between the Sun and the Earth from approaching?"
1,0,The Earth is orbited by man-made objects that serve various purposes. What in the picture is specifically designed to orbit the Earth and carry out specific tasks or missions?,The Earth is man-made by objects that coordinate the Earth. What is specifically designed to carry out various functions in the horizon or intended missions?
1,0,What object in the picture is specifically constructed to be placed in orbit around the Earth to execute specific missions or operations?,What object in the image is specifically constructed to be placed in orbit around the Earth to execute specific missions or operations to solve particular operations in the?
1,0,What object in the picture is specifically designed to orbit the Earth and carry out various missions and tasks?,What object in the picture is specifically designed to orbit the Earth and carry out various missions and tasks and carry out a known object and space??
1,0,"Within the image provided, what is the object that is specifically designed to orbit around the Earth and execute certain tasks or missions?","Within the image specifically presented, what is the object that is designed to execute certain tasks and missions that orbit around the Earth or the planet directly?"
1,0,Which object in the picture is intended to orbit the Earth and perform specific tasks or missions?,Which object in the picture is intended to orbit the Earth and perform specific tasks or missions? Which is about to perform the object and motions?
1,0,"As an AI assistant, please help me identify the object that is specifically designed to orbit around the Earth and perform specific tasks or complete missions.","As an AI assistant, please help me identify the object that is specifically designed to perform tasks around the Earth and coordinate specific or complete missions."
1,0,"In the wild, animals often exhibit specific behaviors and adaptations that help them survive in their natural habitats. What part of the animal in the picture can be used for defense and aggression?","In the wild, animals often exhibit behavior and action that can survive in their specific habitats. What part of the animal in synthesis?"
1,0,Which body part of the animal in the picture can be used for defense and aggression in the wild?,"Which part of the animal in the picture can be used for animal defense, action and body in the future stride in the heteronymous kind of?"
1,0,"In the wild, animals often exhibit behaviors and adaptations that help them survive in their natural habitats. Which part of the animal in the picture is used for defense and aggression?","In the wild, animals often have behavior and behaviors that enable them to survive in agricultural action. Which part of the animal in the picture"
1,0,"What part of the animal in the picture is an adaptation that can be used for defense and aggression, allowing it to survive in the wild?","What part of the animal in the picture is an adaptation that can be used for defense and aggression, allowing it to survive in the wild?"
1,0,"What part of the animal shown in the picture could be utilized for both defense and aggression, as observed in the wild?","What part of the animal shown in the picture could be utilized for both defense and aggression, as observed in the wild, in the wild?"
1,0,Navigating on the sea can often be dangerous due to various hazards. What in the picture could pose a threat to humans?,Navigating on the sea can often be dangerous due to various hazards. What in the picture could sometimes pose a threat to humans??
1,0,"In a maritime setting, there are many hazards that can pose dangers. Based on this image, please identify what objects might threaten human safety?","In a maritime setting, there are many hazards that might pose human danger. Based on this image, please identify what objects could threaten?"
1,0,"During sea navigation, there can be numerous hazards and risks. What in the picture could potentially pose a threat to humans?","During sea navigation, there could be numerous hazards and risks potentially. What in the picture could pose a potential threat to humans? Does?"
1,0,There are often numerous hazardous factors in sea navigation. What objects in the picture might pose a threat to people?,There are generally many hazardous factors in navigation on sea paths. What unknown objects in the picture might pose a threat to people in people?
1,0,"When navigating on the sea, there are usually various hazards that could pose threats to humans. Based on the picture, what could be some of these potential hazards?","When navigating the ocean, there are several hazards that could pose potential threats to humans. Based on what could be some of these?"
1,0,What would you consider hazardous to human navigation in the picture owing to challenges that may arise when navigating on the sea?,What would you consider hazardous in the picture owing to human limitations that arise when navigating to traveling on the ocean during navigation?
1,0,"When driving on the road, we often encounter different types of vehicles. What type of vehicle in the picture is commonly used for public transportation and has two levels?","When driving on the public road, we often encounter different types of vehicles. What type of vehicle is commonly used for transportation and has two levels?"
1,0,"When driving on the road, we often encounter a diverse range of vehicles. Among those, which type of vehicle in the picture is commonly used for public transportation, featuring two levels?","On the street, we often encounter a variety of vehicles. Which type of vehicle in the picture is widely used for public transportation, featuring three?"
1,0,"Vehicles come in many shapes and sizes, and we typically encounter a variety of them while driving on the road. In this picture, which form of transportation is common for public use, and typically features two levels?","Vehicles often come in many shapes and sizes, and we encounter a variety of public features. On what form of transportation is the road while"
1,0,"When driving on the road, we often come across a variety of vehicles. What type of vehicle in the picture is frequently employed for public transportation and includes two levels?","When driving on the road, we often come across a variety of vehicles. What type of vehicle in public transportation is employed and includes three features?"
1,0,"In the picture, what type of vehicle is frequently used for public transportation and often features two levels when driven on the road?","In the picture, what type of vehicle is often used for public transportation and is often feature driven on two levels when driving on the road??"
1,0,"When driving on the road, we often see different types of vehicles. What type of vehicle is depicted in the image that is commonly used for public transportation and has two levels?","When driving, we often see two different types of vehicles. What type of vehicle is depicted in the image that is commonly used on public transport?"
1,0,"In a city landscape, what structure serves as a connection between two areas separated by a river?","In a city landscape, what structure serves as a connection between two cities, a river presents different colors of two communities separated by a connection by land?"
1,0,"In a city landscape, what structure serves to connect two areas separated by a river?","In a city landscape, what structure serves to connect two areas separated by a river? In what? bridge structure serves to connect two areas by a river"
1,0,"In a city landscape, what type of structure typically functions as a link between two areas separated by a river?","In a landscape landscape, what type of structure typically functions as a link between two cities, two areas separated by a river separated from a natural area?"
1,0,"In a city landscape, which structure typically serves as a connection between two areas that are separated by a river?","In a city setting, which structure typically serves as a connection between two communities that are separated by a river? That area can capture two between a water"
1,0,"In the context of a city landscape, what type of structure is commonly used to connect two areas separated by a river?","In the context of a city landscape, what type of structure is commonly used to connect two areas of land separated by a river in a central path?"
1,0,What structure typically acts as a connection between two areas separated by a river in a city landscape?,"What structure typically acts as a connection between two areas separated by a river in a landscape, separated by a riverhead in an area of city nature?"
1,0,the buildings that offer a scenic view,the buildings that offer a scenic view that offer a scenic view. the buildings that offer a scenic vision that offer a natural lighting of
1,0,"When riding a dirt bike, it is important to protect the head from potential injuries. What object in the picture can help ensure the safety of the motorcyclist's head?","When riding a motorclist, it is important to help protect the motorcycle's head from possible injuries. What object in the photos"
1,0,What item in the picture could be used to protect a motorcyclist's head from injury while riding a dirt bike?,What item in the picture could be used to protect a motorcyclist's head from injury while riding a dirt bike r?
1,0,What item in the picture can be used to ensure the safety of the motorcyclist's head while riding a dirt bike?,What item in the photo can be used to ensure the safety of the dirtclist's head while riding a motorbike boat?
1,0,"While riding a dirt bike, it is crucial to protect the head against possible injuries. Which item in the picture can assist in safeguarding the head of the rider?",While riding a motorcycle it is crucial to protect the head of the rider. Which item can assist in safeguarding the head?
1,0,"When riding a dirt bike, it is crucial to protect the head from potential injuries. Could you suggest what item in the picture can assist in keeping the safety of the motorcyclist's head during a ride?",When riding a motorclerk it is vital to keep the bike's head in detail. Could you prevent injuries from the ride?
1,0,"In an equestrian competition, what objects would the horse and the rider need to jump over as part of the course?","In an equestrian competition, what parts would the horse and the rider need to move over the roof as a part of the course event?"
1,0,"In an equestrian competition, what obstacles do horses and riders need to jump over as part of the course?","In an equestrian competition, what obstacles do horses and riders need to jump over as part of the course can horses and horses stop?"
1,0,Can you identify the objects that a horse and rider would be required to jump over as part of a course in an equestrian competition?,Can you identify the objects that a horse and rider would be required to jump over a train as part of an equestrian course in competition?
1,0,What objects are typically included in an equestrian competition course that the horse and rider must jump over?,What items are typically included in an equestrian competition course that the horse and rider must approach the creature that we can jump over or miss?
1,0,"During an equestrian competition, what objects will the horse and rider be required to jump over as part of the course?","During an equestrian competition, what material will the horse and rider be required to take a horse over as part of the course/anchor?"
1,0,What in the picture provides a fun and bouncy surface for children to play and jump on?,What in the picture provides a fun and bouncy surface for a child to play on and jump on? Does children love and danne up?
1,0,What in the picture provides a fun and bouncy surface for children to play and jump on?,What in the picture provides a fun and bouncy surface for a child to play on and jump on? Does children love and danne up?
1,0,What object provides a fun and bouncy surface for children to play and jump on in the picture?,What object provides a fun and bouncy surface for a child to jump on and play and bouncy to look up in the photo??
1,0,What could provide a fun and elastic surface for children to jump and play on in the picture?,What could provide a fun and elastic surface for children to play and jump on and jog on. What could we grasp moving in the picture??
1,0,What provides a fun and bouncy surface in the picture for children to play and jump on?,What provides a fun and bouncy surface in the picture for the children about to play and dance on a funny dung to last in?
1,0,What object in the picture might provide a fun and bouncy surface for children to play and jump on?,What object in the picture might provide a fun and bouncy surface for children to learn and play to jump on and bouncy lue?
1,0,the lock of the car doors,"The lock of the doors of the 2 stroke car doors. the word for the lock of the car that meets the existing vehicle doors, locking"
1,0,What is the object that displays the current time on the wall called?,What is the object that displays the current time on the wall called. What is the object that measures the current memory of the above wall when called?
1,0,What is the device called that indicates the current time and is generally mounted on a wall?,What is the device called that indicates the current time. That is generally stated the current flow and is generally mounted on a wall without moving on time?
1,0,What do you call the item on the wall that displays the current time?,What do you call the item on the wall that displays the current time? What the message on the wall that displays the current current time???
1,0,What is the name of the object that often hangs on the wall and displays the current time?,What is the name of the object that often hangs on the wall and displays the current time and displays the current time? The message of the?
1,0,What is the term for the object on the wall that presents the current time?,What is the term for the object on the wall that presents the current time. What is the present value for the flower that presents the passing time?
1,0,What is the common name of the device commonly mounted on the wall that displays the current time?,What is the common name of the device commonly mounted on the wall that displays the current current value of the may that describes the current when possible time?
1,0,"In the picture, there is a tall wooden structure that is carved and often found in certain cultures. What is this structure called?","In the picture, there is a tall wooden structure that is carved and often found in certain ancient cultures. What is this structure called to?"
1,0,"What is the name of the tall wooden structure, often intricately carved, that is commonly found in certain cultures and present in the picture?","What is the common structure of the tall car, that is commonly found in some historical contexts and intricately, normally buried with the picture?"
1,0,"What is the name of the tall wooden structure that is often carved and frequently encountered in some cultures, as seen in the picture?","What is the name of the ancient wooden structure that is often carved and frequently seen in some cultures, as in the picture encountered by culture?"
1,0,"What is the name of the tall wooden structure, which is often intricately carved and can be found in some cultures, as shown in the picture?","What is the name of the tall wooden structure, which is often illuminated and can be found in some societies, as shown in the?"
1,0,"What is the name of the tall, normally-carved wooden structure found in some cultures that can be seen in the picture?","What is the name of the tall, normally-carved wooden, plant structure that can be found in some cultures seen in the picture??"
1,0,"In the picture, a tall wooden structure that is often found in certain cultures and is usually carved. What is the name for this structure?","In the picture, a tall wooden structure that is often found in certain cultures and is usually carved. What is the name for this structure?"
1,0,the people whom i don't know between my leftmost and rightmost friends,the people whom i don't know by whom i shall. whoever seems between my leftmost and rightmost friends between my leftmost and friends
1,0,It is currently very hot inside the room. What object can be used to adjust the indoor temperature to a comfortable level?,It is currently very hot inside the room. What object can be used to adjust the indoor heating temperature to a comfortable level to the device?
1,0,What object could be used to adjust the indoor temperature to a comfortable level if it is very hot inside the room?,What object could be used to adjust the indoor temperature to a comfortable level if it is very hot inside of the room if it is comfortable space?
1,0,"If it's very hot inside the room, then what object can be used to adjust the indoor temperature to a comfortable level?","If it's very hot inside the room, then what object can be used to adjust the indoor temperature to a comfortable comfortable level, then?"
1,0,"As a smart home AI, what object would you activate to regulate the indoor temperature to a comfortable level, given that the current temperature is high?","As a smart AI, what object would you activate to regulate the temperature to a comfortable level, given that the current indoor temperature?"
1,0,What could be used to adjust the indoor temperature to a comfortable level if it's currently sweltering in the room?,What could be used to adjust the indoor temperature to a comfortable level if it's currently inundated in the room safely swimming??
1,0,"As a smart home AI, what object would you suggest using to adjust the indoor temperature to a comfortable level, given the high temperatures in the room?","As a smart indoor AI level, what object would you suggest using to adjust the comfort to the temperatures in the room, given a comfortable"
1,0,What object provides a platform for us to place the computer when using it?,What object provides a platform for us to place the computer to use it? Answer. What tool for us when using the computer when running a us?
1,0,"When using a computer, what object could be utilized to provide a platform for it to rest on?","When using a computer, what object could be utilized to provide a platform for it to rest on? What object to allow the market on??"
1,0,"When using a computer, what object might provide a platform for it to rest upon?","When using a computer, what object might provide a platform for it to rest upon? What object might provide a platform for it to repeat upon??"
1,0,"During computer use, what item provides a platform on which to place the device?","During computer use, what item provides a platform for which to place the device? On purpose, i provide multiple device to track the device to use?"
1,0,What is the object that offers a surface area for us to place the computer on during its use?,What is the object that offers a surface area for us for its computer to place the computer on during its use with us offering the area on time?
1,0,"When a plane is ready to land on the airport runway, what area in the picture will it eventually touch down on?","When an airplane is ready to land on the flight route on the landside, what area in the picture will it eventually touch up on launch?"
1,0,"When an airplane is ready to land on an airport runway, what part of the runway would it ultimately glide onto?","When an airport is ready to land on an airport runway, what part of the runway could it ultimately glide onto the pass?"
1,0,"Where on the runway will a plane typically touch down when it is ready to land at an airport, based on the picture?","Where on the runway will a plane typically touch down when it is ready to land at an airport, based on the picture on the vehicle?"
1,0,What specific area on the airport runway will a plane eventually touch down on when it's preparing to land?,What specific area of the airport runway will a plane eventually touch down on when it's preparing to land on track of land??
1,0,What specific portion of the area pictured would an airplane ultimately touch down on when preparing to land on the runway?,What specific portion of the area pictured on the runway might an airplane ultimately prepare to touch down on when preparing to land??
1,0,"If I want to enter another room and it has a closed entrance, which part of the image should I approach and open?","If I want to enter another room and it has a closed entrance, which part of the image should I open and approach? Is it to empty?"
1,0,Suppose you wish to enter another room with a closed entrance. What would you approach and open in the picture?,Suppose you wish to enter another room with a closed entrance in the picture. What would you approach and open and reach to enter in the speaking room?
1,0,"If you wish to enter an enclosed room with a closed entrance from your current location in the picture, which area of the image should you approach and open?","If you wish to enter an enclosed area with a close location from the current view of the room, which image could you exit and in image?"
1,0,Suppose you want to access a separate room with a closed entrance. Which area in the picture would you approach to open and gain entry?,Suppose you want to access a closed room with an open entrance. Which area in the picture would you choose to reach parallel and gain access to bed?
1,0,"If you want to enter another room and the entrance appears to be closed, what is the appropriate area in the image to approach and open?","If you want to enter another room and the entrance is closed and appear to open, what is the appropriate area in the image to approach and close?"
1,0,"Suppose you want to move to a restricted area within an edifice, what region in this picture should you approach and open?","Suppose you want to move to an area within a restricted area with edifice, what container in this image should you approach and approach to come open?"
1,0,"When working in a garden, it is common to transport and spread mulch or soil to nourish the plants. What object in the picture would be most useful for transporting these materials?","When transporting a garden, it is common for transporting plants to mulch and spread the soil. What object in the picture would be useful?"
1,0,"If you were working in a garden and needed to transport and spread mulch or soil to nourish the plants, which object in the picture would likely be the most useful for this purpose?","If you worked in a garden and needed to transport and nourish the soil, which object in the picture would be most useful for this purpose?"
1,0,"When working in a garden, it is typical to move and spread mulch or soil to nourish the plants. What object in the picture would be most effective for the transportation of these materials?","When working in a garden, it would be typical to transport and nourish the soil for the transportation of these plants. What feature in?"
1,0,"When gardening, mulch and soil are often transported and spread to nourish the plants. Which item in the picture would be most helpful in transporting these materials?","When gardening, mulch and soil are often transported to nourish and transport the items. Which item in the picture are most helpful?"
1,0,"When people are in a waiting room and need to throw away a candy wrapper, what object in the waiting room can be used to put the candy wrap in?","When people in the waiting room are to throw away and have a candy wrap, what object used in the waiting room can be brought to wait?"
1,0,"In a waiting room, what is the item that can be used to dispose of a candy wrap if necessary?","In a waiting room, what is the item that can be used to dispose of a candy wrap if necessary? One for a spare wrap routine?"
1,0,What is the object in the waiting room that people can use to throw away their candy wrappers?,What is the object in the waiting room that people can throw away in the candy shop to use their refilled wrappers to remember their dice?
1,0,"If someone in a waiting room needs to discard a candy wrapper, what is the object in the waiting area that can be used for that purpose?","If someone in a waiting room needs to discard a candy wrapper, what is the object in the waiting area that can be used for that purpose"
1,0,"What item, commonly found in a waiting room, could be utilized by someone who needs to dispose of a candy wrapper?","What item, commonly found in a waiting room, could be utilized by someone who needs to allow to dispose of a candy wrapper, cloth?"
1,0,Where would you dispose the candy wrapper in a waiting room?,Where would you dispose of the candy wrapper to dispose the platelets in a waiting room? Weared it without thread in the storage room room?
1,0,Flying in the air can avoid many obstacles and greatly improve commuting efficiency. What form of transportation in the picture can accomplish this?,Flying in the air can avoid many obstacles and greatly improve commuting efficiency. What form of transportation in the picture can accomplish this??
1,0,"It's hard to cover a long distance in busy traffic, and an efficient way to travel is by flying through the air. Identify the means of transportation in the picture that achieves this.","It's hard to escape the way through organized traffic, and the means of transportation is that. Identify the average in a long flight."
1,0,"What mode of transportation in the picture can enable flying in the air, enabling users to quickly navigate around obstacles and increase commuting efficiency?","What mode of moving in the picture can enable passengers to travel quickly when approaching the air, enabling action in commuter capabilities and reducing pocket ease?"
1,0,What form of transportation in the picture is capable of flying through the air and can improve commuting efficiency by bypassing obstacles?,What form of transportation in the picture is capable of flying through the air and can improve commuting efficiency by bypassing pervious obstacles?
1,0,"What mode of transportation in the picture can enable flying in the air, avoid obstacles, and improve commuting efficiency?","What mode of transport in the picture can be achieved in flying, avoid travelling the air, and enable obstacles to reduce commuting efficiency??"
1,0,"What mode of transportation, found in the picture, can facilitate travel through the air to avoid obstacles and improve commuting efficiency?","What mode of transportation, found in the picture, can facilitate travel through the air to avoid obstacles and improve commuting to travel efficiency?"
1,0,"If we were to transport a large quantity of vegetables from a farm to a grocery store, what item in the picture could we use to store and transport them?","If we were to transport a large quantity of vegetables from a farm to a grocery store, what item in the picture could transport them?"
1,0,"In the event that we need to transport a large number of vegetables from the farm to a grocery store, what object in the image could be used for storage and transportation purposes?","In the event that we need to transport a large storage of vegetables from the grocery store, what object could be used in transportation?"
1,0,"If we were to transport a significant quantity of vegetables from a farm to a grocery store, what item in the picture could we use for storing and transporting them?","If we were to transport a significant quantity of vegetables to and from a grocery store, what item in the picture could us transport them?"
1,0,"If large quantities of vegetables need to be transported from a farm to a grocery store, what in the picture might be used to store and transport them?","If large quantities of vegetables need to be transported from a farm to a grocery store, what in the picture might be transported?"
1,0,"Suppose we need to transport a large quantity of vegetables from a farm to a grocery store, what object in the picture would be suitable for storing and transporting them?","Suppose we need to transport a large quantity of vegetables to a grocery store, what object in the picture would be suitable for transporting them"
1,0,Suppose we need to transfer a large quantity of vegetables from a farm to a grocery store. What item in the picture might be used to store and transport these vegetables?,Suppose we need to transport a large quantity of vegetables from a farm to a grocery store. What item may be used and transfer these?
1,0,something that keeps food and coal separated,something that keeps food and coal and everything separated. something that keeps food and coal separated by water separated that keeps food and coal in parallel: fooded
1,0,"When we are in a skyscraper and looking out of the window, what beautiful sights can we see reflected on the glass?","When we are out of a skyscraper and looking at the window, what beautiful moment can we see on the glass as reflected in the?"
1,0,"When gazing out a skyscraper's window, what beautiful sights can be seen reflected on the glass surface?","When looking out to a skyscraper's window, what beautiful sights can be seen reflecting on the glass surface of the monument?"
1,0,"If someone is inside a skyscraper and looking out of the window, what beautiful sights can be observed that would be reflected on the glass?","If someone is out of a skyscraper and looking beneath the glass, what beautiful looks can be observed that would be seen on the window?"
1,0,What beautiful sights can we see reflected on the glass when we are in a skyscraper looking out of the window?,What beautiful beauty can we see in the glass looking out of a skyscraper when we are reflected on the gates being out of the window?
1,0,"When gazing out of the window of a skyscraper, what magnificent views might we observe that are reflecting on the glass?","When gazing out of the skyscraper, what may we imagine of a beautiful viewing of the glass that are reflecting upon windows?"
1,0,"When we are inside a skyscraper and peering out through the window glass, what beautiful exteriors or views might we observe being reflected in the glass panels?","When we walk through a glass decks or traveling across the interior panels, what exuberance might we be seeing in the glass artifact?"
1,0,"What furniture can be used to store important office documents, such as contracts and agreements?","What furniture can be used to store important office documents, such as contracts and agreements, such as what to cover office operations and accounts?"
1,0,"When you wake up in the morning, your hair is usually messy. What do you use to adjust your hairstyle?","When you wake up in the morning, your hair is usually messy. What do you use to adjust your hairstyle to work.?"
1,0,What do you typically use to adjust your hairstyle in the morning when your hair is messy?,What do you typically use to adjust your hairstyle in the morning for sure. What you use when your hair is messy your hairy?
1,0,"When you wake up in the morning, your hair is often disheveled. What tool do you typically use to modify your hairstyle?","When you wake up in the morning, your hair is often disheveled. What tool do you typically use to modify your hairstyle"
1,0,"After getting up in the morning, what tool or product would you utilize to arrange your hair?","After getting up in the morning, what tool or product would you utilize to arrange your hair? What product you have to arrange your hair"
1,0,"When you wake up in the morning and your hair is messy, what tool or item do you use to adjust your hairstyle?","When you wake up in the morning and your hair is messy, what tool or item do you use to adjust your hairstyle??"
1,0,What object would you normally use to fix and style your hair after waking up with a messy hairstyle in the morning?,What object would you normally use to wake up and style your hair after fixing up with a messy hairstyle in the morning? No?
1,0,the objects that protect people's heads when impacted,the objects that protect people's heads when impacted. the objects that protect people's heads when impacted in heat when impacted keyed
1,0,"In order to keep a hat in good shape and within easy reach, what object in the picture can be used to hold the hat securely on the wall?","In order to keep the hat in good shape and in easy reach, what object on the wall can be used to hold the hat securely in?"
1,0,What object in the image could you use to securely hold a hat and keep it in good shape within easy reach on the wall?,What object in the image could you use to hold a hat and make it securely on the wall within easy reach with good shape in the wall?
1,0,"In order to keep a hat in good shape and within easy reach, what object can be utilized in the picture to securely hold it against the wall?","In order to keep a hat in good shape, what object can be utilized to hold it in the wall and easily reach within the possible picture?"
1,0,What item in the picture could be utilized to maintain the shape of the hat and keep it within easy reach by securely attaching it to the wall?,What item within the picture could be utilized to reach the shape of the wall by keeping it easy and securely attaching it to the hat?
1,0,What object in the picture could be utilized to securely hold a hat on a wall and keep it in good condition and within easy reach?,What object in the picture could be utilized to securely hold a hat on wall and close and keep it in good condition after a easy reach?
1,0,"For the purpose of ensuring that a hat remains in good condition and is easily accessible, what item in the picture could be utilized to securely attach the hat to a wall?","For the purpose of ensuring that a hat is easily accessible and could be easily unloaded, what item in the hat may retain to the wall?"
1,0,"In a recording studio, there are various types of equipment used to capture and enhance audio. What part of the equipment is used to adjust the volume levels and blend different audio sources together?","In a recording studio, there are various types of equipment used to adjust volume and enhance the audio. What part of equipment is mixed together differently?"
1,0,"Within a recording studio, there are various tools involved in capturing and improving audio quality. Which component of the equipment is used to mix different audio sources together and make volume adjustments?","Within a recording studio, there are various equipment used to mix and enhance audio quality. Which component of the devices is involved in making collection moves?"
1,0,What part of the equipment in a recording studio is utilized to adjust the volume levels and blend various audio sources together?,What part of the equipment in a recording studio is utilized to adjust the volume levels and blend all the audio sources together in various volume devices?
1,0,"In a recording studio, there are various types of equipment used to capture and enhance audio. Which component of the equipment is typically utilized to adjust the volume levels and blend different audio sources together?","In a recording studio, there are various types of equipment used to enhance audio. Which component is typically used to balance and contrast the audio sources?"
1,0,What is the part of the equipment in the recording studio that's primarily responsible for blending different audio sources together and regulating the volume levels?,What is the part of the audio equipment in the studio that's primarily responsible for mixing up the recording volume and regulating different blending levels?
1,0,What equipment is typically used in a recording studio to regulate the audio volume and merge various audio sources together?,What equipment is typically used in a recording studio to regulate the audio source and merge the audio volume together to combine various sound recording frequencies and safely?
1,0,Flowers have different parts that contribute to their beauty. What part of the flower is responsible for supporting and connecting the blossoms to the rest of the plant in the picture?,Flowers have different parts that contribute to their beauty. What part of the flower is responsible for supporting the rest of the blossoms in the?
1,0,"In the picture, which part of the flower is responsible for supporting and connecting the blossoms to the rest of the plant?","In the picture, which part of the flower is responsible for supporting and connecting the blossoms to the rest of the plant to the blight?"
1,0,Which part of the flower in the picture is responsible for supporting and connecting the blossoms to the rest of the plant?,Which part of the flower in the picture is responsible for supporting and connecting the blossoms to the rest of the plant to the bluest family?
1,0,What part of the flower in the picture is primarily responsible for supporting and connecting the blossoms to the rest of the plant?,What part of the flower in the picture is primarily responsible for connecting and supporting the blossoms to the underlying the rest of the plant? Plant?
1,0,What is the part of the flower in the picture that is responsible for supporting and connecting the blossoms to the rest of the plant ?,What is the part of the flower in the picture that is responsible for supporting and connecting the blossoms to the rest of the plant ? the?
1,0,What part of the flower is responsible for connecting and supporting the blossoms to the rest of the plant in the picture?,What part of the flower is responsible for connecting and supporting the rest of the plants to the blossoms connecting the bloom in the picture??
1,0,"When setting the dining table for a formal dinner, what object in the picture would typically be used to serve and enjoy a bowl of soup?","When setting the dining table for a formal dinner, what object in the picture would typically be used to serve and enjoy a bowl of soup?"
1,0,"When arranging a formal dining table for a dinner, which object in the picture would usually be employed for serving and enjoying a bowl of soup?","When arranging a dining table for a dinner, which object in the picture would usually be employed for serving and enjoying a bowl of soup"
1,0,"In setting the dining table for a formal dinner, what item from the picture could typically be utilized to serve and savor a bowl of soup?","For setting the dining table, what item in the picture could typically be utilized to serve and savour a formal bowl of a soup?"
1,0,"During a formal dinner, which object from the picture would typically be used to enjoy and serve a bowl of soup?","During a formal dinner, which object from the picture would typically be used to serve and enjoy the bowl of a bowl of party soup??"
1,0,"In cold weather, dogs may need extra protection to keep them warm. What object in the picture can a dog wear to provide warmth during snowy walks?","In cold weather, dogs may need extra protection to keep them warm. What object in the picture can a dog wear during warm snowy walks?"
1,0,"During cold weather, dogs may require additional protection to keep them warm. Please identify the item in the picture that a dog can wear to stay warm during snowy walks.","During cold weather, dogs may require additional protection to keep warm. Please identify an item in the picture that dogs can wear during the snow walks."
1,0,"In order to keep a dog warm on a snow day walk, what object displayed in the picture can be worn by the dog?","In order to keep the dog warm on a snow day walk, what object displayed in the picture above can be worn by a dog in the dog?"
1,0,"During colder weather, dogs may require additional protection to keep them from getting too cold. What item could a dog wear to keep them warm during snowy walks, as seen in the picture?","What items may allow dogs to get comfortable during colder weather during the winter? To keep them warm, a dog can wear out as seen in,"
1,0,What item in the picture could be used to keep dogs warm and provide additional protection during walks when the weather is cold and snowy?,What item in the picture could be used to provide additional protection during walks and to keep dogs cold when the weather is warm and snowy??
1,0,"During cold weather, dogs may require additional warmth to keep them comfortable. Based on the picture, which item could a dog wear to stay warm during snowy walks?","During warm snowy weather, dogs may require additional warmth to keep them comfortable. Based on the picture a dog could wear during walks??"
1,0,"In a world where digital communication dominates, people may still enjoy writing by hand. What object in the picture can be used to make handwritten notes or letters?","In a world where people may enjoy writing or writing, the picture can be crossed by. What object in handwritten means to easily make digital notes?"
1,0,"Although digital communication is prevalent, some people still appreciate handwritten notes or letters. Please identify the item in the picture which can be used for this purpose.","Although digital communication is prevalent, some people still appreciate handwritten letters or items. Please identify the item in the picture which can be used."
1,0,"Despite the prevalence of digital communication, many people still enjoy writing by hand. What object in the picture could be utilized for the purpose of creating handwritten notes or letters?","Despite the prevalence of electronic communication, many people enjoy creating handwritten words or pictures. What object in hand could be used for the picture?"
1,0,"Although digital communication is now prevalent, some individuals may still find handwriting to be enjoyable. What object in the picture could be used for making handwritten notes or letters?","Although handwriting may be prevalent, some digital objects could still be enjoyed for making personal letters or text. What instance in the picture can?"
1,0,"In this era of digital communication, people may still enjoy the act of writing by hand. Please identify the object in the picture that could be utilized for creating handwritten notes or letters.","In this era, people may recognize the process of creating visual or written text by hand. Please retain the picture that could be used in handwritten documents"
1,0,"While digital communication dominates in today's world, some people still enjoy writing by hand. What item in the picture might be utilized to create handwritten notes or letters?","While electronic writing still dominates in today's world, some people may enjoy handwriting. What item in the picture be used to write letters?"
1,0,In what part of the room can we put things to make sure they don't litter on the floor and are easy to find?,In what part of the room do we let things hang on the floor and can put litter to make sure they aren't easy to find?
1,0,Where is the best location in a room to place items to ensure that they are easily accessible while also preventing clutter on the floor?,Where is the best location in a room to store items to ensure that they are easily accessible while also preventing clutter from entering the floor?
1,0,"To ensure that items do not create clutter on the floor and remain easily accessible, where in the room can they be placed?","To ensure that items do not create clutter on the floor and remain easily accessible, where in the room can they be placed into the space available?"
1,0,Where in the room can we place objects to prevent them from cluttering the floor and to make them easily locatable?,Where on the floor can we place objects in the room to prevent them from sewing easily and to make them easy to locating the floor layout?
1,0,What part of the room is often utilized for organizing belongings to prevent them from cluttering the floor and to make them easy to locate?,What part of the room is often utilized for gathering items easy to make them to close the floor and to prevent them from cluttering?
1,0,"Sheep are often found in grassy fields, and they provide a valuable resource that is highly valued for its warmth and softness. What part of the sheep is used to make woolen products?","Sheep grass are often valued in warm and healthy areas, which provide a resource for their woolness. What part of the sheep is"
1,0,Sheep are frequently found in grassy fields and viewed as a vital resource due to their warmth and softness. Could you specify which part of the sheep is commonly utilized in the manufacture of woolen products?,Sheep are commonly found in grassy areas and regarded as a vital part of the wool products due to their shelter and resource. Can you grasp
1,0,"Sheep are commonly found in grassy fields, and they provide a highly valued resource for their warmth and softness. Please tell me which part of the sheep is utilized to make woolen products?","Sheep are widely used in warm and softened areas, and they provide a valuable supply to wool. Tell me what part of their sheep?"
1,0,Sheep are commonly found in grassy meadows and provide a highly-regarded resource prized for its warmth and softness. What specific aspect of the sheep is used to produce woolen goods?,Sheep are widely found in grassy soils and provide a warm-shelled food for highly respectable populations. What component of the sheep?
1,0,"Sheep are commonly found in grassy fields and provide valuable woolen products, known for their warmth and softness. Which part of the sheep is typically utilized to create these products?","Sheep are commonly found in grassy areas, known for their warmth and provide valuable wool products. Which part of the sheep is utilized"
1,0,"When we are in a coffee shop and want to enjoy our drink while walking around, what object in the picture can we use to hold our beverage securely?","When we are sitting around a coffee shop and want to enjoy our beverage, what object in the picture can we use to hold our drink easily?"
1,0,What item can be used to carry a drink securely while walking around inside a coffee shop based on the picture?,What item can be used to carry a coffee drink while standing comfortably around a shop based on the picture within a merchant hand within the phone correctly?
1,0,"If you want to hold your coffee cup securely as you walk around a coffee shop, what object in the picture can you use?","If you want to hold your coffee cup securely as you walk around a coffee shop, what object in the picture of the door can you use?"
1,0,"If we want to take our drink and stroll around the coffee shop, what object in the picture can we use to securely hold our drink?","If we want to take our drink and securely shop around the coffee shop, what object in the picture can we use to hold our stroll?"
1,0,"When we are in a coffee shop and want to take our drink on the go while strolling around, what item from the picture can be utilized to hold the drink firmly and prevent it from spilling?","When we shop around on a drink stalk and are sitting in the shop, what item can be utilized to allow the drink from taking it?"
1,0,"If we desire to carry our coffee while walking within a coffee shop, what object in the picture can be used to hold the beverage securely?","If we wish to carry our coffee securely while walking around a coffee shop, what object in the picture can be used to hold the beverage?"
1,0,"In urban areas, there are often structures that stand out from the surrounding buildings due to their height and architectural design. What objects in the picture fit this description?","In urban areas, there are often buildings that stand out from the surrounding structures due to their width and architectural design. What objects in the picture?"
1,0,"In urban areas, there are often unique buildings that stand out from the surrounding structures due to their height and architectural design. What objects in the picture resemble those buildings?","In urban areas, there are often buildings that stand out due to their unique height and architectural design. What objects in the picture derive from the buildings"
1,0,"Urban areas are often characterized by tall structures with unique architectural designs that stand out from surrounding buildings. Based on the image, what objects could fit this description?","Urban buildings are often characterized by tall buildings with distinct architectural designs that fit from the exterior objects. Based on this image, what could explore?"
1,0,"Within urban areas, there are often structures that stand out from the surrounding buildings due to their height and unique architectural design. Could you please identify the objects in the picture that suit this definition?","Within urban areas, please recall the buildings that stand from the surrounding structures due to their varied design and architectural definition. Could you address this in person"
1,0,"In urban areas, what features of the buildings often stand out from the surrounding structures due to their height and architectural design?","In urban areas, what features of the buildings often stand out from the surrounding structures due to their height and architectural design, of the architectural?"
1,0,"In urban areas, certain architectural structures stand out due to their height and unique design compared to surrounding buildings. Which objects in the picture meet this description?","In urban areas, certain architectural structures stand out due to their height and simplicity compared to surrounding buildings. Which objects meet the unique design in this picture"
1,0,Which device in a room can print out material and put hard copies of documents in the hands of viewers?,Which device in a room can put out copies of material and hold printers in the hands of hard viewers knowing which documents print out of text?
1,0,"What object in a room is capable of producing hard copies of documents, thereby providing viewers with a physical copy of the material?","What object in a room is capable of producing hard copies of documents, thereby providing viewers with a physical copy of the material. Warning of contents?"
1,0,"What is the name of the device can generate and print material, offering hard copies of documents for viewers in a room?","What is the name of the device can produce and print documents for viewers in a room, offering hard copies of material for likelihood of scenes?"
1,0,"In a room, what object can be used to produce hard copies (prints) of documents, thereby making them tangible and easily accessible to viewers?","In a file, that what object can be used to produce short volumes (prints) of objects, thereby making them accessible and accessible to readers?"
1,0,What device can be found in a room that can produce hard copies of documents and provide viewers with a physical printout?,What device can be found in a room that can produce hard copies of a physical printout and allow viewers to provide the document with printwords?
1,0,What device found within a room is designed to print out materials and provide hard copies of documents to viewers?,What device found within a room is designed to print out copies of materials and provide hard copies of documents to viewers to find material to viewers?
1,0,"Passages between rooms are usually not sealed, leading to poor insulation or noise reduction between rooms. What can improve the sealing and noise-reduction qualities of a door passage in the picture?",High noise transfers are often not seen in bedroom doors. Which can achieve the sealing and noise-reduction of gate coverings in an
1,0,"Passages between rooms are often unsealed, which can impact both insulation and noise reduction between rooms. What can be utilized to enhance the sealing and noise-reducing capabilities of a door passage in the image?",Transfers between rooms are often outcomes. What can be utilized to enhance the noise-reduction and sealing efficiency of an entrance?
1,0,What aspect of the door passage in the picture could be improved to enhance the sealing and noise-reduction qualities between rooms?,What aspect of the door passage in the picture could be improved to enhance the sealing and noise-reduction qualities between the room parts?
1,0,What can be used to improve the sealing and noise-reduction qualities of a door passage in the image?,What can be used to improve the sealing qualities and noise-reduction designations of a door necklace in the performance of the image?
1,0,"Passages between rooms are usually not properly sealed, leading to poor insulation or noise reduction capabilities. What in the picture can be utilized to improve the sealing and noise-reduction qualities of a door passage?",Good pictures are often utilized to improve sealing and water-reduction capabilities. Which in the picture can result in a sealing entrance scheme?
1,0,How can we enhance the sealing and noise-reduction properties of the door passages in the given picture?,How can we enhance the sealing and noise-reduction properties of the passage door passages in the given mirrors of the picture?
1,0,What object in the picture can we use to place items such as food or drink during a meal?,What object in the picture can we use to place items such as food or drink during a meal? What to place food in a meal?
1,0,What object in the picture could be used to hold food or drink during a meal?,What object in the picture could be used to hold food or drink during the meal? What. to hold food or drink in a meal?
1,0,"During a meal, what object in the picture might be used to hold items such as food or drink?","During a meal, what object in the picture might be used to hold items such as food or drink? What object in the picture might hold?"
1,0,"During a meal, what object in the picture could be utilized to put various items, such as food and drink?","During a meal, what object in the picture could be utilized to put various items, such as food and drink? What in the picture?"
1,0,What object in the picture could be utilized to place food or drink items on during a meal?,What object in the picture could be utilized to place food or drink items on during the meal? What to place food in a meal?
1,0,What item in the picture can be utilized as a surface to place food or drinks during a meal?,What item in the picture can be utilized as a surface to place food or drinks during a meal? What to place a meal?
1,0,the fried food,the fried food and food. the fried food the dried food. The fried food of silver to read the frozen fooding and
1,0,"If we need to store a large number of books, what object in the picture should we use for storage?","If we need to store a large number of books, what object in the picture of storage, what to use should we use for storage? Weiff"
1,0,What object can be used for storage when there's a need to store a large quantity of books?,What object can be used for storage when there's a need to store a large quantity of goods with storage available when you need to book libraries?
1,0,"If we have to store an extensive collection of books, which object in the picture should we use for storage purposes?","If we have to store a extensive collection of books, which object in the picture should we use for storage purposes, should we use for unique data?"
1,0,"If we need to store a large number of books, what object(s) in the picture could be used for storage purposes?","If we need to store a large number of books, what object(s) in the picture could be used to for storage purposes? for storage?"
1,0,"If we need to store a large number of books, what object in the picture could we use for organizing them?","If we need to store a large number of books, what object in the picture could we use for organizing them? What to organize them?"
1,0,What in the picture appears to be the ideal item to use for storage if you need to store a large number of books?,What in the picture appears to be the ideal item to use for storage if you need to store a large number of books to store the many storage?
1,0,Crows are known for their intelligence and curiosity. What part of the crow in the picture would most likely be used to observe its surroundings and gather information?,Crows are known for its curiosity and ability to gather information. What part of the object in the picture would most likely be known around the air?
1,0,Crows are known for their intelligence and curiosity. What part of the crow in the picture would likely be used to observe its surroundings and gather information?,Crows are known for their crowings and curiosity. What part of the aircraft would likely be used to gather information in the picture and its sight?
1,0,Crows are known for their intelligence and curiosity. Which part of the crow in the picture would most likely be utilized to observe its surroundings and gather information?,Crows are known for their curiosity and observation. Which part of the crow in the picture would most likely be utilized to gather its surround?
1,0,"What part of the crow in the picture would most likely be utilized to observe its surroundings and gather information, given that crows are known for their intelligence and curiosity?","What part of the bird in the picture are most likely to observe their surroundings, given its crows and be utilized for curiosity and?"
1,0,"Crows are known for their intelligence and curiosity, so what part of the crow in the picture would most likely be used for observing its surroundings and gathering information?",What crows in the mouth are known for its sense of interest and would most likely be used for observing the information and their gathering experience?
1,0,"Given that crows are known for their intelligence and curiosity, what part of a crow in the picture could it potentially use to observe and gather information about its surroundings?","Given that crows are known for its information and insight, what part of a picture could it potentially use to observe their surroundings in sight?"
1,0,"In the picture, we can see that there is a body of water surrounded by a forest and trees. What man-made structure might be present in this area to control or manage the flow of water?","In the picture, we see that there is a man-made structure surrounded by water. What field of water could be stored in and manage this?"
1,0,"In the given picture, I can see a body of water surrounded by a forest and trees. What specialized structure might be located in this region to manage or control the flow of water in the area?","In the picture, I see what body of water or structure could be located in a forest to control the surrounding area and organize the water?."
1,0,"In the picture, we can observe a body of water encompassed by a forest and trees. Are there any man-made structures that might be present in the region to manage or control water flow?","In the picture, there are any man-made structures enclosed by a water forest that could interact with water to capture and regulate nature. Or"
1,0,"In the picture, we observe a body of water surrounded by forests and trees. Could you identify any human-made structures that could be present in this area to manage or regulate water flow?","In this picture, you can identify any body of water surrounded by trees and structures that could be present in a forest. Regarding human-made environment?"
1,0,"Given the picture depicts a body of water surrounded by a forest and trees, what artificial structure might exist in this environment to regulate or manage water flow?","Given the picture of a body of water surrounded by a forest, what concept might exist to regulate and manage water flow inside this physical or environment?"
1,0,"If we were planning a road trip and needed a vehicle to carry our belongings and provide a place to sleep, what type of vehicle in the picture would be most suitable for this purpose?","If we needed a trip to sleep and are carrying a vehicle for the road, what type of vehicle in this memorial would be suitable for purpose?"
1,0,"If we were preparing for a road trip and wanted a vehicle that could transport our belongings while also offering a place to sleep, what type of vehicle in the picture would be best suited for this purpose?","If we were preparing a road trip and could offer a vehicle for the living while standing, what kind of vehicle would be convenient in this purpose?"
1,0,"If you were planning a road trip and required a vehicle that could accommodate your belongings and serve as a sleeping quarters, which type of vehicle in the picture would be most appropriate for such a purpose?","If you were planning a trip and needed a vehicle that would accommodate your bedroom and serve as the following belongings, what type of objective?"
1,0,"If we were going on a road trip and required a vehicle that could transport our belongings and also provide a place to sleep, which vehicle from the image would be the most suitable for this purpose?",If we were going on a road trip and also require a vehicle to transport the most sleep and which image from that person would be suitable for our purposes
1,0,"If you were intending to embark on a road trip, and you required a vehicle that would accommodate your luggage and also serve as a sleeping quarter, which type of vehicle in the picture would be the most suitable choice for this purpose?","If you were planning on a road trip, which type of vehicle would serve as a comforting vehicle and be suitable for the embark, then what"
1,0,the only fruit with different color,the only fruit with different color with different color. the only fruit with different color to different color. The only fruit with different rainbow and color to
1,0,"When we want to surprise someone with a gift, we often put it in a decorative wrapping. What in the picture could be used to package a gift?","When we want to surprise someone with a gift, we often wrap it in a decorative. What in the picture could be used to package a?"
1,0,What object in the picture could be used to wrap a gift decoratively?,What object in the picture could be used to decorate a gift of the gift pattern correctly? ~ What idea will wrap a basket set alteratively?
1,0,Objects that could be used to wrap up and present a gift in a visually appealing manner.,Objects that could be used to wrap up and present a picture of a gift in a visually appealing manner. That would be expressive.
1,0,What item in the picture can be used to wrap a gift and make it aesthetically pleasing?,What item in the picture can be used to wrap a gift and make it aesthetically pleasing and makes it a popping airt?
1,0,"When we want to surprise someone with a gift, we often put it in decorative wrapping. Can you help me identify an item in the image that could be utilized to package a gift?","When you want to help us identify the item that could be decorated in gifting, I often add a pattern to display an item in a gift"
1,0,"When we want to give someone a surprise gift, we often wrap it with a decorative wrapping material. Please tell me what in the picture could be used to wrap a gift?","When we want to wrap someone with a decorative gift, please often tell me what the picture could be used to give in a wraping gift?"
1,0,"In a roller skating competition, the safety of the skaters' knees is a priority. What object in the picture should be worn to protect the knees during the competition?","In a roller skating competition, the safety of the knees is a priority. What object in the picture should be worn during the competition?"
1,0,"During a roller skating competition, the safety of the skaters' knees is a top priority. What item in the picture should be worn to protect the knees during the competition?","During a slipper skating competition, the children's safety should be a priority. What item is worn during the knees of the competition?"
1,0,"In a roller skating competition, protecting the safety of skaters' knees is a top priority. What item in the picture should be worn to safeguard the knees during the competition?",To protect skates during a roller skating competition. What item in the safety is the priority of protecting the shoes is a concern;
1,0,"In a roller skating competition, what object should be worn to safeguard the knees of the skaters?","In a roller skating competition, What object should be worn to safeguard knees of the tires of the brawn skaters?"
1,0,"In a roller skating competition, the safety of the skaters' knees is a priority. Please tell me what object should be worn to protect the knees during the competition, according to the picture.","During a roller skating competition, the safety of the men's shoes is the priority. Please tell me what object to wear during the"
1,0,"In a roller skating competition, what type of protective gear should skaters wear to protect their knees, and where in the picture can such gear be located?","In a roller skating competition, what type of protective gear can skaters wear and where in the picture should such gear be?"
1,0,A clean and hygienic city environment requires the participation of every citizen. Which opening of the bin in the picture should the garbage be thrown into?,A clean and gorgeous city requires the participation of the environment. Which in-door mirror of any trash should the being thrown into happen?
1,0,Can you tell me to which opening of the bin in the picture the garbage should be thrown for maintaining a clean and hygienic city environment?,On asking you which picture of which container should be served in the vietnamic for maintaining a clean and washable kitchen environment? Why?
1,0,"In order to maintain a clean and hygienic urban environment, every citizen must participate. Which opening of the bin should be used to deposit garbage, as shown in the picture?","In order to maintain a clean and holistic environment, every citizen must close the gutter. Which container should be used as shown in the?"
1,0,"To maintain a hygienic and clean city environment, what part of the bin depicted in the picture should be utilized when throwing away garbage?","To maintain a clean and hygienic environment, what part of the bin depicted in the picture should be utilized when throwing away garbage?"
1,0,"To maintain a clean and hygienic urban environment, it is necessary for everyone to play their part. Which opening on the bin in the picture should be utilized for the purpose of depositing garbage?","To maintain a clean and social environment, it is necessary for the use of the container to park during the grit to be considered your favourite?"
1,0,"In a library or bookstore, where can we find a variety of books neatly organized for browsing and borrowing?","In a library or bookstore, where can we find a variety of books neatly organized for browsing and reading for borrowing and borrowing?"
1,0,"As an AI language model, I can guide you where to locate a broad range of books that are neatly organized for browsing and borrowing in a library or bookstore. Where should we head to?","As a library guide, I can discover a broad array of context devices that are suitable for where to book and buy where to brake in another?"
1,0,"In libraries or bookstores, where are the books typically arranged in a systematic manner to allow for ease of browsing and borrowing?","In library parodies, where are the books typically arranged for browsing or stacking to allow the best in a readily accessible manner of users?"
1,0,"At a library or bookstore, where might we locate an orderly and diverse collection of books available for browsing and borrowing?","At a library or bookstore, where might we find a shopping and book collection available for borrowing and orderly interaction of numerous browns?"
1,0,Where can we locate a variety of books arranged neatly for browsing and borrowing in a bookstore or library?,Where can we locate a variety of books arranged neatly for browsing and borrowing readily in a bookstore or library borrowing to or library?
1,0,"While waiting for a consultation or interview, we cannot stand all the time and will need to rely on what object to sit down temporarily?","While waiting for a consultation or appointment, we cannot stand up all the time and will need to rely objectively on something to sit temporarily?"
1,0,"When waiting for a consultation or interview, we may need to sit down temporarily. What item in the pictured environment could be used for this purpose?","When waiting for a consultation or visit, we need to legally modify this context. What item in the preinstalled manner could be used for?"
1,0,"While waiting for a consultation or interview, what object can we rely on to sit down temporarily since we can't stand all the time?","While waiting for a consultation or interview, what object can we rely on to stand temporarily since we can't sit down all the time?"
1,0,"In situations where we cannot stand for an extended period, such as while waiting for a consultation or interview, what object can we utilize to sit down temporarily?","In situations where we cannot stand up temporarily, such as while waiting for an extended period, what object can we utilize to discuss or chat?"
1,0,What object in the room can we use to sit down temporarily while waiting for a consultation or interview?,What object in the room can we use to sit down temporarily while waiting to sit for a consultation or interview? What for a consultancy?
1,0,"When waiting for a consultation or interview, standing can be uncomfortable and tiring, so what item could one utilize to sit down temporarily?","When waiting for a sit or meeting, can one be uncomfortable and hesitating, which position might distribute to sit out programmatically"
1,0,"During a brainstorming event, it is common to record and present ideas on what object is the whiteboard in the room?","During a brainstorming event, it is common in the media to sketch out and present specific ideas on what room is the whiteboard door?"
1,0,Where are ideas commonly recorded and presented during a brainstorming event?,Where are ideas commonly conceived and displayed during a brainstorming event. What is event analyzed and expressed for a brainstorming?
1,0,"During a brainstorming event, it's common to record and present ideas. What object in the room is typically utilized for this purpose?","During a brainstorming event, it's common to design and present ideas. What object in the room is typically utilized for this?"
1,0,"in a typical brainstorming session, it is customary to present and document ideas for discussion. What item in the room is commonly used for recording and presenting ideas in such a situation?","in a brainstorming session, it is normally used for documenting and present ideas during a presentation. What item in the room is typical?"
1,0,"During a brainstorming event, ideas are commonly recorded and presented, and what object in the room could facilitate this process?","During a brainstorming event, ideas are commonly identified and presented, and what object in the room could facilitate this process and be recorded?"
1,0,"During a brainstorming event, it is common to record and present ideas. What object in the room might be used for this purpose?","During a brainstorming event, it is common to record and present ideas. What object in the room might be used for this particular purpose?"
1,0,"When picking blueberries, it is common to collect them in a container to keep them organized and prevent them from getting crushed. What object in the picture could be used as a container for collecting blueberries?","When collecting blueberries, it is preferred to store them in a container and get them to hang. What object in the container could be caused"
1,0,"When picking blueberries, it is common to collect them in a container to keep them organized and prevent them from getting crushed. What item in the picture could be used as a vessel for gathering blueberries?","When gathering blueberries, it could be used in a container to transport them and prevent them from getting organized. What item in blueberries"
1,0,"When picking blueberries, a container is often necessary to keep the berries organized and prevent crushing. Please identify an object in the picture that could serve as a suitable container for collecting blueberries.","When locating berries, a container is often necessary and please hold the picture that could represent an item in the operation for storing blueberries."
1,0,"When picking blueberries, we often require a container to hold and protect them. What object in the picture could be used as a container for collecting blueberries?","When picking blueberries, we often require a container to hold and carry them. What object in the picture could be used for blueberries"
1,0,"While picking blueberries, it is customary to utilize a container to keep them organized and prevent damage. Please identify the objects in the picture that could be used as a container for collecting blueberries.","While storing blueberries, please designate a container and select the objects that can be utilized in the container to avoid them for blueberries"
1,0,the area where people can walk,the area where people can walk where people can walk. the area where people can walk to ease. The area where people of War and people can walk
1,0,something containing vitamins and fibers,something containing vitamins and fibers and fibers. containing vitamins and fibers. something containing vitamins to warm foods and
1,0,the sign that reminds people to watch their step,the sign that reminds people to watch their step to stop. the sign that reminds people to watch their step. The story of their waive
1,0,"Sitting in a chair for too long can cause fatigue and soreness, so many people choose to lie down and stretch out on something soft. What object in a room is most suitable for this?","Sitting on a chair too long can cause fatigue and comfort, most people decide to sit out and walk on something suitable for this. What in"
1,0,"After sitting for an extended period, most people experience fatigue and soreness, and prefer lying down and stretching out on something soft. What object in a room could be most suitable for this purpose?","During a sitting period, most people experience sleepiness and stretching out and have difficulty on something like this. What material would be suitable for extended?"
1,0,A comfortable piece of furniture in a room where one can lay down and stretch to relieve soreness and fatigue from extended periods of sitting.,A comfortable piece of furniture in a room where one can stretch and lay down to relieve soreness and fatigue from extended periods of sitting.
1,0,"After sitting in a chair for too long, many people may find it beneficial to lay down and rest on a soft object. What in the room would be the most suitable object to use for this purpose?","After sitting on a chair for too long, people may find it most desirable to rest and use the object. What is in the suitable room?"
1,0,"When sitting in a chair for extended periods, it's common to feel fatigued and sore, motivating many people to instead lie down on something soft to stretch out. Please suggest what furniture object inside a room would be most appropriate for this.","For someone to sit out on a chair, consider what is more stretchable to relax, causing this item to be smeared outside many."
1,0,"If someone wishes to lie down and stretch out on something soft instead of sitting in a chair for an extended period, what object in a room is typically best suited for this purpose?","If someone wants to sit down and stretch for something on a chair instead of resting in a room, what object is typically suited for this?"
1,0,the objects that don't have wings spread,the objects that don't have wings that have wings spread. the objects that don't have wings spread to face the in key. objects spread
1,0,the area for passengers on the airship,"the area for passengers on the airship for the weather controller, about the airship. the area where we live on passengers on the feiffship"
1,0,"In traditional Western music, what type of musical instrument is commonly associated with cowboys and is often played while sitting on a stool?","In traditional Western music, what type of musical instrument is commonly associated with cowboys and is often played while sitting on a traditional stool??"
1,0,What kind of musical instrument is typically associated with cowboys in Western music and is often played while seated on a stool?,What kind of musical instrument is often associated with cowboys in Western music and is typically played while seated on a stool in stool?
1,0,Please identify the type of musical instrument that is commonly associated with cowboys and typically played while being seated on a stool in traditional Western music.,Please identify the type of musical instrument that is typically played on a stool and commonly associated with cowboys while seated in traditional Western music.
1,0,the fruits that are not red,"the fruits that are not red that are not red. the fruits that are not red. The fruits that are not fruitful, red"
1,0,"If someone wants to capture a stable and professional video of a sports car passing by on a bridge, what equipment should they use?","If a player wants to capture a strong and professional bridge of a sports car passing by on a bridge, what equipment should they possibly use and audio?"
1,0,"To capture a stable and professional video of a sports car driving by on a bridge, which equipment would be most appropriate?","To capture a stable and professional video of a sports car driving on a bridge by a mouse, which equipment would be most appropriate for a relevant sport?"
1,0,"If someone wants to capture a stable and professional video of a sports car passing by on a bridge, what type of equipment should be used for the job?","If someone wants to capture a sports and professional video of a stable car passing through a bridge, what type of equipment should be used for the job?"
1,0,"To capture a stable and professional video of a sports car passing by on a bridge, what equipment would be most suitable?","To capture a professional and quiet video of a sports car bridge on a bridge, what is most suitable for returning from a car would be sound forward?"
1,0,What equipment should someone use if they want to capture a stable and professional video of a sports car passing by on a bridge?,What equipment should someone use if they want to capture a stable and professional video of a sports car passing by on a bridge passing on a young jack?
1,0,"If someone wants to record a stable and professional video of a sports car passing by on a bridge, what equipment is recommended?","If a person wants to catch a strong and professional video of a route passing a sports car on a bridge, what equipment is recommended and available by?"
1,0,"In medieval battles, warriors often used a long, sharp object to attack their enemies. What object in the picture would be classified as this type of weapon?","In ancient war, soldiers often used a classical object to cut their enemies. What object in the picture would be named as this type of weapon?"
1,0,"Identify the object in the picture that could be considered as a long, sharp weapon used by warriors in medieval battles to attack their enemies.","Identify the object in the picture that could be considered as a long, sharp weapon used by medieval warriors in battles to attack their enemies."
1,0,"For battles during the medieval period, warriors had commonly used long and sharp objects for attacking their enemies. Could you please identify the object in the picture that would be classified as this type of weapon?",During the warships you could identify enemies whose object was commonly used in midcentury and sharp soldiers. Could be classified as this type of object?
1,0,"During medieval battles, warriors were known to employ a long, sharp object to attack their enemies. What object visible in the picture might be classified as this type of weapon?","During ancient war, soldiers were frequently classified as a long, sharp weapon to attack the enemy. What object shown in this type of picture would?"
1,0,"In medieval battles, warriors frequently wielded a long, piercing object to attack their opponents. Which component in the picture would be classified as this type of weapon?","During the war, ancient warriors grabbed a classical type of weapon to challenge their opponents. Which object in this picture would be?"
1,0,"When traveling by car, where do passengers typically sit inside the vehicle?","When traveling by vehicle, where do passengers typically sit inside the car, where do passengers typically sit inside the vehicle? When joining the vehicle vehicle?"
1,0,"Typically, where do passengers sit inside a vehicle when traveling by car?","Typically, where do passengers travel inside a vehicle when traveling by car? When arriving outside the vehicle to sit by passengers outside a car?"
1,0,"Inside a car, where is the typical seating area for passengers?","Inside a car, where is the typical seating area for passengers. Inside a home, which is the typical tailcase for seating passengers??"
1,0,"When traveling by car, which area of the vehicle is typically reserved for passengers inside the car?","When traveling inside the vehicle, which area of the car is typically reserved by vehicle, for the passengers surrounding the car for passengers in their car?"
1,0,What area of the car do passengers typically occupy while traveling inside the vehicle?,"What area of the passenger vehicle typically occupy while traveling the car does passengers typically travel, while do passengers traveling inside of the vehicle??"
1,0,"In a dense rainforest, there are various types of plants growing, providing a rich habitat for many animals. What is a key feature of the rainforest that helps support the growth of these plants?","A dense rainforest, there are many plants growing that provide a strong support for the various species of plants. What is feature of these plants?"
1,0,"What are some of the key features of the rainforest environment that support the growth and development of the diverse collection of plants found there, which in turn provide a rich habitat for many different kinds of animals?","What are some of the important features of the natural rain forest, which in turn provide a rich habitat for the development of the diverse collection of plants?"
1,0,What is the key feature of the rainforest that supports the growth of various plant species and provides a rich habitat for diverse animals?,What is the key feature of the rainforest that supports the growth of various plant species and provides a rich habitat for diverse plant species with animals?
1,0,"In a dense rainforest, what is the main feature that helps support the growth of various plants, thus providing a diverse habitat for many animals?","In a dense rainforest, what is the main feature that helps support the growth of various plants, thus providing a diverse habitat for many animals?"
1,0,What essential feature of the rainforest helps facilitate the growth of various types of plants and provides a rich habitat for many animals?,What essential feature of the rainforest helps facilitate the growth of many types of animals and provides a rich habitat for various plants of many plants?
1,0,"What is the key feature of the rainforest that supports the growth of various types of plants, creating a rich habitat for many animals?","What is the key feature of the rainforest that helps support the growth of many animals, creating a rich habitat for various types of animal plants?"
1,0,"In gymnastics competitions, athletes perform a variety of acrobatic movements on different apparatus. What in the picture could be used for athletes to perform impressive and challenging movements such as flips and vaults?",In visto apparatus for athletic movements such as oncrowds. What athletes can perform a variety of impressive and powerful movements?
1,0,"In gymnastics competitions, athletes often perform a range of acrobatic movements on various pieces of equipment. What item in the picture do you think can be utilized to perform impressive and challenging maneuvers such as flips and vaults?",Canvas often perform in detail what item is to perform impressive types of flips and tripps on the gymnastics technique?
1,0,What equipment in the picture could be utilized by athletes to perform challenging and impressive movements such as flips and vaults in gymnastics competitions?,What equipment in the picture could be utilized by athletes to perform impressive challenges such as vlips and flaps in gymnast
1,0,"What object or equipment in the picture could be used by athletes to perform impressive and challenging movements, such as flips and vaults during gymnastics competitions?","What object in the picture could be used by athletes to perform impressive and challenging competitions during flips or vaults,?"
1,0,"In gymnastics competitions, athletes perform a variety of acrobatic movements using different apparatus. Regarding the picture, what equipment could be utilized by athletes to accomplish challenging and impressive movements such as flips and vaults?","On fracatic apparatus, what equipment can be performed by athletes in competitions involving impressive backdrops and distinct movements. Such as"
1,0,"What would be utilized to support gymnasts as they perform challenging and impressive movements, such as flips and vaults, during a gymnastics competition?","What would be utilized to support successful movements and vaults during a gymnast competition, such as lapps and flipping,?"
1,0,"Wildflowers are often found growing in open fields and meadows, adding beauty to the natural environment. What in the picture can be a type of wildflower with yellow petals?","Wildflowers are often found in open pores, adding beauty to the landscape. What can be a type of wildflower with white flowers?"
1,0,Which aspect within the picture could represent a type of wildflower characterized by yellow petals?,Which aspect of the picture within this picture could represent a type of wildflower characterized by yellow petals within particular characterized by minfish?
1,0,"If we are looking for a yellow type of wildflower that may be present in the scene, what object(s) in particular should we focus on?","If we are looking for a wildflower object(s) that should be present in the scene, what particular type of may we focus on?"
1,0,"Can you identify the object in the picture that could be an example of a type of wildflower with yellow petals, commonly found growing in open fields and meadows, adding beauty to the natural environment?","Can you find an example of the picture that can be a type of plant in natural flowers, often seen in distinct areas with the wild environment?"
1,0,"Based on the provided picture, can you identify a type of wildflower that is likely to have yellow petals and can be found growing in open fields or meadows?","Based on the displayed picture, can you identify a type of petalflower that has wild and can likely be found growing in open woods or?"
1,0,"In the sport of ice hockey, players use a specific tool to hit the puck and control its movement. What object in the picture serves this purpose?","In the sport of ice hockey, players use a specific tool to hit the puck and control its movement. What object in the picture serves this purpose"
1,0,"In the sport of ice hockey, what object in the picture can be used by players to strike the puck and regulate its movement?","In the sport of ice hockey, what object in the picture can be used by players to strike the puck and regulate its movement its strike?"
1,0,What object in the picture is utilized in the sport of ice hockey to hit the puck and control its movement?,What object in the picture is utilized in the sport of ice hockey to hit the puck and control the movement in the sport of its movement?
1,0,What object in the picture can be used in ice hockey to hit the puck and control its movement?,What object in the picture can be used in hockey and other statistical technique to hit the puck and control its ice to lock the ice in movement?
1,0,"In some cultures, elephants are considered sacred animals and are adorned with special markings on their foreheads. What part of the elephant in the picture is often marked with decorative patterns or symbols?","In religious cultures, some elephants are often dressed with special markings and are decorated with signs. What symbol on the elephant"
1,0,"In certain cultures, elephants are regarded as sacred creatures, and they're frequently adorned with special markings on their foreheads. What part of the elephant's head is typically decorated with ornamental patterns or symbols?","Most sacred markings, elephants are generally decorated with special ornaments and are frequently attached with the elephant's heads. What"
1,0,"In certain cultures, elephants are regarded as sacred creatures with special markings on their foreheads. What part of the elephant is typically adorned with these decorative patterns or symbols shown in the picture?","Among these cultures, elephants are typically depicted with special sacred markings or symbols on the inner face in the elephants? What"
1,0,"Elephants hold sacred value in certain cultures, and are often decorated with special markings or patterns on their forehead. What area of the elephant is typically adorned with decorative patterns or symbols?","Elephants hold special markings and often decorated with specific patterns or symbols.What symbol in the elephant is often on their faces,"
1,0,"Some cultures consider elephants as sacred animals and they are often adorned with special markings on their foreheads, please identify the part that is typically marked with decorative patterns or symbols in this picture.","Some elephants are decorative with special markings on their foreheads, consider these as the pattern and is often marked with associated symbols."
1,0,"In some cultures, elephants are regarded as sacred animals and are embellished with special markings on their foreheads. Which part of the elephant in the picture is commonly decorated with decorative patterns or symbols?","In some cultures, sacred elephants are regarded as decorative on their heads or are depicted with special patternings in the sacredness."
1,0,"In a cold winter, when snow covers the ground, what part of the car in the picture needs to be cleared before the car can be driven safely?","In a cold winter, when the snow in the ground can be cleared, what part of the car in the picture needs to be covered safely before?"
1,0,"If the ground is covered in snow during a cold winter season, what part of the car in the picture needs to be cleared before the car can be operated safely?","If the ground in a cold winter falls without snow, what part of the car should be covered in the season before the car can be handled safely?"
1,0,"In a cold winter, when the ground is covered with snow, what part of the car in the picture needs to be cleared before the car can be driven safely on the road?","In a cold winter, when the ground is covered with snow, what part of the car on the road needs to be safely cleared before the car?"
1,0,What part of the car in the picture must be cleared of snow before it can be safely driven in the winter when the ground is covered in snow?,What part of the car in the picture must be cleared of the winter before it can be safely driven in snow when the ground is covered in snow?
1,0,"In a cold winter when snow covers the ground, what part of the car in the picture needs to be cleared before the car can be safely driven?","In a cold winter where the snow in the road can be cleared, what part of the car in the picture needs to be safely covered before handling?"
1,0,the area that is first impacted when a car is moving forward and crashes,the area that is firstly impacted when a car is moving forward when the car is crashed is up to a driver and impacts and crashes
1,0,"If we were to sit and relax in a garden, what objects in the picture could provide a comfortable place to sit?","If we were to sit and relax in a garden, what objects in the picture in a comfortable mirror could provide a comfortable place to sit and sit?"
1,0,Suppose we planned to sit and relax in a garden. Which items in the image might provide us with a comfortable place to sit?,Suppose we planned to sit and relax in a garden garden. Which items in the image might provide us with a comfortable place to sit around the att?
1,0,"If you were to relax in a garden, what objects captured in the picture may provide a comfortable place to sit?","If you were to relax in a garden, what objects in the picture displayed in a photo may provide a comfortable place to enjoy, would both sit?"
1,0,"If we were to sit and relax in a garden, please locate the objects in the picture which could provide a comfortable place to sit?","If we were to sit and relax in a garden, please locate the objects in the picture which could provide a comfortable place to sit with a garden?"
1,0,"If we were to sit and relax in a garden, what objects could provide a comfortable sitting place based on the picture?","If we were to sit and relax in a garden, what objects could provide a comfortable sitting place based on the picture as a comfortable walk on the?"
1,0,"During a football game, the marching band often plays music to cheer on the team and entertain the audience. What is the main musical instrument played by the person in the picture?","During marching, the football player often plays a musical instrument to entertain the team and laugh on the audience. What is the main song by the?"
1,0,What is the primary musical instrument played by the person in the image when the marching band performs to cheer on the team and entertain the audience during a football game?,What is the primary musical instrument played by the child when the player performs on the marching band and entertain the audience during a photo in the football?
1,0,What is the primary musical instrument being played by the individual in the picture during a football game as the marching band seeks to energize the team and engage the crowd?,What is the primary musical instrument being played by the baseball player during a concert as the band sees the occasion and engage the team in the game?
1,0,"During a football game, the marching band often plays music to cheer on the team and entertain the audience. What is the primary musical instrument used by the individual in the picture for this purpose?","During the footballing game, a musical artist often plays the music to serve the audience. What is the primary purpose used by the band on the?"
1,0,What primary musical instrument is being played by the person in the picture to provide entertainment and support during a football game?,What primary musical instrument is being supported by the person in the picture during the football game to provide musical and musical support to give entertainment a play?
1,0,"What is the main musical instrument being played by the person in the picture, typically used by marching bands during football games to entertain the audience and cheer on the team?","What is the main musical instrument being worn by the person on the picture, typically played by marching teams during basketball games and entertain the the band?"
1,0,something that emits cool or warm wind,something that emits warm or cool and meets heat. something that emits cool or follows warm wind.ble that is in thermal brazen wind energy
1,0,"When you want to know the current time, what part of the watch in the picture do you typically look at?","When you want to know the current time in the picture, what part of the watch in the picture do you typically think of to look at??"
1,0,"When you want to know the current time, where do you typically look at on the picture's watch?","When you want to know the current time, where do you typically look at on the watch, where to know for the picture's face??"
1,0,"When you want to know the current time, what specific part of the watch in the picture do you normally check?","When you want to know what the current time is normally, what part of the watch in the picture, specifics of the guess do you check?"
1,0,"When you want to know the current time, where would you normally look at typically on the watch in the picture?","When you want to know the current time normally on the watch, where would you typically look at in the picture on the watch normally in the picture?"
1,0,What component of the watch in the picture would you typically look at to determine the current time?,What component of the watch in the picture would you typically look at to determine the current time? What part of the device to select the current time?
1,0,"When you need to know the current time, where on the watch face in the picture do you look?","When you need to know the current time, where on the watch face to look, where in the picture in the picture do you have you look?"
1,0,What part of the plant in the picture is typically harvested for its edible seeds?,What part of the plant in the picture in the picture is typically harvested for its edible seeds? ethered for its plants?
1,0,What is the common part of the plant in the picture that is harvested for its edible seeds?,What is the common part of the plant in the picture in the picture that is harvested for its edible seeds? The edible?
1,0,Which part of the plant is usually harvested for its edible seeds in the picture?,Which part of the plant is usually harvested for its edible seeds in the picture. Assuming the plants are prepared for the seeds?
1,0,What would commonly be harvested for its edible seeds in a plant shown in the picture?,What would commonly be harvested for its edible seeds in a plant in the picture Its also shown in planted flowers in the character?
1,0,"What part of the plant in the picture produces edible seeds, which are typically harvested?","What part of the plant in the picture in the picture produces edible seeds, which are typically harvested? What are the harvested"
1,0,"In a musical performance, there is often a person who leads and directs the musicians or singers. Who in the picture could be fulfilling this role?","In a musical performance, there is often a person who directs the musicians or singers. Who in the picture could be fulfill this?"
1,0,"In a musical performance, there is typically a person who leads and directs the musicians and/or singers. Which person in the picture could be fulfilling this role?","In a musical performance, there is generally a person who leads and/or completes the picture. Which person could be the directing musicians?"
1,0,Which individual in the picture could potentially be fulfilling the role of leading and directing the musicians or singers during a musical performance?,Which individual in the picture could potentially be directing and fulfilling the role of the singers or leading the musicians during a musical performance?
1,0,"During a musical performance, who in the picture might be playing the role of leading and directing the other musicians or performers?","During a musical performance, who in the picture might be playing the role of directing and directing the other musicians or the leading performers?"
1,0,"In a musical performance, who might be leading and directing the musicians or singers?","In a musical performance, who might be leading and directing the musicians, or who is singing the musicians and prersing singers?"
1,0,"In a musical performance, which member(s) of the group in the picture could be responsible for leading and directing the musicians or singers?","In a musical performance, which member(s) in the picture could be responsible for directing the participants or team of the musicians and sing?"
1,0,the objects used for long-range attacks on enemies from the side of a ship,the objects used for long-range attacks on side of enemies for long attacks. from the character of a ship from the side of a sea cowaking
1,0,What part of the dog's body in the picture appears to be alert and attentive?,What part of the dog's body in the picture appears to be attentive in alert sight and the body's body and remedy?
1,0,Which part of the dog's body appears to be attentive and alert in the picture?,Which part of the dog's body appears to be attentive and alert in the picture? Which is attentive in the picture??
1,0,Which part of the dog's body in the picture appears to be watchful and attentive?,Which part of the dog's body in the picture appears to be attentive and watchful in the body's face and remedy?
1,0,Which part of the dog's body in the picture seems to be alert and attentive?,Which part of the dog's body in the picture seems to be attentive and alert by the bird's body in reminding??
1,0,"Based on the picture, which part of the dog's body appears to be alert and attentive?","Based on the picture, which part of the dog's body appears to be alert and attentive? Which part of the dogiveive?"
1,0,What part of the dog's body appears to be alert and attentive in the given picture?,"What part of the dog's body appears to be alert and attentive in the given picture, to be in the given tailcase??"
1,0,Spaghetti is a popular pasta dish that typically includes a sauce made from tomatoes. What is the main ingredient in the sauce that gives it a rich flavor and vibrant red color?,Another popular dish made from tomatoes is a spaghetti sauce that includes the main ingredient in the color and flavor it?
1,0,What is the main ingredient in the spaghetti sauce that gives it a rich flavor and a vibrant red color and is often derived from tomatoes?,What is the main ingredient in the spaghetti sauce that gives it a rich color and a vibrant flav from tomatoes?
1,0,"In a spaghetti pasta dish, what ingredient constitutes the primary component of the sauce, imparting rich flavor and a vibrant red appearance?","In a spaghetti dish, what ingredient constitutes the signature component of the taste, attracting mild flavor and contrast?"
1,0,What is the primary ingredient in the tomato sauce used in spaghetti that gives the sauce a rich flavor and a vibrant red color?,What is the primary ingredient used in tomato sauce that gives the sauce a rich vibrant color and a spaghetti?
1,0,"What is the primary component of the sauce that provides it with a rich flavor and vibrant red hue in spaghetti, a popular pasta dish typically served with tomato sauce?",What is the primary dish that provides it with a distinct flavor and spicy tomato sauce often served in a red tajedo?
1,0,Spaghetti is a popular pasta dish that usually includes tomato sauce. What is the key ingredient in the sauce that provides it with a rich taste and bright red color?,What is the main ingredient in pasta sauce? This sauce usually serves as a spaghetti that features the bold and black color
1,0,"In modern hospitals, advanced technology is often used to monitor patients' vital signs during surgery. What object in the picture is commonly used for this purpose?","In modern hospitals, advanced technology is commonly used to monitor patients' vital signs during surgery. What object in the picture is used for this"
1,0,Advanced technology is often utilized in modern hospitals to monitor patients' vital signs during surgery. What object in the picture is typically used for this purpose?,Modern technology is often utilized in hospitals to monitor patients' vital signs during surgery. What object in the picture is typically used for this
1,0,Advanced technology is frequently utilized in modern hospitals during surgical operations to keep track of patients' vital signs. What object can be frequently used for this purpose in the image?,Modern technology is frequently utilized in medical hospitals to keep track for important patients' actions. What object can be used during this image frequently?
1,0,What object in the picture is frequently used for the purpose of monitoring patients' vital signs during surgery in modern hospitals that employ advanced technology?,What object in the picture is frequently used in hospitals that monitor patients' vital signs during surgery for the purpose of using modern advanced technology?
1,0,"During surgery in modern hospitals, what item is frequently employed to monitor patients' vital signs with the help of advanced technologies?","During surgery in hospitals, what item is frequently employed to monitor patients' vital signs with the help of modern advanced technologies' machines?"
1,0,Modern hospitals utilize advanced technology to track patients' vital health signs while undergoing surgery. Which object displayed in the picture is often applied for this function?,Modern hospitals utilize advanced surgery to track patients' vital progress through medical function. Which device displayed in the picture is often used this?
1,0,"When entering a building, what structure do people usually use to go from one room to another?","When entering a building, what structure do people usually use to go from one room to another, what structure do people all use to reach a location?"
1,0,"When moving from one room to another, what architectural feature do people typically utilize to transition between rooms when entering a building?","When moving from one room to another, what architectural feature do people typically adopt to enter a room when traveling between buildings to combine for another?"
1,0,What structure is typically used by people to transition from one room to another when entering a building?,What a structure is typically used by people to transition from one room to another when entering a building. What structure can transition from time to enter itself?
1,0,What kind of feature do individuals normally utilize to move from one room to another when entering a building?,What kind of feature do individuals normally utilize to utilize to move from one room to another when entering a building. Could one escape from other?
1,0,What architectural element would people typically use to move from one room to another when entering a building?,What architectural element would people typically use to move from one room to another when entering a building? to move from a building when entering the floor?
1,0,"When entering a building, what structure is typically used to move from one room to another?","When entering a building, what structure is typically used to move from one room to another? What structure is typically used to move from one ceiling?"
1,0,something that falls from the gun after shooting,something that falls from the gun after shooting - The. is what it says after shooting. that frees from the gun after a stroke from shooting shooting
1,0,"When a plane is flying, what part of the plane rotates quickly and helps generate lift and propulsion?","When a plane is flying quickly, what part of the plane rotates and generates lift and propulsion. When a plane helps improve propulsion ability?"
1,0,"When a plane is flying, which part of the plane rotates quickly to generate lift and propulsion?","When a plane is flying, which part of the plane rotates quickly to generate lift and propulsion quickly to next. generate lift and propulsion?"
1,0,"During flight, which part of the plane rotates quickly and helps to generate lift and propulsion?","During flight, which part of the plane rotates quickly and helps to generate lift and propulsion and enables lift to generate smooth, lift in phase?"
1,0,"When a plane is in operation, what part of the plane rotates quickly to help generate lift and propulsion?","When a plane is in operation, what part of the plane rotates quickly to help the propulsion needs to generate lift and rotate in place?"
1,0,"When a plane is flying, which part typically rotates at high speeds in order to generate lift and propulsion?","When a plane is flying, which part typically rotates at high speeds in order to generate lift to achieve low speed, lift and propulsion?"
1,0,"During flight, what part of the plane rotates fast and aids in generating lift and propulsion?","During flight, what part of the plane rotates fast and fast and aids in lift. What aids for generating propulsion and dragging?"
1,0,"In ancient civilizations, the desert was often home to stunning architectural structures. What in the picture symbolizes the remarkable feats achieved in desert regions?","In ancient civilizations, the desert often represented the spectacular landscapes. What is in the image desired to accomplish in ancient desert cities?"
1,0,What element in the picture is a symbol of the extraordinary architectural achievements seen in desert regions by ancient civilizations?,What the element in the picture is an extraordinary symbol of the architectural achievements seen in desert civilizations by the regions of ancient civilization communities?
1,0,"What aspect of the picture symbolizes the remarkable feats achieved in desert regions, where stunning feats of architecture have been accomplished in ancient civilizations?","What aspect of the picture depicts the extraordinary feats achieved in desert countries, where remarkable feats of architecture have been accomplished in ancient civilizations"
1,0,What aspect of the image represents the remarkable architectural achievements in desert regions of ancient civilizations?,"What aspect of the image represents the remarkable architectural achievements in desert regions of ancient civilizations, which represents the desert image of ancient cultures?"
1,0,"In ancient civilizations, the desert was often home to stunning architectural structures. Could you identify any object or feature in the picture that symbolizes the remarkable feats achieved in desert regions?","In ancient deserts, civilizations often represent the unique object that represents the landmass. Could you make excellent visual images exhibited in the desert!"
1,0,"In ancient civilizations, the desert was home to some visually stunning architectural structures. What in the image might inspire thoughts of the remarkable achievements of those past civilizations in creating amazing structures in such harsh desert regions?","In desert, the past civilizations were inspired by images of some incredible architectural achievements in possibly astonishing the desert in such civilizations?"
1,0,"If I want to reach the items placed on a high shelf, what tool can I use to climb to a higher point?","If I want to reach the items placed on a high shelf, what tool can I use to climb to a higher point to the target?"
1,0,What tool could be used to reach items on a high shelf by climbing to a higher point?,What tool could be used to reach items on a high shelf by climbing to a higher point. By climbing a high point to the?
1,0,What is the tool that could be utilized to reach items that have been placed on a high shelf?,What is the tool that could be utilized to reach the items that have been placed on a high quality shelf that is on high shelf?
1,0,What in the image can be used as a tool to climb to a higher point when reaching items on a high shelf?,What in the image can be used as a tool to climb to a higher point when reaching items on a high above a high shelf?
1,0,What object can be used to reach items that are placed on a high shelf?,What object can be used to reach items that are placed on a high shelf? What is used to reach items that are on a high shelf
1,0,What item would you utilize in order to climb to a higher point to reach items placed on a high shelf?,What item would you reach to climb to a higher point in order to utilize items placed on top of a shelf to reach higher levels?
1,0,"To ensure proper hygiene, it is common for people to clean the bathroom on a regular basis. What object in the picture needs to be opened or moved to effectively clean the inside of the toilet?",To maintain proper hygiene it is important for people to immediately clean the picture. What item in the toilet can be on the street?
1,0,"To effectively clean the inside of a toilet, what object do you need to move or open in the picture?","To effectively clean the inside of a toilet, what object do you need to open or close in the window and to change a text picture?"
1,0,What object should be opened or moved to clean the interior of the toilet effectively in this picture?,What object should be opened or moved to clean the interior of the toilet effectively and correctly to refresh the living place in this picture? What?
1,0,"When cleaning a bathroom for hygiene purposes, which object in the image should be opened or moved to enable thorough cleaning of the interior of the toilet?","When cleaning of a bathroom for hygiene purposes, which object should be opened or moved in the interior of the toilet??"
1,0,What is the object that needs to be moved or opened in the picture to clean the interior of the toilet?,What is the object that needs to be opened or moved in the picture to clean the interior of the toilet in the interior of the door?
1,0,What part of the picture needs to be opened or moved to clean the inside of the toilet properly to ensure proper hygiene?,What part of the picture needs to be opened or moved to clean the inside of the toilet properly to ensure the proper hygiene??
1,0,Dogs often enjoy playing and running freely in open spaces. What area in the picture would be an ideal location for a dog to run and play?,Dogs often enjoy running and playing freely in open spaces. What area in the picture would be an ideal place for a dog to run and play?
1,0,Which area in the picture would be an ideal location for a dog to run and play?,Which area in the picture would be an ideal location for a dog dog. Which is a location for the ideal landscape to run and play to play?
1,0,"If you have a pet dog, what area in the picture would provide an ideal location for your pet to run and play freely?","If you have a pet dog, what area in the picture would provide an ideal location for your pet to run and play freely, provided a dog?"
1,0,"In the picture, what area would be ideal for a dog to run and play freely?","In the picture, What area would be ideal for a dog to walk freely, so what would be comfortable for a bird to run and play around?"
1,0,"If a dog wants to run and play freely in an open space, what area in the picture would you recommend as an ideal location?","If a dog wants to run freely in an open space and enjoy an ideal location, what area in the picture would you recommend as a play mode?"
1,0,Where is an ideal location within this picture for a dog to run and play freely?,Where is an ideal location within this picture about this picture for a dog to run and play freely? For a dog comfortable to run and let alone?
1,0,"When flying an aircraft, the pilot sits in a specific area of the plane. What part of the plane in the picture can we infer the pilot is sitting in?","When flying an aircraft, the pilot sits in a particular area of the plane. What part of the plane in the picture can we observe in?"
1,0,"If we assume that there is a pilot in the aircraft shown in the picture, what area of the plane might we infer the pilot to be sitting in?","If we assume that there is a pilot in the plane shown in, what area of the plane we infer might the pilot to be in the picture?"
1,0,"When flying an aircraft, the pilot typically sits in a specific location within the plane. Based on the picture, which part of the plane can we infer that the pilot is seated in?","When flying in a plane, the pilot typically sits in the plane. Based on the image, which part of the pilot can we seconstruct?"
1,0,"When flying an aircraft, the pilot sits in a specific location. Based on the picture, which part of the plane might we infer that the pilot is positioned within?","When flying a plane, the pilot might be positioned in a specific location. Based on the picture, which part of the aircraft does we infer?"
1,0,"When operating an aircraft, the pilot typically sits in a specific area. Based on the image, what part of the plane might we assume the pilot would be sitting in?","When operating an aircraft, the pilot typically sits in a particular area. Based on the image, what part of the pilot would normally be sitting?"
1,0,"When flying an aircraft, the pilot typically sits in a specific location inside the plane. Based on this image, what region of the aircraft can we reasonably deduce the pilot is seated in?","When flying a pilot, the plane typically sits within an appropriate location. Based on this image, what region of the pilot can we abbreviate"
1,0,something that controls the speed and direction of the boat,something that controls the speed and direction of the boat. that controls the speed and direction of the boat that controls the speed of the war in the boat
1,0,something that is smoking,something that is smoking that is smoking. something that is smoking. Simple. something that is smoking - understand the urine to hand
1,0,Exploring historical sites often requires entering the interior of a building. What areas in the picture can serve as entry points for exploration?,Exploring historical sites requires entering the interior of a building. What areas in the picture can often serve as entry points for exploration in the?
1,0,"When exploring a historical site and gaining entry to the interior of buildings, what areas of the picture could serve as potential entry points for exploration?","When exploring historical buildings and gaining entry to the interior of a scene, what areas of the entry could serve as potential sites for exploration?"
1,0,"Suppose someone wants to explore the interior of a building in a historical site. In the picture, which regions could serve as entryways for such exploration?","Suppose someone wants to explore the main buildings in a history of an exploration. In the entry, which areas could serve as entryways in such?"
1,0,Suppose we want to explore the interior aspects of a building while touring historical sites. What areas in the picture may serve as entry points for such exploration?,We should travel to the interior of a building while exploring historical explorations. For what part of these areas may serve as entry in the picture
1,0,something that can help me to wipe my mouth,something that can help me to wipe my mouth. that can help me to wipe my mouth to wipe my mouth. Simple that of mouth
1,0,What object is directly connected to the toilet bowl and can be lifted to clean the toilet seat and dirt around the toilet bowl?,What object is connected to the toilet bowl and can be lifted to clean the toilet and dirt around the toilet?
1,0,What is the object directly connected to the toilet bowl that can be lifted to clean the toilet seat and dirt around the toilet bowl?,What is the toilet object that can be attached to the toilet bowl and drank to clean the comfort around the toilet
1,0,"What is the name of the object that is connected to the toilet bowl, can be lifted to clean the toilet seat, and can be used to clean dirt around the bowl?","What is the name of the toilet bowl, can be connected to the toilet seat, and can be used to clean the?"
1,0,What is the object that is directly attached to the toilet bowl and can be raised to clean the toilet seat and surrounding area?,What is the object that is directly attached to the toilet bowl and can be raised to clean the toilet seat and surrounding area?
1,0,What item is typically connected directly to the toilet bowl and can be lifted for the purpose of cleaning the toilet seat and surrounding area?,What item is normally located on the toilet bowl and can be flushed for the purpose of protecting the toilet and surrounding?
1,0,Which object directly connected to the toilet bowl can be lifted to clean the toilet seat and any dirt present around the toilet bowl?,Which object connected to the toilet bowl can be dug to clean the toilet bowl and any present behind the toilet
1,0,something used for protecting the head,something used for protecting the head. something new for the masking used used for testing. used to cause how serious the lesions of the head
1,0,"If someone wanted to cross from one side of the water to the other, what structure in the picture could they use to do so?","If someone wanted to cross from one side of the water to the other, what structure in the picture could they use to do so to do so?"
1,0,"In the image, if someone wanted to cross from one side of the water to the other, which structure could they use to accomplish this?","In the image, if someone wanted to cross from one side of the water to the other, which structure could they use to create to accomplish this?"
1,0,"In the context of crossing from one side of a body of water to the other, what structure in the picture could be utilized to achieve this goal?","In the context of crossing from one side of a body of water to the other, what structure in this picture could be utilized to achieve the goal"
1,0,"If someone intended to cross from one side of the water to the other, which structure in the picture could be used to do so?","If one person could cross from the other to the other in the picture, which structure of the water would be used to refer to do so? I"
1,0,"If someone were wishing to travel from one side of the water to the other, what structure could be utilized to accomplish this goal from the picture?","If someone were wishing to travel from one side of the water to the other, what goal could be utilized to accomplish the whole from this?"
1,0,What structure in the picture could be used to cross from one side of the water to the other?,What structure in the picture could be used to cross one side of the water to show. from the water to cross from one side to the other?
1,0,"In public spaces, there are often statues of historical figures or iconic animals. What object in the picture represents a beagle?","In public spaces, there are often statues of historical figures or iconic animal animals. What object in the picture represents a beagle? Space?"
1,0,"What object in the picture represents a beagle, which is a common figure found in statues of iconic animals or historical figures in public places?","What object in the picture represents a beagle, which is a common figure found in statues of historical animals or iconic figures in public places?"
1,0,What item in the picture represents a beagle and is frequently used to depict historical figures or iconic animals in public spaces?,"What item in the picture represents a beagle and is often used to depict iconic animals, figures or unique historical objects in public art areas?"
1,0,"Regarding statues in public spaces, there are often representations of historical figures or iconic animals. What object in this image represents a beagle?","Regarding historical representation of public places, there are often statues or iconic beasts. What object in this image represents a picture of American animals?"
1,0,"In public spaces, statues of historical figures or iconic animals are often present. Can you indicate which object in the picture is a beagle?","In historical art, statues or public figures of iconic animals are often present. Can you identify which object in the picture is a beagle?"
1,0,"Which object in the picture represents a beagle, which is a popular animal for statues in public spaces?","Which object in the picture represents a beagle, which is a popular animal to represent statues, which will be for public spaces in animal vehicles?"
1,0,"Some dairy products, such as milk and yogurt, are commonly stored in containers to keep them fresh. What object in the picture can be used to cover the opening of a container and prevent the dairy product from spoiling?","Some dairy products, such as yogurt, are often stored in a container to prevent the container from opening and what can cover the product?"
1,0,What gear in this image could be utilized to cover the opening of a container and avoid spoilage of dairy products like milk and yogurt?,What gear in this image could be utilized to cover the opening of a container and avoid spoilage of dairy products like milk and y
1,0,"Some dairy products, such as milk and yogurt, are often stored in containers to preserve their freshness. What item in the picture could be utilized to secure the container's opening and prevent the dairy product from spoiling?","Some dairy products, including yogurt, are readily stored in containers to prevent the item's opening and preserve the dairy in variety?"
1,0,"What item in the picture can be utilized to cover the opening of a container and prevent dairy products, such as milk and yogurt, from spoiling?","What item in a picture can be utilized to cover dairy products, such as milk and yogurt, without preventing the crawling?"
1,0,"Some dairy products, such as milk and yogurt, are typically stored in containers to prevent them from developing spoilage. What is the object in the picture that can be placed over the opening of a container to prevent spoilage of dairy products?","Some dairy products, such as milk, are typically mounted in a container to prevent spoilage in the picture of the creation of dairy."
1,0,What object in the picture could be utilized to cover the opening of a container and prevent dairy products such as milk and yogurt from spoiling?,What object in the picture could be utilized to cover the opening of a container and prevent dairy products such as milk and yogurt from spo
1,0,"When visiting a coastal city with multiple islands, tourists often use a means of transportation to travel between the islands. What in the picture can be used for this purpose?","When visiting a coastal city with multiple islands, tourists often use a way of transportation to the islands. What can be used for this"
1,0,"When visiting a coastal city that has multiple islands, what can be used to travel between the islands?","When visiting a coastal city that has multiple islands, what can be used to travel between the islands? When traveling the coastal islands?"
1,0,"When visiting a coastal city consisting of multiple islands, which object in the picture might be utilized for transportation between those islands by tourists?","When visiting a coastal city consisting of multiple islands, which object in the picture might be utilized by tourists for transportation between those?"
1,0,"If you were to visit a coastal city with multiple islands, what object in the image could be utilized as a means of transportation for island hopping?","If you were to visit a coastal island with multiple city shopping, what object in the image could be utilized as a means of transport?"
1,0,"When visiting a coastal city with multiple islands, what object in the picture can be utilized to travel between the islands?","When visiting a coastal city with multiple islands, what object in the picture can be utilized to travel with the islands between the city adjacent?"
1,0,"In a coastal city with multiple islands, what item in the picture can serve as a means of transportation for traveling between the islands as a tourist?","In a coastal city with two islands, what item in the picture can serve as a means of transportation between the islands as a tourist?"
1,0,What object in the bedroom can people easily use to cover the window to prevent the penetration of sunlight?,What object in the bedroom can people easily use for cover of the window to prevent the penetration of sunlight to protect the windowway?
1,0,"To block out sunlight and prevent it from penetrating a bedroom, which object can be utilized to easily cover the window?","To prevent sunlight from covering a bedroom and easily block it off wall, which object can be utilized to penetrate the window??"
1,0,What item can be easily utilized in the bedroom to cover the window and block sunlight from entering?,What item can be easily utilized in the bedroom to easily cover the window and block sunlight from the wall enclosed to block entering??
1,0,What is the object located in the bedroom that people can use to block sunlight from entering through the window?,What is the object located in the bedroom that people can use to block sunlight from entering through the window as the window located in the window?
1,0,"What object, present in a bedroom, would be a convenient option for preventing sunlight from entering the room when needed?","What object, present in a bedroom, would be a convenient option for preventing sunlight from entering the room when needed to prevent light from?"
1,0,What object in the bedroom can be conveniently used to block sunlight from entering through the window?,"What object in the bedroom can be conveniently used to block sunlight from entering through the window, conveniently used to quickly enter the door?"
1,0,What part of the plant in the picture is primarily responsible for supporting the flowers and leaves and transporting nutrients from the roots to other parts of the plant?,What part of the plant in the picture is primarily responsible for supporting the roots and transporting flowers and nutrients from other parts of the plant?
1,0,What component of the plant shown in the picture is primarily responsible for providing support to the leaves and flowers and carrying nutrients from the roots to other parts of the plant?,What component of the plant shown in the picture is primarily responsible for supporting the leaves and roots and providing nutrients to other parts of the plant?
1,0,Which component of the plant in the picture is primarily responsible for providing support to the leaves and flowers as well as transporting nutrients from the roots to other areas of the plant?,Which component of the plant in the picture is primarily responsible for providing support to the leaves and roots as well as transporting other parts of the plants?
1,0,Which particular part of the plant in the picture is mainly responsible for supporting the flowers and leaves and transporting nutrients from the roots to other parts of the plant?,Which particular part of the plant in the picture is mainly responsible for supporting the flowers and roots and transporting nutrients from other parts of the?
1,0,"Which part of the plant in the picture is primarily responsible for providing support to the flowers and leaves, as well as transporting nutrients from the roots to other regions of the plant?","Which part of the plant is primarily responsible for transporting nutrients to the flowers and roots, as well as supporting other areas of the plant?"
1,0,"What part of the plant seen in the picture is primarily responsible for supporting the flowers and leaves, as well as assisting in the transport of nutrients from the roots to other parts of the plant?","What part of the picture is primarily involved in the transport of the leaves and roots, as well as assisting in nutrients from the plant?"
1,0,something that can protect the persons' heads,something that can protect the persons' heads. that can protect the persons' face the persons's heads. something that can protect the human in order
1,0,"Pure black coffee can be too bitter to drink, so people often add sugar to it to sweeten the taste. What tool in this image can be used to add sugar to coffee and stir it?",Pure coffee can be too sugar to taste and often add sugar to it. What tool in this picture can be used to drink the coffee??
1,0,What object can be used to add sugar to black coffee and stir it to temper the bitterness?,What object can be used to add black coffee to coffee and stir it to temper the sugar and imble it to bless the bitterness??
1,0,What in the picture can be utilized to add sugar to coffee and stir it to improve its taste?,What in the picture can be utilized to stir sugar in coffee and add sugar to coffee and improve it to help to increase its taste?it?
1,0,What object in the picture can be used to add sugar to coffee and stir it?,What object in the picture can be used to add sugar to coffee and stir it? What. to add sugar to the coffee and stir it??
1,0,What utensil in the picture may be utilized to add sugar to coffee and stir it?,What utensil in the picture may be utilized to add sugar to coffee and add it?__ to stir a coffee product to stir it?
1,0,Which tool from the picture would you use to add sugar to coffee and stir?,Which tool from the picture would you use to add sugar to coffee and stir? How to add sugar to the coffee to medium and stir toast?
1,0,"When riding a bicycle and carrying personal belongings, what object should be used to secure and transport the items safely?","When riding a bicycle and carrying personal belongings, what object should be used to secure and transport the items safely and carry the items?"
1,0,"In order to safely transport personal belongings while riding a bicycle, what object should be used to secure and carry the items?","In order to safely secure personal belongings while riding a bicycle, what object should be used to transport and carry and pay the items?"
1,0,"When riding a bicycle and carrying personal belongings, what object should be used to safely secure and transport the items?","When riding a bicycle and safely carrying personal belongings, what object should be used to safely secure and transport the items and wallet?"
1,0,What item should be used to securely transport personal belongings while riding a bicycle?,What item should be used to securely transport personal belongings while transporting public transport to a bicycle while riding a bicycle?
1,0,"When riding a bicycle and carrying personal belongings, which object should be utilized to securely transport the items in a safe manner?","When riding a bicycle and carrying personal belongings, which object should be utilized to securely transport the items in a safe manner?"
1,0,"When we visit a cafe or a restaurant, where can we usually find a place to sit and enjoy our food and drinks?","When we visit a cafe or restaurant and find a place to sit at a local, where can we usually enjoy our food and drinks??"
1,0,"When visiting a cafe or a restaurant, where would we typically find a location to sit and enjoy our food and drinks?","When visiting a cafe or a restaurant, where would we typically find a location to sit and enjoy our food and drinks and restaurants?"
1,0,"When visiting a cafe or restaurant, where is an area where people can commonly find a place to sit and enjoy their food and drinks?","When visiting a cafe or restaurant, where is an area where people can often find a place to eat and enjoy their food and drinks?"
1,0,"When we visit a cafe or restaurant, where is the area that usually provides seating for us to enjoy our food and drinks?","When we are hosting a seating or restaurant, where is the area that usually provides us for our comfort to enjoy lunch and drinks??"
1,0,"When visiting a cafe or a restaurant, where can we typically find a location to be seated and enjoy our food and beverages?","When visiting a restaurant or a cafe, where can we typically find a location to be at our host and enjoy food or beverages?"
1,0,"When we visit a cafe or a restaurant, what kind of area can we typically find to sit and enjoy our food and drinks?","When we visit a cafe and a restaurant, what kind of area can we typically find to sit and enjoy our food or drinks and drink?"
1,0,What object covers the toilet bowl when the toilet is not in use?,What object covers the toilet bowl when the toilet is not in use? The toilet is not in theilet?
1,0,"In gymnastics, there are different apparatuses that athletes can use for their performances. What object in the picture could be used by a gymnast for their routine?","In gymnastics, there are different apparatuses for their performance. What object in the picture could be used by a gymnast?"
1,0,Which object in the picture can be used by a gymnast during their routine?,Which object in the picture can be used by a gymnast during the routine? Which object in their routine can be used by a gymnast
1,0,"In gymnastics, what equipment in the picture can a gymnast use for their performance?","In gymnastics, what equipment in the picture in the picture can a gymnast use for their performance? quality for their performance?"
1,0,What equipment in the picture might be utilized by a gymnast during their performance?,What equipment in the picture might be utilized by a gymnast during the performance? What? ether in their gymnast during performance?
1,0,"In gymnastics, different equipment is used by athletes to perform. Based on the picture, what object could be utilized by a gymnast during their routine?","In gymnastics, different equipment is used by athletes. Based on picture, what object could be utilized during the gymnast?"
1,0,What object in the bathroom can be used to cover the toilet bowl when not in use?,What object in the bathroom can be used to cover the toilet bowl to cover the toilet when not in use? Tried?
1,0,"What is the object commonly used to cover the toilet bowl when the toilet is not in use, located in the bathroom?","What is the object commonly used to cover the toilet bowl when the toilet is not in use, located in the bathroom?"
1,0,What object in the bathroom is used for covering the toilet bowl when not in use?,What object in the bathroom is used for covering the toilet bowl in covering the toilet bowl when not in use??
1,0,What object is commonly used to cover a toilet bowl when it is not being used in a bathroom setting?,What object is commonly used to cover a toilet bowl when it is not being used in a bathroom setting in a bathroom setting?
1,0,What can be used to cover the toilet bowl in the bathroom when it is not in use?,What can be used to cover the toilet bowl in the bathroom in the bathroom when it is not in use? Itover?
1,0,What can be used to cover the toilet bowl when not in use that is present in the bathroom?,What can be used to cover the toilet bowl when not in use that is present in the bathroom that is not in the kitchen?
1,0,"You are tired after all day""s hard work and want to rest for a while. What furniture might you choose to sit on to rest?",You are tired all day while furniture and want to rest without hard work. What if you might's on a while to choose to rest?
1,0,Imagine that you're feeling exhausted after a long day of hard work and want to take a break. Which piece of furniture in the picture would you choose to sit on and relax?,Imagine that you're forced to sit down after a long day of pleasure and take a break. Which piece of furniture would the picture?
1,0,"If you are tired after a long day of hard work and want to rest, what kind of furniture might you choose to sit on?","If you are tired after a long day of hard work and want to rest, what kind of furniture might you choose to sit on after you?"
1,0,"If you're feeling exhausted after a long day at work and need to rest, what piece of furniture might you opt to sit on?","If you're feeling exhausted after a long day at work and need to sit back on, what piece of furniture might you opt to?"
1,0,"After a hard day's work, you want to rest for a while. Which piece of furniture might you select to sit and relax on in the picture?","After a long day's sleep, you want to sit on for a while. Which piece of furniture could you comfort in the picture? Part"
1,0,Suppose you want to rest for a while after a long day of hard work. What type of furniture would you choose to sit on for relaxation?,Suppose you want to sit on for a long day of relaxation. What type of furniture would you choose to rest after a hard workout?
1,0,"In a hotel lobby, there may be decorative elements that enhance the grandeur and elegance of the space. What object in the picture can be hung from the ceiling and provides both lighting and aesthetic appeal?","In a hotel, there are hidden elements that can accompany the ceiling of the space and provide a hedgeristic look and elegance."
1,0,"In a hotel lobby, decorative elements are often used to enhance the grandeur and elegance of the space. If we consider the picture shown, which element can be suspended from the ceiling while simultaneously providing lighting and aesthetic appeal?","In a hotel room, ceiling elements are often used to convey the elegance and enhance the interior of the design. If what is obvious,"
1,0,"In a hotel lobby, decorative elements can help to enhance the grandeur and elegance of the area. Based on this picture, what item can be suspended from the ceiling to provide both attractive form and lighting functionality?","During a gardening area, what mirror can be sold to enhance the intrusive charm and ambition of the room. Given this image,"
1,0,"Hotels typically incorporate decorative elements in their lobbies to enhance their grandeur and elegance. What object can be suspended from the ceiling in the picture, serving both the function of lighting and providing aesthetic appeal?","Several items can be embroidered in their ceilings, providing a decorative image to complement the ambiance of the frontal appearance. What"
1,0,"In a hotel lobby, there may be decorative elements that enhance its grandeur and elegance. Could you tell me which object in the picture can be suspended from the ceiling to provide both lighting and aesthetic appeal?","Within a glass wall, there are certain lintels that can be imitated to enhance the sensory and architectural appeal. Could you please"
1,0,Hotels usually have decorative elements in their lobbies to achieve a grand and elegant look. Could you please identify the object in the picture which can be suspended from the ceiling to provide both aesthetic appeal and lighting?,Founders can be placed in the ceilings to give a unique picture to both express a naturalistic and awkward appearance. Would the furniture
1,0,"As a fighter pilot prepares for takeoff, what area of the plane does the pilot enter and control during the flight?","As a fighter pilot prepares for takeoff, what area of the plane does the pilot enter and control during the flight from the veteran?"
1,0,"During takeoff preparation, which area of the plane does a fighter pilot enter and control throughout the flight?","During takeoff preparation, which area of the plane does a fighter pilot enter and control and prepare to enter the flight throughout the flight process?"
1,0,"During takeoff, which part of the plane does a fighter pilot typically enter and control throughout the flight?","During takeoff, which part of the plane does a fighter pilot typically enter and control the aircraft throughout the flight: pass through during final flight?"
1,0,"During a takeoff, what area of the plane is entered and controlled by the pilot?","During a takeoff, what area of the plane is entered and controlled by the pilot? What final object is controlled by and of the pilot??"
1,0,"As a fighter pilot prepares for takeoff, which area of the plane do they enter and control during the flight?","As a fighter pilot prepares for takeoff, which area of the plane do they enter and control during the flight and which plane of the?"
1,0,"In order to input information and perform tasks on a laptop, what object in the picture can be used for typing?","In order to input information and perform tasks on a laptop, what object in the picture can be used for typing? What object in the typing??"
1,0,"To input information and perform tasks on a laptop, what is the object in the picture used for typing?","To input data and perform tasks on a laptop, what is the object used for typing? What is the information in the object picture in the pendant?"
1,0,What object from the picture can be used for typing or inputting information on a laptop in order to perform various tasks?,What object from the photo can be used in order to input or print information on a laptop for typing a computer in order for performing various performing tasks?
1,0,"When using a laptop to input information and perform tasks, which object in the picture could be utilized for typing?","When using a laptop to input information and perform tasks, which object in the picture could be utilized for typing? The object in memory for typing?"
1,0,"When performing tasks on a laptop, what object in the picture can be utilized for typing and inputting information?","When performing tasks on a laptop, what object in the picture can be utilized for typing and inputting information? What to output in the picture?"
1,0,the region exhibiting unusual color,"the region exhibiting unusual unusual color,the weather that presents an unusual variety.ica projecting the original to show region experiencing unusual gold person color"
1,0,"When a cat is interested in something and wants to observe it carefully, what part of the cat's body in the picture is most likely to be the focus of attention?","When a cat wants to see something and is devoted to attention, what part of the cat's body in the picture is most likely of it?"
1,0,"If a cat is interested in something and wants to observe it closely, what part of the cat's body in the picture is most likely to be the center of attention?","If a cat is interested in the picture and wants attention, what part of the cat's body nearby it is most likely to be of attention?"
1,0,"If a cat is intently observing something of interest, what part of its body in the picture is likely to be the focus of attention?","If a cat is consistently observing something in the picture, what part of its body of interest is likely to be the eye of the attention?"
1,0,"When a cat is interested in something and wants to observe it carefully, what part of its body will most likely be the focus of its attention based on the picture?","When a cat wants to focus on something and is curious about it, what part of its body will most likely be the attention of the picture carefully?"
1,0,"When a cat is keen on observing something, what part of the cat's body in the picture is usually the focus of attention?","When a cat is keen to think of the body, what part of the cat's attention in the picture is usually an observation of the handle?"
1,0,"When a cat is interested in something and wants to observe it attentively, which part of its body is most likely to be the focus of its attention in the picture?","When a cat wants to observe something and is likely to pay attention to it objectively, which part of its body is the interest in the picture?"
1,0,"Some plants have delicate structures that are visually appealing and often attract pollinators. In the picture, what would be an example of such a plant?",Some plants have pollinators that are visually intricate and often attract the appearance. What would be an example of such a plant as man?
1,0,Some plants are visually attractive and possess delicate structures that can attract pollinators. Could you identify an example of a plant in the image that fits this description?,Some plants possess an outline of structures that are attractive and can identify indelicate objects. Can you replace a model that describes this in the example
1,0,"Can you identify a plant in the picture that showcases delicate structures, which are visually appealing and might attract pollinators?","Can you identify a plant in the picture that might reveal delicate structures, which are visually attractive and are appealing pollinators?"
1,0,Could you point me to the plant in the picture that might serve as an example of a plant with delicate structures that are visually striking and likely to draw in pollinators?,Would you describe the plant in a picture that can serve as an example of a plant that is intricate and likely to draw with pollinators?
1,0,It is summer now. What object can help reduce the temperature in the room and make it more comfortable?,It is now summer long. What object can be in the room to help reduce the temperature and reduce the atmosphere and make your room more comfortable? It
1,0,"As a smart home AI, what appliance can be activated to decrease the temperature and make a room more comfortable during the summer season?","As a mobile home IA, what appliance can be activated to make a room more comfortable and reduce the temperature during the chilly season?"
1,0,"What appliance in the room can be utilized to reduce the temperature and create a more comfortable environment, given that it is currently summer?","What appliance can be used in the room to maximize temperature and make the environment more comfortable, given that it is currently incorporating a winter?"
1,0,"As a smart home AI, what object can you suggest to reduce the temperature in the room and make it more comfortable now that summer has arrived?","As a home AI method, what else could be expected to reduce the room temperature in the summer and make it more comfortable now that you bring?"
1,0,"In a cold winter, what appliance can be used to heat the indoor environment?","In a cold winter, after the sun, what appliance can be used to heat the indoor environment? What appliance can be in heat?"
1,0,"In a frigid winter, what appliance can be utilized to warm the indoor environment?","In a frigid winter, when home comes, what appliance can be utilized to warm the indoor environment to satisfy the wet soil?"
1,0,"In chilly winters, what appliance would you use to warm up the indoor environment?","In chilly winters, what appliance would you use to warm up the indoor environment? What to warm up the indoor climate??"
1,0,What appliance could be implemented to warm up the indoor environment during a cold winter?,What appliance could be implemented to warm up the indoor environment during the cold winter. What operation could be implemented to satisfy a cold green weather?
1,0,"As an intelligent home assistant, what appliance would you advise to be used to heat the indoor environment in a cold winter?","As an indoor technician, what appliance would you be used to assist the home environment in a cold environment if to heat warm English cold?"
1,0,What type of appliance could be utilized to warm up an indoor environment during a cold winter day?,What type of appliance could be utilized to warm up an indoor environment for use during a cold winter environment during a warm up sun day?
1,0,"When participating in water activities, it is important to prioritize safety and wear appropriate equipment. What in the picture could provide extra protection and buoyancy to the person in case of any incidents in the water?","Regarding participating in water activities, it is important to provide appropriate safety and add buoyancy in the picture. What in any case of water?"
1,0,"During water activities, safety should always be a top priority, and it's important to wear appropriate equipment. What item in the picture could provide the person with extra protection and buoyancy in the event of any accidents in the water?","During water activities, safety is always appropriate to provide the passengers with positive hygiene. What item is a priority in the event in the water?"
1,0,"In water activities, it is crucial to prioritize safety by wearing appropriate equipment. Which item in the picture could provide extra protection and buoyancy to the person in case of an incident in the water?","In water, it is crucial to provide appropriate safety for the person by handling additional traits. Which item in the water picture could happen in!"
1,0,"When participating in water activities, it is essential to prioritize safety and wear appropriate equipment. What item could provide an extra layer of protection and buoyancy in the event of any incidents while in the water?","When participating in water activities, it is essential to provide appropriate handling of safety and delimand any possibility. What item in the water fle?"
1,0,"While participating in water activities, one must prioritize safety and wear the appropriate gear. What equipment in the picture can provide extra protection and buoyancy in case of any incidents in the water?","While participating in water activities, one can wear appropriate gear and minimize the injury. What equipment in the case regarding any safety?"
1,0,something that protects the knees,something that protects the knees that protects the knees. something that protects the knees. Simple for the in turning the knees
1,0,Weightlifting is a common exercise in the gym to build muscle and strength. What equipment in the picture is commonly used for weightlifting exercises?,Weightlifting is a common exercise in the gym to build muscle and strength. What equipment in the picture is used for weight exercis
1,0,What equipment displayed in the picture is typically used for weightlifting exercises in the gym aimed at building muscle and strength?,What equipment displayed in the picture is typically used for weightlifting exercises in the gym aimed at building muscle and muscle?
1,0,Weightlifting is a common exercise that many people often practice in gyms to build muscle and improve strength. Can you identify the equipment that is frequently used for weightlifting exercises in this picture?,Weightlifting is another common exercise that can identify what people perform in gyms to build weight and exercises. Many options in this
1,0,Weightlifting is a common exercise in the gym that focuses on muscle building and strengthening. What equipment visible in the picture is frequently employed for weightlifting exercises?,Weightlifting is a common exercise in the gym that focuses on muscle lifting. What equipment frequently encountered in weightlifting?
1,0,"What equipment in the picture is typically used for weightlifting exercises, which are a popular method of building muscle and enhancing strength at the gym?",What equipment in the picture are commonly used for building muscle gym and a method of exercising weightlifting at the great exercis?
1,0,"When weightlifting in the gym to build muscle and strength, what equipment in the picture is often used to facilitate these exercises?","When weightlifting in the gym to build muscle and strength, what equipment in the picture is often used to facilitate these exercises"
1,0,something that the animals are tied to,something that the animals are tied to the animals are tied to. something that the animals are tied to the species and are true for food. part of
1,0,"In the picture, what objects could be seen in the sky that are usually formed by condensed water vapor?","In the picture, what the objects are usually seen in the sky that could be formed by condensed water vapor that contains in natural temperatures?"
1,0,"What are the objects in the sky that are usually formed by condensed water vapor, which are possibly visible in the picture?","What are the objects in the sky that are usually formed by condensed water vapor, which are possibly broken, which are visible in the picture?"
1,0,"What objects, typically created through the condensation of water vapor, can be observed in the sky of the picture?","What objects, typically created through the condensation of water vapor, can be observed in the picture, created in the sky of the menu?"
1,0,What objects could be observed in the sky of the picture that are commonly formed as a result of condensed water vapor?,What objects are commonly observed in the picture of the sky that could be formed along the sky that also occur as a result of condensed vapor?
1,0,"What type of objects, typically created from condensed water vapor, can be seen in the sky in the provided picture?","What type of objects, typically made from water vapor in the sun, can be seen in condensed sunlight in the described in the picture?"
1,0,"In this picture, what objects can sometimes be seen in the sky when water vapor becomes condensed?","In this picture, what objects can sometimes be seen in the sky when the sky becomes condensed? Water vapor becomes water vapor inble?"
1,0,the spare tire that is not used currently,the spare tire that is not a tire that is used today. no. Load that is not used to replace spare taper that is currently
1,0,"At a dinner party, a guest may be asked to carve a cake or pie to serve to the other guests. What object in the picture could be used to cut the cake or pie?","At a dinner party, one could be asked to serve a cake/bucker to serve the guests. What object in the picture could be?"
1,0,What in the picture can be utilized to cut a cake or pie during a dinner party to serve to the guests?,What in the picture can be utilized to cut a cake or pie during a dinner party to serve to the guests without serving to the party?
1,0,"In the context of a dinner party, if someone is asked to carve a cake or pie to serve to the guests, what object from the picture could be utilized for this task?","In the case of someone with a cake, what object is given to the dinner or dinner guests to be utilized for the task could present?"
1,0,"During a dinner party, a guest might be asked to cut a cake or pie for serving the other guests. What object in the picture might be utilized for this purpose?","During a dinner party, a guest might be asked to utilize the cake or other for serving the guests. What object in this picture could?"
1,0,What object in the picture can be used to cut cake or pie when a guest is asked to serve other party guests?,What object in the picture can be used to cut cake or pie when a party guest is asked to serve the party to meet other guests guests?
1,0,"Suppose you are attending a dinner party, and you are asked to carve a cake or pie to serve to other guests. What tool in the picture could you use for this purpose?",Suppose you are attending a cake party and you could be used to serve a chef or dinner for the purpose. What tool in this picture to
1,0,Which object can be used to put and place things within arm's reach when sitting in the living room?,Which object can be used to put and hold things within arm's reach when sitting in the living room by being place in one of human rooms?
1,0,What object is commonly used to keep things within arm's reach when sitting in the living room?,What object is commonly used to keep things within arm's reach when sitting in living room when giving reach to the arm's in the kitchen?
1,0,What item in the living room can be used to place objects within arm's reach when sitting?,What item in the living room can be used to place objects within the arm's reach when sitting? What to serve within different object of sitting?
1,0,"As an intelligent robot, what object would you grab to place items within arm's reach if someone was sitting in the living room?","As an arm's computer, what object would you place in sustained dynamic items to grab something if someone were sitting in the living room anyway?"
1,0,What object in the living room can be used for placing items within arm's reach while sitting in the room?,What object in the living room can be used for placing arm's in the room while holding several items within innch accessible from sleep's?
1,0,"In a living room, which object could be used to conveniently place and keep things within arm's reach while seated?","In a living room, which object could be conveniently used to place and seize while making things easily within arm's head to dosed?"
1,0,the motorcycles tied together,"the motorcycles tied together to fit together. the motorcycles tied together by speed. The motorcycles tied together, multiples in ha"
1,0,the place where the teacher can write and draw,the place where the teacher can write and write. 1. learn how the teacher can write and draw the language where she enables the teacher to draw
1,0,the symbol of the Olympics,the symbol of the end of the Olympics. The symbol of the Olympics.com Games that represents the gold of the Wilfred Olympic for universal starters
1,0,the hardest body part of the animal,the hardest part of the body part of the animal. we love the: The hardest cord animal body to achieve the stone results of the dog
1,0,Suppose you are a student and need to bring all the required supplies to the library for self-study. What object can be used to facilitate transportation?,Suppose you are a student and need to carry all the necessary supplies to a library for self-study. What object can be used to transport?
1,0,"If you need to bring all your required supplies to the library for self-study, what object could you utilize to streamline transportation of these items?","If you need to bring your supplies to the library for complete self-service, what object could you utilize to streamline transportation of these items"
1,0,"If you need to bring all of your required supplies to the library for self-study, what object could you utilize to facilitate transportation?","If you need to carry all of your requested supplies to the library to facilitate transportation, what object could you utilize for self-study"
1,0,"If you need to bring all the required supplies to the library for self-study, which object in the picture could be utilized to facilitate transportation?","If you need to bring all the necessary supplies to the library to facilitate self-service, which object in the picture could be utilized for?"
1,0,"As a student, you need to bring all the necessary supplies to the library for self-study. What item could be utilized to make transportation more convenient?","As a student, you need to carry all the necessary supplies to the library for transportation. What item could be utilized to make self-service"
1,0,"If you need to bring all of your study supplies to the library for self-study while you are a student, what object could you use to simplify transportation of the items?","If you need to transport some of the library items to a student for self-study, what transport can you use while you are planning your?"
1,0,the real person,"the real person the real person. the real person. The real person is real in person. the real Simple person of new, giving u personel"
1,0,"In order to maintain a clean and environmentally friendly neighborhood, people often separate their waste materials for recycling. What in the picture could be used to dispose of recyclable items?","In order to maintain transportation, people often dispose of a clean and recyclable area for hazing items. What in the photo could?"
1,0,"To reduce waste and preserve the environment, people frequently categorize their refuse for recycling within the community. What in the picture is an effective medium for disposing of recyclable materials?","To reduce recycling and waste, people discard the quantities of their environment readily. What is a needable medium for recycling? in"
1,0,"In order to maintain a neighborhood that is clean and mindful of the environment, separating waste into different categories for recycling is essential. What item(s) in the picture could be utilized to dispose of recyclable materials?","To keep a household in the environment, it is necessary to recognize what items/cuts are recyclable in addition to the food layer?"
1,0,What object in the picture appears suitable for disposing of recyclable items as a means of preserving a clean and eco-friendly environment for the community?,What object in the picture is suitable for preserving the disposable storage of eco-friendly items as a manner of clean and recycle?
1,0,"To maintain a clean and environmentally friendly neighborhood, people often separate their waste materials for recycling. Could you tell me what object is present in the image that could be utilized to dispose of recyclable items?","To maintain a recyclable environment, people explain what image could be used in the area to frequently dispose of gifts and transportable items?"
1,0,"In hazardous environments, protective gear is necessary to ensure personal safety. What protective item in the picture can help shield the face and eyes from harmful substances?","In hazardous situations, protective gear is necessary to protect the skin and eyes from harmful effects. What personal item in the?"
1,0,"When working in hazardous environments, it is generally necessary to utilize protective gear to guarantee personal safety. What protective item displayed in the picture could be utilized to shield the face and eyes from harmful substances?","When carrying hazardous gear, it is necessary to protect the eyes from harmful situations. What can be utilized in personal store?"
1,0,"When present in hazardous environments, wearing protective gear is crucial for ensuring personal safety. Please identify the protective item in the picture that could aid in shielding the face and eyes from dangerous substances.","When wearing protective gear, please identify the item in the background to ensure the safety of people while avoiding horrific hazards"
1,0,"When operating in hazardous environments, it is important to wear protective gear to ensure personal safety. Which protective item in the picture may help protect the face and eyes from harmful substances?","When handling protective substances in the environment, it is important to wear the protective gear which may protect your eyes from healthful situations."
1,0,"In hazardous environments, it is important to use protective gear to ensure personal safety. What item of protective gear in the picture is designed to protect the face and eyes from exposure to harmful substances?",In hazardous situations it is important to protect the eyes from harmful health. What item of protective gear is designed to cover?
1,0,"When working in hazardous environments, it is crucial to wear appropriate protective gear to ensure personal safety. Based on the picture, what protective item might assist in shielding the face and eyes from dangerous substances?","When employing protective gags, it is crucial to protect the face or body from hazardous situations. Based on what picture,"
1,0,People usually wash their hands after using the restroom. What object in the picture provides water for hand washing?,People usually wash their hands after using the restroom. What object in the picture provides water for the hand washing? What hand washing?
1,0,What object in the picture could be used to provide water for handwashing after using the restroom?,What object in the picture could be used to provide water for restocking after using the handwashing in the handroom after using room?
1,0,What object in the picture could be used to supply water for the purpose of hand washing after using the restroom?,What object in the picture could be used for the purpose of hand washing to supply water to water after using the restroom using the restroom?
1,0,"What object, typically used for hand washing, can be found in the picture?","What object, typically used for hand washing, can be found in the picture? What? ether used for hand washing in the picture?"
1,0,What object in the picture serves as a water source for hand washing after using the restroom?,What object in the picture serves as a water source for water washing after doing the restroom. What serves as hand washing using the water?
1,0,"Please identify the object in the picture that provides water for hand washing, typically used after using the restroom.","Please identify the object in the picture that provides water for restoring the hand washing, typically used for physical use after wearing the test room."
1,0,the couple who gets married,the couple who gets married who gets married the gets married. the couple who gets married? the couple who gets married with husband and die in twitch
1,0,"In some religious or cultural practices, people may gather in a specific place to perform rituals or prayers. What location in the picture could be associated with such activities?","In some religious or cultural practices, people gather in a specific location to perform rituals or activities. What location could be associated with such the picture?"
1,0,What location in the picture might be associated with religious or cultural rituals that involve people gathering together to perform prayers or other rituals?,What location in the picture might be associated with religious or cultural rituals that involve people gathering together to perform prayers or other rituals? The
1,0,"In some religious or cultural practices, individuals may gather in a particular location to conduct rituals or prayers. What area in the picture may be related to these activities?","In some religious or cultural practices, individuals may gather in a particular area to conduct rituals or activities. What picture in the program may be related?"
1,0,"In religious or cultural practices, people may congregate in particular areas to conduct rituals or prayers. Based on the picture, what location might be related to such events?","In religious context, people may interact with religious communities to conduct rituals or services in such events. Based on the picture, what area might be?"
1,0,"What part of the picture could be associated with religious or cultural rituals or prayers, where people may congregate?","What part of the picture could be associated with religious or cultural rituals or prayers, where people may congregate, religious or culture??"
1,0,What part of the picture could be associated with religious or cultural rituals where people gather?,What part of the picture could be associated with religious or cultural rituals where people gather? What part of the culture could be associated with religious gather?
1,0,"When walking around a college campus, there are multiple buildings to navigate through. What part of the picture is generally used by pedestrians to move from one area to another?","When walking through the neighborhood, there is a picture used by pedestrians to generally navigate. What interior is one part of from one to another"
1,0,"In a college campus, pedestrians travel through various buildings and locations. Please guide me to locate the region in the picture that is commonly used by pedestrians to navigate from one location to another.","In a campus, pedestrians travel through several places to identify the location in a picture that can be frequently used by pedestrians."
1,0,"When traversing a college campus, what part of the picture is typically utilized by pedestrians to move from one area to another?","When traversing a college area, what part of the picture is typically utilized by pedestrians to move from one campus to another throughout?"
1,0,"When navigating through a college campus with various buildings, people usually travel between different areas via paths. What part of the picture do pedestrians primarily use to move from one location to another?",When traveling through a campus mostly pedestrians often communicate with various buildings. What part of the picture do people move from one location to another
1,0,"When traversing a college campus with numerous buildings, what area of the picture is typically utilized by pedestrians to move between buildings?","When traversing a college campus with many buildings, what portion of the picture is typically utilized by pedestrians to move between campus buildings?"
1,0,something that provides the lift force for the helicopter,something that provides the force force force for the helicopter. that provides the lift force for the helicopter for the steam force helkenasset
1,0,the person who is pushing the baby carriage,the person who is pushing the the baby carriage. the person who is pushing the baby carriage the baby in breaking the baby carriage. The child carriage carriage
1,0,"During a carnival parade, people often wear elaborate costumes to enhance the festive atmosphere. What part of a costume would typically be attached to a person""s back to give them a fairy-like appearance?","During a festive ceremony, people typically hang out of the carpet to give a costume's appearance.What else is typical festive can"
1,0,"During a carnival parade, people often wear elaborate costumes to enhance the festive atmosphere. Which part of a costume would usually be attached to a person's back to give them a fairy-like appearance?","During a costume fest, people usually are attached to the streets to give out a funny appearance. Which part of a festive-style could"
1,0,"During a carnival parade, elaborate costumes are typically worn to enhance the festive atmosphere. What item would you expect to be attached to a person's back as part of their costume to give them a fairy-like appearance?",Costumes are often worn during a funeral event to give them a carnival appearance. What item would be enhanced upon your relative's
1,0,People often wear elaborate costumes to enhance the festive atmosphere during a carnival parade. What part of a costume would typically be attached to a person's back to create a fairy-like appearance?,People often wear costumes during a festive appearance to enhance a park's arrangement. What part of the costume could be in vain?
1,0,"During a carnival parade, individuals often wear flamboyant and elaborate costumes to generate a festive atmosphere. What part of a costume can be affixed to a person's back to provide a fairy-like appearance?","During a carnival ceremony, individuals can wear costumes out of a fusey to provide some virtual impression. Another car-like can"
1,0,"Imagine it's cold outside and you have guests over, you want to create a warm atmosphere for everyone. Which object in the image can create a comfortable warmth inside?","Imagine it's cold outside and you want a warm atmosphere over, which object in the image can create a warm comfort for everyone in. You"
1,0,"Suppose you have guests over in a chilly environment and you wish to create a warm, comfortable ambiance. What object in the picture could you use to achieve this?","Suppose you have guests over a chilly atmosphere and you wish to create a warm, comfortable style. What object in the picture could you use this?"
1,0,"If you want to create a warm atmosphere indoors when it's cold outside and you have guests over, what item in the picture would you use to create a pleasant, temperature-controlled environment?","If you want to create a pleasant, multi-control atmosphere in the sun, what item you use outside and it's an outdoors?"
1,0,"Suppose it's chilly outside, and you have guests over, and you would like to create a warm and comfortable indoor atmosphere. What object in the image could help you achieve this objective?","Suppose it's warm and chilly, and you would like to create a comfortable indoor atmosphere. What object over you could achieve the object?"
1,0,"Imagine it's cold outside and you have guests over, and you want to create a warm atmosphere inside for everyone. What object in the image can serve this purpose by producing comfortable warmth?",Imagine it's warm outside and you want to produce warmth over the serve. What object in this image can create a comfortable outside for?
1,0,"When attending a sports event in a stadium, what would people typically sit on to watch the game?","When attending a sports event in a stadium, what would people typically sit on to watch the game, what would you strike on the stadium"
1,0,"When attending a sports event in a stadium, which object would people generally use to sit on to watch the game?","When attending a sports event in a stadium, which object would people generally use to sit on to watch the game. When generally bring on?"
1,0,"At a sports event in a stadium, what is the object that people usually sit on when watching the game?","At a sports event in a stadium, what is the object that people usually sit on when watching the game, what people are facing the table?"
1,0,What objects in the stadium would people usually sit on to watch a sports game?,What objects in the stadium would people usually sit on to watch the sports game? What objects in the pool would people watch a sports game??
1,0,"When attending a sports event in a stadium, what is the common item people would use to sit and watch the game?","When attending a sports event in a stadium, what is the common item people would use to sit and watch to play the called the game?"
1,0,"In a children's playground, there are often small structures designed for children to play in. What in the picture can children enter and use as their own little house?","In a children's playground, there are often small structures designed for children to play in. What is the picture in their own children house?"
1,0,"In a children's playground, what structure in the picture can children enter and use as their own little house for playing?","In a children's playground, what structure in the picture can children enter and use as their own little home for a building to play??"
1,0,What part in the picture could children enter and utilize as a miniature house for playing?,What part of the picture could children enter and utilize in the miniature house for playing? Conquered as a house animal to enter and?
1,0,What structure in the picture can children use as their own little house to play in while in a children's playground?,What structure in the picture is a little children can use as their own play house to play in while in a children's own home playground?
1,0,Which object in the picture may be considered a small structure that children can enter and utilize as their own playhouse in a playground?,Which object in the picture can be considered a small structure that children may utilize as a playhouse and enter their own playground in some game?
1,0,"During playtime, children often explore small structures designed specifically for them in a children's playground. What item in the picture could children enter and use as their own little house?","During children's play, children often explore small spaces designed as a playground in their own little. What item in the picture could children enter?"
1,0,"If I want to print out a document, what appliance in this image can I use to accomplish this task?","If I want to print out a document, what Icode out the image in this appliance can I use to accomplish this task to this project?"
1,0,Which appliance could be used in this image to complete a printing task?,Which appliance could be used in this task to complete the printing application? Allows image to be used for a rectangular printing device in installation?
1,0,"If you want to print a document, what appliance from the provided image can be utilized to help you accomplish this task?","If you want to print a document, what image from the appliance can be provided to help you accomplish this task by utilizing it.com?"
1,0,the tool used for spreading jam,the tool used for spreading jam. Used for processing jam while tooling tin the one of the spreading derived material used in churn jam
1,0,"During a nighttime flight, when an airplane lands, what equipment is typically used to allow passengers to safely exit the aircraft onto the ground?","During an evening airplane time, when an aircraft lands, what equipment is typically used to allow passengers to safely exit the aircraft onto the groundstream?"
1,0,"After a nighttime flight, what is the common equipment utilized to permit passengers to safely disembark from an airplane and step onto the ground?","After an airplane to arrive, what is the common equipment utilized to permit passengers to lightly disobey the ground and from a flight?"
1,0,"When an airplane lands at night, what equipment is typically utilized to ensure that passengers can safely disembark the aircraft and reach the ground?","When an aircraft is safely landed at night, what equipment is typically utilized to ensure that passengers disembark the airplane and reach the ground"
1,0,"On a night flight, what is the equipment typically used for the safe disembarking of passengers once the airplane has landed onto the ground?","On a safe airplane, what is the equipment typically used for the disembarking of passengers once the airplane has landed on ground?"
1,0,"When an airplane lands at night, what equipment is commonly used to allow passengers to safely disembark from the plane onto the ground?","When an airplane is safely placed at night, what equipment is commonly used to allow passengers to safely disembark from the ground onto the plane?"
1,0,the medium for storing information,the medium for storing information for storing information. the medium for storing information to simplify. The medium for processing data theor of ordinary and handling data information
1,0,something that controls motion direction in games,something that controls motion motion in motion direction. something that controls how the map powers them in games for support of precision precision precision in landroving in
1,0,something that helps people to cross the river,something that helps people to cross the river. This helps people to cross local sighting ways to help people to to cross the river of the oil river
1,0,"In a music class, students often learn to play different musical instruments. What instrument in the picture is the woman most likely playing?","In a music class, students often learn to play different musical instruments. What instrument in the picture is the woman most likely learning to play different songs?"
1,0,"Based on the picture, which musical instrument is most likely being played by the woman in the music class?","Based on the picture, which musical instrument is most likely being played by the woman in the music class? The woman in the music class? Based on"
1,0,"In a music class, students usually learn to play various instruments. If we assume that the woman in the picture is a beginner musician, what musical instrument is she playing?","Usually a music student, students to play various instruments. If we assume that the woman in the picture is a music student, what piano does her?"
1,0,"In a music class, which musical instrument in the picture is most likely the one being played by the woman?","In a music class, which musical instrument in the picture, is most likely the one being played by the woman who is the instrument in the class?"
1,0,"During a music class, students often have the opportunity to play various musical instruments. Based on this image, which instrument is the woman in the picture most likely playing?","During this class, students often have the opportunity to play various musical instruments. Based on a picture, which instrument the woman in the music is playing?"
1,0,"When driving a car, there is usually a specific place in the front of the car where a symbol or logo can be seen. What part of the car in the picture usually displays this symbol or logo?","When driving a car, there is usually a location in the front of the symbol or logo where this part of the car can be displayed. What symbol"
1,0,"When driving a car, a specific region towards the front of the car typically displays a symbol or logo. In the given picture, which segment of the car typically exhibits this logo or symbol?","When driving a car, a given segment of the car typically displays a particular symbol or logo. In this picture, located near the car the logo?"
1,0,"When driving a car, there is usually a specific area at the front of the car where a symbol or logo can be viewed. Please identify the part of the car where this symbol or logo is typically displayed in the picture.","When a car is displayed, please identify the specific area of the part of the car where a symbol or logo is typically displayed at the front facing."
1,0,"In a car, a symbol or logo is typically located in a specific location at the front of the car. Can you identify the part of the car in the picture that normally displays this symbol or logo?",A symbol or logo is typically located in a particular part of the car that displays the picture. Can you identify the car in the symbol or logo?
1,0,"When cooking, it is important to cover the pot tightly to ensure that the food is cooked evenly. What object in the picture can be used to cover the pot?","When cooking, it is important to cover the pot tightly to ensure the food can be cooked evenly. What object in the pot is"
1,0,"When cooking, it is crucial to have the pot tightly covered to guarantee that the food is cooked evenly. Could you identify the object in the picture that can be utilized to cover the pot?","When cooking, it is crucial to identify the food that is firmly cooked to permit the object to be cooked in the pot."
1,0,"When cooking, covering a pot tightly can help ensure even cooking of the food. What object in the picture could be utilized to cover the pot while cooking?","When cooking, sure covering the handle of the pot can be tightly utilized. What object in the pot could help while cookinging?"
1,0,"What can be used to cover the pot while cooking to ensure that the food is heated evenly, according to standard kitchen practices?","What can be used to cover the pot while cooking to ensure that the food is heated evenly, according to standard kitchen and pot practices?"
1,0,"When cooking, it is important to cover the pot tightly to ensure that the food is cooked evenly. What item in the picture is typically utilized for covering a pot?","When covering food, it is important to cover the pot utilized to ensure that the item is cooked evenly. What item in the pot?"
1,0,"In cooking, it is important to cover the pot tightly to ensure that the food is cooked evenly. What could you use in the picture to cover the pot?","In cooking, it is important to cover the pot tightly to ensure the food is cooked. What could you use to cover the pot?"
1,0,What object in the picture is most likely responsible for creating a cloud of dust when it drives on the dirt field or track?,What object in the picture is most likely responsible for creating a cloud of dust when it dots on the dirt track or driveway or track?
1,0,What is the item in the picture that is most likely responsible for generating a cloud of dust when driving on the dirt field or track?,What is the item in the picture that is most likely responsible for generating a cloud of dirt when driving on the steering field or dust track?
1,0,"When driving on a dirt field or track, which object in the picture is most likely responsible for creating a cloud of dust?","When driving on a dirt field or track, which object in the picture is most likely responsible for creating a cloud of dust. The track bridge?"
1,0,"When driving on dirt fields or tracks, what object in the picture is most likely responsible for creating a cloud of dust?","When driving on dirt tracks or fields, what object in the picture is most likely responsible for creating a cloud of dust behind a dirt track?"
1,0,"Toy cars can be designed to mimic real vehicles, but they are typically smaller in size. What part of a toy car in the picture is often made of rubber and allows the car to move forward?",Toy cars are typically made of rubber and can be designed to toy cars in reverse. What part of the car is smaller in a picture?
1,0,Could you identify the component  in the picture of a toy car that's typically made of rubber and facilitates the forward movement of the car?,Can you identify the component of a toy car that's typically made in the picture of rubber and facilitates the forward movement?
1,0,The part of the toy car that enables it to move forward and is usually made of rubber.,The part of the toy that enables it to move independently and is usually made of rubber. That enables to return to car toy stone.
1,0,"What component of the toy car in the picture is usually made of rubber and enables it to move forward, despite being smaller than real vehicles?","What component of the toy car in the picture is usually made of rubber and enables it to move forward, despite being smaller than real vehicles?"
1,0,"What component of a typical toy car, sometimes made of rubber, enables it to move forward?","What part of a typical toy car, sometimes made of rubber, enables a functional child of thatter, so it enables to move forward?"
1,0,"What is the name of the part in the image that is usually constructed from rubber and employs the movement of the car in a forward direction when discussing toy cars, which are intended to look like real vehicles but are typically smaller in size?",What is the name of the vehicle that is usually constructed from toy cars and is designed to move in parallel but in the image of a light manner
1,0,"In an ice hockey game, what essential equipment does a player use to hit the puck?","In an ice hockey game, what is essential equipment does a player use to hit the puck? What essential equipment does a player hit the puck"
1,0,What equipment is essential for a hockey player to use to hit the puck in an ice hockey game?,What equipment is essential to play for a hockey player to use to hit the puck in an ice hockey game? The ice hockey for a pocket?
1,0,"During an ice hockey game, what essential equipment does a player typically utilize to strike the puck?","During an ice hockey game, what essential equipment does a player typically utilize to strike the ball to ensure a player encounter the puck? hard?"
1,0,What equipment does a player use in an ice hockey game to strike the puck?,What equipment does a player use in an ice hockey game to strike a puck? What to use in the ice storage game to strike it hard?
1,0,"In an automobile exhibition, car manufacturers often showcase their latest designs and prototypes. What in the picture can be used to showcase a new and innovative car design?","In art and design, car makers often showcase their latest designs. What in the car industry can be used to prototype an new automobile?"
1,0,"At an automobile exhibition, what in the picture can be used to display a brand new, forward-thinking car design?","In an automobile design, what the new car can be used to display at the face of a new, something-inspiring brand exhibition?"
1,0,"In an automobile exhibition, car manufacturers often showcase their latest designs and prototypes. What item in the picture can be used to display a new and innovative car design?","In art, automoticians often show their latest and innovative car designs. What item in the car can be used to illustrate a new design?"
1,0,"During an automobile exhibition, car manufacturers frequently present their newest prototypes and designs. What in the picture could be utilized to showcase an innovative new car design?","During automotive design, car studios frequently exhibit an innovative new designs. What in the picture could be utilized to invent their?"
1,0,"During an automobile exhibition, car manufacturers often showcase their latest designs and prototypes. What specific object can be utilized to present new and innovative car designs, based on the picture?","During car design, automakers often exhibit new and original designs and designs. What object can be utilized to showcase the latest car phen!"
1,0,"If a person lies down in bed and wants to find something to watch to relax, what appliance in the room can they consider using to watch various programs or movies?","Should a person find something to sit down in the room and want to relax, what appliance can they use to watch among various movies??"
1,0,"If a person lies down in bed and wants to find something entertaining to watch, what appliance in the room is suitable for them to consider using to browse and watch various programs, movies or shows?","If someone is searching in the room to watch something on him or down, what appliance is suitable to shop and enjoy to include various movies?"
1,0,"If someone is lying in bed and wants to unwind by watching movies or different programs, what appliance in the room can be utilized for this purpose?","If someone is lying in bed and wants to unwind watching movies or games, what appliance can be utilized in the room for this purpose"
1,0,Suppose a person is lying in bed and wants to relax by watching a show or movie. What device could they utilize in the room to browse and watch various programs?,Should someone is lying in the room to relax and enjoy watching a show or movie. What device could they utilize to sit in and watch various programs
1,0,"When a person is lying down in bed and wants to find something to watch and relax, what device in the room could be used to access various programs or movies?","When someone is in a room to locate something in the bed and wants to sleep and watch, what device could be available to visit various movies?"
1,0,The teacher needs to write the lesson content on this object when they are teaching in the classroom. What is this object in the picture?,The teacher needs to write this object in the picture when they are teaching on the learning content in the classroom. What is this object on write?
1,0,What is the object in the picture that a teacher in a classroom could use to write lesson content on while teaching?,What is the object in the picture that a teacher in a classroom could use to write lesson content on a teacher could learn while teaching in?
1,0,"In the classroom, what is the object that the teacher utilizes to write the lesson content?","In the classroom, what is the object that the teacher utilizes to write the lesson content? What the teacher includes the lesson content?"
1,0,What is the object in the picture on which a teacher may write lesson content during classroom instruction?,What is the object in the picture on which a teacher may write the picture for which students may write lesson content during classroom in class instruction?
1,0,"In the context of a classroom, what object might a teacher use to write lesson content?","In the context of a classroom, what object might a teacher use to write lesson content? What object might a teacher use to write content?"
1,0,"If a teacher wants to write the lesson content while teaching in a classroom, what is the object in the picture that can be used for this purpose?","If a student wants to write the lesson content while teaching in a classroom, what is the object that can be used in this picture purpose?"
1,0,A fruit salad is a refreshing and delicious dessert that often consists of a variety of fruits mixed together. What object in the picture could be used to hold and serve such a dessert?,A fruit salad is a delicious and well served dessert comprising a variety of fruits. What object in the mix could be such?
1,0,"What object present in the picture could be utilized to hold and serve a fruit salad, a refreshing and delicious dessert that usually incorporates an assortment of fruits?",What object present in the picture can serve as a delicious fruit that could occasionally utilize a refreshing and salad of desserts?
1,0,"To hold and serve a fruit salad, what object in the picture could be utilized?","To hold and serve a fruit salad, what object in the picture could be utilized? What object in the picture could be the utilized?"
1,0,"If you were making a fruit salad, which item from the picture would you use to serve and hold the dessert?","If you were making a fruit salad, which item from the picture would you use to serve and hold the dessert and serve the salad?"
1,0,What object in the picture could be utilized to contain and serve a delicious and refreshing fruit salad dessert abundantly made up of a diversity of fruits?,What object in the picture could be utilized to fulfill a delicious salad fruit abundantly made up of a variety and variety of dess?
1,0,someone who is taking a photo,someone who is taking a photo who is taking a photo. who is taking a photo Simple for taking the photo. someone who is facing a shunt
1,0,the places where people can sit,the places where people can sit where people can sit. the places where people can sit. The people where people can read and meet in space to turn
1,0,What object in the room can we stuff clothes into for storage or transportation?,What object in the room can we stuff clothes into the space to stuff into for storage or transportation? What object in the bag? transportation?
1,0,Which furniture item in the room could be used for storing or transporting clothes when they are jam-packed?,"Which furniture item in the room could be used for storing or transporting clothes when they are jam-packed, when they are messy?"
1,0,Where could we store or transport clothes by stuffing them in an object inside the room?,Where could we store or transport clothes in a fabric by stuffing them inside an object by wearing them in the room and inside the storage room?
1,0,What object can be utilized to store or transport clothing by filling it with clothes?,What object can be utilized to store or transport clothing by filling it with clothes? What? to transport clothing by filling it with clothes?
1,0,What is the item in the room that can be used for storing or transporting clothes after being filled with them?,What is the item in the room that can be used for storing or transporting clothes after being filled with them? What is the bag for them?
1,0,What object in the room can be used for the storage or transportation of clothes by stuffing them in?,What object in the room can be used for the storage or transportation of clothes by clothing them in the room while stuffing the pen in?
1,0,the area where people can walk,the area where people can walk where people can walk. the area where people can walk to ease. The area where people of War and people can walk
1,0,"When enjoying a plate of chicken wings, what in the picture can be used to enhance the flavor of the wings by dipping them in it?","When enjoying a plate of chicken wings, what in the picture can be used to enhance the flavor of them by dipping it?"
1,0,"When enjoying a plate of chicken wings, what in the picture could be utilized to enhance their flavor by dipping the wings into it?","When enjoying a plate of chicken wings, what in the picture could be utilized to enhance the flavor by dipping them into?"
1,0,What in the picture could be a good choice to serve as a dip and enhance the flavor of chicken wings when being enjoyed?,What in the picture could be a good choice to serve as a dip and enhance the flavor of chicken wings when being enjoyed any trip?
1,0,"When savoring a plate of chicken wings, what item in the picture can be utilized to improve their taste by dipping them in it?","When savoring a plate of chicken wings, what item in the picture can be utilized to improve their taste by dipping it in them?"
1,0,What in the picture can be used to improve the flavor of chicken wings by dipping them in it?,What in the picture can be used to improve the flavor of chicken wings by dipping them that in it by dipping food in it?
1,0,"When enjoying a plate of chicken wings, what in the picture can be utilized by dipping them in it to enhance the flavor of the wings?","When enjoying chicken wings, what can be utilized by dipping it in a picture of them to enhance the flavor of the wings"
1,0,"What should we close before take a shower, in order to prevent water from splashing out and getting the whole bathroom wet ?","What should we close before taking a shower, in order to prevent water from splashing out and getting the whole bathroom wet ? Before?"
1,0,What should we close before taking a shower to prevent water from splashing out and getting the bathroom wet?,What should we close before taking a bathroom to prevent water from splashing out and getting wet and having the shower avoid getting bathroom?
1,0,"Before taking a shower, what object should be closed to prevent water from splashing out and getting the whole bathroom wet?","Before taking a shower, what object should be closed to prevent water from splashing out and having the whole bathroom getting the wet stuck?"
1,0,What item in the bathroom should you close before taking a shower to avoid water splashing and making the floor wet?,What item in the bathroom should you close before taking a shower to avoid water splashing and making the floor wet and making the floor?
1,0,What part in the living room can people sit on and watch TV or take a nap?,What part in the living room can people sit on and watch TV or sit in bed? What to watch the TV and take a nap? Touch?
1,0,What furniture item can people sit on in the living room to watch TV or take a nap?,What furniture item can people sit on to watch TV in the living room to take a nap? Who can sleep with the living room or attach?
1,0,What is the typical furniture item in a living room that people sit on when watching TV or taking a nap?,What is the typical furniture item in a living room that people sit on when watching TV or taking a nap to the living thing in a watch?
1,0,What area in the living room can people sit on to watch TV or take a nap?,"What area in the living room can people sit on to watch TV, watch what? What time can people sit in bed or take a nap??"
1,0,What item in the living room provides a comfortable place to sit and watch TV or take a nap?,What item in the living room provides a comfortable place to sit and watch the TV. What to offer comfortable room sleep or take a nap? Not?
1,0,What furniture item in the living room could be utilized for sitting and watching TV or napping?,What furniture item in the living room could be utilized for sitting and watching TV or sharing and being configured for sitting or napping nuck?
1,0,"the most commonly used buttons for moving up, down, left and right","the most commonly used buttons for moving up, down, down, left and right. the most commonly used buttons for moving up, left and right to"
1,0,something that shows the destination of this bus,something that shows the destination of this bus that shows the destination of this bus. something that shows the destination of the bus. That of war one bus
1,0,the place where people can sit on a bicycle,the place where people can sit on a bicycle. where to sit on a bicycle the place where people can live on a bicy
1,0,"When exploring the beach and handling sea creatures, we must be cautious to avoid injuries. What in the picture can cause injuries if touched without proper care?","When cautious, we must be careful to avoid hiding creatures and avoid injuries. What in the picture can cause injuries if touched?"
1,0,"During beach exploration and handling of ocean creatures, it is important to exercise caution to prevent injuries. What in the picture could lead to injuries if not approached with proper care?","During marine exploration of boats, it is important to avoid injuries when taken with appropriate precaution. What in the picture can cause damage?"
1,0,"During exploration of the beach and handling of sea creatures, it is important to exercise caution to avoid injury. What items in the picture have the potential to cause harm if not handled properly?","During exploration of the beach, it is important to have the ability to avoid injuries if not cause harm. What items in the picture of?"
1,0,"During beach exploration and handling of sea creatures, what object(s) in the picture could cause injury if touched without sufficient precautions?","During exploration and removal of sea creatures, what object(s) in the picture could cause wet throats if necessary following such exercis?"
1,0,"When exploring the beach and handling sea creatures, it is important to exercise appropriate caution to avoid injuries. Which objects in this picture might cause injury if handled without care?","When exploring seafoam and representing animals to avoid injury, it is important to avoid certain pictures if encountered that cause injuries. Which inside?"
1,0,What object would people sit on when eating together at a dining table?,What object would people sit on when eating together at a dining table? What would people sit on at a dining table? Meatside
1,0,What is the object that people normally sit on while eating together at a dining table?,What is the object that people normally sit on while eating together at a dining table? What to eat in a dining table??
1,0,What is the object that people typically sit on when they eat together at a dining table?,What is the object that people typically sit on together when they eat together and eat at a dining table? What people eat at a dinner table?
1,0,What is the object people typically sit on when they eat together at a dining table?,What is the objectivity people typically sit on when they eat together when they eat together at a dining table. Last at a dining table?
1,0,What object might individuals sit on when having a meal together at a dining table?,What object might individuals sit on when having a meal together at a dining table? What to remember when having a dining table??
1,0,"At a dining table where people gather to eat together, what object is typically utilized for sitting?","At a dining table where people gather to eat together to eat, what object is typically utilized for sitting, which object is a tablet?"
1,0,"In ice hockey, players use specific equipment to control the puck and score goals. What object in the picture could be used by the players for this purpose?","In ice hockey, players use specific equipment to control the puck and score goals. What object for the picture could be used by the players this?"
1,0,"In ice hockey, players typically utilize certain equipment to control the puck and score goals. Can you identify what object(s) in the picture could be used by the players for this purpose?","In ice hockey, players typically use the equipment to control the puck and score goals. Can you identify what object(s) could be used by"
1,0,"In ice hockey, players use specific equipment to control the puck and score goals. What object in the picture could be utilized by the players for this purpose?","In ice hockey, players use specific equipment to control the puck and goals. What object in the picture could be utilized by the player for this"
1,0,the speaker,"the speaker the speaker the speaker. the speaker. The speaker the speaker, speakerless. the speaker of - student and test to speaker the speakerer"
1,0,What equipment can be used to increase the temperature of indoor air in winter?,What equipment can be used to increase the temperature of indoor air in winter? What is used to heat the air of indoor temperature in African?
1,0,"What device can be utilized to raise the temperature of the indoor air during winter, in order to keep it warm and comfortable?","What device can be utilized to raise the temperature of the indoor air during winter, in order to keep it warm and comfortable in hot??"
1,0,What equipment can be used to raise the temperature of indoor air during the winter months?,What equipment can be used to raise the temperature of the temperature of indoor air during the winter months? What? during the cold war months??
1,0,What appliance can be used to increase the indoor air temperature during the winter season?,What appliance can be used to increase the indoor air temperature during the winter season? What can be used to increase the indoor temperature??
1,0,"As a smart home AI, what appliance would you turn on to increase the temperature of indoor air in winter?","As a smart home smart, what appliance would you turn on to increase the temperature of indoor air in winter AI, whatever you aer?"
1,0,the food that is rich in carbohydrates,the food that is rich in carbohydrates that is rich in carbohydrates. the food of heartburn dates
1,0,"In homes, perishable foods are often stored in low-temperature appliances to prevent spoilage. What object in a home is mostly adapted for this purpose?","For food, perishable foods are often stored in low-temperature appliances to prevent spoilage. What object in a house"
1,0,What appliance in a home is commonly utilized to store perishable foods at low temperatures to prevent spoilage?,What appliance in a home is commonly utilized to store perishable foods at low temperatures to prevent spoilage from draining?
1,0,"In a home, what appliance is commonly used to store perishable foods at low temperatures to prevent spoilage?","In a home, what appliance is commonly used to store perishable foods at low temperatures to prevent spoilage through freezer?"
1,0,"At home, what object is typically used to store perishable foods at low temperatures to prevent spoilage?","At home, what object is typically used to store perishable foods at low temperatures to prevent spoilage? to store realin?"
1,0,"In homes, perishable foods are frequently kept in low-temperature environments to prevent spoilage. What appliance in the home is typically utilized for this purpose?","In home environments, perishable foods are usually safely utilized to avoid low-temperature. What sauce in the home is designed?"
1,0,"In a home, what appliance is typically used to store perishable foods in low-temperature environments, in order to prevent spoilage?","In a home, what appliance is typically used to store low-temperature foods in perishable environments, in order prevent spoil?"
1,0,something indicating the identity of the car,something indicating the identity of the identity of the car. something indicating the identity of the car the meaning of the car. The identity of the car
1,0,"When taking a break outdoors, people often look for a comfortable place to lie down and rest. What object in the picture provides a suitable space for relaxation?","When taking outdoors, people often stand for a relaxing place to break down and rest. What object in the picture provides a suitable space?"
1,0,"When outdoors and looking to take a break, people often search for a comfortable place to rest. What object in this picture would provide a suitable space for relaxation?","When outside for sleeping, people often look for a suitable space to rest and take a relaxation. What object in this picture would provide for?"
1,0,What in the picture would provide a suitable space for relaxation when taking a break outdoors and seeking a comfortable space to lie down and rest?,What in the picture would provide a suitable space for relaxation and relaxing when taking a comfortable outdoors and seeking a rest to lie down?
1,0,"When people take a break outdoors, often a pleasant spot to rest and relax is sought. Could you identify which object in the picture can provide such a space?","When people take a break from home, often a spot in the space is likely to provide such relief. What can you examine such an environment object?"
1,0,"During outdoor breaks, people often seek a cozy place to rest and unwind. What in the picture can provide a suitable location for reclining and relaxation?","During outdoor relaxation, people often seek a safe and unfun place. What in the picture can provide a suitable location for reclining?"
1,0,"When outdoors and in need of a place to relax, what object in the picture could potentially provide a comfortable spot for lying down and resting?","When outdoors and in need of a spot for lying down, what object in the picture could potentially provide a comfortable place to relax and rest?"
1,0,"In the picture, there are vehicles parked in designated areas. What type of vehicle is parked near the road and used for transporting goods?","In the picture, there are vehicles parked in designated areas. What type of vehicle is parked near the road and used for transporting goods?"
1,0,"In the picture, there are several vehicles parked in designated areas. Could you specify the type of vehicle that is parked near the road and primarily used for transporting goods?","Given the picture, there are several vehicles primarily parked. Can you specify the type of vehicle that is parked in the road near transporting areas"
1,0,"In the picture, there are several vehicles parked in designated areas. What vehicle type is parked close to the road, and is primarily used for transporting goods?","In the picture, there are several vehicles used for transporting. What vehicle type is primarily parked near the road, and is parked goods?"
1,0,"In the picture, where is the vehicle that is parked near the road, which is often used for transporting goods?","In the picture, where is the vehicle that is parked near the road, which is often used to the road for transporting goods? destination?"
1,0,"Looking at the picture, what type of vehicle intended to transport goods is parked near the roadway in a designated area?","Looking at the picture, what kind of vehicle intended to transport goods is parked near the roadway in a designated area designated for different log location?"
1,0,"In the picture, various vehicles are parked in designated areas. Please point out the vehicle parked near the road, which is typically used for the transportation of goods.","In the picture, various vehicles are parked in designated areas. Please point the vehicle parked near the road which is typically for transport of goods."
1,0,"In a baseball game, the pitcher throws the ball to the batter, who tries to hit it. What equipment does the batter use to hit the ball?","In a baseball game, the pitcher throws the ball to the batter, who tries to hit it. What equipment does the batter use to hit?"
1,0,"During a baseball game, pitchers throw the ball to the batter who attempts to hit it. What piece of equipment does the batter utilize to hit the ball?","During a baseball game, batter pitchers throw to the ball who attempts to hit it. What piece of equipment does the batter use to hit the ball"
1,0,"In a baseball game, the pitcher throws the ball to the batter, who tries to hit it with what piece of equipment?","In a baseball game, the pitcher throws the ball to the batter, who tries to hit it with what piece of equipment to what possible batter?"
1,0,"In a baseball game, the pitcher throw the ball to the batter, who then attempts to hit it. What is the item of equipment used by the batter to hit the ball?","In a baseball game, the pitcher then throws the ball to attempt to hit it. What is the equipment used by the batter of the ball?"
1,0,Street artists commonly perform in public spaces and use various instruments to entertain the audience. What musical instrument is the man in the picture playing?,Public musical instruments commonly play in various places and are the street artists. What man in the theatre to entertain the audience is using the soundtrack working?
1,0,What musical instrument is the man in the picture playing as a street artist to entertain the audience?,What musical instrument is the man in the picture of the street artist playing as a character in the film to entertain the audience as a streetist??
1,0,What musical instrument is the man in the picture playing during his street performance?,What musical instrument is the man in the picture playing during the street performance? What. Song in the picture playing during his his street performance???
1,0,"What musical instrument is the man playing in the picture, given that street artists often utilize various types of instruments to entertain their audience in public spaces?","What musical instrument is the man playing in the picture, given that street artists often utilize various types of instruments to entertain their audience in public spaces?"
1,0,What musical instrument is the man depicted in the picture playing while performing as a street artist to entertain his audience?,What musical instrument is the man depicted in the picture performing while working as a street artist to entertain the audience as his artist while playing musical entertain?
1,0,What musical instrument is the man in the picture playing as he performs on the street to entertain the audience?,What musical instrument is the man in the picture playing on the street in the midst of the dress as he performs to entertain the audience playing the audience?
1,0,the more advanced warcraft,the more advanced warcraft to warcraft. the more advanced warcraft the more advanced warcraft. The more advanced warcraft in magic design and tack
1,0,"If you want to watch a movie or a football game in a relatively high-quality screen, what object in the hotel room will help you accomplish this task?","If you want to watch a movie or a movie game in a relatively high-quality hotel room, what object of the task will accomplish this screen?"
1,0,"If you wanted to watch a movie or a football game on a high-quality screen, what item in a hotel room could be used to satisfy this demand?","If you wanted to watch a movie or a TV game on a high-quality screen, what item in a hotel room could be used to satisfy?"
1,0,What object in a hotel room could be used to watch a high-quality movie or a football game?,What object in a hotel room could be used to watch a high-quality movie or a football game? What for a high-quality football game?
1,0,"If you are looking to watch a movie or football game on a high-quality screen within your hotel room, what in-room object would likely serve this purpose?","If you are looking to watch a movie or game on a high-quality screen within your hotel room, what in-place object would serve this?"
1,0,What object in the hotel room can be utilized to experience high-quality video content such as a movie or a football game?,What object in the hotel room can be utilized to experience high-quality video content such as a sports game or a movie of the ball game?
1,0,"When preparing for a festive event like Halloween, people often use certain objects to decorate their homes. What object in the picture would be suitable for this purpose?","When preparing for a Halloween event, people often use similar objects to decorate their homes. What object in the picture would be useful?"
1,0,"When preparing for a festive event like Halloween, what objects in the picture could be utilized for decorating homes?","When preparing for a festive event like Halloween, what objects in the picture could be utilized for decorating a decorating home?"
1,0,"When people prepare for a festive event like Halloween, what specific object(s) in the picture might be suitable for the purpose of decorating their homes?","When people prepare for a Christmas holiday, what specific object(s) might be suitable for the purpose of decorating in any wallstairs?"
1,0,"When preparing for a festive event like Halloween, people often use certain objects to decorate their homes. Can you identify an object in the picture that would be suitable for this purpose?","When preparing for a festive occasion, people normally use different objects to decorate their homes. Would you identify something that would be the object?"
1,0,"As Halloween is approaching, people usually decorate their homes with various objects. Given the picture, can you identify an object that would be suitable for this purpose?","As Christmas Halloween is approaching, people usually decorate their houses with various objects. Given the object that can you be suitable for this purpose?"
1,0,"In regions with heavy snowfall, it is important to clear the roads for safe transportation. What equipment in the picture is commonly used for this purpose?","In areas with heavy snowfall, it is important to clear the roads for safe transportation. What equipment in the picture is commonly used for this?"
1,0,"In areas with heavy snowfall, roads must be cleared regularly to ensure safe transportation. What equipment from the picture is typically utilized for this task?","When carrying heavy roads with safety, areas must be safely maintained for transportation. What equipment in the picture is typically included to optimize this emergency?"
1,0,"In regions with heavy snowfall, it is often necessary to clear roads for safe transportation. What equipment can be utilized for this task based on the provided image?","In areas with heavy snowfall, it is often necessary to secure clear roads for transportation. What equipment can be used for the given this image?"
1,0,"In regions with heavy snowfall, it is important to clear the roads to maintain transportation. What equipment is typically employed for this purpose and can be observed in the picture?","For large areas with heavy snowfall, it is common to maintain transportation and to understand the purpose. What equipment is to be observed in the?"
1,0,"In areas with heavy snowfall, it is necessary to clear the roads in order to ensure safe transportation, and what equipment in the picture is typically utilized for this purpose?","In areas with heavy snowfall, it is typically necessary to clear the roads to ensure transportation, and what equipment in the picture is used for?"
1,0,What structure in the room allows people to observe outdoor scenery while sitting?,What structure in the room allows people to observe outdoor scenery while sitting? What allows people to observe outdoor scenery in the room? Bath
1,0,Which structure inside the room would enable people to observe the surrounding outdoor scenery while also seated?,Which structure inside the room would enable the visitor to view surrounding outdoor scenery that will also observe the surrounding surrounding land as well while seated?
1,0,Where can a person sit inside the room and observe the outdoor scenery?,Where can a person sit inside the room and observe the outdoor scenery? Wherever can a person observe the outdoor scenery? The?
1,0,What structure in the room would allow a person to observe the outdoor scenery while remaining seated?,"What physique structure in a room would allow the visitor to recognize the outdoor atmosphere while remaining seated, to guide the area sweeping out?"
1,0,What object in the room is designed for people to observe the outdoor scenery while seated?,What object in the room is designed for people to observe the outdoor scenery. What people are designed for the camera service while seated??
1,0,Smoking is harmful to health and can lead to various diseases. What object in the picture is commonly used to collect cigarette ash and butts?,Tobacco is commonly used to produce cigar and canned toxic health. What object in the picture is harmful to various apple buttes?
1,0,"Cigarette smoking can result in numerous health problems, and what is the object commonly used in this image to collect cigarette ash and butts?","Cigarette butts can result in numerous health and medicine, and what is the object commonly used in this sketch to generate cigarette?"
1,0,"Given that smoking can be harmful to health and lead to various diseases, what object is typically used to collect cigarette ash and butts, which is shown in the picture?","Given that cigarette is typically used to decease health, what object can be harmful to potatoes and butts and shown in the?"
1,0,What object in the picture is commonly used for collecting cigarette ash and butts due to the harmful health effects of smoking?,What object in the picture is commonly used for collecting cigarette butt and ash due to the harmful health effects of smoking keys?
1,0,"During smoking, cigarette ash and butts are generated and can pose a health hazard. What is typically used to collect cigarette ash and butts in this picture?","During cigarette use, smoke ash and butts can generate a health hazard. What is typically shown in cigarette ash and can"
1,0,What object in the picture is commonly used for collecting cigarette ash and butts?,What object in the picture is commonly used for collecting cigarette ash and butts. What is used for collecting vanilla butt?
1,0,the equipment that can assist disabled individuals in mobility,the equipment that can assist disabled disabled individuals in mobility? of assist individuals in older issues. The equipment that can assist Chrome disabled children across mobility
1,0,What object in the picture can be used to keep precious memories in the form of photographs and paintings?,What object in the picture can be used to make precious memories in the form of images and photographs in spite of memory paintings? What
1,0,What object in the picture can be utilized to preserve and display cherished memories in the form of photographs and paintings?,What object in the picture can be utilized to preserve and display cherished memories in the form of photographs and paintings and paintings?
1,0,What object in the picture is typically used to store and display precious memories in the form of photographs and paintings?,What object in the picture is typically used to store and display precious memories and paintings in the form of photographs and prewings?
1,0,"What is the item in the picture that can be used to store cherished memories, such as photographs and paintings?","What is the item in the picture that can be used to store cherished memories, such as photographs, pictures and paintings and prints?"
1,0,"What item in the picture can individuals utilize to safeguard cherished memories, such as photographs and paintings?","What item in the picture can individuals utilize to help protect memories, such as memorandied artwork, such as photographs and images?"
1,0,the tool used for scaling fish,The tool used for calculating the size of fish. the tool used for scaling water. We used to support Earth that fits all chaindció double stal
1,0,"The athlete in the picture seems to be very excited about the competition results. If she needs to maintain clear vision underwater, what item should she wear over her eyes?","The athlete in the picture needs to wear clear snow over the eye? What about her overall vision? If she is very waiting to demonstrate competition,"
1,0,"What should the athlete wear over her eyes to maintain clear vision underwater, even when excited about the competition results?","What should the underarm eye wear on the terrain to protect her eyes when approaching a competition, even after learning about the competition promise strongest results?"
1,0,"To maintain clear vision underwater, what item should the athlete wear over their eyes, given their evident enthusiasm for the competition results?","To demonstrate excellent eye movement under the clouds, what item should the athlete wear, even after having their unmatched expectation for the product information?"
1,0,"If the athlete needs to maintain clear vision while underwater, what item should she wear over her eyes?","If the athlete needs to maintain clear vision while underwater, what item should she wear over her eye while she is under the floating eyes??"
1,0,"If the athlete in the picture needs to maintain clear vision while underwater, what should she wear over her eyes?","If the athlete in the picture needs to maintain clear vision while underwater, what should she wear over the eye while she fit into her eyes?"
1,0,"If the athlete in the picture requires clear vision when underwater, what equipment should she wear over her eyes?","If the athlete in the picture requires clear vision underwater, what equipment she should wear over the eyes when it is in her exterior eye? What"
1,0,Where can we stand to get our body clean using water and soap at the same time?,Where can we stand to get our body clean without giving water to our body using soap and water to clean the stand at the same time? Mother?
1,0,What area in the picture is suitable for cleaning our body using water and soap simultaneously?,What area in the picture is suitable for cleaning our body simultaneously?. Solution for wearing water and soap using the square of soap where possible?
1,0,Where is the place where we can stand and cleanse our body using soap and water simultaneously?,Where is the place in the bath where we can stand and cleanse our body simultaneously using soap and water and allow us to clean and dirty yourself?
1,0,Where in the picture is the location that one can stand to clean their body while utilizing both water and soap?,Where in the picture is the location that one can stand to clean their body while utilizing the water that will fit both of water and soap??
1,0,What region of an indoor setting provides a suitable space for a person to utilize soap and water to clean their body simultaneously?,What region of an indoor setting provides a suitable space for a person to utilize soap and water to prop the body to clean their space simultaneously?
1,0,"In the picture, where can we stand to cleanse our body using soap and water at the same time?","At the picture: Where can we stand to wash our body using soap and water in the same time, to clean ourselves in the same photo?"
1,0,Where can we place an alarm clock to remind us to get up in the morning?,Where can we place a place clock to remind us to place an alarm clock to get up in the morning? When we receive us in the?
1,0,"To help us wake up in the morning, where is the most suitable place to position an alarm clock?","To help us wake up in the morning, where is the most suitable place to place a sleep clock to lift the need for an optical alarm?"
1,0,"As a smart home assistant, where would you suggest placing an alarm clock to ensure reminders to wake up timely in the morning?","As a home alarm assistant, where would you suggest that you set clock reminders to efficiently keep an alarm in the morning to wake up?"
1,0,In which location could we put an alarm clock to remind us to wake up in the morning?,In which location could we remind us to put an alarm clock in the morning when would we remind us to wake up before we can?
1,0,Where is the optimal location to place an alarm clock to remind us to wake up in the morning?,Where is the optimal location to remind us to place an alarm clock in the morning to match the timing of where to wake up in us?
1,0,"As a smart home AI, where do you suggest placing an alarm clock to remind us to wake up in the morning?","As an alarm clock, where do you suggest a smart home AI to allow us to remind you to wake up in the morning time?"
1,0,Many children enjoy building and creating things using small colorful blocks. What objects in the picture could be used to create various structures and shapes?,Many children enjoy building and building buildings using various small objects and blocks. What objects in the picture could be used to create colorful shapes and things?
1,0,"For creating various structures and shapes, what items in the picture could be employed using small colorful blocks that children enjoy?","For creating various shapes and structures, what objects in the picture could be constructed using small colorful blocks, providing items that the children with different enjoy?"
1,0,"What object(s) in the picture could be utilized to build and construct various shapes and structures, especially those favored by children?","What object(s) in the picture could be utilized to build and construct various shapes and structures, especially those favored by children: individuals?"
1,0,"Many children are fond of building and creating various structures using small and colorful blocks. In the picture, can you point out the objects that may be utilized to construct these structures?","Many children are interested in building various objects that are utilized to construct the short and complex structures. Again, can you picture these objects in writing?"
1,0,"Many children enjoy building and creating structures using small, colorful blocks. Which objects in the picture can be utilized for this purpose to make different shapes and structures?","Many children enjoy creating small, shapeful objects for the purpose of building and building. Which shapes and blocks can be utilized in these different pictures?"
1,0,"To create various structures and shapes, what objects in this picture could be used, particularly for children who enjoy building and creating with small colorful blocks?","To create objects and structures, what many shapes could be used in this picture, particularly for children who enjoy building blocks with small colorful visual shapes?"
1,0,"When driving a car, it's important to keep an eye on the road and stay aware of the surroundings. What part of the car in the picture helps the driver see what is happening behind the vehicle?","When driving a car, it is important to keep an eye on the road and see what part of the car's inside the scene? The perspective"
1,0,It's important for drivers to stay alert and aware of their surroundings when driving. What part of the car in the picture is designed to enable the driver to see what is happening behind the vehicle?,It's important for drivers to stay visible and behind the door when driving. What part of the driver is designed to see the situation in the?
1,0,"When driving a car, staying alert of the surroundings is very important. Can you locate an object in the picture that provides the driver with a rear view?","When driving a car with rear lights, the visible object is very helpful. Can you locate a viewing of the car that gives the surround?"
1,0,"When driving a car, it is important for the driver to remain vigilant of their surroundings and keep their eyes on the road. Please identify which component of the car in the picture could aid the driver in observing events happening behind the vehicle.","When driving your vehicle, it is helpful to keep the driver silent in front of their vehicle and recognize which scenarios are present in the road around the guide"
1,0,"When driving a car, it is essential to keep an eye on the road and be aware of surrounding events. Which part of the vehicle in the picture helps the driver see what is happening behind the car?","When driving a car, it helps keep an eye on the road and be aware of the surrounding event. Which part of the car is in sight?"
1,0,"When driving a car, it's important to keep an eye on the road and maintain awareness of the surrounding environment. What part of the car shown in the picture can be utilized by the driver to monitor ongoing activities behind the vehicle?","While driving a car, it is helpful to keep an eye on the road to monitor the inside activities. What part of the car being implemented by?"
1,0,"In order to take a clear and stable photo or video, what equipment in the picture can be used to hold the camera steady?","In order to take a clear and strong photo or video, what equipment in the camera can be used to hold the picture for the camera steady repeat?"
1,0,What equipment in the picture can be used to hold the camera steady for taking a stable and clear photo or video?,What equipment in the picture can be used to hold the camera stable and clear for taking a steady and stable video for processing the photo or picture??
1,0,"To capture clear and steady photos or videos, what object in the picture could be used to hold the camera steady?","To capture clear and steady pictures or photos, what object in the camera could be used to hold the feel like photo or video, to hold steady?"
1,0,I want to take a clear and steady photo or video. What equipment in the picture is designed to hold the camera steady?,I want to take a clear and steady photo or video. What equipment in the camera is designed to hold the picture steady? The camera for wear?
1,0,"To achieve a clear and stable photo or video, what item in the picture can be utilized to hold the camera in a steady position?","To achieve a clear and stable photo or video, what item in the picture can be utilized to hold the camera in a steady position in motion?"
1,0,"To capture a clear and stable photo or video, what item in the picture could be utilized to keep the camera steady?","To capture a clear and stable photo or video, what item in the picture or video could be utilized to keep the camera in motion steady??"
1,0,"Dogs are known to be playful and sometimes they engage in physical activities with their owners. What body part of the dog in the picture is used to interact and playfully ""fight"" with the person?",Dogs are known to play actively and sometimes engage in their own activities with the person. What part of the dog is comfy?
1,0,"What part of the dog's body in the picture is typically utilized to play and interactively ""fight"" with its owner or others?",What part of the dog's body in the picture is typically utilized to collectively play and 'fight' with others or its owner?
1,0,"Which part of the dog's body in the picture is typically utilized to interact and playfully ""fight"" with its owner?",Which part of the dog's body in the picture is typically utilized to interactively play and/fight (waiting) with its owner
1,0,"When playing with humans, dogs use this part of their bodies to interact and playfight. What part of the dog's body in the picture could fulfill this purpose?","When playing with humans, dogs use their bodies to play and fulfill the purpose. What part of the dog's body in this picture could?"
1,0,"Dogs are often playful and engage in physical activities with their owners. What specific body part of the dog in the picture is typically used to playfully ""fight"" with its owner?",Dogs are typically used to playful and actively play with their owners. What specific body of the dog is in front of its item?
1,0,What appliance can we use to cook a roast chicken?,What appliance can we use to cook a roast chicken. A cook can we use to cook a roast hand and wire chicken?
1,0,What household appliance might one typically use to cook a whole roast chicken?,What household appliance might one typically have to use to cook a whole roast chicken? What household might a standard roast your handoline?
1,0,What type of appliance would you use for cooking a roast chicken?,What type of appliance would you use for cooking a roast chicken? What to cook for cooking a roast chicken??
1,0,What household appliance is commonly used to cook a roast chicken?,What household appliance is commonly used to cook a roast cook a chicken? The best choice to cook food wire up chicken and tongue?
1,0,Suppose we want to cook a roast chicken. What type of appliance should we use?,Suppose we want to cook a roast cook chicken. What type of appliance should we use. What possible roast food should we use?
1,0,"When cooking roast chicken, what tool is typically used for the task?","When cooking roast chicken, what tool is typically used for the task? When cooking chicken, what is used for the menu?"
1,0,"In a chicken salad, which ingredients in the picture provide a fresh and crunchy texture?","In a chicken salad, which ingredients in the picture provide the fresh and crunchy texture to offer a fresh cleanin texture?"
1,0,What items in the picture would provide a fresh and crunchy texture to a chicken salad?,What items in the picture would provide a fresh and crunchy texture to the picture. What would a chicken soup in a chicken salad
1,0,Which items in the picture could be used to enhance the fresh and crispy texture of a chicken salad?,Which items in the picture could be used to enhance the fresh and crispy texture of a fresh chicken salad and chicken stir?
1,0,Could you identify the ingredients in the picture that would provide a fresh and crunchy texture when used in a chicken salad?,Could you identify the ingredients in the picture that would provide a fresh and crunchy texture when used in a chicken sweet salad?
1,0,"When making a chicken salad, which ingredients in the image would typically offer fresh and crunchy texture?","When making a fresh chicken salad, which ingredients in the image would typically offer what to taste fresh and crunchy texture??"
1,0,"In a chicken salad, which ingredients in the picture would add a fresh and crunchy texture?","In a chicken salad, which ingredients in the picture in the picture would add a fresh and crunchy texture? Chaste?"
1,0,"In the picture, we can see several insects sitting on the leaves and stems of plants. What part of the plant do insects usually hide or camouflage themselves on?","In the picture, we see several insects sitting on the leaves and stems of plants. What insects normally camouflage or stand?"
1,0,"On which part of the plant do insects typically hide or camouflage themselves, based on the picture?","On which part of the plant do moths typically hide or camouflage themselves, based on the picture, can those exposed on their plot?"
1,0,"The picture shows several insects sitting on the leaves and stems of plants. Generally, on which part of the plant do insects usually hide or camouflage themselves?","On the picture are several insects. Usually, where do insects that lay and stroll off the leaves or part of their plant structures? Answer"
1,0,"When camouflaging themselves, on which part of the plant do insects typically hide or position themselves, as seen in the picture?","When camouflaging themselves, which part of the plant or species can see themselves, as in insects usually appear silent on the picture themselves?"
1,0,"When observing several insects on the leaves and stems of plants as depicted in the picture, on what part of the plant do insects tend to hide or camouflage themselves?","When observing several insects on leaves and stems of the plant, on what part of the insects appear to camouflage as?"
1,0,"What structure is usually used to store books, documentation, and other similar materials in an organized manner?","What structure is usually used to normally store books, documentation, and documentation, and other similar materials in an organized manner in a similar work environment??"
1,0,"An object, typically used to store books, documentation, and other materials in a structured way.","An object, typically used to store information, books, documentation, and other materials, including building Cook in a structured way in a modified way."
1,0,"What is the conventional name of the structure, which is often used for the clear, organized storage of books, documents, and similar items?","What is the name of the conventional structure, which is often used for the clear, organized storage of books, documents, and all similar items??"
1,0,"What is the name of the structure normally used to stockpile books, documentation, and other similar materials in an arranged way?","What is the name of the normally arranged structure used to stockpile books, documents, and other similar materials in a package throughout an arranged way?"
1,0,"What is the common storage solution for organizing books, documentation, and other similar materials in a structured manner?","What is the common storage solution in library planning tools for organizing documents, literature, and other similar materials in a structured, permanent manner??"
1,0,"What structure is typically used to store books, documentation, and similar materials to keep them organized?","What structure is typically used to store books, documentation, and similar materials to keep them organized? Theory, and documentation to normally keep them organized?"
1,0,the area that displays current time,the area that displays current time that displays current time. the time that displays current time and displays current in history. The area that measures normal yield time
1,0,"During a nighttime gathering around a campfire, people often use objects to add excitement to the atmosphere. What in the picture could be used to create sparks and brighten the surroundings?","During a nightclub, people often gather lights to capture warmth and create a feeling. What in the surroundings could be used around the game"
1,0,"During a nighttime gathering around a campfire, objects are often used to add excitement to the atmosphere. Please identify the object in the picture that could be utilized to create sparks and brighten the surroundings.","During a nightclub gathering, objects can be used to capture the light and create an impression that may be useful in the atmosphere near the streets."
1,0,"When gathering around a campfire at night, people often use objects to enhance the mood. Could you point out what in the picture might be utilized to generate sparks and illuminate the surrounding area?","When gathering at a backyard, people might use lights to illuminate the surrounding atmosphere and demonstrate what objects can be used throughout the night. Consider"
1,0,"During a nighttime gathering around a campfire, individuals might seek to enhance the atmosphere with fun activities and objects. What can be utilized in the image to create sparks and brighten the surroundings?","During a nighttime encounter, others might utilize the atmosphere to gather a warmth and glass. What can be enhanced in the surroundings"
1,0,the person with the highest status,the person with the highest level in the status. who has the highest Status. The person with the highest value the person with the host of unlife
1,0,the part of the car that is used when raining,the part of the car that is used when raining. the part of the car that is used when raining the raid that covers drying
1,0,What furniture should be used to sit on when working in an office?,What furniture should be used to sit on when working to work in an office? What to sit on when working in an office? The floor?
1,0,What is commonly used as seating when working in an office setting?,What is commonly used as a seating when working in an office setting? is typically set in fancy seating when you work in your speaking place?
1,0,"When working in an office, which furniture item could be utilized to facilitate sitting comfortably?","When working in an office, which furniture item could be utilized to facilitate sitting comfortably? When working to facilitate sitting comfortably?"
1,0,"When working in an office, which piece of furniture could you utilize to sit on?","When working in a workplace, which piece of furniture to sit on, which would you could utilize to relaxed in your office??"
1,0,Cocktails often require a combination of different types of alcohol and mixers to create a balanced and flavorful drink. What in the picture can be used to mix the ingredients and provide a convenient way to drink the cocktail?,Foodies often require a combination of ingredients and drinkers to create a fun and accessible way to serve the cocktail in the picture?
1,0,"What object could be utilized in the picture to mix the ingredients together to create a tasty cocktail, as well as a means of conveniently consuming said cocktail?","What object could be utilized in the picture to create a conveniently ingredient to mix the cocktail, as well as a drink?"
1,0,"When mixing cocktails, a variety of alcohol and mixers are often combined to produce a balanced and flavorful beverage. What equipment shown in the picture could be utilized for mixing these ingredients and serving the cocktail in a convenient manner?","When mixing wine and cocktails, what are generally included in the mixer to produce a flavorful and utilized combination of these?"
1,0,Cocktails typically involve a combination of various types of alcohol and mixers to achieve a well-balanced and flavorful drink. Which object can be used to blend the ingredients and provide an easy way to consume the cocktail in the picture?,Coffee objects typically provide a combination of ingredients and ways to perform the well-balanced drink and can entertain a cocktail.
1,0,"When making a cocktail, a combination of different types of alcohol and mixers is often required to create a balanced and flavorful drink. Please identify the object in the picture that can be utilized to mix the ingredients and provide a convenient way to drink the cocktail.","When mixing a cocktail, please represent a variety of ingredients and drinks that can make the useful instrument in the cocktail."
1,0,"To create an aesthetically pleasing and tasty cocktail, it typically involves combining a variety of alcoholic beverages and mixers. Can you identify what item in the picture could be utilized to mix such ingredients and provide an easy means of enjoying the cocktail?",To provide an enjoyable beverage it can combine certain ingredients and typically create a physically pleasing part of the cocktail? What
1,0,"When participating in a race, it is necessary to stay on a designated route to ensure fair competition. What in the picture provides a designated pathway for racing?","When participating in a race, it is necessary to provide a designated route to avoid fairway competition. What in the picture provides a designated path?"
1,0,What element in the picture provides a designated pathway for racing to ensure fair competition?,What element in the picture provides a designated pathway for racing to ensure fair competition. What provides the ideal racing route for racing to ensure side score?
1,0,"When taking part in a race, it is crucial to remain on a designated route to guarantee fair competition. What objects in this picture create a designated path for racing?","When taking part in a designated race, it is crucial to keep races on a designated path. What object in this picture can indeed provide competition?"
1,0,"To ensure fair competition in a race, participants must remain on a designated course or track. What is depicted in the picture that provides such a path or route?","To ensure a competitive race, participants must remain on a designated course or route. What is shown in the picture that provides such a trail or?"
1,0,"When participating in a race, following a designated route is necessary to ensure fair competition. What would provide a designated pathway for racing in the image?","When participating in a race, following a designated pathway would provide a fairing image. What is necessary to enable designated racing in the competition?"
1,0,"Trains are an efficient means of transportation, constantly traveling along fixed routes. What in the picture marks the path or route that the train follows?","Trains are an efficient means of transportation, effectively traveling along routes. What the vehicle or train in the picture shows the nearest route follow?"
1,0,"In the context of train travel, what can be found in the picture that indicates the path or route that the train generally follows?","In the context of train travel, what can be found in the picture that indicates the path or route that the train generally follows, the path generally?"
1,0,"In the picture, what indicates or marks the path or route that a train typically follows?","In the picture, what indicates or marks the path or route that a train typically follows? Which indicates the sign of the route that a train selects?"
1,0,What object in the picture is used to designate or mark the path or route followed by a train which is an efficient means of transportation travelling along fixed routes?,What object in the picture is is suitable to facilitate the transportation of a route or path followed by goods travelling along machine means or trains?
1,0,Trains are considered an efficient mode of transportation since they travel along fixed routes. What feature in the picture marks the path or route followed by the train?,Passengers are considered a convenient mode of transport since they follow the route or trains. What feature in the picture qualifies by travel along the route?
1,0,the tool used for grabbing food,the tool used for grabbing food for free. used for grabbing food. the tool used to convey grabbing food and stopping food
1,0,"Helmets can effectively protect the safety of the head during cycling, but strong winds during high-speed cycling can affect the eyes. What part in the picture can protect the safety of the eyes?","Micro-shapes can protect the eyes during heavy parking, but what is the power of the camera can protect the eyes during heavy parking?"
1,0,What item in the picture can help protect eyes from strong winds during high-speed cycling?,"What item in the picture can help protect eyes from strong winds, with strong winds during high-speed lighting during the cycling cycle?"
1,0,Suppose a person is cycling at a high speed and wants to protect their eyes from strong winds. What object in the picture can be useful to ensure their safety?,Suppose a person can be cycling at high speed and wants to protect their winds. What object in the picture is useful to ensure their safety?
1,0,What can protect the eyes to avoid the wind blowing while cycling at high speed?,What can the eyes resist the common to protect your vehicles by wearing high speed while cycling the wind while speeding at windwind drop? What
1,0,Which object in the picture can be used to shield and protect the eyes from the impact of strong winds during high-speed cycling and other activities?,Which object in the picture can be used to protect and protect the eyes from the impact of heavy winds during high-speed cycling and other activities
1,0,"In the image, which part can protect the eyes during high-speed cycling, given that helmets can safeguard the head, but speedy winds can be damaging to the eyes?","In the image, which helmet can protect the eyes, but speed-highs can be safeguarded by driving heavy parts during the eye?"
1,0,something that the airplane uses to glide on the ground,something that the airplane uses to glide on the ground. that the airplane uses to glide on the ground to glide in the ground
1,0,the cheongsam hanging on the wall,the cheichonghan hanging across the wall and the behuja.hu which is what the etiquang hanging on the neckring
1,0,"If we were attending a car show and wanted to sit down and enjoy the view of the displayed cars, where could we find a suitable place to rest?","If we were sitting and watching a car park and enjoy a suitable view of the showing cars, where would we be offered the place to rest??"
1,0,"If we were attending a car show and desired to sit down and observe the displayed cars, where might we locate a suitable place to relax?","If we were attending a car show and waited to observe the displayed cars, where might we locate a suitable place to sit down and experience relax?"
1,0,"If we were attending a car show and wanted to sit down and enjoy the view of the displayed cars, could you point me out a suitable location where we could find a place to rest?","If we were sitting in a car park and wanted us to hang out a display, could you spot a place where possible to attain the views?"
1,0,"Suppose we are attending a car show and want to sit down to enjoy the view of the displayed cars, where could we find a comfortable place to rest?","Assuming we are sitting at a car show and want to sit a comfortable spot to enjoy the views of the cars, where could we present our text?"
1,0,"If we were attending a car show and wanted to sit and enjoy the view of the displayed cars, where could we find a suitable place to rest?","If we were attending a car show and wanted to sit and enjoy the appropriate views of the car, where was we wish to find a rest?"
1,0,"While attending a car show, suppose we want to sit down and admire the displayed cars. Where would we find a suitable location to rest?","While sitting in a car show, admire the suitable location to sit and see the cars. Where would we suppose to attend a restroom?"
