orig_text,restored_text
"If we were at the location shown in the picture and wanted to have a picnic, what area would be a suitable spot for us to spread out a picnic blanket?","If we were at the location shown in the picture and wanted to have a picnic, what area would be a suitable place for us to spread a picnic blanket?"
"In a modern office, employees often have meetings to discuss work matters. What object in the picture can be used as a surface for employees to place documents or devices during a meeting?","In a modern office, employees often have meetings to discuss work matters. What object in the picture can be used as a surface for employees to place documents or devices during a meeting?"
What object in a room can put on the floor to make people feel more comfortable walking?,What object in a room can be put on the floor to make people feel more comfortable walking?
"In an office, people sometimes need to print a large number of files in a short period. What device can be used to complete this task quickly?","In an office, people sometimes need to print a large number of files in a short time. What device can be used to complete this task quickly?"
the food with high protein,the food with high protein
the youngest person,the youngest person
"In an office setting, people often use writing instruments to take notes or sign documents. What object in the picture would be commonly used for this purpose?","In office environment, people often use writing instruments to take notes or sign to documents. What item in the picture would typically be used for this purpose?"
"In military organizations, there are often individuals responsible for leading a group of troops. Who in the picture is likely fulfilling this leadership role?","In military organizations, it is often individuals who are responsible for leading a group of troops. Who in the picture is likely to perform this leadership role?"
the equipment that the workers use to climb upwards,the equipment that the workers use to climb upwards
"In horse racing, there are often obstacles that the horses and riders need to overcome. What objects in the picture can be used as obstacles in an equestrian course?","In horse racing, there are often obstacles that the horses and riders must overcome. What objects in the picture can be used as obstacles in a horse racing course?"
"In horse riding, it is important to have control and direction over the horse. What object in the picture is used to guide and control the horse's movements?","In horse riding, it is important to have control and direction on the horse. What object in the picture is used to guide and control the horse's movements?"
"Succulents are plants that can store water in their leaves, stems, or roots. What characteristic of the plant in the picture allows it to survive in dry environments?","Succulent plants are plants that can store water in their leaves, stems, or roots. What characteristic of the plant in the picture allows it to survive in dry environments?"
"In a dimly lit room, what can be used to increase the brightness and illuminate the entire space?","In a dimly lit room, what can be used to increase the brightness and illuminate the whole space?"
"In the picture, there is a type of bird with a distinctive feature on the top of its head, which usually indicates its gender. What part in the picture might have this characteristic?","On the picture, there is a type of bird with a distinctive feature on the top of its head, which usually indicates its gender. Which part of the picture can have this feature?"
What part of the computer can display and show pictures and text?,What part of the computer can display and display images and text?
What object is used to store various toiletries or medication in the bathroom?,What object is used to store various toiletries or medicines in the bathroom?
"When using a film camera, what component in the picture is typically used to attach the camera to a person's body for easy carrying and accessibility?","When using a film camera, what component in the picture is typically used to attach the camera to a person's body for easy carrying and accessibility?"
"the doughnuts with ""eyes""","the donuts with ""eyes"""
the animal with luggage on its back,the animal with baggage on its back
"In the picture, which part can provide shade for animals and create a habitat for various organisms?","On the picture, which part of it can provide shade for animals and create a habitat for various organisms?"
What object can be used to sit and rest after standing or walking for a long time?,What object can be used to sit and rest after standing or walking for a long time?
Toddlers are curious and often enjoy exploring their surroundings. What object in the picture can provide a safe and enclosed space for a toddler to play in?,Little ones are curious and often enjoy exploring their surroundings. What object in the picture provides a safe and enclosed space in which a little one can play?
"When we go to a bookstore, where do we usually find books arranged vertically and stored in columns for browsing?","When we go to a bookstore, where do we usually find books arranged vertically and stored in columns to browse?"
the parts of two washing machines that can be opened and clothes can be put inside,the parts of two washing machines that can be opened and clothes can be put inside
"Looking at the picture, we can see a woman standing elegantly in a flowing dress. What accessory does the woman have in her hand that can complement her outfit?","Looking at the picture, we can see a woman standing elegantly in a flowing dress. What accessory does the woman have in her hand that can complement her outfit?"
Chameleons are known for their ability to change color and blend in with their surroundings. What in the picture could help a chameleon camouflage itself?,Chameleons are known for their ability to change color and blend in with their surroundings. What on the picture could help a chameleon to camouflage itself?
"When walking on a hot beach, a refreshing drink can help cool down the body temperature. What fruit in the picture can be used to make a tropical drink?","When walking on a hot beach, a refreshing drink can help soothe the body temperature. What fruit in the picture can be used to make a tropical drink?"
"On a summer barbecue, it's common to serve grilled corn on the cob. What item in the picture would likely be used to drain excess water from the corn before serving?","At summer barbecue, it is common to serve grilled corn on the grill. What item in the picture is likely to use to drain any excess water from the corn before serving?"
I will be cooking for dinner tonight but I don’t want to use the oven because it takes up too much time. What electronic appliance should I use instead?,I am going to cook dinner for the evening but I do not want to use the oven because it takes too much time. Which electronic device should I use instead?
"When waiting for public transportation in hot weather, people often seek shelter to escape from direct sunlight. What in the picture can offer shade for people waiting at a bus stop?","When waiting for public transport in hot weather, people often seek shelter to escape from direct sunlight. What on the picture can offer shade for people waiting at a bus stop?"
the frictional part used for igniting,the friction part used for ignition
"In the winter, when the temperature drops and the snow covers the landscape, what type of structure in the picture can provide shelter and protection from the cold weather?","In winter, when the temperature falls and snow covers the landscape, what type of structure in the picture can provide shelter and protection from the cold weather?"
"In the picture, the family is enjoying a water activity together. What object is essential for ensuring their safety while riding on the water?","On the picture, the family is enjoying water activity together. What is an object essential to ensure their safety while riding on water?"
"When we need to sleep, what should we use to block light coming in from outside?","When we need to sleep, what should we use to block the light coming from outside?"
People often need to sit down for long periods of time to work or study. What object in the picture can protect their posture and reduce the damage to the body caused by long-term sedentary work?,People often need to sit for long periods of time to work or study. What object in the picture can protect their posture and reduce the damage to the body caused by lengthy sedentary work?
"In a formal event, such as a gala or award ceremony, what accessory in the picture can be worn around the neck to add a touch of elegance to a man's suit?","At a formal event, such as a gala or award ceremony, what accessory in the picture can be worn around the neck to add a touch of elegance to a man's suit?"
Where can we throw away the waste that has been cleaned up using toilet paper?,Where can we throw away the waste that has been cleaned up using toilet paper?
"In the picture, what is the boy wearing on his head to protect himself from the sun or cold weather?","On the picture, what is the boy wearing on his head to protect himself from the sun or cold weather?"
"In order to climb up a tall structure, what in the picture would the ivy plant use as support?","To climb up a tall structure, what in the picture would the ivy plant use as support?"
the persons who graduate,the persons who graduate
"During an air show, pilots perform various aerial maneuvers to entertain the audience. What spectacle in the picture indicates that a pilot is performing a spectacular and dazzling aerial stunt?","During a air show, pilots perform various air maneuvers to amuse the audience. What spectacle in the picture indicates that a pilot is performing a spectacular and dazzling air show?"
something on the suitcase used for lifting,something on the suitcase used for lifting
"In ancient times, soldiers would often carry a weapon made of metal for self-defense or combat. What item in the picture can be classified as such a weapon?","In ancient times, soldiers would often carry a metal weapon for self-defense or to fight. What item in the picture can be considered such a weapon?"
the tyre that does not touch the ground,the tyre that does not touch the ground
something that prevents people from attacks of the pigs,something that prevents people from attacks of the pigs
"If the door of the bedroom is opened, what can we use to close it?","If the door of the bedroom is opened, what can we use to close it?"
"If pigs are shot and killed, they usually fall to the ground. Which pigs in the picture are most likely to still be alive?","If pigs are shot and killed, they usually fall to the ground. Which of the pigs on the picture are most likely still alive?"
"In the picture, who is the person that a child is most likely to show affection towards by giving hugs and kisses?","On the picture, whom is a child most likely to show affection by hugging and kissing?"
"Among the various animals living in the forest, which one in the picture has a pair of antlers and is often associated with the color brown?","Of the various animals living in the forest, which one in the picture has a pair of horns and is often associated with the color brown?"
"In most cities, there are designated areas for pedestrians to cross the road safely. What object in the picture is commonly used to indicate these areas?","In most cities, there are designated areas for pedestrians to cross safely the road. What item in the picture is commonly used to indicate these areas?"
"If we were observing the sunset and its beautiful colors from the vantage point shown in the picture, what natural feature would obstruct our view to some extent?","If we were observing the sunset and its beautiful colors from the viewpoint shown on the picture, what natural feature would obscure our view to some extent?"
"When fishing on a boat, it is common to catch fish using a tool that is long and flexible. What object in the picture can be used for this purpose?","When fishing on a boat, it is common to catch fish using a long and flexible tool. What object in the picture can be used for this?"
"If I need to print a document, what object in this room will help me complete the task?","If I need to print a document, what object in this room will help me complete the task?"
"In many Western movies, cowboys are often seen participating in various activities in the town square. What object in the picture could be used by cowboys to protect themselves from the sun while participating in these activities?","In many western movies, cowboys are often seen participating in various activities at the town square. What object in the picture could the cowboys use to protect themselves from the sun while participating in these activities?"
"In the Caribbean Sea region, pirate attacks are common, so every ship needs to take appropriate defensive measures. What in the picture can be used to protect the ship from pirate attacks?","In the Caribbean Sea region, pirate attacks are common, so every ship needs to take appropriate defensive measures. What in the picture can be used to protect the ship from pirate attacks?"
"In many cultures, brides traditionally wear a specific type of dress for their wedding. What type of garment is commonly worn by brides on their special day?","In many cultures, brides traditionally wear a particular type of dress for their wedding. What type of dress are brides commonly worn on their special day?"
"While rowing a boat, it is crucial to have synchrony and coordination among the members of the crew. What part of the boat is each member using to propel the boat forward?","While rowing a boat, it is essential to have synchronicity and coordination between the members of the crew. What part of the boat is each member using to propel the boat forward?"
"In the field of video editing, professionals often use a device to capture high-quality footage for their projects. What object in the picture can help them achieve this?","In the field of video editing, professionals often use a device to capture high-quality footage for their projects. What object in the picture can help them do this?"
"When it comes to shoes, some people prefer a more elevated style. What part of the shoe in the picture provides this elevated feature?","When it comes to shoes, some people prefer a more elevated style. Which part of the shoe in the picture provides this elevated feature?"
"When we want to listen to music or other audio content at a louder volume, what device in the picture can we use to enhance the sound?","When we want to listen to music or other audio content at a higher pitch, what device in the picture can we use to enhance the sound?"
"During a birthday party, there is often a table set up with various presents for the birthday boy or girl. What in the picture could be used to hold and present these gifts?","During a birthday party, there is often a table set up with various gifts for the boy or girl on the birthday. What in the picture could be used to hold and deliver these gifts?"
What object in the picture can effectively prevent water and foam from splashing outside the shower area and keep the bathroom dry and clean?,What object in the picture can effectively prevent water and foam from splashing outside of the shower area and keep the bathroom dry and clean?
What object in the picture is the most suitable for placing food on and enjoying a meal?,What object in the picture is most suitable for placing food on and enjoying a meal?
the objects that are significantly different in placement and orientation from other objects,the objects that are significantly different in placement and orientation from other objects
"In agricultural management, it is necessary to spray pesticides on crops in a timely manner to prevent various diseases. What in the picture could be threatened during this process?","In agricultural management, it is necessary to spray pesticides on crops in a timely manner in order to prevent various diseases. What in the picture could be endangered during this process?"
What part of the sink can control the water flow?,Which part of the sink can control the flow of water?
"After giving birth, a mother may be too weak to walk and needs to rest in bed to recover. Who in the picture is most likely to be a mother who has just given birth and needs to rest in bed?","After giving birth, a mother may be too weak to walk and need to rest on her bed to recover. Who in the picture is likely to be the mother who just gave birth and needs to rest on the bed?"
"In a bakery, bread and pastry products need to be cooled down after they come out of the oven. What area in the picture could be used for this purpose?","In a bakery, bread and pastry products need to be cooled off after they come out of the oven. Which area in the picture can be used for this purpose?"
"If the character in the picture is a wizard from the Harry Potter world, what would he ride on to fly in the air?","If the character in the picture is a wizard from the world of Harry Potter, what would he ride to fly in the air?"
"If we need to enter a room, what is the object we need to go through to enter it?","If we need to enter a room, what is the object we need to go through to enter it?"
"While working at a desk, it's important to maintain a comfortable seating position. What object in the picture could be used to provide a raised seating area for this purpose?","While working at a desk, it is important to maintain a comfortable sitting position. What object in the picture could be used to provide an elevated sitting area for this purpose?"
Herbs and spices are commonly used to enhance the flavor of various dishes. What item in the picture could be used to hold and serve these herbs and spices?,Herbs and spices are commonly used to enhance the taste of various dishes. What item in the picture could be used to hold and serve these herbs and spices?
What vehicle in the picture is designed to be used in snowy areas and has the ability to land and take off vertically?,Which vehicle in the picture is designed to be used in snowed areas and has the ability to land and take off vertically?
"When hiking, it is common for people to take breaks and enjoy the scenic views around them. What object in the picture would provide a stunning natural view for hikers to pause and admire?","While hiking, it is common for people to take breaks and enjoy the scenic views around them. What object in the picture would provide a wonderful natural sight for hikers to pause and admire?"
the person who is doing exercise,the person who is doing exercise
something that can make the food more delicious,something that can make the food more delicious
the person who is not likely to be a player,the person who is not likely to be a player
"When a teacher is explaining the content of a course, what might they use in the classroom to enhance students' understanding?","When a teacher is explaining the content of a course, what might they use in the classroom to enhance students' understanding?"
"When spending time outdoors, it is important to protect ourselves from insect bites. What part of the body in this picture is most susceptible to insect bites?","When spending time outdoors, it is important to protect yourself from insect bites. What part of the body in this picture is most susceptible to insect bites?"
something that can transfer solar energy to electric energy,something that can transfer solar energy to electrical energy
the part that the deers use for fighting,the part that the deer use for fighting
"If someone wants to relax their back and take a nap, where in the living room is the most comfortable for them to sit on?","If someone wants to loosen their back and take a nap, where in the living room is it most comfortable for them to sit on?"
"What object can people use to listen to music, watch videos, or read e-books before going to bed?","What object can people use to listen to music, watch videos, or read e-books before going to bed?"
"In order to ensure the tire is inflated properly, what area in the picture could be used to check the air pressure and add air if needed?","To ensure that the tyre is properly inflated, what area in the picture can be used to check the air pressure and add air if necessary?"
What structure in this room can be used to prevent light from outside the window shining directly on the bed?,What structure in this room can be used to prevent light from outside the window to directly shine on the bed?
"In a classroom setting, students often use electronic devices to assist their learning. What object in the picture could provide visual information and display educational content?","In the classroom setting, students often use electronic devices to aid their learning. What object in the picture could provide visual information and display educational content?"
"When we are getting down or up a stairway and want to ensure our safety, what do we need to hold or lean on?","When we are going down or up a staircase and want to ensure our safety, what do we need to hold or lean on?"
"During the holiday season, children often have the opportunity to sit on someone's lap and share their wishes. Who in the picture is traditionally known for wearing a red suit and sitting on a throne-like chair to listen to children's wishes?","During the holiday season, children often have the opportunity to sit on someone's lap and share their wishes. Who in the picture is traditionally known to wear a red garment and sit on a throne-like chair to listen to someone's wishes?"
"After we finish using the washing machine, what part of the machine should be closed?","After we finish using the washing machine, which part of the machine should be closed?"
"When navigating through rapid waters, it is crucial to have proper safety equipment to ensure personal safety. What item in the picture is essential for this purpose?","When sailing in fast-flowing waters, it is essential to have proper safety equipment to ensure personal safety. What item in the picture is essential for this purpose?"
What appliance in the kitchen is mainly used to make breakfast and produce toast?,What appliance in the kitchen is mainly used to make breakfast and produce toast?
"In the picture, there is a stylish and fast car. Who in the picture is most likely the owner or driver of this car?","In the picture, there is a stylish and fast car. Who in the picture is most likely the owner or driver of this car?"
Which object in the picture can be opened and closed to control the amount of light entering the indoor environment?,Which object in the picture can be opened and closed to control the amount of light entering indoor environment?
the object used for holding food,the object used for holding food
"In a multistory building, people often use a specific means of transportation to move up or down between different levels quickly and conveniently. What object in the picture provides this function?","In a multi-story building, people often use a specific means of transport to move up or down between different levels quickly and comfortably. What object in the picture provides this function?"
"When we need to sit down and prepare for meals at the dining table, what object do we need to move to be able to do so?","When we need to sit down and prepare meals at the dining table, what object do we need to move to be able to do so?"
Children often like to sleep with their favorite toys by their side. What object in the picture can be served as a child's favorite toy?,Children often like to sleep with their favorite toys by their side. What object in the picture can be the child's favorite toy?
"When driving on the road, one may encounter situations where they need assistance from law enforcement to ensure safety and maintain order. What type of vehicle in the picture could provide this assistance?","When driving on the road, one may encounter situations where one needs the assistance of law enforcement to ensure safety and maintain order. What type of vehicle in the picture may provide this assistance?"
"In a classical music concert held in a living room, what instrument would typically be played to create beautiful melodies?","In a concert of classical music held in a living room, what instrument would typically be played to create beautiful melodies?"
the owner of this car,the owner of this car
"In urban areas, there are often signs placed on poles to provide information or directions. What specific type of sign can be found attached to a pole in the picture?","In urban areas, there are often signs placed on poles to provide information or direction. What specific type of sign can be attached to a pole in the picture?"
"In this picture, there are objects flying in the sky. Which object is specifically designed for human passengers to fly and travel in the atmosphere?","In this picture, there are objects flying in the sky. Which object is specifically designed for human passengers to fly and travel in the atmosphere?"
What object should be used to support a video camera while shooting to capture stable images?,What object should be used to support a video camera while shooting to capture stable images?
"Humidity in the bathroom can cause towels to become damp, which can breed bacteria. What object in the bathroom can be used to hang the towel up to dry and avoid direct contact with the ground?","Humidity in the bathroom can cause towels to become damp, which can cause bacteria to grow. What object in the bathroom can you use to hang the towel to dry and avoid direct contact with the ground?"
something that makes the coffee more sweet,something that makes the coffee more sweet
the part of the mask that people use to see the outside world,the part of the mask that people use to see the outside world
"In this picture, what part of a building provides support and stability to the overall structure?","In the picture here, what part of a building provides support and stability to the overall structure?"
the area on the basket used for lifting,the area on the basket used for lifting
the tyre that does not touch the ground,the tyre that does not touch the ground
"If we were inside the building shown in the picture, what part of the building would allow natural light to enter and illuminate the interior?","If we were inside the building shown in the picture, which part of the building would allow natural light to enter and illuminate the interior?"
something that can be used to wipe the mouth,something that can be used to wipe the mouth
"If we were standing on the shore across the water from the location in the picture, what structure would we see stretching across the water?","If we were standing on the shore across the water from the location in the picture, what structure would we see stretching across the water?"
"If the books are too tall to put on a normal table, what furniture is usually used to store them?","If the books are too high to be put on a normal table, what furniture is usually used to store them?"
something used for playing music,something used for playing music
"If you want to keep important documents in order and don't want to lose them, where should you place them?","If you want to keep important documents in order and do not want to lose them, where should you put them?"
Cats often mark their territory by scratching objects. What part of the cat's body in the picture would be involved in this behavior?,Cats often mark their territory by scratching objects. What part of the cat's body in the picture would be involved in this behavior?
"When eating fish and chips, which part of the meal might be used to add flavor and squeezed onto the fish?","When eating fish and chips, which part of the meal could be used to add flavour and squeeze onto the fish?"
"When we step out of the shower, what object can be used to dry ourselves?","When we step out of the shower, what object can be used to dry ourselves?"
the animal being dragged,the animal being pulled
"When enjoying a cold beer outdoor, it is important to have a stable surface to place the beer glass on. What in the picture can provide a stable surface for placing the beer glass?","When enjoying a cold beer outdoors, it is important to have a stable surface on which to place the beer glass. What on the picture can provide a stable surface to place the beer glass?"
"What object typically provides a flat and stable surface for people to place cups, plates, or books in a living room?","What object typically provides a flat and stable surface for people to place cups, plates, or books in a living room?"
"When pouring liquid from a container, which part of the container in the picture will be gripped and used to control the flow of the liquid?","When pouring liquid from a container, which part of the container in the picture will be grasped and used to control the flow of the liquid?"
Some cities have developed waterways as scenic routes for leisurely sightseeing. What mode of transportation in the picture can provide a unique and enjoyable experience for exploring these waterways?,Some cities have developed waterways as picturesque routes for leisurely sightseeing. What mode of transport in the picture can provide a unique and pleasant experience to explore these waterways?
What object in the picture is commonly used as an entry point to enter a building?,What object in the picture is commonly used as a point of entry to enter a building?
What object in a room is commonly used to cover windows and provide privacy?,What object in a room is commonly used to cover windows and provide privacy?
"In order to stabilize and capture steady footage, what tool in this picture can be used to support and hold the camera or camcorder?","To stabilize and capture stable footage, what tool in this picture can be used to hold and hold the camera or camcorder?"
"When enjoying pastries, people often use paper plates or napkins to hold them. What item in the picture could be used to hold a pastry?","When enjoying pastries, people often use paper plates or napkins to hold them. What item in the picture could be used to hold a pastry?"
Which key part in the computer can convert code into signals visible to humans?,What key part of the computer can convert code into signals visible to humans?
What appliance in the image can be used to control lighting in this room?,What device in the image can be used to control the lighting in this room?
What object is used to prevent water from splashing out of the bathtub and wetting the bathroom floor?,What object is used to prevent water from splashing out of the bathtub and watering the bathroom floor?
"Birds often find their food in the water, and they have a specific body part to help them catch the food. What part is likely to be used by the bird in the picture to catch its food?","Birds often find their food in the water, and they have a particular body part that they use to help catch the food. Which part of the bird in the picture is likely to use its food?"
"What part of the picture represents a key objective in a football or rugby game, where players attempt to score points?","What part of the picture represents a key goal in a football or rugby game, in which players try to score points?"
The kitchen is an important place for cooking and food processing. What object in the kitchen is mainly used for baking or roasting food?,Kitchen is an important place for cooking and processing food. What item in the kitchen is mainly used for baking or roasting food?
the supervisor,the supervisor
Wolverine's body parts used for attacking enemies,Wolverine's body parts used for attacking enemies
the object that can prevent hands from being burned,the object that can prevent hands from being burned
"Jewelry is often made with precious gemstones, such as emeralds and turquoise. What piece of jewelry in the picture may contain these gemstones?",Jewelry is often made with precious gemstones such as emeralds and turquoise. What piece of jewelry in the picture may contain these gemstones?
What in the picture can be used to hold onto while standing in a swimming pool?,What on the picture can be held to while standing in a swimming pool?
"the food containing proteins, carbohydrates and other nutrients","the food containing proteins, carbohydrates and other nutrients"
Which object in the picture can be used to stabilize a camera or telescope to maintain a steady shot?,Which object in the picture can be used to stabilize a camera or telescope to keep a steady shot?
People can play beautiful music by pressing the keys on the piano keyboard. What part of the piano in the picture can be used for playing?,People can play beautiful music by pressing on the keys of the piano keyboard. What part of the piano in the picture can be used to play?
the road in which we can go to the house without getting shoes wet,the road in which we can go to the house without getting shoes wet
the tools that can record time,the tools that can record time
"In a martial arts competition, there is usually a person responsible for maintaining order, enforcing rules, and making judgments. Who in the picture is likely to have this role?","In a martial arts competition, there is usually someone responsible for maintaining order, enforcing the rules and making judgments. Who in the picture is likely to have this role?"
the spare wheel,the spare wheel
Bees play a vital role in pollinating plants and producing honey. What occupation in the picture is dedicated to the care and management of bees?,Bees play an essential role in pollinating the plants and producing honey. What occupation in the picture is devoted to the care and management of bees?
"When making fried rice, it is common to use a variety of ingredients and mix them together in a pan. What tool in the picture could be used to mix the ingredients and ensure they are evenly cooked?","When making fried rice, it is common to use a variety of ingredients and mix them together in a pan. What tool in the picture could be used to mix the ingredients and ensure that they cook uniformly?"
"In a busy parking lot, it can be difficult to find your car among many other vehicles. What in the picture can help you identify your car?","In a crowded parking lot, it may be difficult to find your car among many other vehicles. What on the picture can help you identify your car?"
the cars that are not taxi,the cars that are not taxi
something indicating that the tank belongs to the USA,something indicating that the tank belongs to the USA
"After changing clothes, what type of object can we use as a container to collect dirty clothes?","After changing clothes, what kind of an object can we use as a container to collect dirty clothes?"
"In a dark tunnel, where the lighting is limited, what part of the car in the picture is crucial for providing visibility and ensuring safety while driving?","In a dark tunnel, where lighting is limited, which part of the car in the picture is crucial for providing visibility and ensuring safety while driving?"
"In a modern car, there are various instruments and displays on the dashboard that provide information to the driver. What part in the picture could show the current speed of the car?","In a modern car, various instruments and displays on the dashboard that provide information to the driver. What part of the picture can show the car's current speed?"
"When an aircraft is ready to depart from the airport, where does it usually begin its takeoff?","When an aircraft is ready to leave from the airport, where does it usually begin to take off?"
something that is cutting the tree trunk,something that is cutting the tree trunk
What object do we use to dry our hands after washing them in the bathroom?,What object do we use to dry our hands after we wash them in the bathroom?
"When assembling an electronic device, such as a computer, various components need to be interconnected to enable proper functioning. Which object in the picture can be used to establish electrical connections between different parts?","When assembling an electronic device, such as a computer, various components must be connected to enable proper functioning. What object in the picture can be used to establish electrical connections between different parts?"
the landmark in Paris,the landmark in Paris
something to prevent athletes from falling and getting injured,something to prevent athletes from falling and getting injured
"In a game of darts, what part of the dartboard should you aim for to maximize your points?","In a game of darts, which part of the dartboard should you aim for to maximise your points?"
"When it gets cold, people often gather around a cozy place to warm themselves up. What objects in the picture can provide heat and create a warm atmosphere?","When cold, people often gather around a cozy place to warm themselves. What objects in the picture can provide heat and create a warm atmosphere?"
"High-heeled shoes are known for their elegant appearance, but they can also be challenging to walk in for extended periods. What part of the shoe in the picture might make it difficult for the woman to walk comfortably?","High-heeled shoes are known for their elegant appearance, but they can also be difficult to walk for long periods of time. What part of the shoe in the picture will make it difficult for the woman to walk comfortably?"
One of the things people value in a bed is its comfort. What object can help support the neck and improve the overall comfort of sleep?,One thing people value in a bed is its comfort. What object can support the neck and improve overall sleep comfort?
"In the picture, there are various containers used to hold fruit. Which container would be most suitable for serving and holding sliced apples?","In the picture, there are various containers used to hold fruit. Which container would be most appropriate for serving and holding sliced apples?"
"To display large amounts of information visually in a meeting, what object can be used to write it down on and display it on the wall?","To display large amounts of information visually in a meeting, what object can be used to write it down and display it on the wall?"
the body part used to receive scent signals,the body part used to receive smell signals
the reflection of the light in the mirror,the reflection of the light in the mirror
"In military operations, soldiers rely on accurate information to make tactical decisions. What object in the picture might contain crucial information about the battlefield?","In military operations, soldiers rely on accurate information to make tactical decisions. What object in the picture may contain important information about the battlefield?"
"In a desert environment, it may be difficult to travel on foot due to the rough and uneven surface. What type of transportation can be used to navigate the desert more easily?","In a desert environment, it may be difficult to travel by foot due to the rough and uneven surface. What type of transportation can be used to navigate the desert more easily?"
the object that can expand the volume,the object that can expand the volume
"If I want to enter this room, what object should I pass through?","If I want to enter this room, what object should I pass through?"
What object can we sit on while working or studying in the office?,What object can we sit on while working or studying in office?
"The weather can be unpredictable, especially during the colder seasons. What item in the picture can provide extra warmth and protection against the cold?","The weather can be unpredictable, especially during the colder seasons. What item in the picture can provide extra warmth and protection from the cold?"
"In a fish market, it is important to provide clear information about the various types of seafood available for sale. What object in the picture can be used to display the names and prices of different fish?","In a fish market, it is important to provide clear information about the various types of seafood available for sale. What object in the picture can be used to display the names and prices of different fish?"
"When preparing a fruit salad, what in this image can be used to sprinkle on top of the mixed fruits to add some additional flavor and texture?","When preparing a fruit salad, what on this image can be used to sprinkle over the mixed fruits to add some additional flavor and texture?"
something that the car driver uses to observe the rear conditions,something that the car driver uses to observe the rear conditions
"If we were to visit this place, which area in the picture would be a popular tourist spot to explore and admire?","If we were to visit this place, which area on the picture would be a popular tourist destination to explore and admire?"
"When attending a formal event, people often wear a small accessory around the collar of their dress shirts. What object in the picture could be used for this purpose?","When attending a formal event, people usually wear a small accessory around the collar of their shirt collars. What object in the picture can be used for this purpose?"
What objects in the picture need to be plugged into a power source to operate?,What objects in the picture need to be plugged into a power source to operate?
A wine enthusiast has a large collection of wines that need to be stored properly. What area in the picture would be most suitable for storing these wines?,A wine enthusiast has a large collection of wines that need to be stored properly. Which area in the picture would be the most suitable place to store these wines?
"Dogs are not typically allowed to freely roam in public spaces, and they usually need to be kept under control when walking indoors. What object in the picture could be used to keep the dog restrained in a hallway?","Dogs are not usually allowed to roam freely in public spaces, and they usually need to be controlled when walking indoors. What item on the picture could be used to hold a dog in a corridor?"
something that is most likely to be the backup light,something that is most likely to be the backup light
What object hanging on the wall in the bedroom can make the atmosphere more artistic and decorative?,What object hanging on the wall in the bedroom can make the atmosphere more artistic and decorative?
"When we enter a room, what object can be used to remove dirt and moisture from shoes, and avoid slipping hazards indoors?","When we enter a room, what object can be used to remove dirt and moisture from the shoes, and to avoid slipping dangers in indoors?"
"When riding a boat at high speed on the sea, it's important to have suitable clothing to protect against the water. What item of clothing in the picture can provide protection and insulation in the water?","When riding a boat at high speed on the sea, it is important to have appropriate clothing to protect against water. What item of clothing in the picture can provide protection and insulation in water?"
"In a community with strict environmental awareness, residents are encouraged to sort the garbage they produce and put it into different containers for recycling. What is the object in the picture that is designed specifically for this use?","In a community with strict environmental awareness, residents are encouraged to sort their waste they produce and put it in different containers for recycling. What is the item in the picture that is specifically designed for this purpose?"
"Suppose that I am afraid of the dark, what object can I turn on to make me feel safe and secure?","Suppose I am afraid of the dark, what object can I turn on to make me feel safe and secure?"
Public transportation is an efficient way to travel in a city. What mode of transportation in the picture can carry many passengers and travel along the tracks?,Public transport is efficient to travel in a city. Which mode of transport in the picture can carry many passengers and travel along the tracks?
the part of the bird that is used for eating,the part of the bird that is used for eating
someone with bare arms,someone with bare arms
What is often placed in the corner of the bedroom to add beauty to the indoor environment?,What is often placed in a corner of the bedroom to add beauty to the indoor environment?
"On a windy day at the beach, you may see colorful objects soaring high in the sky. What object in the picture represents this activity?","On a windy day at the beach, you may see colorful objects hovering high in the sky. What object in the picture represents this activity?"
Participating in car racing requires special safety equipment to protect the eyes from wind and debris. What item in the picture can provide this protection?,To participate in car racing requires special safety equipment to protect the eyes from wind and debris. What item in the picture can provide this protection?
Having a clean kitchen environment plays an important role in ensuring food hygiene and health. What object can be used to hold all the discarded food or trash to keep the kitchen cleanly?,Having a clean kitchen environment plays an important role in ensuring food hygiene and health. What object can be used to hold all thrown food or garbage in order to keep the kitchen clean?
the object that prevents people from walking on railroad tracks,the object that prevents people from walking on railway tracks
"In a high-energy sporting event, the audience often cheers for the athletes to show their support and excitement. What object or area in the picture could the spectators be directing their cheers towards?","In a high-energy sports event, spectators often cheer for the athletes to show their support and excitement. To what object or area in the image would the spectators be directing their cheers?"
"When participating in a car show, showcasing the unique features of each car is crucial. What part of the car can be showcased by opening it in the picture?","When participating in a car show, displaying the unique features of each car is crucial. What part of the car can be displayed by opening it in the picture?"
the persons who are recording the game,the persons who are recording the game
"In a team competition, winning athletes and teams often stand together for a group photo to celebrate their victory. What in the picture could signify their achievement?","In team competition, victorious athletes and teams often stand together for a group photo to celebrate their victory. What in the picture can signify their achievement?"
Some people enjoy having a view of the outside world while still being comfortable inside their homes. What part of the house in the picture can provide such an experience?,Some people like to enjoy a view of the outside world while still being comfortable in their homes. What part of the house in the picture can provide such an experience?
"In a snack mix, various ingredients can be combined to create a flavorful and nutritious blend. What in the picture can provide a crunchy and nutritious addition to the mix?","In a snack mixture, various ingredients can be combined to create a tasty and nutritious mix. What in the picture can give a crunchy and nutritious addition to the mixture?"
"During festive occasions or religious ceremonies, it is common to see symbolic representations or idols of deities being worshiped. What objects in the picture could be used as idols or representations of deities?","During festive occasions or during religious ceremonies, it is common to see symbolic representations or idols of gods being worshipped. What objects in the image could be used as idols or images of gods?"
"In today's digital age, many people prefer to use mobile payment methods instead of carrying cash. What in the picture might become less popular due to this trend?","In the modern digital age, many people prefer to use mobile payment methods instead of carrying cash. What's in the picture may become less popular because of this trend."
where we can sit down,where we can sit down
"If a person wants more privacy when using the bathroom, what structure in the picture can be closed to separate the bathroom from the outside environment?","If a person wants more privacy when using the bathroom, what structure in the picture can be closed to separate the bathroom from the outside environment?"
"After washing hands in the bathroom during the cold winter months, what should be used to dry them?","After washing hands in the bathroom during the cold winter months, what should be used to dry them?"
"When it comes to fashion, high-heeled shoes are often considered a stylish choice for women. What part of a shoe is typically elevated to create the heel?","When it comes to fashion, high-heeled shoes are often considered a stylish choice for women. What part of a shoe is usually elevated to create the heel?"
What type of container is commonly used to hold water and keep flowers fresh in a living room?,What kind of container is commonly used to hold water and keep flowers fresh in a living room?
Creating visual representations of military equipment can be an interesting art form. What object in the picture could be a subject for a doodle or drawing related to the military?,Making visual representations of military equipment can be an interesting art form. What object in the picture could be the subject for a doodle or drawing related to the military?
The image suggests that the animal shown has a certain level of aggression and dominance. What part in the picture indicates this aggression?,The image suggests that the animal shown has a certain degree of aggression and dominance. Which part of the picture indicates this aggression?
We need to browse the internet or write documents in a quiet environment. What object can be used to input non-vocal instructions to the computer to fulfill this task?,We need to browse internet or write documents in a quiet environment. What object can be used to input non-vocal instructions to the computer to accomplish this task?
"When it comes to indoor gardening, what is an essential item that is commonly used to hold soil and support the growth of plants?","When it comes to indoor gardening, what is an essential item that is commonly used to hold soil and support the growth of plants?"
What object is used to hang on the walls that can enhance the beauty of a room and make it look more attractive?,What object is used to hang on walls that can enhance the beauty of a room and make it look more attractive?
the cover to protect lens from damage,the cover to protect the lens from damage
"When you finish your business in the bathroom and want to store items such as towels, where should you put them?","When you finish your business in the bathroom and want to store things such as towels, where should you put them?"
Birds often find elevated areas to rest or observe their surroundings. What parts in the picture can potentially serve as a resting spot for birds?,Birds often find elevated places to rest or observe their surroundings. What parts of the picture may be a place for birds to rest?
the object that can be used for speaking and amplifying volume,the object that can be used for speaking and amplifying volume
"When playing a drum set, which part of the drum set in the picture would be used to keep the rhythm and provide accents in the music?","When playing a drum set, which part of the drum set in the picture would be used to maintain the rhythm and give accents in the music?"
Walls are often empty and blank. What object can serve as an accessory to make it more decorative?,Walls are often empty and empty. What object can serve as an accessory to make it more decorative?
"In snowy regions, people often use a specific means of transportation to move across the snow-covered ground. What in the picture could be used for this purpose?","In snow-covered regions, people often use a specific means of transport to move across the snow-covered ground. What on the picture could be used for this purpose?"
What object can be used to provide better sound quality when watching movies or playing music on the computer?,What object can be used to provide better sound quality when watching movies or playing music on the computer?
something that helps in the pollination of plants,something that helps in the pollination of plants
What object in the room is mainly used as a sitting tool for writing or using an electronic device?,What object in the room is mainly used as seated tool for writing or using an electronic device?
What objects in the picture can rotate rapidly and generate lift to allow vertical take-off and landing?,What objects in the picture can rotate quickly and generate lift to allow vertical takeoff and landing?
the part of the hedgehog that can be used to defend against predators,the part of the hedgehog that can be used to defend against predators
"Owls have excellent night vision, which allows them to see clearly in the dark. What part of their body is responsible for this ability?","Owls have excellent night vision, which allows them to see clearly in the dark. What part of their body is responsible for this ability?"
Tennis is a sport that requires hitting the ball back and forth over a net. What object in the picture is used by players to hit the ball?,Tennis is a sport in which it is necessary to beat the ball back and forth over a net. What object in the picture do the players use to hit the ball?
"When someone is sleeping, what object can support the cervical spine and make the sleep more comfortable?","When someone is sleeping, what object can support the cervical spine and make the sleep more comfortable?"
"A person is standing near the edge of a building, posing for a photo. What part or feature of the building is the person using as support or barrier in this picture?","A person is standing near the edge of a building, posing for a photograph. Which part or feature of the building is the person using as support or barrier in this picture?"
"In order to use the toilet seat, what object should be lifted first?","In order to use the toilet seat, which object should be lifted first?"
"In the bedroom, a source of light is necessary for illuminating the room. What object in the room serves this purpose?","In the bedroom, a source of light is necessary for illuminating the room. What object in the room serves this purpose?"
"When cleaning up the kitchen, what object could be used to reach high places, such as the top of a cabinet or a shelf?","When cleaning up the kitchen, what object could be used to reach high places, such as the top of a cabinet or a shelf?"
"If someone wanted to travel to a far-off island quickly, what means of transportation in the picture would be suitable for that purpose?","If a person wanted to travel quickly to a distant island, what means of transport in the picture would be appropriate for that purpose?"
Butterflies are attracted to certain types of plants because they provide them with a necessary food source. What part of the plant in the picture is likely to attract butterflies?,Butterflies are attracted to certain types of plants because they give them the necessary food source. What part of the plant in the picture is likely to attract butterflies?
Dogs enjoy exploring new environments and sniffing everything around them. What part of the dog's body is primarily used to sense different scents in the picture?,Dogs enjoy exploring new environments and sniffing out everything around them. What part of a dog's body is primarily used to sense different smells in the picture?
Horse racing is a popular equestrian sport where jockeys compete against each other to win. What objects in the picture are commonly used as obstacles in horse racing?,Horse racing is a popular horse racing sport in which jockeys compete with one another to win? What objects in the picture are commonly used as obstacles in horse racing?
"If we were at the location shown in the picture and did not consider diving underwater, what area in the picture could we explore further?","If we were at the location shown in the picture and did not contemplate diving underwater, what part of the picture could we explore further?"
Roller skates and skateboards are popular among those who enjoy outdoor activities. What part of the roller skate and skateboard in the picture facilitates movement on the ground?,Roller skates and skateboards are popular among those who enjoy outdoor activities. What part of the roller skate and skateboard on the picture facilitates movement on the ground?
"When preserving vegetables such as cucumbers, it is important to store them in a tightly sealed container to maintain their freshness. What object in the picture can be used for this purpose?","When preserving vegetables such as cucumbers, it is important to store them in a tightly sealed container to maintain their freshness. What item on the picture can be used for this purpose?"
"In rodeo events, riders often use certain equipment to stay on the back of a bull or horse and maintain balance. What in the picture can help a rider stay on the back of a bull during a rodeo?","On rodeo events, riders often use certain equipment to stay on the back of a bull or a horse and keep balance. What in the picture can help a rider to stay on the back of a rodeo?"
The book at the top,The book at the top
"When playing a bass guitar, what essential part of the instrument do musicians pluck or strum to produce sound?","When playing a bass guitar, what essential part of the instrument do musicians prick or strum to produce sound?"
"When it comes to water sports, people often use various tools to glide on the surface of the water. What item in the picture is designed specifically for this purpose?","When it comes to water sports, people often use various tools to glide on the surface of the water. What item in the picture is designed specifically for this purpose?"
the reflection of the person in the water,the reflection of the person in the water
"During a tennis match, players often hit the ball with a specific tool. What tool in the picture can be used to hit the ball during a tennis game?","During a tennis match, players often hit the ball with a specific tool. What tool in the picture can be used to hit the ball during a tennis match?"
"If someone in the picture wanted to enjoy a drink without having to pour it themselves, what object could they use to easily take small sips at a time?","If a person in the picture wanted to enjoy a drink without having to pour it himself, what object could they use to easily sip a few sips at a time?"
Dogs often use their sense of smell and sharp eyesight to interact with the world around them. What part of the dog's body in the picture is associated with its strong sense of smell?,Dogs often use their sense of smell and keen sight to interact with the world around them. What part of the dog's body in the picture is associated with its strong sense of smell?
"In modern cuisine, food decoration can also bring a different dining experience. What food in the picture is most likely to be used for decoration?","In modern cuisine, food decoration can also bring a different dining experience. What food in the picture is most likely to be used for decoration?"
"In many cultures, a quilt with a star pattern is considered a significant symbol. What can be seen in the picture that represents this symbol?","In many cultures, a quilt with a star pattern is considered a significant symbol. What can be seen in the picture that represents this symbol?"
the more advanced aircraft,the more advanced aircraft
"When objects are left in water for a long time, they can often deteriorate or be damaged. What in the picture is an example of an object that has been affected by this process?","When objects are left in water for a long time, they can often deteriorate or become damaged. What on the picture is an example of an object that has been affected by this process?"
Imagine we are attending a car show featuring various automobile models. What object in the picture could provide shade and protection from the sun during the event?,Suppose we are attending a car show with various models of automobiles. What object in the picture could provide shade and protection from the sun during the event?
Graduation is a significant milestone in one's education. What in the picture could be worn by someone to signify their achievement during the graduation ceremony?,Graduation is a significant milestone in one's education. What on the picture could someone wear to signify their achievement during the graduation ceremony?
the area that displays the time,the area that displays the time
the engines for this plane,the engines for this plane
the objects that can tell people the time,the objects that can tell people the time
"When traveling by train, we often encounter obstacles such as rivers or valleys. What infrastructure in the picture helps the train cross over these obstacles?","When traveling by train, we often encounter obstacles such as rivers or valleys. What infrastructure in the picture helps the train to cross these obstacles?"
"Fishing can be an enjoyable activity for many people, but sometimes it can be difficult to catch fish. What body part in the picture is essential for catching fish?","Fishing can be a joyful activity for many people, but sometimes it is difficult to catch fish. What body part in the picture is essential for catching fish?"
Dogs need to be restrained while walking in public places to ensure their safety. What in the picture is used to restrain the dog and keep it from wandering off?,Dogs need to be restrained when walking in public places to ensure their safety. What on the picture is used to restrain the dog and not let him wander?
"Where would you keep your clothing like shirts, pants, and dresses if you are in your bedroom?","Where would you store your clothes like shirts, pants, and dresses if you are in your bedroom?"
"When shopping in a supermarket, we often see rows of products neatly arranged for customers. What part in the picture represents the area where the products are displayed?","When shopping in a supermarket, we often see rows of products neatly arranged for customers. Which part of the picture represents the area where the products are displayed?"
the bird that has caught prey,the bird that has caught prey
"In a formal event, an important person may make an appearance on a grand staircase. What part of the picture suggests the presence of a grand staircase that leads to a higher level?","On a ceremonial occasion, an important person may appear on a large staircase. What part of the picture indicates the presence of a large staircase that leads to a higher level?"
"Among the decorative items made of small colorful beads, which accessory in the picture can be worn on the wrist as an accessory?","Among the decorative items made of small colored beads, what accessory in the picture can be worn on the wrist as an accessory?"
Imagine a winter scene where a person is sledding and being pulled by a dog through the snow. What object could the person attach to the dog to control its movement during the sledding activity?,Imagine a winter scene in which a person is skydiving and a dog is dragging him through the snow. What object could one attach to the dog to control his movement during the skydiving activity?
"During a national celebration, what part of the picture can be raised to symbolize the country and its values?","During a national celebration, what part of the picture can be raised to symbolize the country and its values?"
People often say that a genuine smile can brighten up a person's face. What facial feature in the picture could indicate whether or not the person is smiling?,People often say that a genuine smile can brighten a person's face. What facial feature in the picture can indicate whether the person is smiling or not?
the container that is being held by a person and is about to pour liquid,the container that is being held by a person and is about to pour liquid
You are in a room that does not have much natural light. What object can be turned on to brighten up the room?,You are in a room that has little natural light. What object can be turned on to brighten the room?
"People love to play indoor table tennis for leisure, usually in the living room. What kind of furniture is needed to play this game?","People like to play indoor table tennis for leisure, usually in the living room. What kind of furniture is needed to play this game?"
Lavender is often used for its pleasant fragrance and can be found in various products such as soaps and essential oils. What object in the picture is likely to produce this fragrance?,Lavandine is often used for its pleasant scent and can be found in various products such as soaps and essential oils. What object in the picture is likely to produce this scent?
What furniture in a room can provide illumination for people's reading or work at night?,What furniture in a room can provide illumination for people's reading or working at night?
"In hotel rooms, what object can often be found hanging on the wall as a decorative item?","In hotel rooms, what object can often be found hanging on the wall as a decorative item?"
something used for lifting the loudspeaker box,something used for lifting the loudspeaker box
the food with high vitamin,the food with high vitamin
"When editing photos on a computer, it is important to have a clear and detailed view of the image. What object in the picture could be used for this purpose?","When editing photographs on a computer, it is important to have a clear and detailed view of the image. What object in the image could be used for this purpose?"
What object is usually attached to the wall next to the bed and provides convenient lighting for reading a book before sleep?,What object is usually attached to the wall next to the bed and provides convenient lighting for reading a book before going to sleep?
something that helps the animal trainer move quickly on water,something that helps the animal trainer move quickly on water
the people most like judges,the people most like judges
"In cold weather, people often gather around a certain area to keep warm. What object in the picture can provide heat and be used for this purpose?","In cold weather, people often gather around a certain area to warm themselves. What object in the picture can provide heat and be used for this purpose?"
What do people use to input letters and commands when using a computer?,What do people use to input letters and commands when using a computer?
Where would one usually keep clothes or personal items such as eyeglasses within arm's reach while resting on a bed?,Where would one usually keep clothing or personal items such as glasses within reach while resting on a bed?
"When watching a movie or playing video games, it is common to use external devices to enhance the viewing experience. What part of the picture can be used as an external device to display visual content?","When watching a film or playing video games, it is common to use external devices to enhance the viewing experience. What part of the image can be used as an external device to display visual content?"
"During sailing on water, controlling the speed of a sailboat requires adjusting the sails. What part of the sailboat should be adjusted if you need to change the boat speed?","During sailing on water, controlling the speed of a sailboat requires adjusting the sails. What part of a sailboat should be adjusted if you want to change the ship's speed?"
"When preparing a meal, it is common to serve various dishes and beverages. Which item in the picture would likely be used to pour drinks such as water or juice?","When preparing a meal, it is common to serve various dishes and drinks. Which item in the picture is likely to be used to pour drinks such as water or juice?"
What object do we store food in when we need to keep it fresh for a longer period of time?,In what object do we store food when we need to keep it fresh for a longer period of time?
"In ancient times, people used to store valuable items or even ashes of the deceased in containers that were beautifully decorated. What objects in the picture could have been used for this purpose?","In ancient times, people used to store valuables or even the ashes of the dead in beautifully decorated containers. What items on the picture could be used for this purpose?"
"If you want to store and organize your books, where is the best place in the room?","If you want to store and organize your books, where is the best place in the room?"
the objects that can protect the driver's head,the objects that can protect the driver's head
"While driving, we need to obey traffic rules and signals to ensure safety. What object in the picture is typically used to regulate vehicle movement at street corners?","When driving, we need to obey traffic laws and signs to ensure safety. What object in the picture is usually used to regulate vehicle movements at street corners?"
Where can we sit and work when we have a lot of work to do in the bedroom?,Where can we sit and work when we have plenty of work to do in the bedroom?
something used for cutting,something used for cutting
the objects whose surface presents a scale-like form,the objects whose surface presents a scale-like shape
Dragonflies are insects that can fly swiftly in the air. What part of their body is mainly used to accomplish this task?,Dandelions are insects that can fly quickly in the air. What part of their body is used mainly to accomplish this task?
"When having a formal dinner, it is common to have a designated area for each individual to sit and enjoy their meal. What in the picture could be used to mark the assigned seat for each guest?","At a celebrated meal, it is common to have a designated area for each person to sit and enjoy their meal. What in the picture can be used to mark each guest's assigned seats?"
"In order to quench thirst, people often store water in a container that can be easily carried around. What in the picture could serve as a container for storing water?","To quench thirst, people often store water in a container that can be easily carried around. What in the picture could be a container to store water?"
"In a running race, participants wear a distinguishing item that displays their assigned identification and helps track their progress. What in the picture can fulfill this purpose?","In a running race, participants wear a distinctive item that indicates their assigned identification and helps track their progress. What on the picture can this accomplish?"
something that the car uses for illumination at night,something that the car uses for illumination at night
someone who is most likely to be the player,someone who is most likely to be the player
"In a conference room, where can people write ideas on during a meeting?","In a conference room, where can people write ideas on during a meeting?"
the extra spare chairs for additional participants,the extra spare chairs for additional participants
"If we want to place some things next to the sofa for easy access when sitting, what object can help us achieve this goal?","If we want to place some things near the sofa for easy access when sitting, what object can help us to achieve this goal?"
something that helps people to cross the river,something that helps people to cross the river
People often take small boats to tour the sights. Who in the picture is likely to have visited the sights the most?,People often take small boats to tour the sights. Who in the picture has probably visited the sights the most?
the household appliance used for heating food,"the household appliance used to heat food,"
Birds often need a stable surface to land on and rest. What in the picture could provide a suitable landing spot for a bird?,Birds often need a stable surface on which to land and rest. What in the picture would provide a suitable landing place for a bird?
the objects leaning on the car,the objects leaning on the car
"In a laboratory, scientists often wear a specific garment to protect their clothes and maintain cleanliness. What clothing item in the picture is commonly worn by scientists in the laboratory?","In a laboratory, scientists often wear a specific garment to protect their clothes and to keep clean. What type of garment in the picture is usually worn by scientists in the laboratory?"
"When monkeys move from one tree to another, they often use a certain part of their body to maintain balance and stability. What part of the monkey's body in the picture helps them with this?","When monkeys move from one tree to another, they often use a certain part of their body to maintain balance and stability. What part of the body of the monkey in the picture helps them with this?"
"When leaving a car in a public parking lot, it is important to take note of certain information for identification purposes. What part of the car in the picture typically displays this information?","When leaving a car in a public parking lot, it is important to note certain information for identification purposes. Which part of the car in the picture usually shows this information?"
the food placed at the bottom of the stacks,the food placed at the bottom of the stacks
the object that helps people safely land from high altitude,the object that helps people safely land from high altitude
Neon lights are often used to attract attention and create a vibrant atmosphere in commercial areas. What in the picture has neon lights that can help guide people to a specific location?,Neon lights are often used to attract attention and create a lively atmosphere in commercial areas. What in the picture has neon lights that can help guide people to a specific place?
"When gardening or landscaping, it is common to encounter pests that can damage plants. What in the picture could be a potential pest that gardeners might need to control?","While gardening or landscaping, it is common to encounter pests that can damage plants. What in the picture may be a potential pest that gardeners may need to control?"
"When enjoying a formal dining experience, what utensil in the picture would be used to consume soup?","When enjoying a formal dining experience, what utensil in the picture would be used to consume soup?"
"If there is a fire in the bathroom, what should we use to warn others to evacuate as soon as possible?","If there is a fire in the bathroom, what should we use to warn others to evacuate as soon as possible?"
"When enjoying Mexican cuisine, it is common to have a side sauce or dip to enhance the flavor of the main dish. What in the picture can be used as a side sauce or dip for the food?","When enjoying Mexican cuisine, it is common to have a side sauce or dip to enhance the taste of the main dish. What in the picture can be used as a side sauce or dip for the food?"
"We cannot breathe underwater, so diving requires additional equipment to help people breathe while underwater. What in the picture can help human accomplish this task?","We cannot breathe under water, so for diving one needs additional equipment to help people breathe while under water. What in the picture can help a person do this?"
Pizza is a popular dish that is often shared and enjoyed with friends or family. Which part of the picture could be used to serve and present the pizza?,Pizza is a popular dish which is often shared and enjoyed with friends or family. Which part of the picture could be used to serve and present the pizza?
the sauce,the sauce
something similar to human face,something similar to human face
the pot lid,the pot lid
"In daily life, people often check the time by looking at the clock or watch. What part of the watch is commonly used to display the time?","In everyday life, people often check the time by looking at the clock or watch. Which part of the clock is commonly used to show the time?"
"If I want to take a short break to relax during work in my office, what can I use to sit on temporarily?","If I want to take a short break to relax during work in my office, what can I use to sit temporarily?"
the lights that are placed in different directions,the lights that are placed in different directions
"In a bedroom, what is commonly used to provide an additional source of light for reading or creating a cozy atmosphere?","In a bedroom, what is commonly used to provide an additional source of light for reading or to create a cozy atmosphere?"
It seems that there is a person performing maintenance work on the house. What object in the picture is he likely using to access the roof?,There seems to be a person doing repair work on the house. What object in the picture does he likely use to get to the roof?
"Due to the harmful effects of smoking on health, many countries have implemented regulations to discourage smoking. What depicted in the picture is likely to have negative implications regarding smoking?","Because of the harmful effects of smoking on health, many countries have implemented regulations to discourage smoking. What is pictured on the picture is likely to have negative implications for smoking?"
"What object in the picture is specifically designed to rest against and support a person""s head while sleeping?",What object on the picture is specifically designed to rest on and support a person's head while sleeping?
"In a bicycle race, it is important to ensure the safety of the riders. What protective gear would the riders be wearing in the picture?","In a bike race, it is important to ensure the safety of the riders. What protective gear would the riders be wearing in the picture?"
"When attending a formal event, people often wear clothes with a collar that can be fastened with buttons to give a more professional look. What part of the attire in the picture fits this description?","When attending a public event, people often wear clothes that have a collar that can be fastened with buttons to make it look more professional. What part of the dress does this correspond to?"
"On what structure in the bedroom can we place alarm clocks, a glass of water, or other small items we may need to access easily when waking up?","On what structure in the bedroom can we place alarm clocks, a glass of water, or other small items that we may need to access easily when waking up?"
"To decorate the interior environment of a room, what can we place in the corner or on the floor to bring life to the space?","To decorate the interior environment of a room, what can we put in the corner or on the floor to bring life to the space?"
"On a snowy mountain, skiers often seek out the highest point for a thrilling experience and panoramic views. What part of the picture is the highest point where a skier might want to reach?","On a snow-covered mountain, skiers often look for the highest point for an exciting experience and panoramic view. Which part of the picture is the highest point a skier might want to reach?"
"When working from home, it can be common to have a pet accompany us. In the picture, where can the dog be seen lying down?","When working from home, it may be common to have an animal accompany us. In the picture, where can the dog be seen lying down?"
"In cold weather, a device can be used to warm up the room. What in the picture is likely to provide such warmth?","In cold weather, a device can be used to heat up the room. What in the picture is likely to provide such heat?"
the body part used to receive visual signals,the body part used to receive visual signals
What part of the picture can people hold onto for stability while climbing the stairs?,What part of the picture can people hold on to for stability when climbing stairs?
something that prevents the person from falling down,something that prevents the person from falling down
"During the day, the entrance of natural light can create a good atmosphere in the room. What in the picture can be used to let daylight in and add ventilation?","During the day, entry of natural light can create a good atmosphere in the room. What in the picture can be used to let daylight enter and add ventilation?"
the fishes whose mouth are open,the fish whose mouth are open
"In many countries, it is illegal to park a car in certain areas without proper permission. What part of the picture can help identify the ownership and registration of the car to ensure it is legally parked?","In many countries, it is illegal to park a car in certain areas without proper permission. What part of the picture can help identify the owner and license of the car to ensure that it is legally parked?"
"After washing hands or cleaning surfaces with soap and water, what tool in the bathroom is appropriate to dry your hands or clean the surface?","After washing hands or cleaning surfaces with soap and water, what tool in the bathroom is appropriate to dry your hands or clean the surface?"
"To make a mixed noodle dish, sauce is poured over the noodles and mixed thoroughly to enhance the flavor. What parts of the picture could be used to pour onto the noodles?","To make a mixed noodle dish, sauce is poured over the noodles and mixed carefully to enhance the taste. What parts of the picture can be used to pour on the noodles?"
something that people can use to play loud music,something that people can use to play loud music
"When camping in a forest, what object in the picture could provide shelter and serve as a temporary living space?","When camping in the forest, what object in the picture could provide shelter and serve as a temporary living space?"
"In a busy city, there are often traffic congestion and delays. What situation in the picture could cause a delay and make it difficult for vehicles to move smoothly?","In a busy city, there is often traffic congestion and delays. What situation in a picture could cause a delay and make it difficult for vehicles to move smoothly?"
"In a football match, what object is typically used to pass and shoot towards the goal?","In a football match, what object is typically used to pass and shoot towards the goal?"
Imagine we are astronomers observing the celestial bodies. Can the object shown in the picture allow us to observe the Earth from different angles and perspectives?,Suppose we are astronomers observing the celestial bodies. Can the object shown in the picture allow us to observe the Earth from different angles and perspectives?
"When we take a closer look at the sports car in the picture, what important part can we easily spot that is responsible for providing traction and support on the road?","When we take a closer look at the sports car in the picture, what important part can we easily identify that is responsible for providing traction and support on the road?"
the part of cake that was cut down,the part of cake that was cut down
"When serving pizza, what is usually used to hold and serve slices of pizza?","When serving pizza, what is usually used to hold and serve slices of pizza?"
"When looking at a building, we can often see the surrounding environment reflected in the windows. What specific part in the picture can provide us with this reflection?","When looking at a building, we can often see the surrounding environment reflected by the windows. What specific part of the picture can give us this reflection?"
"When navigating through a new city, it's important to pay attention to the signs along the road. What objects in the picture can provide useful information and directions for drivers and pedestrians?","When traveling in a new city, it is important to pay attention to signs along the road. What objects in the picture can give useful information and directions for driver and pedestrians?"
"In the past, before the popularity of mobile phones, people would often use a particular type of public telephone to make calls. What object in the picture represents this type of telephone?","In the past, before the popularity of cell phones, people often used a particular type of public telephone to make calls. What object in the picture refers to this type of telephone?"
"Looking at the floor plan of an apartment, where in the apartment could we find the sleeping area?","Looking at the floor plan of an apartment, where in the apartment could we find the sleeping area?"
"In the picture, what part of the car directly contacts the floor when it is parked?","On the picture, which part of the car directly contacts the floor when it is parked?"
Imagine a tranquil nature scene with flowing water and lush vegetation. Which part of the picture provides a source of water for the surrounding environment?,Imagine a serene nature scene with flowing water and lush vegetation. Which part of the picture provides a source of water for the surrounding environment?
the damaged part of the silk stockings,the damaged part of the silk stockings
"If there were restrictions on crossing the river by boat or swimming, what object in the picture would provide a safe passage?","If there were restrictions on crossing the river by boat or swimming, what object in the picture would provide a safe passage?"
What in the picture allows people to enter and exit the living room?,What on the picture allows people to enter and exit the living room?
"In formal attire, people often wear a black accessory around their neck to add a touch of elegance. What object in the picture can be used as this accessory?","In formal dress, people often wear a black accessory around their neck to add an accent of elegance. What item in the picture can be used as this accessory?"
the unopened flowers,the unopened flowers
the part of the vehicle that can be opened,the part of the vehicle that can be opened
something that the players use to smoothen the ground and make the curling stone slide further,something that the players use to smooth the ground and make the curling stone slide further
"It is too hard for the man to lift up, can you segment something that he should drop?","It's too hard for the man to lift up, can you segment something he should drop?"
the persons preparing to perform surgery on the patient,the persons preparing to perform surgery on the patient
"In a boxing match, what object is usually worn on the hands to protect them from getting injured during punches?","In a boxing match, what object is usually worn on the hands to protect them from getting injured during punches?"
"In order to enjoy a good seasonal view indoors, people often hang what objects on the wall?","To enjoy a good seasonal view indoors, people often hang what objects on the wall?"
"Snails have a soft, fragile body that requires hard materials to protect them. What part in the picture can accomplish this task?","Snakes have a soft, fragile body that needs hard materials to protect it. What part of the picture can perform this task?"
"When going shopping, people often use a specific type of bag to carry the items they purchase. What object in the picture could be used for this purpose?","When going shopping, people often use a specific type of bag to carry the items they buy. What item in the picture could be used for this purpose?"
"In a bedroom, people often have a specific piece of furniture where they can store their clothes and personal belongings. What object in the picture could serve this purpose?","In a bedroom, people often have a specific piece of furniture where they can store their clothes and personal belongings. What object in the picture could serve this purpose?"
the winner of this game,the winner of this game
图中有什么动物是常年生活在水下的？,图有什么动物是常年生活在水下?? You know what I mean?
Refrigerators are commonly used to store all kinds of food. What food in the picture may be used to hatch chicks?,Refrigerators are commonly used to store all kinds of food. What food on the picture can be used to hatch chicks?
"During the process of remodeling or repairing a room, what tool in the picture could be used to create holes in the walls or ceiling?","In the process of remodeling or repairing a room, what tool in the picture could be used to make holes in the walls or ceiling?"
What object in the picture is a realistic representation of a gecko or a lizard?,Which object in the picture is a realistic representation of a gecko or a lizard?
something that absorbs moisture and inorganic salts from the soil,something that absorbs moisture and inorganic salts from the soil
"When visiting a park, it is common to find designated areas for relaxation and seating. What object in the picture could be used for sitting and resting?","When visiting a park, it is common to find designated areas for relaxing and sitting. What item in the picture could be used for sitting and resting?"
the decoration made of something inside shells,the decoration made of something inside shells
the tennis player,the tennis player
What object in this picture is often used to place coffee cup and pastry while sitting?,What object in the picture here is often used to place coffee cup and pastry while sitting?
What object can be used to hold the towel in the bathroom?,What object can be used to hold the towel in the bathroom?
the area for people to walk through the tall grass,the area for people to walk through the tall grass
Yoga is a popular exercise that involves various poses and stretches. What object in the picture can provide a comfortable and supportive surface for practicing yoga?,Yoga is a popular exercise that involves various poses and stretches. What object in the picture can provide a comfortable and supportive surface for practicing yoga?
Vehicles that are designed for off-road driving can easily maneuver through challenging terrains. What in the picture could be driven on a dirt road?,Cars designed for off-road driving can easily maneuver over challenging terrain. What on the picture can you drive on a dirt road?
"In a public building, what should people use to discard the paper towels used to dry their hands after washing in the restroom?","In a public building, what should people use to throw away the paper towels that were used to dry their hands after washing in the toilet?"
"During a festive event, people often give small gifts to each other as a token of celebration. What object in the picture could be used to hold and display these gifts?","On an occasion of celebration, people often give each other small gifts as a token of celebration. What object in the picture can be used to hold and display these gifts?"
"In order to capture a stable and clear photo or video, what object in the picture might be used to hold the camera steadily?","To capture a stable and clear photo or video, what object in the picture could be used to hold the camera firmly?"
something that the person uses to fish,something that the person uses to fish
"In the picture, there seems to be a dish with various ingredients mixed together. What utensil in the picture could be used to scoop up a portion of this mixed dish?",In the picture it seems there is a dish with various ingredients mixed together. What tool in the picture can be used to take a portion of that mixed dish?
the part of the pear that has been bitten by insects,the part of the pear that has been bitten by insects
something that the cat uses to receive sound signals,something that the cat uses to receive sound signals
the button used for refreshing the page,the button used for refreshing the page
Pelicans are known for their unique hunting technique of diving into the water to catch fish. What body part of the pelican is primarily used to catch the fish?,Pelicans are known for their unique hunting technique of diving in to catch fish. What part of pelican's body is primarily used to catch the fish?
"In the morning every day, most people develop a habit of brushing their teeth to remove the strange smells that may build up overnight. What object is used in this routine to remove the foods and other substances stuck on teeth during the night sleep?",Most people every morning get the habit of brushing their teeth to remove strange smells that may build up overnight. What item is used in this practice to remove the foods and other substances stuck to teeth during nighttime sleep?
"During the cold winter months, people often gather around a source of heat in their living rooms to keep warm. What object in the picture could provide heat in this scenario?","During the cold winter months, people often gather around a source of heat in their living rooms to warm themselves. What object in the picture could provide heat in this scenario?"
"In modern cities, power cables are usually installed overhead to supply electricity to buildings. What part of the picture is likely to be used to support these power cables?","In modern cities, power cables are usually mounted above to supply electricity to buildings. What part of the picture is likely to be used to support these power cables?"
"When playing the piano, what object in the picture does the pianist typically sit on?","When playing the piano, on what object in the picture does the pianist typically sit on?"
the fallen chess piece,the fallen chess piece
"Flowers are a beautiful part of nature, and their appearance can vary greatly. What object in the picture is commonly associated with the beautiful blossoming of flowers?","Flowers are a beautiful part of nature, and their appearance can vary greatly. What object in the picture is usually associated with the beautiful flowering of flowers?"
"What object is often a symbol of memories and personal experiences, generally placed on the table or hung on the wall?","What object is often a symbol of memories and personal experiences, usually placed on the table or hung on the wall?"
"In formal occasions, it is common for men to wear a particular accessory around their neck. What object in the picture could be used for this purpose?","At formal occasions, it is common for men to wear a certain accessory around their neck. What object in the picture can be used for this purpose?"
What kind of object can be opened and closed to connect different rooms and allow people to easily get in and out?,What kind of object can be opened and closed to connect different rooms and allow people to easily get in and out?
the object that protects reproductive organs,the object that protects reproductive organs
"Sometimes, dogs need to be restrained and controlled to ensure their safety and the safety of others. What part of the picture is used to physically control the movement of the dog?",Sometimes dogs need to be restrained and controlled to ensure their own safety and that of others. Which part of the picture is used to physically control the dog's movements?
"In a forest, water from a river or creek often flows through various natural formations. Can you identify a particular formation in the picture where the water is running swiftly?","In a forest, water from a river or stream often flows through various natural formations. Can you identify a particular formation on the picture where water is running swiftly?"
What kind of cushion object can be placed on an armchair or couch to make sitting or lying more comfortable?,What kind of cushion item can be placed on a armchair or couch to make sitting or lying more comfortable?
"In ice hockey, teams compete to score goals against each other. What object in the picture should the players aim to shoot the puck into?","In ice hockey, teams compete to score against each other. On what object in the picture should the players aim to shoot the puck at?"
"Which furniture in a room is used for writing or drawing with chalk or markers, for example to explain a mathematical formula or draw up a meeting summary?","What furniture in a room is used to write or draw with chalk or markers, for example to explain a mathematical formula or to draw a summary of a meeting?"
"When reading at night, what object can be used to provide sufficient lighting for the book?","When reading at night, what object can be used to provide sufficient light for the book?"
the signal lights on the vehicle to inform the turning direction,the signal lights on the vehicle to inform the direction of turning
Wedding ceremonies or festive occasions sometimes involve dressing up and wearing decorative accessories. What in the picture can be worn on the head to enhance the appearance?,Wedding ceremonies or festive occasions sometimes involve dressing up and wearing decorative accessories. What on the picture can be worn to raise one's appearance?
"A part that is in direct contact with people""s buttocks when they use the toilet is not easy to clean and is prone to bacterial growth. What part in the picture should be used to cover it and reduce bacterial growth?",A part that is in direct contact with the buttocks of people when they use the toilet is not easy to clean and is prone to bacterial growth. Which part of the picture should be used to cover it and reduce bacterial growth?
"When making cupcakes or muffins, it is common to add a sweet and decorative layer on top. What in the picture can be used to add this layer to enhance the taste and appearance?","When making cupcakes or muffins, it is common to add a sweet and decorative layer on top. What in the picture can be used to add this layer to improve the taste and appearance?"
What tool is used for typing and text processing on a computer?,What tool is used for typing and text processing on a computer?
"When playing golf, it is important to have appropriate attire that allows for a comfortable and unrestricted swing. What article of clothing in the picture might hinder the person's movement during a golf swing?","When playing golf, it is important to have appropriate clothing that allows for a comfortable and unrestricted swing. What item of clothing in the picture will hinder a person's movement during a swing of golf?"
"In the picture, there is a woman wearing a dress and a pair of sandals. What part of her body can be seen clearly?","In the picture, a woman wearing a dress and a pair of sandals. Which part of her body can be clearly seen?"
"In schools or offices, where can the teacher place their teaching content and allow the audience to see it more clearly?","In schools or offices, where can the teacher place their teaching content and allow the audience to see it more clearly?"
Guests usually dine in their private rooms in hotels. What furniture in the image would they use to eat?,Guests usually dine in their private rooms in hotels. What furniture in the image would they use to eat?
the object that the dogs battle for,the object that the dogs fight for
"When playing golf, players often carry extra balls, tees, and other accessories. What in the picture could be used to carry these items?","When playing golf, players often carry extra balls, ticks, and other accessories. What in the picture can be used to carry these items?"
"When enjoying a meal, it is common to use utensils to scoop up gravy or sauce to enhance the flavor of the food. What utensil in the picture is specifically designed for this purpose?","When enjoying a meal, it is common to use utensils to raise sauce or sauce to enhance the taste of the food. What dish in the picture is specifically designed for this purpose?"
the object that helps to keep the neck warm,the object that helps to keep the neck warm
Bonsai trees require special care and attention to maintain their miniature size and aesthetic appeal. What object in the picture is used to contain and display a bonsai tree?,Bonsai trees need special care and attention to maintain their miniature size and aesthetic appeal. What object in the picture is used to contain and display a bonsai tree?
the object that both teams are fighting for in a game of American football,the object that both teams are fighting for in a game of American football
"Dogs enjoy playing with different toys, and one popular toy is specifically designed to be bitten and chewed on. What object in the picture can serve as a toy for the dog?","Dogs like to play with various toys, and one popular toy is specifically designed to be bitten and chewed. What object in the picture can a dog use as a toy?"
"If you want to enjoy the scenery outside, what object can be used to control the amount of sunlight coming into the room by adjusting the angle?","If you want to enjoy the scenery outside, what object can be used to control the amount of sunlight that enters the room by adjusting the angle?"
"In the picture, there are various modes of transportation parked in a grassy field. What objects are commonly placed on the front of these vehicles to provide illumination at night?","On the picture, various means of transportation are parked in a grassed field. What objects are usually placed on the front of these vehicles to provide lighting at night?"
"In certain sports, athletes use specific equipment to perform gravity-defying tricks. What object in the picture could be used for such purposes?","In some sports, athletes use specific equipment to perform tricks that defy gravity. What object in the picture could be used for such purposes?"
What object do we usually use to prevent water from splashing in the bathroom during a shower?,What object do we usually use to prevent water from splashing in the bathroom during a shower?
Road maintenance departments often need to inspect roads for damage and perform maintenance to ensure safety. What location in this picture could potentially cause rainwater to penetrate into the ground?,Road maintenance departments often need to inspect roads for damage and perform maintenance to ensure safety. What location in this picture might cause rainwater to penetrate into the ground?
the egg,the egg
the biscuits that have not been broken up into pieces,the biscuits that have not been broken into pieces
"In the living room, what object are we most likely to sit on comfortably for a period of rest?","In the living room, on what object are we most likely to sit comfortably for a period of rest?"
Backpacks are commonly used for carrying personal belongings during outdoor activities and travel. What part of the backpack in the picture can be used to store smaller items or accessories?,Backpacks are commonly used to carry personal belongings during outdoor activities and travel. Which part of the backpack in the picture can be used to store smaller items or accessories?
"Among the writing tools commonly used, which one in the picture is typically made of wood and has graphite or lead core for writing and drawing?","Of the commonly used writing instruments, which one in the picture is typically made of wood and has graphite or lead-base for writing and drawing?"
something that eats leaves,something that eats leaves
"In a zoo, it is common to see animals being given toys or objects to play with for enrichment. What item in the picture could be used as a plaything for a bear in its enclosure?","In a zoo, it is common to see animals being given toys or objects with which to play to enrich themselves. What item in the picture could be used as a toy for an bear in the enclosure?"
"When reading in bed at night, what object in the pictures is often used to illuminate the pages so that they are visible?","When reading in bed at night, what object in the pictures is often used to illuminate the pages so that they are visible?"
"When the indoor air becomes muggy, what appliance should be turned on to make it more comfortable?","When the air in the home becomes cloudy, what equipment should be turned on to make it more comfortable?"
"When recording a video or giving a speech, it is important to ensure that the audio is clear and audible. What equipment in the picture can help achieve this?","When recording a video or giving a talk, it is important to make sure that the audio is clear and audible. What equipment in the picture can help this?"
the food containing the most Vitamin C,the food containing the most Vitamin C
"After having dinner, what is the most common place to go to wash the dishes?","After eating dinner, what is the most common place to go to wash the dishes?"
It can be difficult for people to climb up a bare pole and inspect or repair the upper part. What object is the person in the picture relying on to accomplish this task?,People may find it difficult to climb up on a bare pole and inspect or repair the top part. What object on the picture does the person rely on to do this task?
What object is most commonly used together with a keyboard when typing on a computer?,What object is most commonly used along with a keyboard when typing on a computer?
"When we purchase a bottled beverage, what part of the packaging should be opened to access the drink inside?","When we buy a bottled drink, which part of the packaging should be opened to access the drink inside?"
"What furniture is usually put next to a bed to hold things like books, lamps and phones?","What furniture is usually put next to a bed to hold things like books, lamps and phones?"
There are different types of barriers that can be used to enclose a shower area for privacy and to prevent water from splashing out. What part of the picture represents a common type of barrier used in showers?,There are different types of barriers that can be used to enclose a shower area for privacy and to prevent water from splashing out. Which part of the picture represents a common type of barrier used in showers?
"Given that the decor in this picture is mainly furniture required for teaching, what furniture is mainly used for writing something in front of the students?","Given that the décor in this picture is mainly furniture needed for teaching, which furniture is mainly used to write something in front of the students?"
something that lets pedestrians pass through the valley,something that allows pedestrians to pass through the valley
"When taking a photo, it is important for the subject to have a clear view of the camera. What part of the human body in the picture could potentially obstruct their vision?","When taking a photo, it is important for the subject to have a clear view of the camera. What part of the human body in the picture could potentially obstruct their vision?"
"What in the picture can be used to secure a boat in place, preventing it from drifting away in the water?","What on the picture can be used to secure a boat in place, preventing it from drifting in the water?"
"On a sunny day, people like to park their cars in shaded areas to keep them cool. What part of the picture provides shade for parking cars?","In sunny days, people like to park their cars in shaded areas to keep them cool. What part of the picture gives shade to parked cars?"
"A lot of sweat is produced in the kitchen while cooking, and dampness can easily breed bacteria and affect health. What in the picture should be turned on to effectively dissipate the steam, moisture and keep the air fresh during cooking?","A lot of sweat is produced in the kitchen during cooking, and moisture can easily generate bacteria and affect health. What in the picture should be turned on to effectively dissipate steam, moisture and keep the air fresh during cooking?"
"When visiting a restaurant, it is common to see signs that are used to attract customers and indicate the name of the establishment. What object in the picture fulfills this purpose?","When visiting a restaurant, it is common to see signs that are used to attract customers and indicate the name of the establishment. What object in the picture serves this purpose?"
"In many Asian countries, chopsticks are commonly used as eating utensils. What in the picture may require the use of chopsticks to pick up and eat?","In many Asian countries, chopsticks are commonly used as eating utensils. What in the picture may require use of chopsticks to pick and eat?"
What household object is commonly used to preserve or cool food items?,What household item is commonly used to preserve or cool food?
"In many cultural festivals, people wear traditional clothing and accessories to represent specific characters or deities. What part of the person in the picture indicates his role in the festival?","In many cultural festivals, people wear traditional clothing and accessories to represent specific characters or deities. What part of the person in the picture indicates his role in the festival?"
"If we want to carefully examine the small details of an object, what tool in the picture can help us achieve that?","If we want to carefully examine the smallest details of a thing, what tool in the picture can help us to do so?"
"When making guacamole, it is common to mix avocados with other ingredients to create a creamy and flavorful dip. What item in the picture can be used to mix the ingredients together?","When making guacamole, it is common to mix avocados with other ingredients to make a creamy and flavorful mixture. What item on the picture can be used to mix the ingredients together?"
"When driving a car, there are various indicators on the dashboard to provide information about the vehicle. What part in the picture can display the current speed of the car?","When driving a car, there are various indicators on the dashboard to provide information about the vehicle. Which part of the picture can show the car's current speed?"
What in the picture could be used to secure and hold an electronic device near the user's head?,What on the picture could be used to secure and hold an electronic device close to the head of the user?
Butterflies rely on certain plant structures to obtain nutrients. What do butterflies typically feed on in order to obtain nectar in the picture?,Butterflies rely on certain plant structures to obtain nutrients. What do butterflies typically feed on to obtain nectar in the picture?
"When walking barefoot on the beach, what may leave a visible mark on the sand?","When walking barefoot on the beach, what may leave a visible mark on the sand?"
Suppose I am looking for books on certain topics in a bookstore. What objects in the bookstore will the employee tell me to look for to find them?,Suppose I am looking for books in a bookstore on certain topics. What items in the bookstore will the employee tell me to look for in order to find them?
What object do we usually put on a table to make the room brighter?,What object do we usually put on a table to make the room brighter?
"Sometimes, tiny droplets of water can accumulate on the surface of plants in the morning. What in the picture can these droplets be found on?","Sometimes, small drops of water can accumulate on the surface of plants in the morning. On what is it in the picture these drops can find?"
Some reptiles enjoy basking in the sun to regulate their body temperature. What animal in the picture may exhibit this behavior?,Some reptiles enjoy soaking in the sun to regulate their body temperature. Which animal in the picture may display such behavior?
the car whose door is open,the car whose door is open
the objects whose body surface is covered with scales,the objects whose body surface is covered with scales
something indicating the brand of this car,something indicating the brand of this car
Rowing a boat requires certain skills and techniques to propel the boat forward smoothly. What objects in the picture are essential for rowing a boat?,Rowing a boat requires certain skills and techniques to propel the boat forward smoothly. What objects in the picture are essential for rowing a boat?
"When taking a photo or selfie, some people prefer to have their hair covering their forehead. What hair style in the picture can achieve this effect?","When taking a photo or selfie, some people prefer to have their hair covering their forehead. What hairstyle in the picture can achieve this effect?"
What object on the wall can we use to check the current time?,What object on the wall can we use to check the current time?
Cars are often displayed at exhibitions or showrooms for people to admire. What area in the picture might be used for displaying cars?,Cars are often exhibited at exhibitions or showrooms for people to admire. What part of the picture can be used to display cars?
"If a person needs to go to the 2nd floor, what architectural structure in the picture should they use?","If a person needs to go to the 2nd floor, what architectural structure in the picture should they use?"
"During leisure time, what object in the living room can create an immersive audio-visual experience when paired with other electronic objects?","During free time, what object in the living room can create an immersive audio-visual experience when paired with other electronic objects?"
the things that a ship can hit that may cause it to run aground,the things a ship can hit that may cause it to go ashore
What object should we step into to take a bath in a bathroom?,What object should we step into to take a bath in a bathroom?
What in the picture is most likely to be the source of the dog's wet fur?,What on the picture is most likely to be the source of the dog's wet fur?
"If we need to paint the walls, what object in the picture can be used to climb up to reach the higher parts of the wall?","If we need to paint the walls, what object in the picture can be used to climb up to reach the higher parts of the wall?"
What is the most likely object that someone else has left behind?,What is the most likely object that someone has left behind?
"To add embellishment to the wall or the room, what structural object is suitable for hanging decorative pictures?","To add decoration to the wall or room, what structural object is suitable for hanging decorative pictures?"
"When picking cherry tomatoes, what part in the picture should be removed before consuming them?","When picking cherry tomatoes, what part of the picture should be removed before consuming them?"
"In equestrian sports, riders and horses need to overcome obstacles to complete a course. What in the picture can be used as an obstacle for the rider and horse to jump over?","In horse riding sports, riders and horses must overcome obstacles to finish a course. On what picture can that be used as an obstacle for the rider and horse to jump over?"
What is the object that the person in the picture is holding onto while walking his dog?,What is the object that the person on the picture is holding while walking his dog?
"The winter cold can be unbearable, especially when indoors. What can be used indoors to effectively raise the indoor temperature?","The winter cold can be unbearable, especially when inside. What can be used inside to effectively raise the indoor temperature?"
Maintaining a well-groomed lawn requires regular cutting of the grass. What object in the picture could be used for this task?,To keep a well-groomed lawn requires regular pruning of the grass. What object in the picture could be used for this task?
the soccer goalkeeper,the soccer goalkeeper
"In the summertime, intense sunlight can damage people's skin. What part of the hat shown in the picture can shade the face from the sun?","In summer, intense sunlight can damage a person's skin. What part of the hat shown in the picture can shield the face from the sun?"
"Looking at the image, it seems that the dog is engaged in a playful activity. What part of the dog's body is likely to be holding an object during this playful activity?","Looking at the image, it seems that the dog is engaged in a playful activity. Which part of the dog's body is likely to hold an object during this playful activity?"
the hardest part of the turtle,the hardest part of the turtle
What instrument in the bedroom can be used to play music and help people relax?,What instrument in the bedroom can be used to play music and help people relax?
"In modern times, what object do people often use to listen to the radio, keep track of time, and set alarms?","In modern times, what object do people often use to listen to the radio, keep track of time, and set alarms?"
the reflection of the car,the reflection of the car
Smoking is a common activity for some people while having a hot drink. What object in the picture can be used to hold the ashes of a cigarette?,Smoking is a common activity by some people while eating a hot drink. What object in the picture can be used to hold the ashes of a cigarette?
"Imagine a child playing with miniature toys in a sandbox. If the child wants to create a scene with a house surrounded by water, what object in the picture would be perfect for this?","Suppose a child plays with miniature toys in a sandbox. If he wants to create a scene with a house surrounded by water, what object in the picture would be perfect for this?"
"When traveling, people often need to store their belongings in a secure and organized manner. What object in the picture can be used for this purpose?","When traveling, people often need to store their belongings in a secure and organized way. What item in the picture can be used for this purpose?"
What object can be used to cover the window to block the outdoor light and provide privacy in a bedroom?,What object can be used to cover the window to block out the outdoor light and provide privacy in a bedroom?
Dolphins are known for their agility and acrobatics. What in the picture will the dolphin likely jump over during a performance?,The dolphins are known for their agility and acrobatics. What on the picture will the dolphin likely jump over during a performance?
something that the animal can use to pierce other animals' skin,something that the animal can use to pierce other animals' skin
Drawing is a common activity for children to express their creativity and imagination. What objects in the picture can be used to create drawings?,Drawing is a common activity for children to express their creativity and imagination. What objects in the picture can be used to create drawings?
"When taking a cruise along a river, passengers often want to have a good view and enjoy the scenery outside. What specific area in the picture is most likely to be designed for this purpose?","When making a cruise along a river, passengers often want to have a good view and enjoy the scenery outside. Which particular area in the picture is likely to be designed specifically for that purpose?"
What tool can be used with paper to write things down?,What tool can be used with paper to write things down?
the objects that can be used to produce rhythmic sounds,the objects that can be used to produce rhythmic sounds
Exploring a dark cave can be challenging without proper lighting. What object in the picture could provide illumination in such a situation?,Exploring a dark cave can be challenging without proper lighting. What object in the picture could provide light in such a situation?
the cover that shields the driver's cabin,the cover that shields the driver's cabin
"Birds are known for their ability to fly, but what part of their body in the picture will they primarily use to walk on the ground?","Birds are known for their ability to fly, but which part of their body in the picture will they mainly use to walk on land?"
the object used for stirring milk or coffee,the object used for stirring milk or coffee
Which object can effectively darken the room and create a suitable atmosphere for sleep?,What object can effectively darken the room and create an appropriate atmosphere for sleep?
"In the backyard, there may be a designated area where the dog can walk and play freely. What area in the picture can be used by the dog for this purpose?",In the backyard there may be a designated area where the dog can walk and play freely. What area in the picture can the dog use for this purpose?
"In the evening, what can be turned on in the living room to save electricity and reduce the impact on the eyes while ensuring sufficient lighting?","In the evening, what can be turned on in the living room to save electricity and reduce the impact on the eyes while ensuring sufficient illumination?"
"When presenting a gift to someone, it is common to wrap it in decorative paper or material. What in the picture can be used to wrap a gift?","When offering a gift to someone, it is common to wrap it in decorative paper or material. What in the picture can you use to wrap a gift?"
something that is shining,something that is shining
"In many historical battles, warriors used a particular object to defend themselves from attacks. What item in the picture can be used as a defensive tool during combat?","In many historic battles, warriors used a particular object to protect themselves from attacks. What object in the picture can be used as a defensive tool during battle?"
Visitors in the waiting room will be bored and may need to temporarily place personal belongings while waiting. What furniture are they likely to use for temporary storage?,Visitors in the waiting room will get bored and may have to temporarily place personal belongings while waiting. What furniture are they likely to use for temporary storage?
"In a cozy living room, people often sit comfortably while using electronic devices for work or leisure. What object in the picture is commonly placed on the person's lap for this purpose?","In a cozy living room, people often sit comfortably while using electronic devices for work or for leisure. What item in the picture is usually placed on the person's lap for this purpose?"
"After a day of tiring work and travel, what object in this hotel room can be used to rest on for relaxation?","After a day of tiring work and travel, what object in this hotel room can be used to rest on for relaxation?"
"In a park or a garden, people often need a place to sit and rest. What object in the picture could provide a comfortable sitting area?","In a park or garden, people often need a place to sit and rest. What object in the picture would provide a comfortable seating position?"
something showing the identity of this car,something showing the identity of this car
"In busy city streets, traffic violations can occur frequently, and law enforcement personnel play an important role in maintaining order. What in the picture can be a means of transportation for these law enforcement personnel?","In busy city streets, traffic violations can often occur, and law enforcement officials play a vital role in maintaining order. What kind of vehicle is there for these law enforcement agents?"
"When attending a formal event or a convention, people often wear stylish and coordinated outfits to showcase their personal style. What item in the picture can be used to enhance the appearance of the woman's lips for such an occasion?","When attending a formal event or a convention, people often wear stylish and coordinated dresses to show off their personal style. What item on the picture can be used to enhance a woman's lips for such an occasion?"
"On a camping trip, people often enjoy roasting marshmallows or cooking food over an open fire. What object in the picture could be used to hold the fire and create a cozy atmosphere?","On camping trips, people usually enjoy frying marshmallows or cooking food over an open fire. What object in the picture could be used to hold the fire and create a cozy atmosphere?"
"In Figure Skating, performers often incorporate spinning movements into their routines. What in the picture can provide stability and enable the skater to spin gracefully?","In figure skating, performers often incorporate spinning movements into their routine. What in the picture can provide stability and enable the skater to glide gracefully?"
the body parts of the bird that grip onto tree branches,the body parts of the bird that grip on tree branches
"When we manipulate an electronic document, what peripheral device do we need to enter data or instruction?","When we manipulate an electronic document, what peripheral device do we need to enter data or instructions?"
What object can effectively block water from splashing outside the shower area?,What object can effectively block water from splashing outside of the shower area?
What object can we use to control the water flow during the bathing process?,What object can we use to control the flow of water during the bathing process?
What appliance in a room is frequently used for entertainment purposes?,What appliance in a room is frequently used for entertainment purposes?
"When the owner parks the car, which part of the car in the picture will be in direct contact with the ground?","When the owner parks the car, which part of the car in the picture will be in direct contact with the ground?"
"When taking a dog for a walk on the beach, what part of the dog's body should be wet if it enjoys playing in the water?","When taking a dog for a walk on the beach, what part of the dog's body should be wet if it likes to play in water?"
the reflection of the persons in the mirror,the reflection of the persons in the mirror
"When driving at night, it is important to have proper lighting on the front of the vehicle to ensure safety. What part of the vehicle in the picture provides this lighting?","When driving at night, it is important to have proper lighting on the front of the vehicle to ensure safety. What part of the vehicle in the picture provides this lighting?"
"In a classroom setting, students often engage in activities that require writing and taking notes. What object in the picture would students use to write with?","In classroom setting, students often engage in activities that require writing and taking notes. What object in the picture would students use to write?"
What home appliance is commonly used to store fresh and frozen food at low temperatures?,What household appliance is commonly used to store fresh and frozen food at low temperatures?
Flowers need sunlight to grow and bloom. What in the picture can provide the necessary light for the flowers to thrive?,Flowers need sunlight to grow and bloom. What on the picture can provide the necessary light for the flowers to thrive?
"After doing laundry, where should we put the wet clothes?","After washing laundry, where should we put the wet clothes?"
Many trees produce seeds that eventually grow into new trees. What part of the tree in the picture would contain the seeds that can sprout and grow into a new oak tree?,Many trees produce seeds that eventually grow into new trees. What part of the tree in the picture would contain the seeds that can sprout and grow into a new oak tree?
What object in the picture can make the air in the indoor environment fresher and more comfortable?,What object in the picture can make the air in the indoor environment fresher and more comfortable?
"When someone is reading a book or a magazine and wants to take a break, they may need a specific object to mark their place. What item in the picture is commonly used for this purpose?","When a person is reading a book or a magazine and wants to take a break, he may need some specific object to mark his place. What item in the picture is commonly used for this purpose?"
"In the picture, what object is on the ground and known for its slithering movements?","On the picture, what object is on the ground and known for its sliding movements?"
"Ladybirds, also known as ladybugs, are common insects found in gardens and fields. What part of the ladybird's body is often brightly colored with spots?","Ladybirds, also known as ladybirds, are common insects found in gardens and fields. Which part of a ladybird's body is often brightly coloured dots?"
"When playing baseball, it is important to protect our feet from injuries when running and sliding. What item in the picture is specifically designed for this purpose?","When playing baseball, it is important to protect your feet from injury when running and sliding. What item in the picture is specifically designed for this purpose?"
the person who is currently preparing to catch the ball,the person who is currently preparing to catch the ball
"When playing video games, what object in the picture is commonly held and used to control the actions of the characters on the screen?","When playing video games, what object in the picture is commonly held and used to control the actions of the characters on the screen?"
Teachers usually write key words or questions on what object during the class?,Teachers usually write key words or questions on what object during the class?
something that prevents the animal from getting out,something that prevents the animal from getting out
the objects that can illuminate the road conditions,the objects that can illuminate the road conditions
What should we use to prevent water from splashing around when taking a shower?,What should we use to prevent water from splashing around when taking a shower?
"In a fairytale story, what object is often associated with magical creatures and can unlock hidden secrets or treasures?","In fairy tale subject, what object is often associated with magical creatures and that can uncover hidden secrets or treasures?"
something showing the price,something showing the price
something that can be used to attack enemies from a distance,something that can be used to attack enemies from a distance
Birds often need a high vantage point to observe their surroundings. What in the picture provides a suitable location for birds to perch and rest?,Birds often need a high vantage point to observe their surroundings. What on the picture provides a suitable place for them to perch and rest?
the musician,the musician
What in the picture can transport skiers and snowboarders up the mountain to the top of the ski slope?,What on the picture can transport skiers and snowboarders up the mountain to the top of the skiing slope?
"In snowy weather, driving can be challenging due to limited visibility. What part of the car in the picture is used to illuminate the road ahead and improve visibility?","In snowy weather, driving can be challenging due to limited visibility. What part of the car in the picture is used to illuminate the road ahead and improve visibility?"
What in the picture can be worn on the feet to glide smoothly on the pavement or floor?,What in the picture can be worn on the feet to glide smoothly on the pavement or floor?
"Many people like to watch movies on TV, but the sound from the TV itself may not be loud enough or of good quality. What device in the picture can enhance the sound from the TV?","Many people like to watch films on TV, but the sound itself from the TV may not be loud enough or of good quality. What device in a picture can enhance the sound from the TV?"
"Assuming this is a restaurant kitchen and the chef finds that there is not enough food, and needs to inform the restaurant staff promptly to notify the customers. Which device in the picture is the chef most likely to use for instant communication?","Suppose this is a restaurant kitchen and the chef finds that there is not enough food, and needs to inform the restaurant staff to notify the customers immediately. Which device in the picture is the chef most likely to use for instant communication?"
"In formal events, people often wear accessories to enhance their outfits. What item in the picture is typically worn around the neck to complement a formal attire?","At formal events, people often wear accessories to enhance their attire. What item in the picture is usually worn around the neck to supplement a formal attire?"
something that can fly out of the earth,something that can fly out of the earth
"If it's very sunny outside, what object can effectively block the sun to let light enter lightly from the window?","If it's very sunny outside, what object can effectively block the sun to let light enter lightly from the window?"
the area on the tennis rackets used to strike a tennis ball,the area on the tennis rackets used to hit a tennis ball
the ring with the largest width,the ring with the largest width
"During a solar eclipse, the Moon passes between the Earth and the Sun, blocking the sunlight. What object in the picture can be responsible for creating the shadow and causing the eclipse?","During a solar eclipse, the Moon passes between the Earth and the Sun, blocking the sun's light. What object in the picture can be responsible for creating the shadow and causing the eclipse?"
The Earth is orbited by man-made objects that serve various purposes. What in the picture is specifically designed to orbit the Earth and carry out specific tasks or missions?,The earth is orbited by man-made objects serving various purposes. What in the picture is specifically designed to orbit the earth and perform specific tasks or missions?
"In the wild, animals often exhibit specific behaviors and adaptations that help them survive in their natural habitats. What part of the animal in the picture can be used for defense and aggression?","In the wild, animals often show specific behaviors and adaptations that help them survive in their natural habitat. Which part of the animal in the picture can be used for defense and aggression?"
Navigating on the sea can often be dangerous due to various hazards. What in the picture could pose a threat to humans?,Sailing on the sea can often be dangerous due to various dangers. What on the picture could pose a threat to humans?
"When driving on the road, we often encounter different types of vehicles. What type of vehicle in the picture is commonly used for public transportation and has two levels?","When driving on the road, we often encounter different types of vehicles. What type of vehicle in the picture is usually used for public transport and has two levels?"
"In a city landscape, what structure serves as a connection between two areas separated by a river?","In a city landscape, what structure serves as a connection between two areas separated by a river?"
the buildings that offer a scenic view,the buildings that offer a scenic view
"When riding a dirt bike, it is important to protect the head from potential injuries. What object in the picture can help ensure the safety of the motorcyclist's head?","When riding a dirt bike, it is important to protect the head from possible injuries. What object in the picture can help ensure the head of the motorcyclist's safety?"
"In an equestrian competition, what objects would the horse and the rider need to jump over as part of the course?","In horse-riding competitions, what things would the horse and rider have to jump over as part of the course?"
What in the picture provides a fun and bouncy surface for children to play and jump on?,What on the picture provides a fun and jumpy surface for children to play and jump on?
the lock of the car doors,the lock of the car doors
What is the object that displays the current time on the wall called?,What is the object that displays the current time on the wall called?
"In the picture, there is a tall wooden structure that is carved and often found in certain cultures. What is this structure called?","On the picture, there is a tall wooden structure that is carved and is often found in some cultures. What is this structure called?"
the people whom i don't know between my leftmost and rightmost friends,the people i don't know between my leftmost and rightmost friends
It is currently very hot inside the room. What object can be used to adjust the indoor temperature to a comfortable level?,It is currently very hot inside the room. What object can be used to adjust the indoor temperature to a comfortable level?
What object provides a platform for us to place the computer when using it?,What object provides a platform for us to place the computer when using it?
"When a plane is ready to land on the airport runway, what area in the picture will it eventually touch down on?","When a plane is ready to land on the airport runway, in which area of the picture will it finally land?"
"If I want to enter another room and it has a closed entrance, which part of the image should I approach and open?","If I want to enter another room and it has a closed entrance, which part of the image should I approach and open?"
"When working in a garden, it is common to transport and spread mulch or soil to nourish the plants. What object in the picture would be most useful for transporting these materials?","When working in a garden, it is common to carry and distribute mulch or soil to nourish the plants. What item on the picture would be most useful for transporting these materials?"
"When people are in a waiting room and need to throw away a candy wrapper, what object in the waiting room can be used to put the candy wrap in?","When people are in a waiting room and want to throw away a candy wrap, what object in the waiting room can be used to put the candy wrap in?"
Flying in the air can avoid many obstacles and greatly improve commuting efficiency. What form of transportation in the picture can accomplish this?,Flying in the air can avoid many obstacles and greatly improve the efficiency of commuting. What type of transportation in the picture can do this?
"If we were to transport a large quantity of vegetables from a farm to a grocery store, what item in the picture could we use to store and transport them?","If we were to transport a large quantity of vegetables from a farm to a grocery store, what item on the picture could we use to store and transport them?"
something that keeps food and coal separated,something that keeps food and coal separated
"When we are in a skyscraper and looking out of the window, what beautiful sights can we see reflected on the glass?","When we are in a skyscraper and look out of the window, what beautiful sights can we see reflected on the glass?"
"What furniture can be used to store important office documents, such as contracts and agreements?","What furniture can be used to store important office documents, such as contracts and agreements?"
"When you wake up in the morning, your hair is usually messy. What do you use to adjust your hairstyle?","When you wake up in the morning, your hair is usually messy. What do you use to adjust your hairstyle?"
the objects that protect people's heads when impacted,the objects that protect people's heads when impacted
"In order to keep a hat in good shape and within easy reach, what object in the picture can be used to hold the hat securely on the wall?","To keep a hat in good shape and easily reachable, what object in the picture can be used to hold the hat securely on the wall?"
"In a recording studio, there are various types of equipment used to capture and enhance audio. What part of the equipment is used to adjust the volume levels and blend different audio sources together?","In a recording studio, there are various types of equipment used to capture and enhance audio. What part of the equipment is used to adjust the levels of sound and combine different audio sources together?"
Flowers have different parts that contribute to their beauty. What part of the flower is responsible for supporting and connecting the blossoms to the rest of the plant in the picture?,Flowers have different parts that contribute to their beauty. Which part of the flower is responsible for supporting and connecting the flowers to the rest of the plant in the picture?
"When setting the dining table for a formal dinner, what object in the picture would typically be used to serve and enjoy a bowl of soup?","When setting the dining table for a formal meal, what object in the picture would typically be used to serve and eat a bowl of soup?"
"In cold weather, dogs may need extra protection to keep them warm. What object in the picture can a dog wear to provide warmth during snowy walks?","In cold weather, dogs may need extra protection to keep warm. What item on the picture can a dog wear to keep warm during snowy walks?"
"In a world where digital communication dominates, people may still enjoy writing by hand. What object in the picture can be used to make handwritten notes or letters?","In a world dominated by digital communication, people still may enjoy writing by hand. What item in the picture can you use to make handwritten notes or letters?"
In what part of the room can we put things to make sure they don't litter on the floor and are easy to find?,In what part of the room can we put things so that they don't mess on the floor and are easy to find?
"Sheep are often found in grassy fields, and they provide a valuable resource that is highly valued for its warmth and softness. What part of the sheep is used to make woolen products?","Sheep are often found in grassy fields, and they provide a valuable resource that is highly valued for its warmth and softness. What part of a sheep is used to make wool products?"
"When we are in a coffee shop and want to enjoy our drink while walking around, what object in the picture can we use to hold our beverage securely?","When we are in a coffee shop and want to enjoy our drink while walking around, what object in the picture can we use to hold our drink securely?"
"In urban areas, there are often structures that stand out from the surrounding buildings due to their height and architectural design. What objects in the picture fit this description?","In urban areas, there are often structures that stand out from the surrounding buildings by their height and architectural design. What objects in the picture fit this description?"
Which device in a room can print out material and put hard copies of documents in the hands of viewers?,Which device in a room can print out material and put hard copies of documents into the hands of viewers?
"Passages between rooms are usually not sealed, leading to poor insulation or noise reduction between rooms. What can improve the sealing and noise-reduction qualities of a door passage in the picture?","Passages between rooms are usually not sealed off, which leads to poor insulation or noise reduction between rooms. What can improve the sealing and noise-reducing properties of a doorway picture in a room?"
What object in the picture can we use to place items such as food or drink during a meal?,What object in the picture can we use to place items such as food or drink during a meal?
the fried food,the fried food
"If we need to store a large number of books, what object in the picture should we use for storage?","If we need to store a large number of books, what object in the picture should we use as storage?"
Crows are known for their intelligence and curiosity. What part of the crow in the picture would most likely be used to observe its surroundings and gather information?,The crows are known for their intelligence and curiosity. What part of the crow in the picture would most likely be used to observe its surroundings and gather information?
"In the picture, we can see that there is a body of water surrounded by a forest and trees. What man-made structure might be present in this area to control or manage the flow of water?","In the picture, we can see that there is a body of water surrounded by a forest and trees. What man-made structure could be in place in this area to control or manage the flow of water?"
"If we were planning a road trip and needed a vehicle to carry our belongings and provide a place to sleep, what type of vehicle in the picture would be most suitable for this purpose?","If we were planning a road trip and would need a vehicle to carry our belongings and provide a place to sleep, what type of vehicle in the picture would be most suitable for this purpose?"
the only fruit with different color,the only fruit with different color
"When we want to surprise someone with a gift, we often put it in a decorative wrapping. What in the picture could be used to package a gift?","When we want to surprise someone with a gift, we usually put it in a decorative wrapper. What in the picture can be used to wrap a gift?"
"In a roller skating competition, the safety of the skaters' knees is a priority. What object in the picture should be worn to protect the knees during the competition?","In a roller skating competition, the safety of the skaters' knees is a priority. What object in the picture should be used to protect the knees during the competition?"
A clean and hygienic city environment requires the participation of every citizen. Which opening of the bin in the picture should the garbage be thrown into?,A clean and hygienic city environment requires the participation of every citizen. In which of the dump openings in the picture should the garbage be thrown?
"In a library or bookstore, where can we find a variety of books neatly organized for browsing and borrowing?","In a library or a bookstore, where can we find a variety of books neatly arranged for browsing and to borrow?"
"While waiting for a consultation or interview, we cannot stand all the time and will need to rely on what object to sit down temporarily?","While waiting for a consultation or interview, we cannot stand all the time and will we need to rely on what object to sit temporarily?"
"During a brainstorming event, it is common to record and present ideas on what object is the whiteboard in the room?","During a brainstorming event, it is common to record and present ideas about what object is the whiteboard in the room?"
"When picking blueberries, it is common to collect them in a container to keep them organized and prevent them from getting crushed. What object in the picture could be used as a container for collecting blueberries?","When picking blueberries, it is common to collect them in a container to keep them organized and not to be crushed. What object in the picture could be used as a container to collect blueberries?"
the area where people can walk,the area where people can walk
something containing vitamins and fibers,something containing vitamins and fibers
the sign that reminds people to watch their step,the sign that reminds people to watch their step
"Sitting in a chair for too long can cause fatigue and soreness, so many people choose to lie down and stretch out on something soft. What object in a room is most suitable for this?","Sitting for too long in a chair can cause fatigue and pain, so many people choose to lie down and stretch on something soft. What object in a room is best for this?"
the objects that don't have wings spread,the objects that do not have wings spread
the area for passengers on the airship,the area for passengers on the airship
"In traditional Western music, what type of musical instrument is commonly associated with cowboys and is often played while sitting on a stool?","In traditional Western music, what type of musical instrument is commonly associated with cowboys and which is often played while sitting on a stool?"
the fruits that are not red,the fruits that are not red
"If someone wants to capture a stable and professional video of a sports car passing by on a bridge, what equipment should they use?","If someone wants to capture a stable and professional video of a sports car passing on a bridge, what equipment should they use?"
"In medieval battles, warriors often used a long, sharp object to attack their enemies. What object in the picture would be classified as this type of weapon?","In medieval battles, warriors often used a long, sharp object to attack their enemies. What object in the picture could be classified as this type of weapon?"
"When traveling by car, where do passengers typically sit inside the vehicle?","When traveling in car, where do passengers typically sit in the vehicle?"
"In a dense rainforest, there are various types of plants growing, providing a rich habitat for many animals. What is a key feature of the rainforest that helps support the growth of these plants?","In a dense rain forest, various types of plants grow, providing a rich habitat for many animals. What is a key feature of the rain forest that helps support the growth of these plants?"
"In gymnastics competitions, athletes perform a variety of acrobatic movements on different apparatus. What in the picture could be used for athletes to perform impressive and challenging movements such as flips and vaults?","In gymnastics competitions, athletes perform various acrobatic movements on various equipment. What can be done by the athletes to use impressive and challenging movements such as flip-flops and jumps?"
"Wildflowers are often found growing in open fields and meadows, adding beauty to the natural environment. What in the picture can be a type of wildflower with yellow petals?","Wild flowers are often found growing in open fields and meadows, adding beauty to the natural environment. What is a kind of wild flower with yellow petals?"
"In the sport of ice hockey, players use a specific tool to hit the puck and control its movement. What object in the picture serves this purpose?","In the ice hockey game, players use a specific tool to hit the puck and control its movement. What object in the picture serves this purpose?"
"In some cultures, elephants are considered sacred animals and are adorned with special markings on their foreheads. What part of the elephant in the picture is often marked with decorative patterns or symbols?","In some cultures, elephants are considered sacred animals and are decorated with special markings on their foreheads. Which part of the elephant in the picture is often decorated with pictorial patterns or symbols?"
"In a cold winter, when snow covers the ground, what part of the car in the picture needs to be cleared before the car can be driven safely?","In cold winter, when snow covers the ground, what part of the car in the picture needs to be cleared before the car can be driven safely?"
the area that is first impacted when a car is moving forward and crashes,the area that is first impacted when a car is moving forward and crashes
"If we were to sit and relax in a garden, what objects in the picture could provide a comfortable place to sit?","If we were to sit down and relax in a garden, what objects in the picture would provide a comfortable place to sit?"
"During a football game, the marching band often plays music to cheer on the team and entertain the audience. What is the main musical instrument played by the person in the picture?","During a football game, marching bands often play music to cheer the team and entertain the audience. What is the main musical instrument the person in the picture plays?"
something that emits cool or warm wind,something that emits cool or warm wind
"When you want to know the current time, what part of the watch in the picture do you typically look at?","When you want to know the current time, which part of the watch in the picture do you typically look at?"
What part of the plant in the picture is typically harvested for its edible seeds?,What part of the plant in the picture is typically harvested for its edible seeds?
"In a musical performance, there is often a person who leads and directs the musicians or singers. Who in the picture could be fulfilling this role?","In a musical performance, there is often a person who leads and directs the musicians or singers. Who in the picture may be fulfilling this role?"
the objects used for long-range attacks on enemies from the side of a ship,the objects used for long-range attacks on enemies from the side of a ship
What part of the dog's body in the picture appears to be alert and attentive?,In the picture on the picture which part of the dog's body seems to be alert and attentive?
Spaghetti is a popular pasta dish that typically includes a sauce made from tomatoes. What is the main ingredient in the sauce that gives it a rich flavor and vibrant red color?,Spaghetti is a popular pasta dish that commonly contains a sauce made from tomatoes. What is the main ingredient in the sauce that gives it a rich taste and a bright red color?
"In modern hospitals, advanced technology is often used to monitor patients' vital signs during surgery. What object in the picture is commonly used for this purpose?","In modern hospitals, advanced technology is often used to monitor the vital signs of patients during surgery. What object in the picture is typically used for this purpose?"
"When entering a building, what structure do people usually use to go from one room to another?","When entering a building, what structure do people usually use to go from one room to another?"
something that falls from the gun after shooting,something that falls from the gun after shooting
"When a plane is flying, what part of the plane rotates quickly and helps generate lift and propulsion?","When a plane is flying, which part of the plane rotates quickly and helps generate lift and propulsion?"
"In ancient civilizations, the desert was often home to stunning architectural structures. What in the picture symbolizes the remarkable feats achieved in desert regions?","In ancient civilizations, the desert was often home to impressive architectural structures. What in the picture symbolizes the remarkable feats accomplished in desert areas?"
"If I want to reach the items placed on a high shelf, what tool can I use to climb to a higher point?","If I want to reach the items placed on a high shelf, what tool can I use to climb to a higher point?"
"To ensure proper hygiene, it is common for people to clean the bathroom on a regular basis. What object in the picture needs to be opened or moved to effectively clean the inside of the toilet?","To ensure proper hygiene, people are in the habit of regularly cleaning the bathroom. What object in the picture is needed to open or move to effectively clean the inside of the toilet?"
Dogs often enjoy playing and running freely in open spaces. What area in the picture would be an ideal location for a dog to run and play?,Dogs often like to play and run freely in open spaces. What area on the picture would be an ideal place for a dog to run and play?
"When flying an aircraft, the pilot sits in a specific area of the plane. What part of the plane in the picture can we infer the pilot is sitting in?","When flying a plane, the pilot sits in a specific area of the plane. On what part of the plane in the picture can we infer that the pilot is sitting?"
something that controls the speed and direction of the boat,something that controls the speed and direction of the boat
something that is smoking,something that is smoking
Exploring historical sites often requires entering the interior of a building. What areas in the picture can serve as entry points for exploration?,Exploring historic sites often requires entering into the interior of a building. What areas in the picture may serve as entry points for exploration?
something that can help me to wipe my mouth,something that can help me to wipe my mouth
What object is directly connected to the toilet bowl and can be lifted to clean the toilet seat and dirt around the toilet bowl?,What object is directly connected to the toilet bowl and can be lifted to clean the toilet seat and dirt around the toilet bowl?
something used for protecting the head,something used for protecting the head
"If someone wanted to cross from one side of the water to the other, what structure in the picture could they use to do so?","If a person wanted to cross from one side of the water to the other, what structure in the picture could they use to do so?"
"In public spaces, there are often statues of historical figures or iconic animals. What object in the picture represents a beagle?","In public spaces, there are often statues of historic figures or iconic animals. What object in the picture represents a beagle?"
"Some dairy products, such as milk and yogurt, are commonly stored in containers to keep them fresh. What object in the picture can be used to cover the opening of a container and prevent the dairy product from spoiling?","Some milk products, such as milk and yogurt, are usually stored in containers to keep them fresh. What object in the picture can be used to cover the opening of a container and prevent the milk product from spoiling?"
"When visiting a coastal city with multiple islands, tourists often use a means of transportation to travel between the islands. What in the picture can be used for this purpose?","When visiting a coastal city with many islands, tourists often use a means of transportation to travel between the islands. What on the picture can be used for this?"
What object in the bedroom can people easily use to cover the window to prevent the penetration of sunlight?,What object in the bedroom can people easily use to cover the window to prevent sunlight from penetrating?
What part of the plant in the picture is primarily responsible for supporting the flowers and leaves and transporting nutrients from the roots to other parts of the plant?,What part of the plant in the picture is primarily responsible for supporting the flowers and leaves and transporting nutrients from the roots to other parts of the plant?
something that can protect the persons' heads,something that can protect the persons' heads
"Pure black coffee can be too bitter to drink, so people often add sugar to it to sweeten the taste. What tool in this image can be used to add sugar to coffee and stir it?","Pure black coffee can be too bitter to drink, so people often add sugar to sweeten the taste. What tool in this picture can you use to add sugar to coffee and stir it?"
"When riding a bicycle and carrying personal belongings, what object should be used to secure and transport the items safely?","When riding a bicycle and carrying personal belongings, what object should be used to secure and transport the items safely?"
"When we visit a cafe or a restaurant, where can we usually find a place to sit and enjoy our food and drinks?","When we visit a cafe or a restaurant, where do we usually find a place to sit and enjoy our food and drinks?"
What object covers the toilet bowl when the toilet is not in use?,What object covers the toilet bowl when the toilet is not being used?
"In gymnastics, there are different apparatuses that athletes can use for their performances. What object in the picture could be used by a gymnast for their routine?","In gymnastics, there are various devices that athletes can use for their performances. What object in the picture can a gymnast use for his routine?"
What object in the bathroom can be used to cover the toilet bowl when not in use?,What object in the bathroom can be used to cover the toilet bowl when not in use?
"You are tired after all day""s hard work and want to rest for a while. What furniture might you choose to sit on to rest?",You are tired after a long day's work and want to rest for a while. On what furniture would you choose to sit down to rest?
"In a hotel lobby, there may be decorative elements that enhance the grandeur and elegance of the space. What object in the picture can be hung from the ceiling and provides both lighting and aesthetic appeal?","In a hotel lobby, there may be decorative elements that enhance the grandeur and elegance of the space. What object in the picture can be hung from the ceiling and provides both light and aesthetic appeal?"
"As a fighter pilot prepares for takeoff, what area of the plane does the pilot enter and control during the flight?","As a fighter pilot prepares to take off, which part of the plane does the pilot enter and control during the flight?"
"In order to input information and perform tasks on a laptop, what object in the picture can be used for typing?","To enter information and perform tasks on a laptop, what object in the picture can be used for typing?"
the region exhibiting unusual color,the region exhibiting unusual color
"When a cat is interested in something and wants to observe it carefully, what part of the cat's body in the picture is most likely to be the focus of attention?","When a cat is interested in something and wants to observe it carefully, what part of the cat's body on the picture is most likely to be the focus of attention?"
"Some plants have delicate structures that are visually appealing and often attract pollinators. In the picture, what would be an example of such a plant?","Some plants have delicate structures that are visually appealing and often attract pollinators. On the picture, what would be an example of such a plant?"
It is summer now. What object can help reduce the temperature in the room and make it more comfortable?,It is summer now. What object can help lower the temperature in the room and make it more comfortable?
"In a cold winter, what appliance can be used to heat the indoor environment?","In a cold winter, what equipment can be used to heat the indoor environment?"
"When participating in water activities, it is important to prioritize safety and wear appropriate equipment. What in the picture could provide extra protection and buoyancy to the person in case of any incidents in the water?","When participating in water activities, it is important to prioritize safety and wear appropriate equipment. What on the picture could provide additional protection and ease to the person in case of any incidents in the water?"
something that protects the knees,something that protects the knees
Weightlifting is a common exercise in the gym to build muscle and strength. What equipment in the picture is commonly used for weightlifting exercises?,Weightlifting is a common exercise in the gymnasium to build muscles and strength. What equipment on the picture is commonly used for weightlifting exercises?
something that the animals are tied to,something that the animals are tied to
"In the picture, what objects could be seen in the sky that are usually formed by condensed water vapor?","On the picture, what objects can you see in the sky that are usually formed by condensed water vapor?"
the spare tire that is not used currently,the spare tyre that is not used currently
"At a dinner party, a guest may be asked to carve a cake or pie to serve to the other guests. What object in the picture could be used to cut the cake or pie?","At a dinner party, an invited person may be asked to cut a cake or pie to be served to the other guests. What object in the picture can be used to cut the cake or pie?"
Which object can be used to put and place things within arm's reach when sitting in the living room?,Which object can be used to place and place things within reach of the arm when sitting in the living room?
the motorcycles tied together,the motorcycles tied together
the place where the teacher can write and draw,the place where the teacher can write and draw
the symbol of the Olympics,the symbol of the Olympics
the hardest body part of the animal,the hardest body part of the animal
Suppose you are a student and need to bring all the required supplies to the library for self-study. What object can be used to facilitate transportation?,Suppose you are a student and you need to bring all necessary supplies to the library for self-study. What object can be used to facilitate transport?
the real person,the real person
"In order to maintain a clean and environmentally friendly neighborhood, people often separate their waste materials for recycling. What in the picture could be used to dispose of recyclable items?","To maintain a clean and environmentally friendly neighborhood, people often segregate their waste materials for recycling. What in the picture can be used to dispose of recyclable items?"
"In hazardous environments, protective gear is necessary to ensure personal safety. What protective item in the picture can help shield the face and eyes from harmful substances?","In dangerous environments, protective equipment is needed to ensure personal safety. What protective item in the picture can help protect the face and eyes from harmful substances?"
People usually wash their hands after using the restroom. What object in the picture provides water for hand washing?,People usually wash their hands after going to the toilet. What object in the picture provides water for washing hands?
the couple who gets married,the couple who get married
"In some religious or cultural practices, people may gather in a specific place to perform rituals or prayers. What location in the picture could be associated with such activities?","In some religious or cultural practices, people may gather in a specific place to perform rituals or prayers. What place on the picture may be associated with such activities?"
"When walking around a college campus, there are multiple buildings to navigate through. What part of the picture is generally used by pedestrians to move from one area to another?","When walking around a college campus, there are many buildings to navigate through. Which part of the picture is generally used by pedestrians to move from one area to another?"
something that provides the lift force for the helicopter,something that provides the lifting force for the helicopter
the person who is pushing the baby carriage,the person who is pushing the baby carriage
"During a carnival parade, people often wear elaborate costumes to enhance the festive atmosphere. What part of a costume would typically be attached to a person""s back to give them a fairy-like appearance?","During a carnival parade, people often wear elaborate costumes to enhance the festive atmosphere. Which part of a costume is usually attached to someone's back to give them a fairy-like appearance?"
"Imagine it's cold outside and you have guests over, you want to create a warm atmosphere for everyone. Which object in the image can create a comfortable warmth inside?","Imagine it's cold outside and you have guests, you want to create a warm atmosphere for everyone. Which object in the image can create a comfortable heat inside?"
"When attending a sports event in a stadium, what would people typically sit on to watch the game?","When attending a sporting event in a stadium, on what would people typically sit to watch the game?"
"In a children's playground, there are often small structures designed for children to play in. What in the picture can children enter and use as their own little house?","In a children's playground, there are often small structures designed for children to play in. What in the picture can children enter and use as their own little house?"
"If I want to print out a document, what appliance in this image can I use to accomplish this task?","If I want to print out a document, what appliance in this image can I use to accomplish this task?"
the tool used for spreading jam,the tool used for spreading jam
"During a nighttime flight, when an airplane lands, what equipment is typically used to allow passengers to safely exit the aircraft onto the ground?","During a night flight, when a plane lands, what equipment is typically used to allow passengers to safely exit the aircraft on the ground?"
the medium for storing information,the medium for storing information
something that controls motion direction in games,something that controls movement direction in games
something that helps people to cross the river,something that helps people to cross the river
"In a music class, students often learn to play different musical instruments. What instrument in the picture is the woman most likely playing?","At a music class, students often learn to play different musical instruments. Which instrument in the picture is the woman likely playing?"
"When driving a car, there is usually a specific place in the front of the car where a symbol or logo can be seen. What part of the car in the picture usually displays this symbol or logo?","When driving a car, there is usually a specific place in the front of the car where a symbol or logo can be seen. Which part of the car in the picture usually shows this symbol or logo?"
"When cooking, it is important to cover the pot tightly to ensure that the food is cooked evenly. What object in the picture can be used to cover the pot?","When cooking, it is important to cover the pot tightly to ensure that food is cooked evenly. What object on the picture can you use to cover the pot?"
What object in the picture is most likely responsible for creating a cloud of dust when it drives on the dirt field or track?,What object on the picture is most likely responsible for creating a cloud of dust when it drives on the dirt field or track?
"Toy cars can be designed to mimic real vehicles, but they are typically smaller in size. What part of a toy car in the picture is often made of rubber and allows the car to move forward?","Toy cars may be designed to mimic real vehicles, but they are typically smaller in size. What part of a toy car in the picture is usually made of rubber and allows the car to move forward?"
"In an ice hockey game, what essential equipment does a player use to hit the puck?","In a ice hockey game, what essential equipment does a player use to hit the puck?"
"In an automobile exhibition, car manufacturers often showcase their latest designs and prototypes. What in the picture can be used to showcase a new and innovative car design?","At a car exhibition, car manufacturers often showcase their latest designs and prototypes. What in the picture can be used to show a new and innovative car design?"
"If a person lies down in bed and wants to find something to watch to relax, what appliance in the room can they consider using to watch various programs or movies?","If a person lies in bed and wants to find something to watch to relax, what device in the room can he consider to use to watch various programs or movies?"
The teacher needs to write the lesson content on this object when they are teaching in the classroom. What is this object in the picture?,The teacher needs to write the lesson content on this object when they are teaching in the classroom. What is this object in the picture?
A fruit salad is a refreshing and delicious dessert that often consists of a variety of fruits mixed together. What object in the picture could be used to hold and serve such a dessert?,A fruit salad is a refreshing and pleasant dessert that is often composed of various fruits mixed together. What object in the picture could be used to hold and serve such a dessert?
someone who is taking a photo,someone who is taking a photo
the places where people can sit,the places where people can sit
What object in the room can we stuff clothes into for storage or transportation?,What object in the room can we stuff clothes into for storage or transport?
the area where people can walk,the area where people can walk
"When enjoying a plate of chicken wings, what in the picture can be used to enhance the flavor of the wings by dipping them in it?","When enjoying a plate of chicken wings, what in the picture can be used to enhance the flavor of the wings by dipping them in?"
"What should we close before take a shower, in order to prevent water from splashing out and getting the whole bathroom wet ?","What should we close before we take a shower, in order to prevent water from splashing out and make the whole bathroom wet?"
What part in the living room can people sit on and watch TV or take a nap?,What part in the living room can people sit on and watch TV or take a nap?
"the most commonly used buttons for moving up, down, left and right","the most commonly used buttons for moving up, down, left and right"
something that shows the destination of this bus,something that shows the destination of this bus
the place where people can sit on a bicycle,the place where people can sit on a bicycle
"When exploring the beach and handling sea creatures, we must be cautious to avoid injuries. What in the picture can cause injuries if touched without proper care?","When exploring the beach and handling sea creatures, we must be careful not to injure ourselves. What on the picture can cause injury if touched without proper care?"
What object would people sit on when eating together at a dining table?,On what object would people sit when eating together at a dining table?
"In ice hockey, players use specific equipment to control the puck and score goals. What object in the picture could be used by the players for this purpose?","In ice hockey, players use specific equipment to control the puck and to score goals. What object in the picture could players use for this purpose?"
the speaker,the speaker
What equipment can be used to increase the temperature of indoor air in winter?,What equipment can be used to increase the temperature of indoor air in winter?
the food that is rich in carbohydrates,the food that is rich in carbohydrates
"In homes, perishable foods are often stored in low-temperature appliances to prevent spoilage. What object in a home is mostly adapted for this purpose?","In homes, perishable foods are often stored in low-temperature appliances to prevent spoilage. What object in a home is especially adapted for this purpose?"
something indicating the identity of the car,something indicating the identity of the car
"When taking a break outdoors, people often look for a comfortable place to lie down and rest. What object in the picture provides a suitable space for relaxation?","When taking a break outdoors, people often look for a cozy place to lie and rest. What object in the picture provides an appropriate place for relaxation?"
"In the picture, there are vehicles parked in designated areas. What type of vehicle is parked near the road and used for transporting goods?","On the picture, there are vehicles parked in designated areas. What kind of car is parked near the road and used to transport goods?"
"In a baseball game, the pitcher throws the ball to the batter, who tries to hit it. What equipment does the batter use to hit the ball?","In a baseball game, the thrower throws the ball to the batter, who tries to hit it. What equipment does the batter use to hit the ball?"
Street artists commonly perform in public spaces and use various instruments to entertain the audience. What musical instrument is the man in the picture playing?,Street artists usually perform in public spaces and use various instruments to entertain the audience. What musical instrument does the man in the picture play?
the more advanced warcraft,the more advanced warcraft
"If you want to watch a movie or a football game in a relatively high-quality screen, what object in the hotel room will help you accomplish this task?","If you want to watch a film or a football game on a relatively high-quality screen, what object in the hotel room will help you do this task?"
"When preparing for a festive event like Halloween, people often use certain objects to decorate their homes. What object in the picture would be suitable for this purpose?","When preparing for a celebration event such as Halloween, people often use certain objects to decorate their homes. What item in the picture would be appropriate for this purpose?"
"In regions with heavy snowfall, it is important to clear the roads for safe transportation. What equipment in the picture is commonly used for this purpose?","In regions with heavy snowfall, it is important to clear the roads for safe transportation. What equipment on the picture is commonly used for this purpose?"
What structure in the room allows people to observe outdoor scenery while sitting?,What structure in the room allows people to observe outdoor scenery while sitting?
Smoking is harmful to health and can lead to various diseases. What object in the picture is commonly used to collect cigarette ash and butts?,Smoking is harmful to health and can lead to various diseases. What object in the picture is commonly used to collect cigarette ash and crumbs?
the equipment that can assist disabled individuals in mobility,the equipment that can assist disabled persons in mobility
What object in the picture can be used to keep precious memories in the form of photographs and paintings?,What object in the picture can be used to hold precious memories in the form of photographs and paintings?
the tool used for scaling fish,the tool used for scaling fish
"The athlete in the picture seems to be very excited about the competition results. If she needs to maintain clear vision underwater, what item should she wear over her eyes?","The athlete on the picture seems very excited about the results of the competition. If she needs to maintain clear vision under water, what object should she wear over her eyes?"
Where can we stand to get our body clean using water and soap at the same time?,Where can we stand to get our body clean using water and soap at the same time?
Where can we place an alarm clock to remind us to get up in the morning?,Where can we place an alarm clock that reminds us to get up in the morning?
Many children enjoy building and creating things using small colorful blocks. What objects in the picture could be used to create various structures and shapes?,Many children enjoy building and creating things using small colored blocks. What objects in the picture could be used to create various structures and shapes?
"When driving a car, it's important to keep an eye on the road and stay aware of the surroundings. What part of the car in the picture helps the driver see what is happening behind the vehicle?","When driving a car, it is important to keep an eye on the road and be aware of the surroundings. What part of the car in the picture helps the driver see what is happening behind the vehicle?"
"In order to take a clear and stable photo or video, what equipment in the picture can be used to hold the camera steady?","To take a clear and stable photo or video, what equipment in the picture can be used to hold the camera steady?"
"Dogs are known to be playful and sometimes they engage in physical activities with their owners. What body part of the dog in the picture is used to interact and playfully ""fight"" with the person?","Dogs are known to be playful and sometimes engage in physical activities with their owners. Which part of the dog's body in the picture is used to interact and playfully ""fight"" with the person?"
What appliance can we use to cook a roast chicken?,What appliance can we use to cook a roasted chicken?
"In a chicken salad, which ingredients in the picture provide a fresh and crunchy texture?","In a chicken salad, what ingredients in the picture give a fresh and crunchy texture?"
"In the picture, we can see several insects sitting on the leaves and stems of plants. What part of the plant do insects usually hide or camouflage themselves on?","On the image, we can see several insects sitting on the leaves and stems of plants. In which part of the plant do insects usually hide or camouflage themselves?"
"What structure is usually used to store books, documentation, and other similar materials in an organized manner?","What structure is commonly used to store books, documents, and other similar material in an organized manner?"
the area that displays current time,the area that displays current time
"During a nighttime gathering around a campfire, people often use objects to add excitement to the atmosphere. What in the picture could be used to create sparks and brighten the surroundings?","During a nightly gathering around a fire camp, people often use objects to add excitement to the atmosphere. What in the picture can be used to create sparks and brighten the surroundings?"
the person with the highest status,the person with the highest status
the part of the car that is used when raining,the part of the car that is used when raining
What furniture should be used to sit on when working in an office?,What furniture should be used to sit on when working in an office?
Cocktails often require a combination of different types of alcohol and mixers to create a balanced and flavorful drink. What in the picture can be used to mix the ingredients and provide a convenient way to drink the cocktail?,Cocktails often require a combination of different types of alcohol and mixers to create a balanced and flavorful drink. What on the picture can be used to mix the ingredients and provide a convenient way to drink the cocktail?
"When participating in a race, it is necessary to stay on a designated route to ensure fair competition. What in the picture provides a designated pathway for racing?","When participating in a race, it is necessary to stay on a designated route to ensure fair competition. What in the picture provides a designated path for racing?"
"Trains are an efficient means of transportation, constantly traveling along fixed routes. What in the picture marks the path or route that the train follows?","Trains are a efficient means of transport, constantly traveling along fixed routes. What on the picture marks the path or path the train follows?"
the tool used for grabbing food,the tool used for grabbing food
"Helmets can effectively protect the safety of the head during cycling, but strong winds during high-speed cycling can affect the eyes. What part in the picture can protect the safety of the eyes?","Helmet can effectively protect the safety of the head during cycling, but strong winds during high-speed cycling can affect the eyes. Which part of the picture can protect the eyes' safety?"
something that the airplane uses to glide on the ground,something that the aircraft uses to glide on the ground
the cheongsam hanging on the wall,the cheongsam hanging on the wall
"If we were attending a car show and wanted to sit down and enjoy the view of the displayed cars, where could we find a suitable place to rest?","If we were attending a car show and wanted to sit down and enjoy the view of the displayed cars, where could we find a suitable place to rest?"
