num_steps,beam_width,orig_text,restored_text
1,0,"If we were at the location shown in the picture and wanted to have a picnic, what area would be a suitable spot for us to spread out a picnic blanket?","If we were in the area to be located in and got a blank pic, what would we wish a suitable spot for a picnic blanket?"
1,0,Suppose you are going to have a picnic at the location shown in the picture. What area is an appropriate location for laying out a picnic blanket?,You should plan on laying out a picnic at the location shown in the picture. What is an appropriate area for a picnic blanket? Have
1,0,"If you were at the location shown in the picture and you wanted to have a picnic, which area would be best suited for spreading out a picnic blanket?","If you were located in the area and had a blanket sported out, which would be the best location for presenting a picnic picture?"
1,0,"If we were at the location shown in the picture and desired to have a picnic, where would be a feasible location to lay out a picnic blanket?","If we were in the location shown in a pic, where would be the desired location to get a snug and lay out a picnic blanket?"
1,0,Suppose we are currently at the depicted location and are seeking to have a picnic. What would be the best area to spread out a picnic blanket?,We are currently in a location to bring out the picnic. What would be the best picnic area to indicate and need a piled blanket?
1,0,"In a modern office, employees often have meetings to discuss work matters. What object in the picture can be used as a surface for employees to place documents or devices during a meeting?","During a meeting, employees often have devices for the office to display. What do parallel surfaces or objects be used in a meeting as documents?"
1,0,What object in the picture might function as a surface for employees to place documents or devices on while holding a meeting to discuss work matters in a contemporary office setting?,What object in a meeting room might function as a surface to hold documents or objects to discuss business concerns while placing an abstract picture on the set?
1,0,"In a modern office, meetings are frequently held to discuss work-related issues. Which object in the picture could be utilized as a surface to place documents or devices on during such meetings?","During a meeting, the office is commonly used as tools or on-screen to convey issues. Which objects might be present in such meetings? The"
1,0,"In a modern office, what object in the picture could be utilized as a surface during meetings for employees to place documents or devices?","In an office, what surface could be utilized as a picture for employees to use in the workplace during documents and movables? Today objects."
1,0,"In a modern office, meetings are a common way for employees to discuss work matters. What object can be utilized as a surface for employees to place documents or devices during a meeting, as portrayed in the image?","For offices, a meeting room is an effective way to utilize objects and communications in an office, as documents can be depicted on the surface?"
1,0,"In a modern office, meetings among employees to discuss work matters are common. What is the object in the picture that can be utilized as a surface to place documents or devices during such a meeting?","During an office meeting, what are the common surfaces and devices that can be utilized in a company picture to convey such matters? Work on an occasion"
1,0,What object in a room can put on the floor to make people feel more comfortable walking?,What object put on the floor at a room can make people feel more comfortable in the window to walk?
1,0,What object could you put on the floor in a room to make people feel more comfortable while walking?,What object could you put on the floor in a room to make people feel more comfortable while walking and able to slur the room?
1,0,What can be placed on the floor that would make walking more comfortable inside a room?,What could be made more comfortable for walking on the floor inside a room that can make tees more accessible in the thigh?
1,0,What can be placed on the floor in a room to create greater comfort while walking?,What can be placed on the floor in a room to create greater comfort.....
1,0,What object placed on the floor could make people feel more comfortable while walking in a room?,What object displayed on the floor could make people feel more comfortable while walking in a room?
1,0,"In an office, people sometimes need to print a large number of files in a short period. What device can be used to complete this task quickly?","In an office, people often need to print a large number of files in a short period. What device can be used to complete this task?"
1,0,"When there's a need to print a large number of file quickly in an office setting, which device is typically utilized?","When there's a need to store a number of digits file when in use on an inexpensive system, what position should the application?"
1,0,"In an office environment, when a large number of documents need to be printed within a short period of time, what device would you suggest using to accomplish this task quickly?","In a home environment, when you need to record a large number of documents within a few weeks, what device would be effective to accomplish?"
1,0,What device can be utilized to quickly complete the printing of a large volume of files in an office setting?,What computer tool can be utilized to quickly complete the printing of a large volume of sassaged files in an office setting?
1,0,"When there is a large amount of printing required for office documents, what electronic device can be used to complete the task quickly?","When there is a large amount of printing required for office documents, what electronic device can be used to complete the task simple?"
1,0,the food with high protein,the food with high protein sitity and high protein
1,0,the youngest person,the siliest sility. person
1,0,"In an office setting, people often use writing instruments to take notes or sign documents. What object in the picture would be commonly used for this purpose?","In an office setting, people often use electronic signs to take notes or write documents. What object in the picture would be used for this purpose?"
1,0,"When working in an office environment, what item in the picture would be typically utilized to take notes or sign documents?","When working in an office environment, what item in the picture would typically be utilized to take notes or enne scripts?"
1,0,"In an office setting where individuals often need to take notes or sign documents, what objects could be used for this purpose based on the picture?","During an office setting where people need to take notes or sign documents based on this purpose, what objects could be used specifically for a picture?"
1,0,"In an office setting, people regularly use writing instruments to sign documents or take notes. What items in the picture could be used for this function?","In an office setting, people use writing instruments to sign documents or take notes. What items in the picture could be used for this function?"
1,0,"In an office setting, taking notes or signing documents typically requires the use of certain objects. What item in the picture is commonly utilized for these purposes?","In an office setting, taking notes or displaying certain items is typically utilized for the purpose of them. What item in the picture must use certain symbols?"
1,0,"In an office setting, what item in the picture would be commonly used for taking notes or signing documents?","In an office setting, what item in the picture would be commonly used for taking notes or sending docs? Integer"
1,0,"In military organizations, there are often individuals responsible for leading a group of troops. Who in the picture is likely fulfilling this leadership role?","In military circles, there typically are people in a team of leaders responsible for fulfilling the role. Who likely is benevolving this leadership?"
1,0,"In a military organization, there are frequently individuals responsible for leading a group of troops. Who in the picture is most likely fulfilling this leadership position?","Within a military organization, there are most likely individuals for pinning a group of officers. Who is the leader in fulfilling this role? is"
1,0,"Who in the picture is likely serving in the role of leading a group of troops, a common responsibility in military organizations?","Who in the picture is most likely serving in the role of a leading a group of people, in the military service to union organizations?"
1,0,Which individual in the picture is likely fulfilling the leadership role in a military organization by commanding a group of troops?,Which individual in a picture is probably enshrining the military service by achieving commanding leadership in a group of troops? The role
1,0,"Amid military organizations, who among the individuals shown in the picture is most likely to be fulfilling a leadership role and leading a group of troops?","Military organizations, which one of the leaders described in the picture is likely to be a leading force and endearing a large group of workers?"
1,0,"In a military organization, there are often individuals responsible for leading a group of soldiers. Who in the picture is likely fulfilling this leadership role?","In a military organization, there are often people responsible for leading a group of soldiers. Who in particular is fulfilling the leadership role in this group?"
1,0,the equipment that the workers use to climb upwards,the tidal equipment that the workers use to ease the mud that they rise to climb upwards. mm
1,0,"In horse racing, there are often obstacles that the horses and riders need to overcome. What objects in the picture can be used as obstacles in an equestrian course?","In horse race, there are obstacles that the horses and the riders might easily overcome. What are used as obstacles in an equestrian book? The"
1,0,"While competing in a horse race, what objects in the picture could be utilized as obstacles for the horses and riders to overcome in an equestrian course?","While used in an equestrian race, what obstacles by the horses and riders could be explored to accomplish in a horse race in the picture?"
1,0,"Equestrian horse-racing often entails overcoming a variety of obstacles. Based on the picture, which objects could be utilized as obstacles for horse riders to overcome?","Dog obstacle encroachment is typically based on several types of obstacles for guiding horses to overcome? Considering which horses can resist, could"
1,0,What objects in the picture can be set up as obstacles that horses and riders have to overcome during a horse racing match?,What objects in the picture set can be set up as obstacles that horses and riders have to overcome during a horsing race match?
1,0,Which objects in the picture could be utilized as obstacles for horses and riders to navigate during an equestrian course?,Which objects in the picture could be utilized as obstacles for horses and riders to navigate during an equestrian hike? Links in the picture are for horses
1,0,"In horse riding, it is important to have control and direction over the horse. What object in the picture is used to guide and control the horse's movements?","On horse riding, it is important to have control and direction in the horse. What object is used to guide and control the horse's movements?"
1,0,"In horse riding, having control over the horse's movement and direction is vital. Can you identify the object in the picture that is utilized to guide and control the horse?","Identifying a horse in the picture, the wheel is crucial to control the horse's movement and actions that are utilized. You can drive and"
1,0,"To maintain control and direction over a horse during horse riding, which item in this picture is typically utilized to guide and regulate the horse's movement?","To control and regulate a horse during horse riding, which item in this guide is typically utilized to provide and modify the horse's movement? A."
1,0,"In horse riding, it is crucial to have control and direction over the horse. What object in the picture is typically used for guiding and controlling the movements of a horse?","In horse riding, a clue is crucial in controlling and controlling the behavior of the horse. What objects are typically used to man the horse? A clue"
1,0,"Succulents are plants that can store water in their leaves, stems, or roots. What characteristic of the plant in the picture allows it to survive in dry environments?","The characteristic of water plants are those that allow plants to droop in its leaves, stems, or roots? It shows in productive environments."
1,0,In what way does the characteristic of the plant in the picture allow it to thrive and survive in dry environments?,In what case in the picture does the characteristic of the plant allow it to thrive and thrive in dry environments and thrive in the air? I have a
1,0,"Succulents are known for their ability to store water in their leaves, stems, or roots, which helps them thrive in arid conditions. In the picture, can you identify the characteristic of the plant that allows it to survive in dry environments?","Indicas are known for their ability to store the water in their leaves, stems, and helps them to thrive in ideal conditions. Can you imagine"
1,0,"Please identify the specific characteristic of the plant in the picture that enables it to survive in arid environments, given that succulents are known for their ability to store water in their leaves, stems, or roots.","Please identify the characteristic of the plant in its native environment, given that succulents are used to withstand their adodes, roots or leaves"
1,0,In what specific way do the characteristics of the plant in the picture enable it to survive arid conditions?,"In what way would the characteristics of the plant look like, do the following animals withstand arid conditions in the region to survive it? In what"
1,0,"What is the feature of the plant in the picture that enables it to survive in arid environments, and how is it related to water storage?","What is the feature of the plant in the picture that enables it to survive in water storage, and how is it related to arid environments?"
1,0,"In a dimly lit room, what can be used to increase the brightness and illuminate the entire space?","In a brightly lit room, what can be used to increase the brightness and illuminate the entire space?."
1,0,"When the room is not sufficiently illuminated, what item can be utilized to increase the brightness and illuminate the entire space?","When the room is not illuminated enough, what item can be utilized to increase the brightness and illuminate the entire space? How can I use it? The"
1,0,"If the room is too dark, what can be used to increase the brightness and illuminate the entire area?","If the room can be too bright, what is used to enhance the light and brighten the entire area and revert it?"
1,0,"If you were to enter a dimly lit room, what object would be helpful to brighten up the area and provide illumination throughout the space?","If you were to open up a dimmed room, what would be best to provide light illumination to illuminate the item and assist the area? How do"
1,0,"If you want to increase the brightness and illuminate the entire space in a dimly-lit room, what can you use?","If you want to brighten the entire room and dimming the ambiance, what can be used in a low-lightroom?,"
1,0,"In the picture, there is a type of bird with a distinctive feature on the top of its head, which usually indicates its gender. What part in the picture might have this characteristic?","In the picture, there is a type of bird with a distinctive feature on the top of its head, which typically has this characteristic. What do"
1,0,"What is the part of the bird's head that could refer to the gender of a bird which has a unique feature on the top of its head, as shown in the picture?","What is the part of a bird that has a unique feature on the top of the female bird's head, as shown in the picture?"
1,0,What part of the picture could have a distinguishing feature on the top of its head that typically indicates the gender of a certain type of bird?,What could feature a specific part of the picture on the top of its head that typically indicates a different type of bird of white birthing?
1,0,"What part of the bird in the picture might have the distinctive feature on top of its head, which usually indicates its gender?","What part of the bird in the picture might have a distinctive feature on the top of its head, which indicates its gender? body?"
1,0,"In the picture, which area displays a bird that may bear a feature on the upper end of its head that usually denotes its gender?","In the picture, which feature typically indicates a bird that has hair on the upper end of its head that may bear the comma? Answer"
1,0,"In the picture, there is a type of bird, and its gender can often be identified by the distinctive feature on the top of its head. What part of the bird in the picture might showcase this characteristic?","On the picture, a female is typically identified by the top of its tail, and what kind of feature in the picture can reveal this distinctive characteristic."
1,0,What part of the computer can display and show pictures and text?,What part of the computer can display and show pictures and text?
1,0,What is the computer component that displays pictures and text?,What is the computer component that displays pictures and text..........
1,0,What component of the computer is responsible for displaying and presenting visual information in the form of pictures and text?,What component of the computer is responsible for displaying and presenting visual information in the form of pictures and text....
1,0,What is the name of the computer component that can display pictures and text?,What is the name of the computer component that can display pictures and text?
1,0,What device or component of a computer system is commonly used to display images and text?,What device or component of a computer system or displaystyle is commonly used to display images and text?
1,0,What object is used to store various toiletries or medication in the bathroom?,What object is used to store various toiletries or snuff medication in the bathroom? ?
1,0,"In the bathroom, what object is typically utilized for storing various toiletries or medications?","In the bathroom, what object is commonly utilized for storing various toiletries or utensils? For a particular stoop?"
1,0,What object is commonly used to store various toiletries or medications in the bathroom?,What object is commonly used to store various toiletries or snuffing medications in the bathroom...
1,0,What object in the bathroom serves to store toiletries or medication?,What object in the bathroom serves to store toilet tees or to resizable medications?
1,0,Which object is typically used for storing various toiletries or medications in the bathroom?,Which object is typically used for storing various toiletries or snuffing medications in the bathroom? Positive
1,0,What is the name of the object used to store various toiletries or medication in the bathroom?,What is the name of the object used to store various toiletries or snuffing medication and medicine in the bathroom?
1,0,"When using a film camera, what component in the picture is typically used to attach the camera to a person's body for easy carrying and accessibility?","When using a movie camera, what component in the camera is typically used for attaching a picture to the person's body for easy access and"
1,0,"When using a film camera, what object in the picture is used to secure and carry the camera conveniently, making it easily accessible to the user?","When using a picture camera, what object in the camera is used to transport the picture conveniently, making it accessible and secure to the user?"
1,0,"When using a film camera, which component in the picture might be used to attach the camera to a person's body to enable easy carrying and accessibility?","When using a camera for a shotgun, which component in the camera might be used to attach the body to allow easy access and customization? How"
1,0,"When using a film camera, which part of the picture is usually utilized to attach the camera to a person's body for easy carrying and accessibility?","When using a camera for a picture shoot, which part of the camera is usually utilized to attach the frame to anyone's body and easy?"
1,0,"When using a film camera, the user often attaches the camera to his or her body for easy carrying and accessibility. Which component in the picture is typically used for this purpose?","When carrying a camera, the camera is typically used for easy access and insertion. Which component of the user attaches his or her body?"
1,0,"When using a film camera, which component in the picture is typically employed to attach the camera to a person's body for easy carrying and accessibility?","When using a camera for picture adjustment, a component is typically used to carry and attach the camera to the person in the camera's body?"
1,0,"the doughnuts with ""eyes""",the doughnuts with deeees. Doughnuts in 'eyes'
1,0,the animal with luggage on its back,aagaet with luggage on its back the animal with its teets.
1,0,"In the picture, which part can provide shade for animals and create a habitat for various organisms?","In the picture, which part of a awn can provide shade for habitats and create a habitat for various organisms? What"
1,0,Which part of the picture can provide shade for animals and create a habitat for various organisms?,Which part of the picture can provide a habitat for animals and create shade for various organisms
1,0,What part of the picture could provide shade for animals and create a habitat for various organisms?,What part of the picture could provide a habitat for animals and create shade for various organisms
1,0,What region in the picture can provide shade for animals as well as create a habitat for different organisms?,What region in the picture can provide shade for animals as well as create a horse for different aquifers?
1,0,Please point out which part of the picture can provide shade for animals and create a habitat for various organisms.,Please point out which part of the image can provide a frame for different animals and try to create saade for various environmental elements.
1,0,Which aspect of the picture can provide shade for animals and serve as a habitat for various organisms?,Which aspect of the picture can provide shade for various animals and serve as a habitat for aquifers?
1,0,What object can be used to sit and rest after standing or walking for a long time?,What object can be used to sit or sleeve after walking and standing or standing for a long time?
1,0,"When standing or walking for a long time, what object can individuals utilize to sit and rest?","When standing or walking for a long time, what objects can individuals utilize for advair to sit and rest?"
1,0,What object provides a place to sit and rest after standing or walking for a prolonged period?,What object provides a place for walking or resting? as a device to sit and sat and walk for a prolonged period?
1,0,"If someone has been standing or walking for a long time and needs to take a break, which object could they utilize to sit and rest?","If someone has been sitting or lying for a long time and needs to resurface, which objects could they use to take a break? and"
1,0,What object might someone use to sit and rest after standing or walking for an extended period of time?,What object might someone use to sit or sleep for an extended period of time after standing and walking or restraining?
1,0,What furniture item in the picture could be used to sit and rest after standing or walking for a long time?,What wood furniture item in picture could be used to snore or sit and sleep for many hours after being put in the long run?
1,0,Toddlers are curious and often enjoy exploring their surroundings. What object in the picture can provide a safe and enclosed space for a toddler to play in?,What toddlers are interested in? An encouraging window is useful and able to provide a safe place for children to explore themselves.
1,0,What object in the picture could potentially provide a safe and enclosed play area for a curious toddler to explore?,What information in the picture could provide a potentially safe and interesting enviable play area for a toddler to delve into? Weir
1,0,"What object in the picture could potentially provide a safe and enclosed space for a toddler to play in, given that they are inherently curious and enjoy exploring their surroundings?",What device could potentially provide a playground for a toddler and for exploring the open and enclosed areas that they are invigorating? To answer this
1,0,"What object in the picture could provide a safe and enclosed environment for a toddler to play in, given that toddlers are inherently curious and tend to enjoy exploring their surroundings?",Which object is used for a toddler to play in? indicating that toddlers have a safe and straightforward environment to explore and enjoy. Looking at
1,0,"What item in the picture can provide a secure and enclosed space for a toddler to play in, given that toddlers are often curious and enjoy exploring their surroundings?","What item for a toddler is used, which can provide a clear enclosed space for toddlers to explore and enjoy in their surroundings? What is the"
1,0,"What object in the picture can provide a safe and enclosed space for a toddler to play in, given that they are often curious and enjoy exploring their surroundings?",What object that a toddler can use for opening up the playground and provide a safe and vivid view of their surroundings? How many objects can a
1,0,"When we go to a bookstore, where do we usually find books arranged vertically and stored in columns for browsing?","When we go to a bookstore, where do we usually find books arranged in columns and stored vertically for browsing?headers"
1,0,"When we visit a bookstore, which section of the store can we find books that are arranged vertically and stored in columns to facilitate browsing?","When we visit a bookstore, which books are stored in the folders we can browse vertically and which can facilitate grouping by visitors? What is"
1,0,Where in a bookstore would we typically find books arranged vertically and displayed in columns to facilitate browsing?,Where in a bookstore would we typically find books placed vertically on a bar arranged for readers and displaying scrolls to facilitate browsing?
1,0,"When visiting a bookstore, where would one typically find books arranged vertically and displayed in columns for browsing?","When visiting a bookstore, where would one typically find books arranged vertically and displayed in columns for browsing?"
1,0,"When we visit a bookstore, where do we typically find books arranged vertically and stored in columns for browsing?","When we visit a bookstore, where do we typically find books stored in a table and arranged vertically for columns and browsing?"
1,0,"When we visit a bookstore, where can we typically find books stored in vertical columns for browsing and selection?","When we visit a bookstore, where can we typically find books stored in vertical stacks for browsing and scribing?"
1,0,the parts of two washing machines that can be opened and clothes can be put inside,the two parts of eaves that can be rolled into washing machines and clothes dryers can be placed in a window
1,0,"Looking at the picture, we can see a woman standing elegantly in a flowing dress. What accessory does the woman have in her hand that can complement her outfit?","Looking at the picture, we can see a woman standing in a round skirt. What accessory does she have that distinctly complement her fashion? Can"
1,0,"In the picture, we see a woman standing elegantly in a flowing dress. What accessory does she have in her hand which can complement her outfit?","In the picture, we see a woman standing in a chair and having accessories which complement her in her suit. What does strikingly modern flow?"
1,0,We can see a woman standing gracefully in a flowing dress in the picture. What accessory does the woman have in her hand that can complement her outfit?,We can see a woman standing in a chair and flowing in her hand. What does the feminine accessory that complement her outfit? Can she wear
1,0,"From examining the picture, we notice the woman standing elegantly in a flowing dress. What item is she holding that could complement her ensemble?","From examining the picture, we look elegantly in a flowing dressing that could set her apart. What is the woman holding that elegant element? We"
1,0,"In the picture, we can see a woman standing elegantly in a flowing dress. What accessory is held in the woman's hand that complements her outfit?","In the picture, we see a woman standing in a dress that fits openly and flowing in her hand. What accessory is complement the woman'"
1,0,The woman is standing elegantly in a flowing dress in the picture. Could you let me know what accessory she has in her hand that could complement her outfit?,The woman is standing in her hand and has a striking accessory in the picture. Could you explain to me what fabrics brightly encase her?
1,0,Chameleons are known for their ability to change color and blend in with their surroundings. What in the picture could help a chameleon camouflage itself?,Chameleons are known for their versatility. How could a chameleon alter their color and show up in their surroundings? Could a
1,0,What item in the picture could assist a chameleon in camouflaging to blend in with its surroundings?,What item in the picture could assist a chameleon to camouflage in its splurging with its surroundings? Is
1,0,"What part of the picture can facilitate a chameleon's ability to change colors, thereby blending in with its surroundings?","What part of the image could enhance a chameleon's visual quality by allowing its surroundings, or to blend with others? The"
1,0,"What part of the picture can aid a chameleon in camouflaging and blending in with its surrounding environment, given that they are known for their capability to change color?","What part of a chameleon can play in camouflage, given that they are maximizing its color and aiding in its evolution"
1,0,What specific features in the image have characteristics that could help a chameleon blend into its environment?,What specific features in the image could help a chameleon tangle and add characteristics that it has to fit into the human environment?
1,0,"When walking on a hot beach, a refreshing drink can help cool down the body temperature. What fruit in the picture can be used to make a tropical drink?","When walking down the beach, a hot fruit can be used to help cool the temperature. What tropical picture in a refreshing drink? And why do"
1,0,What fruit shown in the picture can be utilized to make a tropical drink that can help cool down body temperature when walking on a hot beach?,What natural fruit used in the picture can be utilized to make a cooling cup that can help warm the body when walking down on a hot beach?
1,0,"On a summer barbecue, it's common to serve grilled corn on the cob. What item in the picture would likely be used to drain excess water from the corn before serving?","On a summer barbecue, it's common to store corn on the cob when serving the item of corn. What would possibly be eaten in the"
1,0,"During a summer barbecue, it is common to serve grilled corn on the cob. What item in the picture might be utilized to drain excess water from the cooked corn before serving?","On a summer barbecue, it is common to drain excess corn from the cob. Which item might be served during the cooked corn? The corn is"
1,0,"During a summer barbecue, serving grilled corn on the cob is a common practice. What item in the picture would likely be used to drain excess water from the corn before it was served?","On an outdoor grill, serving corn on the cob would typically deter the corn before it is drained. What product was used in the conversation"
1,0,"On a summer barbecue, grilled corn on the cob is often served. What in the picture could be used to remove excess water from the corn before serving?","On a summer barbecue, pressed corn on the cob is often served. What would result in the water to remove corn from the dish? Why"
1,0,"On a summer barbecue, it is common to serve grilled corn on the cob. What object in the picture can be used to remove excess moisture from the corn before serving?","On a corn barbecue, it is common to remove moisture from the corn hull before serving it. What part of the cured? What part of"
1,0,"During a summer barbecue, grilled corn on the cob is a popular dish. What item from the picture could be used to remove any excess water from the corn cobs before serving?","On a typical Mexican barbecue, the corn on the cob is the best item to use when removing dried corns from the dish? Anyone else"
1,0,I will be cooking for dinner tonight but I don’t want to use the oven because it takes up too much time. What electronic appliance should I use instead?,I will be cooking pizza for the weekend but it doesn't require that I use too much. What oven should I use instead? I'm going
1,0,"If you're looking to cook a meal for dinner tonight and don't want to use the oven because it takes longer, what electronic appliance could you use instead?","If you're looking to cook dinner for an appetizer tonight and want to use the microwave because it doesn't cost, what could I do? I"
1,0,"If you need to cook for dinner tonight, but baking in the oven would take a long time, what device would you recommend using instead?","If you want to use a longwave for dinner, but cooking in the oven would take several years, what should you use instead? I'm"
1,0,I understand that you don't want to use the oven as it takes too much time. Could you tell me which electronic appliance would be the best alternative to use to cook dinner tonight?,I understand that you don't want to use the microwave. Is anybody telling me which oven is the best choice to use as soon? I'
1,0,"If you don't want to use the oven because it takes up too much time and would like to cook dinner tonight, what electronic appliance might be a more preferred option for you?","If you want to use an oven because it doesn't take much time to cook, what pizza pickup might be the preferred option for you? The oven"
1,0,"When waiting for public transportation in hot weather, people often seek shelter to escape from direct sunlight. What in the picture can offer shade for people waiting at a bus stop?","When waiting for public transit, people often hide in shade in hot weather. What clothing for an hour can provide perfect escape from the spotlight? The sun is"
1,0,"When waiting for public transportation under hot weather, people often need shelter to avoid direct exposure to sunlight. What in the picture may provide shade for people waiting at a bus stop?","When preparing for public transit, people often need shade in case of direct sunlight. What can expose someone for travel at the bus shelter? Many people are"
1,0,"Provided that people are waiting for public transportation in hot weather and attempting to avoid direct sunlight, what object in the picture could provide shade for individuals waiting at a bus stop?","Suppose that people are waiting in public places for direct sunlight and seeking a rain protection, what object was utilized in preparing the bus stop? At"
1,0,"When waiting for public transportation in hot weather, people often seek out shelter to escape direct sunlight. What element in the picture could provide shade for individuals waiting at a bus stop?","When heading for public transportation for a hot weather event, many people seek shade in the sunlight. What shelter could provide people in isolated pockets? The sun"
1,0,"When waiting for public transportation in hot weather, people often seek shelter to avoid direct sunlight. What in the picture could offer shade for individuals waiting at a bus stop?","When heading for public transit, people often drink no sunlight in the dark. What options for hot shelter could provide shelter to people in waiting queue? The best"
1,0,"When waiting for public transportation in hot weather, people often look for shelter to avoid direct sunlight. In the picture, what specific structure or object can provide shade for people waiting at a bus stop?","When looking for a bus stop, people often submit specific design for transportation in the dark sunlight. What specific places can give shelter for pedestrians? The"
1,0,the frictional part used for igniting,the frictititical part used for igniting acquiring. it
1,0,"In the winter, when the temperature drops and the snow covers the landscape, what type of structure in the picture can provide shelter and protection from the cold weather?","In the winter, when the temperature drops in the picture, what type of structure and the cold weather can provide shelter and protection from the landscape? The winter"
1,0,"When the temperature drops in the winter and the landscape becomes covered in snow, what type of structure in the picture could serve as a means of shelter to protect from the cold weather?","When the temperature falls in the winter, what type of landscape covers and is covered by the snow to serve as a shelter in the cold climate? the"
1,0,"During winter, when the temperature drops, and snow covers the landscape, what sort of structure in the picture could provide a refuge from the cold weather?","During winter, when the temperature drops, what type of weather provides a warm picture, and shelter from the snow could collapse in the landscape?"
1,0,"In the picture, the family is enjoying a water activity together. What object is essential for ensuring their safety while riding on the water?","On the tree, a child is ensuring their safety in the water. What is the object importance to riding together while enjoying the water? The object"
1,0,"When the family is enjoying a water activity together in the picture, what is the essential object that guarantees their safety while riding on the water?","When a family is riding together in the water, what is the safety attribute that details the object while enjoying their safe pleasure on the water? The water"
1,0,"In the picture where a family is enjoying a water activity, what object is essential for their safety while riding on the water?","In describing a property which a family is riding on the water, what element is the task for wearing safety while enjoying their water?"
1,0,"During a water activity, a particular item is essential in ensuring the safety of individuals. What object could that be in this picture where a family is enjoying a water activity together?","During a water activity, a particular item should be a photo of the individuals enjoying this activity and ensuring safety in that family? What"
1,0,"While engaging in a water activity together, what object is crucial for ensuring their safety in the scene depicted in the picture?","While engaging in a water activity depicted in the picture, what component is crucial for ensuring their safety in the scene? the"
1,0,"While engaging in a water activity together, what is the essential object for ensuring the safety of the family while riding on the water?","While ensuring the safety of the family while riding on a water bike, what is the essential task for engaging the family in interacting? The following"
1,0,"When we need to sleep, what should we use to block light coming in from outside?","When we need to sleep outside, what should we use to block light from coming in? Possibles from the sun?"
1,0,"When it is time to sleep, what can be used to block light that may enter into a room from outside?","When it is time to sleet, what can be used to block light that may enter into a room from the outside?"
1,0,What should we use to block light coming from the outside when we need to sleep?,What should we use to block light from coming to the outside when we need to sleep in the wind?
1,0,"When it is time to rest and sleep, what measures can be taken to block light coming in from the outside?","When it is time to light up and sleep, what measures can be taken from the outside to prevent stuttering in the light?"
1,0,What can we use to block external light when we need to sleep?,What can we use to block external light when we need to sleep?
1,0,"When we need to sleep, what can we use to prevent external light from coming into the room?","When we need to learn to sleep, what can we use to prevent external light from coming into the room?."
1,0,People often need to sit down for long periods of time to work or study. What object in the picture can protect their posture and reduce the damage to the body caused by long-term sedentary work?,People can use long-term exposure to the object or to repair damage to their body during the meeting. What length of sedentary work? How
1,0,"When you work or study, sitting for long periods of time is frequently necessary. What item in the picture can protect your posture and alleviate the damage to your body caused by lengthy sitting periods?","When sitting for long periods of time, your body can repair or alleviate the damage caused by short sitting periods. What item in your anatomy should you avoid"
1,0,What object in the picture can be used to safeguard people's posture and reduce harm to the body from prolonged sitting during work or study?,What object in the photo can be used to safeguard people's body from distraction during prolonged work or study and reduce lying on the walk? 1. What object
1,0,"In a formal event, such as a gala or award ceremony, what accessory in the picture can be worn around the neck to add a touch of elegance to a man's suit?","On a contemporary occasion such as a dance in a suit, what accessory or neckline can be added to the woman's dress? Let"
1,0,"In a formal event like a gala or an award ceremony, what is the accessory in the picture that can be worn around the neck to add a touch of elegance to a man's suit?","In a formal ceremony, what is the accessory on the neck that can add to an elegant look that people wear in a party or an event?"
1,0,"What is the accessory that can be worn around the neck to add a touch of elegance to a man's suit in a formal event, such as a gala or award ceremony, as shown in the picture?","What is an accessory that can add elegance to the woman's neck in a ceremony, such as a dinner party or the pic? in the"
1,0,"In formal events, such as galas or award ceremonies, it is a common practice for men to wear a particular accessory around their neck to add a touch of elegance to their suit. What item in the picture can serve this purpose?","For men present in ceremonies such as this, it is common practice to attach a signature garment to an item of the elegance or their arms. How do"
1,0,"During a formal event, like a gala or award ceremony, what accessory in the picture could be worn around a man's neck to add a touch of elegance to his suit?","During an event like a graduation ceremony or dinner, what accessory could be worn on top of a man's neck to add elegance? Let"
1,0,"What accessory in the picture can be draped around a man's neck during a formal event, such as a gala or award ceremony, to add a touch of elegance to his suit?","What accessory can be draped on a man's neck during a formal event, such as an dinner or ceremony to add elegance to the dress"
1,0,Where can we throw away the waste that has been cleaned up using toilet paper?,"Where can we get rid of the trash that has been washed up using tins, waste toilet paper?"
1,0,What is the proper way to dispose of toilet paper after you have cleaned up waste?,What is the proper way to clean up toilet paper after you have resealed resid of waste?
1,0,"As a robot, where would you dispose of toilet paper after cleaning up waste?","As a robot, how would you clean up toilet paper after disposing of tin and cut off waste?... why"
1,0,"As a responsible citizen, where should we dispose the waste that has been cleaned up using toilet paper?","As a responsible citizen, how should we dispose of waste that has been cleaned up trought up using toilet paper? The only problem is that"
1,0,"As a cleaning assistant, please help me identify the appropriate place to dispose of waste that has been cleaned up using toilet paper, according to the picture.","As an assistant to cleaning toilet, please help me to identify the location of the trash that has been cleaned up using paper. I have a question regarding"
1,0,"In the picture, what is the boy wearing on his head to protect himself from the sun or cold weather?","In the picture, what is the boy wearing on his head to protect himself from the sun or cold cold weather?"
1,0,"What item is the boy wearing on his head in the picture, which could provide protection against both sun and cold weather?","What is the boy wearing on the head in this picture, which could provide protection against both cold weather and sun damage in his tee?"
1,0,"In the picture, what object is the boy wearing on his head to guard against potential sunburn or cold weather?","In the picture, what is the crimson stout object to wear on his head against the sun or catching cold weather? We"
1,0,"To shield himself from the weather, what is the boy wearing on his head in the picture?","To shield the boy from wearing his head in the weather, what is the sand he hurried at on the face in the picture?"
1,0,"What is the boy wearing on his head in the picture, which protects him from the sun or cold weather?","What is the boy wearing in the picture on his head, which protects him from the sun, or cold weather..."
1,0,"What item is the boy wearing on his head in the picture, which could help protect him from the sun or cold weather?","What is the item on the picture a boy wearing in the sun, which could help protect him from the cold weather or cold heel?"
1,0,"In order to climb up a tall structure, what in the picture would the ivy plant use as support?","In order to climb up a hill, what would the erect in the tall plant use as its spry support? In this picture"
1,0,"If an ivy plant were looking to climb a tall structure, what part of the picture could it likely utilize as a means of support?","If a picture of a tall plant were climbing the window, what type of parts would it conceivable use as an advantage to provide? I"
1,0,"If an ivy plant were attempting to climb a tall structure, what part of the picture would it utilize as a support?","If an ancient ivy had to climb a hill, what portion of the picture would it utilize as a support structure? Is it"
1,0,What might the ivy plant in the picture use as a supporting structure when climbing a tall object?,What might the slash of the plant use as a striking shape when climbing a tall ivy in the object?
1,0,"Suppose the ivy plant desires to climb up a tall structure, what object or structure in the picture would it likely use as support?","Suppose the ivy tree in a structure needs room or space to climb, what likely the striking shape would take as an advantage? article"
1,0,the persons who graduate,the results those who graduate and results. the individuals who graduate
1,0,"During an air show, pilots perform various aerial maneuvers to entertain the audience. What spectacle in the picture indicates that a pilot is performing a spectacular and dazzling aerial stunt?",During sports presentations the actor performs a bizarre and spectacular stunt. What aerial plane is flying to delight the audience in? A sna
1,0,What movement or action in the picture would indicate that a pilot is performing a daring and awe-inspiring aerial maneuver during an air show to entertain the audience?,What a woman is expected to perform an exciting or scintillating air-screwing maneuver in a video to drive the audience.
1,0,What element in the picture provides evidence that a pilot is performing a spectacular and dazzling aerial stunt during an air show?,What model is the evidence that describes a pilot performing an impressive and terrifying part of the aerobatic stunt during a show? Shows are
1,0,Identify the spectacle in the picture that indicates a pilot is performing a spectacular and dazzling aerial stunt during an air show.,Identify the model a person is flying in that performs a spectacular and dazzling aerial stunt during a show in the crowd. 1
1,0,Please identify what indicates that a pilot is performing a spectacular and dazzling aerial stunt during an air show?,Please identify what a pilot is performing a spectacular and dazzling aerial symport during a gliding show? tell the
1,0,Could you identify the specific aspect of the picture that would indicate that a pilot is executing a sensational and spectacular aerial maneuver during an air show?,Could you identify an exact segment of the picture that would describe the driver is performing a spectacular aerial and air maneuver during a test? I have
1,0,something on the suitcase used for lifting,a suitcase something tangled on the suitcase used for lifting for massing
1,0,"In ancient times, soldiers would often carry a weapon made of metal for self-defense or combat. What item in the picture can be classified as such a weapon?","During World War II, soldiers would often give the item of metal in a shape or be classified as an armor. One such weapon? What is"
1,0,"In ancient times, soldiers often carried metal weapons for self-defense or combat. Please tell me what object in the picture can be classified as such a weapon.","In Civil War, soldiers sometimes used self-defense as the symbol of their weapons. Please tell us what type of weapon could be set or s."
1,0,What item in the picture could be considered a metal weapon used for self-defense or combat during ancient times?,What item in the picture could be considered a metal weapon used for self-defence or savage combat during the ancient times?
1,0,"During ancient times, soldiers frequently carried metal weapons for self-defense and combat. Please identify the object in the picture that could be classified as such a weapon.","During counter-surf warfare, humans would recognize certain objects in the image that were used and marked the shape of a weapon for self defense."
1,0,What object in the picture could be classified as a metal weapon that soldiers would typically carry for self-defense or combat in ancient times?,What metal object in the picture would typically be classified as a weapon that soldiers could carry for self-defense and combat in ancient times? 1 What metal
1,0,What item in the picture could be classified as a metal weapon carried by soldiers for self-defense or combat in ancient times?,What item in the picture could be classified as a metal weapon worn by soldiers for self-defense or commanded combat in ancient times?
1,0,the tyre that does not touch the ground,the tyre that does not touch the ground torte thattorte the ground.
1,0,something that prevents people from attacks of the pigs,something that prevents people from invasion of the inserts the attacks of the pigs
1,0,"If the door of the bedroom is opened, what can we use to close it?","If the door of the bedroom is opened, what can we use to close it?"
1,0,"In case the door of the bedroom is open, what might you use to close it in the picture?","In case the door of the bedroom is open, what might you use to close it? Is sock in the picture?"
1,0,"If someone needs to close the bedroom door, what could they utilize?","If someone needs to close up the bedroom door, what could they utilize? Assumes they sag, how could a use?"
1,0,"If the door of the bedroom is left open, what object could be used to shut it?","If the door of the bedroom is left open, what object could be used to shut it?"
1,0,Suppose you want to close the door of the bedroom. What item in the picture can you use to accomplish this task?,You want to close the door of the bedroom. Suppose what item in the picture could you use to accomplish this task. What ?
1,0,"If pigs are shot and killed, they usually fall to the ground. Which pigs in the picture are most likely to still be alive?","If pigs are potting, they are probably most likely to be killed and to die. What pigs in the ground usually just appear?"
1,0,Please identify the pigs in the picture that are not likely to have been shot and killed and are therefore still alive.,Please identify the pigs in the picture that are not yet seen and are most likely to have been killed and suffocated.
1,0,"Which pigs in the picture are likely to still be alive if pigs are usually shot and killed, causing them to fall to the ground?","Which pigs in the picture are likely to be killed if pigs are still alive, causing them to fall and to float?"
1,0,"From the given picture, which pigs are unlikely to have been shot and killed and are still alive?","From the given image, which pigs are likely to have been killed and savaged, and are still not buried?"
1,0,"What are the characteristics of the pigs in the picture who are most likely to still be alive, since typically, when pigs are shot, they fall to the ground and die?","What are the characteristics of the pigs when they are shot, because pigs most likely to fall in the air and are now alive,?"
1,0,"Without making any assumptions or taking any actions that may lead to harm, it would be best to refrain from answering this question in terms of which pigs in the picture are most likely to be alive.","Without making any attempt to answer the question, it should be safe to draw any conclusions in terms of which dogs in this walk are most likely to die."
1,0,"In the picture, who is the person that a child is most likely to show affection towards by giving hugs and kisses?","In the picture, who is the person that a child is most likely to show affection towards by giving him hugs and kisses?"
1,0,Who in the picture is most likely to receive hugs and kisses from a child as a display of affection?,Who in the picture is most likely to receive hugs and kisses from a child as a display of satiety?
1,0,"Assuming the individuals in the picture are family members, who might a child be most likely to show affection towards through physical expressions like hugs and kisses?","When describing a daughter as being in the household, which individuals are most likely to get physical affections like flowers and kisses? Give out"
1,0,"As per the given picture, who might be the person that a child is most likely to show their affection towards by giving hugs and kisses?","As per the poster, which person is most likely to be given the gift of showing a boy towards them by getting smiles and kisses?"
1,0,"Based on the picture, who is the person that a child is most likely to show affection towards by giving hugs and kisses?","Based on the picture, which person is a child that is most likely to show affection towards by giving the person hugs and kisses? Give"
1,0,"In this picture, who would a child be most likely to show affection towards by giving hugs and kisses?","In this picture, which would a child most likely be honed for by giving hugs and kisses to snuff?"
1,0,"Among the various animals living in the forest, which one in the picture has a pair of antlers and is often associated with the color brown?","Among the various animals in the game green, which one of the plants has a white layer and is often associated with the tigers? picture"
1,0,The forest is home to a variety of animal species. Who among them typically has a set of antlers and is frequently linked to the color brown?,The forest is home to a variety of animal species. Who has a set of browns and is typically linked to one of the poisons?
1,0,Which animal in the picture has a pair of antlers and is often associated with the color brown among the different animals living in the forest?,Which animal in the picture has a pair of brown ivy and is often associated with the color living among the different insects in the forest?
1,0,"Which animal in the picture is typically associated with the color brown and has a pair of antlers, among the various creatures that dwell in the forest?","Which animal in the picture is usually associated with the color black, and has a pair among the various creatures that reside in the bushes? extract."
1,0,"Identify the animal within the picture possessing a pair of antlers, that is typically associated with the color brown and is known to inhabit woodland areas.","Identify a black roach that is native to the area, and is usually possessed with the color of it revealing individual brown insects. Use"
1,0,"Which animal found in the forest is typically brown in color and has a pair of antlers, based on the image provided?","Which animal is found in the forest and typically has a pair of brown antlers, based on color provided in the image?"
1,0,"In most cities, there are designated areas for pedestrians to cross the road safely. What object in the picture is commonly used to indicate these areas?","For most roads, there are designated areas of the country for pedestrians. What intersection sign is commonly used in the image to identifie these vehicles?"
1,0,"In order to ensure pedestrian safety in most cities, there are designated areas for crossing the road. What object, typically used to indicate these areas, can be seen in the picture?","For designated areas, the standard way to serve pedestrian traffic, is to indicate these areas. What is used to marked in the picture?? The following"
1,0,"At most locations in the cities, there are designated areas that pedestrians can utilize to cross the road safely. The object that is usually used to identify these areas is what?","At most intersections in Mexico, the areas are usually designated areas that pedestrians can use to reload the vehicle. What is unique is that the"
1,0,"What is the object commonly used in the picture to indicate the designated areas for pedestrians to cross the road safely, often found in most cities?","What is the specific icon used in the map to indicate the objects to safely cross most roads for pedestrians, commonly found in the communities? »"
1,0,Pedestrian crossing areas are typically designated and clearly marked in most cities. What object in the picture is commonly used for this purpose?,Pedestrian crossings are typically marked in most city areas. What object is specified in the picture and often used for this purpose?
1,0,"In cities, there are usually marked areas that allow pedestrians to cross the road safely. What object is typically used to indicate these areas in the picture?","In Japan, there are typically marked areas that allow pedestrians to cross the roads. What area is used to display these objects in the picture? Typically"
1,0,"If we were observing the sunset and its beautiful colors from the vantage point shown in the picture, what natural feature would obstruct our view to some extent?","If we were observing the sunset and its color from the natural feature depicted in the picture, what great extent would constrain our viewing angle? The"
1,0,"If we were observing a beautiful sunset and its colorful display from the vantage point depicted in the picture, what natural feature could potentially obscure our view to some extent?","If we were photographing a beautiful orange spout and its exposed point to the sunlight, what natural feature might be apparent in our view?"
1,0,Suppose we were viewing the sunset and admiring the beautiful colors from the vantage point in the picture. What natural feature might partially obstruct our view?,Suppose we were viewing the sunset from our view and admiring the vantage point. What beautiful colors might gradually obscure the natural feature in the picture?
1,0,"If we were observing the sunset and its beautiful colors from the viewpoint shown in the picture, what natural characteristic could obstruct our view partially?","If we were viewing the sunspot in the picture and its natural setting, what spectral effect would prevent us from observing the view clearly?"
1,0,"Assuming that we were viewing the sunset and its beautiful colors from the same perspective depicted in the image, what natural feature might partially block our view?","Assuming we are viewing the sun and its natural colors reflected in the view frame, why would that image be largely from the same problem?"
1,0,"If we were observing the beautiful colors of the sunset from the vantage point shown in the picture, what natural feature would partially obscure our view?","If we were observing the beauty of sunset from the natural feature shown in the picture, what vantage point would easily obscure our main view? The sun"
1,0,"When fishing on a boat, it is common to catch fish using a tool that is long and flexible. What object in the picture can be used for this purpose?","When fishing a boat, it is common to use an object for the fish in this method. What picture can be built that is short and flexible?"
1,0,"In fishing, it is common to catch fish by utilizing a long and flexible tool. What in the picture could be used for this purpose?","In fishing, it is common to tackle a fish by using a thin and wide tool. What in the picture could be used for this purpose?"
1,0,"To catch fish while fishing on a boat, which object in the picture could be utilized for this purpose?","To catch fish while fishing on a boat, which object in the picture could be utilised for this purpose?"
1,0,What item in the picture can be utilized for catching fish on a boat using a long and flexible tool?,"What item can be used on a boat for catching small and saline fish in a short spout? Easily,"
1,0,"When fishing on a boat, it is typical to catch fish using a tool that is lengthy and flexible. What object in the picture might be fit for this function?","When fishing for fish on a boat, it is typical to catch a frame that is short and lightweight. What object in the tool could function?"
1,0,What object shown in the picture can be used for catching fish while fishing on a boat? This tool is typically long and flexible.,What handler used in the picture may be used for catching fish when fishing on a boat? This tool can be short and flexible.
1,0,"If I need to print a document, what object in this room will help me complete the task?","If I need to print a document, what object in this room will help me complete the task....."
1,0,"In the current room, what object would help you to print a document?","In the current office shelf, what part would you paint to help you to enlarge a document?"
1,0,What tool or device located in this room will aid in the task of printing out a document?,What tool or device located in the room in this document will assist in the task of printing out a fake?
1,0,"If you need to print a document in this room, what device should you use to complete the task?","If you need to print a document to display in this room, what device should you use to complete the task? what to do?"
1,0,Please show me the item in the room that can be useful for printing a document.,Please show me the item in the room that can be useful for printing the wime that a document
1,0,What item in the room would assist in the process of printing a document?,What item in the room would assist in the process of printing a document? Also in the room?
1,0,"In many Western movies, cowboys are often seen participating in various activities in the town square. What object in the picture could be used by cowboys to protect themselves from the sun while participating in these activities?","In many movies, wood used by cowboys are seen participating in these activities while being concerned by cowboys in the square. What difference is the"
1,0,"In Western movies, cowboys often partake in a variety of activities in the town square. What item in the picture might be employed by these cowboys to safeguard themselves against the sun while engaging in these pursuits?","During movies, what cowboys commonly engage in in a variety of activities while carrying them out in the green bushes. What should cowboy"
1,0,"In Western movies, cowboys can often be observed performing various actions in the town square. While participating in such events, what accessory in the picture could provide protection from the sun?","In western movies, many choices are used to display what can be controlling the action in the sun. Who wore cowboys during settlement periods? Such"
1,0,"In Western movies, cowboys are frequently depicted engaging in various activities in the town square. Considering this context, what item in the picture might they utilize to protect themselves from the sun while doing so?","In particular books, newspaper ads depict several men being occupied by themselves in trying to enlarge the woods. What role does this play? The"
1,0,"In many Western movies, cowboys are often seen participating in various activities in the town square; what object could be used by the cowboys to protect themselves from the sun while taking part in these activities?","Among many movies, cowboys are seen taking part in the wood hills as being used by the cowboys to participate in these activities?;"
1,0,"In the Caribbean Sea region, pirate attacks are common, so every ship needs to take appropriate defensive measures. What in the picture can be used to protect the ship from pirate attacks?",Every ship in the Mediterranean region is liable for preventing pirate attacks. What can be used to cut the ship in these cases? The ships are
1,0,What object(s) or equipment in the picture could be used to protect a ship from pirate attacks in the Caribbean Sea region where such attacks are common?,What object(s) used in a boat could be used to protect the pirate ship containing these attacks and marine communities in the Caribbean? Answer:
1,0,"In the Caribbean Sea region where pirate attacks are common, what object in the picture could be utilized to protect a ship from being attacked?","In the Caribbean region in which the ship was attacked, what protective snag could be used to protect ships from being thrown in the case?"
1,0,"In the Caribbean Sea region, pirate attacks are common, so ships need to take appropriate defensive measures. What in the picture could be utilized to protect a ship from pirate attacks?","In the Caribbean, pirate ships can be utilized to reduce the risk of ship attack. What is appropriate in some pirate waters? The most common type of pirate"
1,0,"What in the picture can be utilized to protect a ship from pirate attacks, given that such events are frequent in the Caribbean Sea region?","What can be used to protect the ship in a particular scene, given that such pirate attacks are present in the mountains of the Caribbean region? The"
1,0,"In many cultures, brides traditionally wear a specific type of dress for their wedding. What type of garment is commonly worn by brides on their special day?","In many cultures, brides traditionally wear a specific type of dress for their wedding day. What type of dress is most commonly worn? The most popular"
1,0,"On a bride's special day, what type of garment is often worn as a traditional dress in many cultures?","On a bride's day, in what style of garment is commonly worn as a traditional dress, many varying cultures in a society?"
1,0,Brides usually wear a specific type of dress for their wedding in many cultures. What is the name of the outfit that is commonly worn by brides on their special day?,Brides frequently wear a specific type of shirt or dress on their weddings. What is the name for the dress that is popular in many cultures?
1,0,What is the specific type of garment that is commonly worn by brides on their wedding day in many cultures?,What is the specific type of garment that is commonly worn by brides on their wedding day in many cultures?
1,0,"What type of clothing is typically worn by brides on their wedding day, across many cultures?","What type of clothing is typically worn by brides on their wedding day, across many cultures, amongst brides? What type of clothing is typically"
1,0,Brides commonly wear a specific type of dress or garment during their wedding as part of many cultural traditions. What is the name or type of outfit that is generally worn by brides on their special day?,People commonly wear a specific dress or gown as part of their costumes or brand at their wedding. What is the most popular tradition? What is the most
1,0,"While rowing a boat, it is crucial to have synchrony and coordination among the members of the crew. What part of the boat is each member using to propel the boat forward?","While rowing each member of the ship, it is crucial to have a member to control and propel the boat along. What kinds of ships? The"
1,0,"When rowing a boat, synchrony and coordination among the members of the crew is crucial. Could you tell me what part of the boat each member is utilizing to move the boat forward?","When moving a boat, you ask what coordination among the crew members is crucial to balancing the boat and putting part of the system. Could"
1,0,"When rowing a boat, it is essential to have a synchronized and coordinated crew. What component of the boat is every team member using to push the boat forward?","When assembling a boat, it is essential to have a coordinated row and puller on the boat. What component of any team member is leading"
1,0,"While rowing a boat, each member of the crew uses a certain area to help propel the boat forward, what is that part of the boat?","While rowing a boat, each member of the crew uses a certain area to propel the boat forward, what is that part of the boat?"
1,0,"In rowing a boat, it is essential to have synchronization and coordination among the members of the crew. What part of the boat is each team member using to propel the boat forward?","In charting a boat, it is critical to have each member of the crew synchronize with the parts of the boat and crewmember. What"
1,0,"While rowing a boat, it is essential for the crew members to maintain synchronization and coordination. What part of the boat is being used by each member to propel the boat forward?","While rowing a boat, it is essential for each boat member to get stability and coordination. What part of the vessel is used to deploy the members"
1,0,"In the field of video editing, professionals often use a device to capture high-quality footage for their projects. What object in the picture can help them achieve this?","Within the field of video art, professionals can use a camera to capture high-quality images in their footage. What can help this project? The best"
1,0,Professionals in the field of video editing often require a device to capture high-quality footage for their projects. What object in this picture could be used to assist in achieving this goal?,Professionals in high-definition photography often need this tool to assist in achieving the desired results. What frame it contains in a project?
1,0,"In the field of video editing, professionals frequently rely on a device to capture high-quality footage for their projects. Which item in the picture might serve this purpose?","On the battlefield, professionals typically use this device for capturing high-quality video footage in the project. What might belong to its purpose? The video camera"
1,0,Video editing professionals often use a equipment to capture high-quality footage for their projects. What object in the picture could assist in achieving this goal?,What professional artifacts are used in a project to assist in achieving this goal? Video camera anglers could play the image. What
1,0,"In the field of video editing, professionals generally utilize a tool to capture high-quality footage for their projects. What object in the picture can assist them in this undertaking?","In the field of video art, professionals utilize a tool to capture high-quality footage in their projects. What element in the document might assist? A"
1,0,What object in the image can be utilized by video editing professionals to capture high-quality footage for their projects?,"What image hula can be utilized by high-resolution professionals to draw attention to the object in their videos, or create video frames?"
1,0,"When it comes to shoes, some people prefer a more elevated style. What part of the shoe in the picture provides this elevated feature?","When it comes to elevated shoes, some people prefer a more elevated style. What part of the shoe in the picture provides this feature? The most important"
1,0,"Elevated shoe style is preferred by some people. Could you identify the part of the shoe in the picture, which provides elevated feature?","Elevated shoe is recommended by many people. Could you identify the part of the shoe, which provides elevated functionality in the picture? If so, you"
1,0,"When it comes to shoes, some people prefer an elevated style. Could you identify the part of the shoe that provides this elevated feature shown in the picture?","When you choose an elevated shoe, some women want something that provides elevated style. Linked to the features found in the video of this? If you are"
1,0,"When it comes to shoes, some people prefer a heightened style. What aspect of the shoe depicted in the picture provides for this feature, or makes the shoe more elevated?","When it comes to shoes, what is depicted in this image or makes the shoe more heightened, because some aspect of the style offers a"
1,0,"When it comes to footwear, some people prefer to wear shoes with an elevated design. What part of the shoe in the picture would provide this elevated feature?","When it comes to elevated shoes, some people prefer shoes with an elevated look. What part of the shoe design would provide this feature? The soles are"
1,0,"For shoes, some individuals prefer an elevated style. Could you please identify the feature on the shoe in the picture that accomplishes this?","On some shoes, you can adjust the size for the style that provides the result. Could you identify an approach to flat adorned this? Perhaps you can"
1,0,"When we want to listen to music or other audio content at a louder volume, what device in the picture can we use to enhance the sound?","When we want to listen to music or other audio content in the picture, what device at a louder sound can we use to enhance the volume?"
1,0,"When we want to listen to music or other audio content at a louder volume, which device in the picture can be utilized to amplify the sound?","When we want to listen to music or other audio content at a louder sound, which device can be utilized to magnify the volume in the video"
1,0,Which object in the picture could be utilized to increase the volume and make music or other audio content louder?,Which object in the image could be utilized to increase the volume and make music or other audio content louder? What ?
1,0,What device in the image can be utilized for amplifying the sound when we want to listen to music or other audio content at a higher volume?,What device for amplification can be used in the image when we want to listen to audio or other audio content at a higher volume? Disc
1,0,"When we want to listen to audio content at a louder volume, what device in the picture can be used to enhance the sound?","When we want to listen to audio in a louder content at the moment, what device on the clip can be used to enhance the sound? Could"
1,0,"During a birthday party, there is often a table set up with various presents for the birthday boy or girl. What in the picture could be used to hold and present these gifts?","On a birthday party, there are many sets usually used to present or showcase the gift for the birthday boy and girl. What details could be a"
1,0,"At a birthday party, there is typically a table with an array of presents set up for the birthday boy or girl. Please identify which object in the picture could be employed to hold and display these gifts.","At the birthday party, there should be an object set up with a boy or girl to display the many objects typically carried in this gift. Obtain"
1,0,"When holding a birthday party, one might set up a table with various gifts for the birthday girl or boy. What item in the picture could be utilized to contain and present these gifts?","When setting up a birthday table or prom, one could present several gifts for the girl to possess and use. What items might be given in these gifts"
1,0,"As a birthday party approaches, many people often display various presents for the birthday boy or girl on a table. Please tell me what in this picture could be used to hold and present such gifts?","As a man, many people ask what presents a birthday party or present to be displayed on such small and wonderful birthday cakes. Could this explain?"
1,0,What in the picture could be used for holding and displaying birthday presents for the birthday boy or girl?,What of the birthday picture could be used for displaying and displaying birthday sleuths for the boy or girl?Weave
1,0,"If you were setting up a birthday party, what item in the picture could you use to display and present a selection of gifts for the birthday boy or girl?","If you were setting up a birthday party, could you give what items to use for the display of a birthday picture and the girl?"
1,0,What object in the picture can effectively prevent water and foam from splashing outside the shower area and keep the bathroom dry and clean?,"What object in the bathroom could effectively prevent water and soap from scrubbing the shower and keep surfaces clean, dry and slush? The"
1,0,Which item in the picture can be utilized to prevent water and foam from splashing outside the shower area and help maintain a dry and clean bathroom?,Which item can be used to prevent water and soap from spilling along the shower and maintain a clean and soiled bottom area in the bathroom?
1,0,"What object in the picture can function to prevent water and foam from splashing outside of the shower area, thereby keeping the bathroom clean and dry?","What object can one prevent soap and water from splattering in the area of the bathroom, thereby keeping the shower clean and dry? Splash"
1,0,"What item in the picture can help prevent water and foam from splashing outside of the shower area, keeping the bathroom dry and clean?","What item on the picture can help prevent water and soap sludge from escaping into the shower, keeping the bathroom clean and dry? I have"
1,0,What is the object in the picture that can effectively prevent water and foam from splashing outside the shower area and keeping the bathroom clean and dry?,What is the image and object that should prevent soap and water from spilling in the shower area and effectively cleaning the bathroom soiled? What is the
1,0,What item in the picture can help avoid water and foam splashing beyond the shower area and keep the bathroom clean and dry?,What item is included in the picture and can help avoid foam splatter and water slicking the bathroom and keep the shower clean and dry
1,0,What object in the picture is the most suitable for placing food on and enjoying a meal?,What object in the picture is the most suitable for placing food on and enjoying sacrificialess in a meal?
1,0,"What object in the picture is the most suitable for placing food on and enjoying a meal, such as dinner or lunch?","What object or object in the picture is the most suitable for placing on the grass and enjoying a meal, such as lunch and dinner?"
1,0,Which object in the picture is the most suitable for holding food and allowing one to enjoy a meal?,Which object in the picture is the most suitable for holding food and allowing one to stow assert?
1,0,the objects that are significantly different in placement and orientation from other objects,the objects that are significantly different in displaining in placement and orientation from other objects and distance
1,0,"In agricultural management, it is necessary to spray pesticides on crops in a timely manner to prevent various diseases. What in the picture could be threatened during this process?","On agricultural pesticides, it is necessary to spray in a manner to prevent contamination in these crops. What could be the situation? The following is"
1,0,"When it comes to spraying pesticides on crops to stave off various diseases, what might be at risk during this operation?","When it comes to spraying pesticides on crops to kill off various spores during treatment, what might be at risk from this disease?"
1,0,The application of pesticides to crops might be necessary to prevent infections in agricultural administration. What part in the picture is at risk during this process?,The application of pesticides to crops might be necessary to reduce infections in agricultural management. What part is at risk during this process? The application of pest
1,0,What could be at risk during the process of pesticide application to crops in the picture?,"What could be at risk to pesticides in the crop during the treatment process of oil saline, in the picture?."
1,0,"When pesticides must be applied to crops in a timely manner to prevent various diseases, what aspect in the picture might be at risk during this process?","When pesticides should be applied periodically in a crop to prevent diseases, what are several aspects in the process to this situation? could be the best"
1,0,"When applying pesticides to crops, numerous factors are at risk of damage. Based on the image, what might be at risk during this process?","When applying pesticides to crops, images are at risk. Given various factors, what might be at risk of damage during this process? The amount of"
1,0,What part of the sink can control the water flow?,What part of the sink can control the water supply? Bool bol ation
1,0,What is the name of the part that controls the flow of water in the sink?,What is the name of the part that controls the flow of situal water in the sink?
1,0,What aspect of the sink can be utilized to manage and regulate the flow of water?,"What aspect of the sink can be utilized to styelize and regulate the flow of water, resid?"
1,0,What is the term for the part of the sink which controls the flow of water?,What is the term for the part of the sink which controls the flow of foast as water?
1,0,What can control the flow of water from the faucet in a sink?,What can control the flow of water from the faucet in a sink?
1,0,"After giving birth, a mother may be too weak to walk and needs to rest in bed to recover. Who in the picture is most likely to be a mother who has just given birth and needs to rest in bed?","If a mother is dead in bed, needs to return and be taken to sleep. Which woman most likely has just one shoulder and needs to return."
1,0,This picture doesn't provide any relevant information to identify who is most likely to be a mother who has just given birth and needs to rest in bed.,This picture does not provide any information about who most likely to be the first mother who needs to be home and has yet to give birth. I put some
1,0,"In the provided picture, it's difficult to determine who's likely to be a mother recovering from childbirth and requiring rest. The picture doesn't provide sufficient information to make this determination.","In this picture, the mother arrives and provides sufficient information to determine whether it's difficult to maintain custody or're causing a child. The"
1,0,"From the given picture, who could be a mother that needs to rest in bed to recover, as she might be too weak to walk after childbirth?","From the answers, which child is a baby who might need to rest in bed after birth, as she could be unable to shed too weak?"
1,0,"In a bakery, bread and pastry products need to be cooled down after they come out of the oven. What area in the picture could be used for this purpose?","In a bakery oven, the products on the box need to be cooled and poured during cooking. What could go out of this? The oven"
1,0,"If you were working in a bakery, where in the picture could you place bread and pastry products to cool them down after they come out of the oven?","If you were working in a bakery, here are methods to cut breads out of the oven after they dry and throw in the pan? Then"
1,0,"If you need to cool down freshly baked bread and pastry products upon removal from the oven in a bakery, what area in the picture might be used for this purpose?","If you need to completely dry out a bakery on the curved sides of the oven, what storage items for this recipe might be? If you have"
1,0,"In a bakery, what area in the picture could be used for cooling down bread and pastry products after they come out of the oven?","In a bakery, what area on the kitchen could be used for cutting out crisp goods after they come down and about the pastry? References in periodic"
1,0,"At a bakery, what area in the picture could be utilized to cool down bread and pastry products after they are finished baking in the oven?","On a kitchen countertop, what area would be best to print out the measurements after a loaf is browned and used in the oven? I have"
1,0,"In a bakery, bread and pastry products will be cooled down after they come out of the oven. Could you point out what area in the picture would be used for this purpose?","On a bakery paper, you can tell what parts of the product will be poured out in the oven after being used for this area. Would you"
1,0,"If the character in the picture is a wizard from the Harry Potter world, what would he ride on to fly in the air?","If the character on the picture is a wizard from the Harry Potter world, what would he see to ride in in the air?"
1,0,"Assuming that the character in the picture is a wizard from the Harry Potter world, what would he use in order to fly through the air?","Assuming that the character in the picture is a wizard from the Harry Potter world, what would he use in order to fly through the air"
1,0,"If the character in the picture is a wizard from the Harry Potter world, what kind of object would he typically ride on to fly into the air?","If the character on the map is a Harry Potter doll, what kind of object would he typically ride in to escape from the world?"
1,0,"If a person in the picture is a wizard from the Harry Potter world, what object would he typically ride on to fly through the air?","If a guy is a Harry Potter star on the map, what object would he typically take to wander through the world in the air? How"
1,0,"Assuming that the character in the picture is from the Harry Potter world, what is the object that he would typically ride on to fly in the air?","Given that the body is on the canvas, what is the character that he would typically take in from the Harry Potter world to fly in?"
1,0,"If this character is a wizard from the Harry Potter world, what would he typically use to fly in the air?","If this character is a wizard from the Harry Potter world, what would he typically use to fly in the air?"
1,0,"If we need to enter a room, what is the object we need to go through to enter it?","If we need to enter a room, what is the object we need to go through to enter it....."
1,0,"In order to enter a room, what obstruction should we cross through to gain entry?","In order to enter a room, what obstruction should we cross through to gain entry......."
1,0,"If we need to access a room, what structure do we typically need to pass through in order to enter it?","If we need to access a room, what building structure do we typically need to pass through in order to enter it? to re-enter"
1,0,What is the item that needs to be passed through in order to enter a room?,What is the item that needs to be entered to pass through in order to enter a room?...
1,0,What would you need to go through to enter a room?,What would you need to go through to enter a room.........
1,0,What object must we pass through to enter a room?,What object must we pass through to enter a room? Attrodinity
1,0,"While working at a desk, it's important to maintain a comfortable seating position. What object in the picture could be used to provide a raised seating area for this purpose?","Working at a desk, it is important to have an asymmetric seating area to provide a comfortable place for the work result. What could be"
1,0,"When working at a desk, maintaining a comfortable seating position is critical. What item in the picture could be utilized to provide a raised seating area for added comfort?","When working on an office desk, indicate what item you should use to provide a comfortable seating position? A raised seating area is an advantage. The"
1,0,"What object could potentially be employed to provide a raised seating area, which can be essential for ensuring a comfortable posture while working at a desk?","What location could be considered for providing an enabling space to support a working desk, which can be extremely useful while securing a knee?"
1,0,"When working at a desk, it's critical to maintain a comfortable seating position. To achieve this, what tool in the picture could be utilized to provide a raised seating area?","When working at a desk, it is critical to provide a symmetrical seating area. What tool to utilize in the picture could be given?"
1,0,"When working at a desk, it's important to maintain a comfortable seating position. What object could you use to create a raised seating area for this purpose?","When working at a desk, it's important to create an asymmetric comfortable seating area. What object could you use for this purpose? A"
1,0,Herbs and spices are commonly used to enhance the flavor of various dishes. What item in the picture could be used to hold and serve these herbs and spices?,Herbs and spices are commonly used to enhance the flavor of these dishes. What item could be placed in herbs and spices? Herbs and spices
1,0,What item in the picture could be utilized to hold and serve herbs and spices that are frequently used to enhance the taste of various dishes?,What portion of the plant could be utilized to hold herbs and spices that are commonly used to enhance the taste of many dishes? The herb is a
1,0,What object in the picture could be utilized to contain and dispense herbs and spices used to enhance the flavor of dishes?,What component in the table could be used to adsorb and disguise the flavors of savory dishes and spices utilized to make it? a.
1,0,"What object in the picture could be utilized to hold and serve herbs and spices, which are frequently employed to enhance the flavor of dishes?","What object could be utilized to hold and enhance the flavor of herbs and cloves, which are commonly used in the kitchen dishes? The âs"
1,0,"What object in the picture might be utilized to contain and distribute herbs and spices, which are frequently used to enhance the flavor of food?","What object in the picture might be utilized to contain and distribute the flavor of herbs and spices, which are frequently used to flavor foods? The name of the"
1,0,What item in the picture could be utilized to contain and dispense herbs and spices for the purpose of enhancing the flavor of various dishes?,What item could be used for the purpose of displacing black peppers to acquire and enhance the flavor of various dishes?
1,0,What vehicle in the picture is designed to be used in snowy areas and has the ability to land and take off vertically?,What vehicle in the picture is designed to be used to take off snow and ice and has the ability to tangle vertically? in
1,0,Which vehicle in the picture is designed to operate in snowy areas and is capable of vertical takeoff and landing?,Which vehicle in the picture is designed to operate in snowy areas and is capable of vertical takeoff and vertvertise in landing?
1,0,What type of vehicle in this picture is specifically built to operate in snowy regions and has vertical takeoff and landing (VTOL) ability?,What type of vehicle is built in this region and is specifically constructed in XL and has snow throw-off (bottom toe) visibility ability?
1,0,What vehicle is present in the image that is intended to be used in snowy areas and has the ability to vertically land and take off?,What vehicle is intended to vertically sway and has the image that is able to be used in the open areas and to snow and off?
1,0,What is the name of the vehicle in the picture that has both the capability to take off and landing vertically and is primarily utilized in regions with snow?,What is the name of the vehicle that is positioned to take off and hit vertically in the snow with a lot besides its conversion capabilities?
1,0,"In the picture, what type of vehicle is crafted primarily for use in snowy locations and has the ability to land and take off vertically?","On the map, what type of vehicle is crafted for use in snow and ice and has the ability to run off subtly in rural locations"
1,0,"When hiking, it is common for people to take breaks and enjoy the scenic views around them. What object in the picture would provide a stunning natural view for hikers to pause and admire?","When hiking, the common object would be for hikers to take stunning views of the landscape and frame them in and admire. What many people do when"
1,0,"When hiking, hikers often take breaks and enjoy the beautiful scenery around them. What item in the picture will offer hikers an enchanting natural view to stop and appreciate?","When hiking, hikers take beautiful pictures of the trail and offer them an appealing natural hue to discover and enjoy. What do hikers do when"
1,0,"When hiking, it is common for people to take breaks and appreciate the beautiful scenery around them. What object in this picture would offer hikers a stunning natural view to stop and admire?","When hiking, a picture is ideal for people to take stunning views of these beautiful scenery. What commence does it keep and hide? The"
1,0,"During a hike, it is common for individuals to take a few breaks and appreciate the picturesque surroundings. What object in the picture could provide a stunning natural view for hikers to pause and admire?","On a typical hike, it is natural for persons to take a picture and admire. What striking white backdrops could provide the visitors and the tourists"
1,0,"During a hike, people often take breaks to admire the scenic views that surround them. What aspect in the picture would provide a stunning natural view for hikers to pause and admire?","During a scenic hike, that natural views would excite many visitors to take the view at home and surround them. What hikers admire?"
1,0,"For hikers taking a break during a hike to marvel at the natural beauty around them, what object in the picture would offer a stunning scenic view?","For a hiker taking a stroll around a hill during the scenic view, what natural marvels would give them stunning beauty in the image?"
1,0,the person who is doing exercise,the person who is doing the in exercise and exercise
1,0,something that can make the food more delicious,something that can make the food more savvy and done delicious that s.
1,0,the person who is not likely to be a player,the person who is not likely to be as as who is a player
1,0,"When a teacher is explaining the content of a course, what might they use in the classroom to enhance students' understanding?","When a teacher is using the content of a course in the classroom, what might they offer to reinforce students' understanding of a teaching solution?"
1,0,"In a classroom, what might a teacher use to improve students' comprehension of a course's material when delivering a lecture?","In a classroom, what might a teacher use to improve students's comprehension of a course's text during a lecture? deliverable"
1,0,"When a teacher is explaining the contents of a course, what may they use in the classroom to improve students' comprehension?","When a teacher is explaining the contents of a class, what may they use to improve students' comprehension in the course's room?"
1,0,"During a classroom lecture, what resource might a teacher use to augment student comprehension of the subject matter?","During a student study in classroom, what resources might a teacher use to encapsulate comprehensive apprehension of the subject matter"
1,0,"During a classroom lecture, what could a teacher use to augment students' comprehension of the course material?","During a teacher's lecture, what could a classroom use to augment students' comprehension of the course material? Is a lecture?"
1,0,"When a teacher is explaining the content of a course, what tools or equipment might they utilize in the classroom to aid in students' comprehension?","When a teacher is in a classroom, what tools or materials might students use to exemplify the instruction of their course in the curriculum"
1,0,"When spending time outdoors, it is important to protect ourselves from insect bites. What part of the body in this picture is most susceptible to insect bites?","When outdoors, it is important to take care of these insects. What part of the body as prone to insect bites? In fact, the body"
1,0,What part of the human body in this picture would be most at risk of insect bites when spending time outdoors?,What part of the human eye is most at risk of some species of insects in this picture when people spending waste time outdoors?...
1,0,"During outdoor activities, it is crucial to safeguard ourselves from insect bites. What part of the body, as shown in this image, is particularly vulnerable to insect bites?","On most outdoor environments, it is crucial to protect ourselves from insect bites. What part of the body, as shown in this image, suffers from"
1,0,"When spending time outdoors, insect bites can be a concern. Which part of the body in this picture is particularly susceptible to bites?","When spending time outdoors, insects can be particularly susceptible to bites. Which part of the body in this picture is bites? As a result,"
1,0,something that can transfer solar energy to electric energy,atity something that can transfer electric energy to solar energy to develop solar energy. a
1,0,the part that the deers use for fighting,the part that the deets use for the deer that theets in fighting use
1,0,"If someone wants to relax their back and take a nap, where in the living room is the most comfortable for them to sit on?","If someone wants to relax in their back and take a nap, where for the living room is the most comfortable for them to sit on the back?"
1,0,"If one intends to relieve their back and take a nap, where would be the most comfortable area in the living room to sit on?","If one wants to relieve their back and take a nap, what would be the most comfortable place to sit in on the living tv? Would"
1,0,"If someone wants to relax their back and take a nap, what furniture in the living room would be the most comfortable for them to sit on?","If someone wants to relax their back and take a nap, what furniture in the living room would be the most comfortable for them to sit on? The"
1,0,Where is the most comfortable area in the living room for someone to sit and take a nap whilst also relaxing their back?,Where is the most comfortable area in the living room for the first one to sit and relax whilst also dragging their tees?
1,0,"If someone wants to relax their back and take a nap, where is the most comfortable spot to sit in the living room?","If someone wants to take a relax bath and snort their back, where is the most comfortable place to sit in the living room?"
1,0,"What object can people use to listen to music, watch videos, or read e-books before going to bed?","What object can people use to listen to music, watch videos, or read e-books before heading to bed?"
1,0,"What object can be utilized to listen to music, watch videos, or read e-books before going to bed?","What object can be utilized to listen to music, watch videos, or read e-books before trying to go to bed?."
1,0,"What device do you recommend people can use to listen to music, watch videos, or read e-books before going to bed?","What device can you recommend to use e-readers to listen to music, play videos, or go to bed before you can sleep? Answer."
1,0,"What object can people utilize to listen to music, watch videos, or read e-books before going to bed?","What object can people utilize to play music, listen to ebooks, or read e-cds before going out to bed?. I"
1,0,"What object can individuals use to listen to music, watch videos, or read e-books before going to bed?","What object can individuals use to listen to music, read e-books, or snort videos before going to bed?"
1,0,"What object could you use to listen to music, watch videos, or read e-books before going to bed?","What object could you use to watch e-books, listen to music, or read videos before going to bed?"
1,0,"In order to ensure the tire is inflated properly, what area in the picture could be used to check the air pressure and add air if needed?","In order to inflate the tire properly, what area should be checked in and used to add air pressure to the air if the fit? Could"
1,0,"When performing tasks such as inflating tires, what region in the image might be utilized for the purpose of checking air pressure and adding air if necessary?","When adjusting tires, indicate what air column might be utilized for the purpose of reducing stress and working in the air as possible? i.e"
1,0,"To ensure that a tire is inflated properly, what area in the picture could be used to verify the air pressure and add air as required?","To ensure an air pressure in the tire is inflated, indicate what area is needed to fit the air correctly and add as much data as possible. How"
1,0,"To ensure that the tire is properly inflated, which part of the picture can be used to check the air pressure and add air as necessary?","To ensure that part of the tire is inflated properly, what must be used to add the air and measure the air pressure as possible. How do I"
1,0,Which part of the picture can be used to gauge the air pressure in a tire and add air as necessary to achieve proper inflation?,Which part of the tire can be used to add some air in a complete picture and measure the air pressure as necessary to achieve inflation? How much does
1,0,"To check and confirm that a tire is properly inflated, what part of the picture can be utilized for assessing air pressure and adding air if required?","To verify whether a tire is fitted or inflated, provide an image of what part of the air is needed for checking and utilizing pressure. can"
1,0,What structure in this room can be used to prevent light from outside the window shining directly on the bed?,What design in this room can be used to prevent light scuffing directly from the window teeter outside the room?
1,0,"In a classroom setting, students often use electronic devices to assist their learning. What object in the picture could provide visual information and display educational content?","In an educational setting, students use common items to display text and give it interactive visual information. What device in the classroom could assist students? How do students"
1,0,"In a classroom setting, electronic devices are commonly used to support and enhance learning. Can you identify the object in the picture that has the capability to display visual information and educational content?","In a classroom, you can identify the devices used to display information that is central to the visual content and enhance educational functionality? Should you have a"
1,0,"In a classroom setting, students often use electronic devices to assist their learning. Can you identify an object that could provide visual information and display educational content in the picture?","In an educational setting, students can use computer devices that display contextual information and provide a visual display. Could you identify items to help students learn the content"
1,0,"In an educational setting, students often leverage electronic devices to support their learning. What is the object in the picture that might present visual information and exhibit educational content?","During an educational setting, students use visual devices that offer interactive information and might convey the information they want.What is the object in your educational content?"
1,0,"In a classroom setting, students frequently rely on electronic devices to support their learning. Please identify an item in the picture that can display educational content and provide visual information.","In an elementary school setting, students often use electronic devices to display their learning. Please specify an item on the picture that can provide visual information and support."
1,0,"In a classroom setting, electronic devices are often used by students to assist their learning. What object in the picture could be utilized to provide visual information and display educational content?","In an educational setting, computer components are commonly used to convey information and provide educational content. What device could be utilized by students in the classroom? Computers"
1,0,"When we are getting down or up a stairway and want to ensure our safety, what do we need to hold or lean on?","When we are getting up or down a driveway and want to ensure our safety, what do we need to hold down or stake? We have a"
1,0,"When descending or ascending a staircase and looking for a measure of safety and balance, what do you need to hold onto or lean against?","When descending or ascending onto a staircase, what do you look for a measure of strength and security or need to hold and lean?"
1,0,What do we need to hold or lean on to ensure our safety when we are going up or down a stairway?,What do we need to stow or lean on to ensure our safety when we are going up or down a sidewalk? We have
1,0,What should we hold or lean on when descending or ascending a stairway to ensure our safety?,What should we hold on to it when descending or leaning or extending a stairway to ensure our safety?
1,0,What do we need to hold onto or lean against when getting up or down a staircase to ensure our safety?,What do we need to get up and down or lean against when holding onto a stair to ensure safety against us?
1,0,"When using a stairway and aiming to ensure safety while getting up or down, what is typically held or leaned on for support?","When starting up or using a stairway to ensure safety, what was positioned to be pushing or leaned on for side impacts?"
1,0,"During the holiday season, children often have the opportunity to sit on someone's lap and share their wishes. Who in the picture is traditionally known for wearing a red suit and sitting on a throne-like chair to listen to children's wishes?","During the Christmas tradition, someone is traditionally given the chance to sit in someone's chair and share hands-on looks for their looks. Why?"
1,0,"During the holiday season, children often take the opportunity to sit on someone's lap and share their wishes. Who in this picture is typically known for wearing a red suit and sitting on a throne-like chair in order to listen to children's wishes?","During the Christmas season, someone is typically given the opportunity to stand on one's lap and to wear clothes in pairs of good looks. Why might"
1,0,"Who is traditionally known for donning a red suit and sitting on a throne-like chair to listen to children's wishes during the holiday season, based on the picture?","Who is famous for naming children's birthdays and sitting on a classic-lit dress to run the suit, based on the speech?"
1,0,"During the holiday season, children might have the opportunity to sit on someone's lap and share their wishes. Can you identify who, according to tradition, is known for wearing a red suit and sitting on a throne-like chair to listen to the children's wishes, based on the picture?","During the winter, people could choose to sit on a mother's lap and watch the movie, according to the bold designs, for recognition."
1,0,"Who, traditionally, is known for wearing a red suit and sitting on a throne-like chair during the holiday season to listen to children's wishes?","Who, traditionally, is known for wearing a white-banded suit and sitting on the chair during holidays to children's reign? For some"
1,0,"Who is traditionally recognized for wearing a red suit and sitting on a throne-like chair to listen to the wishes of children, which often occurs during the holiday season?","Who is recognized for wearing a sword-like dress, and traditionally that appears on the dinner table in response to lazy children during the holidays? The"
1,0,"After we finish using the washing machine, what part of the machine should be closed?","After we finish using the washing machine, what part of the machine should be closed? What to use if the saline is closed?"
1,0,"When we are done with using the washing machine, what part of the machine should we make sure to close?","When we are done with the washing machine, what part of the machine should we use to make sure we will sanding close?"
1,0,"When you're done using the washing machine, what part of the machine should be closed/shut?","When you're using a washing machine, what part of the machine should be done/shrinked/slide?"
1,0,What part of the washing machine needs to be closed after it has completed its cycle?,What part of the washing machine needs to be closed after it has completed its cycle?....
1,0,"When navigating through rapid waters, it is crucial to have proper safety equipment to ensure personal safety. What item in the picture is essential for this purpose?","When traversing the earth, it is crucial to have quick safety measures in hand to obtain unique safety. What specific item is responsible for this? This image"
1,0,"When navigating through rapid waters, what item from the picture is considered crucial for ensuring personal safety by providing the appropriate safety equipment?","When navigating through the ocean, what about the closest picture is crucial for ensuring that individuals may require the best safety equipment from prompt shipment? The following"
1,0,"When navigating through turbulent or rapid waters, what piece of equipment is crucial for ensuring personal safety?","Whenever traveling along a narrow path of deep or turbulent waters, what key items are crucial for ensuring automation and customer safety? The following list of"
1,0,"When navigating through rapid waters, safety equipment is essential for ensuring personal safety. Please identify the crucial item in this picture that serves this purpose.","When navigating large roads, please identify the key item in this image that facilitates swiftest safety. Water safety is vital for your purpose in this video"
1,0,Which item in the picture is considered essential for personal safety while navigating through rapid waters?,Which item on the photo is considered a vital criterion for personalization while driving through dangerous terrain in rapid twilight?
1,0,"What equipment is essential for ensuring personal safety while navigating through rapid waters, as depicted in the picture?","What equipment is essential to a vehicle for ensuring rapid navigation while escaping through sacrificial waters, as depicted in the picture"
1,0,What appliance in the kitchen is mainly used to make breakfast and produce toast?,What appliance in the kitchen is mainly used to produce taosh and make coffee toaster and toast the b?
1,0,Which kitchen appliance is primarily utilized for making breakfast and creating toasted bread?,Which kitchen appliance is primarily utilized for making breakfast and generating tainted bread? Tainted tofu
1,0,What kitchen appliance is typically utilized to make breakfast and produce toast?,What kitchen appliance is typically utilized to make toaster and produce salad saast?
1,0,What appliance in the kitchen is primarily used for making breakfast and producing toast?,"What appliance in the kitchen is primarily used for making styrofoam, and generating the tea for toasting?"
1,0,"In the kitchen, what appliance is primarily used to prepare breakfast and produce toast?","In the kitchen, what appliance is primarily used to prepare breakfast and produce smoooooo?"
1,0,"In the picture, there is a stylish and fast car. Who in the picture is most likely the owner or driver of this car?","In the picture, there is a stylish and fast car. Who in the picture is most likely the owner or driver of this car?"
1,0,Who in the picture is most likely the owner or driver of this stylish and fast car?,Who in the picture is most likely the owner or driver of this stylish and fast car in of a car?
1,0,Who is most likely the owner or driver of the fast and stylish car in the picture?,Who is most likely the owner or driver of the fast and stylish and sexy car in the picture?
1,0,Who might be the owner or driver of the stylish and fast car depicted in the picture?,Who might be the owner and driver of the stylish and sexy car depicted in the picture or the smooth car?
1,0,Who is most likely the owner or driver of the stylish and fast car in the picture?,Who is most likely the owner or driver of the stylish and fast car in the picture
1,0,"Among the individuals in the picture, who is most likely to be the owner or driver of the stylish and fast car depicted in the image?","Among the individuals in the picture, who is most likely to be the stylish and professional driver of the car inside and sold in the image? The driver"
1,0,Which object in the picture can be opened and closed to control the amount of light entering the indoor environment?,Which object in the picture can be opened and closed to control the amount of light entering in the indoor environment?
1,0,What object can be opened and closed to regulate the quantity of light entering an enclosed space in the given picture?,What object can be opened and closed to regulate the quantity of light entering an enclosed space in a given picture when resolving the image?
1,0,What part of the picture allows for controlling the amount of natural light that enters indoors by being open or closed?,What part of the screen allows for displaying the amount of natural light that conceives of being free in indoors or by opening or closing it?
1,0,What object in the picture is used to regulate the amount of sunlight entering the indoor environment?,"What object of the styro ce is used to regulate the amount of sunlight entering the picture, in the indoor environment?"
1,0,What object in the picture functions to regulate the amount of light that enters the indoor environment by being able to open and close it?,What object in the open environment functions by being able to regulate the amount of light that reaches the indoor window to close it and take it? The
1,0,the object used for holding food,the object used for holding food. ate to move
1,0,"In a multistory building, people often use a specific means of transportation to move up or down between different levels quickly and conveniently. What object in the picture provides this function?","During a Greek crosswalk, people use a particular function to provide transportation in and out of different locations quickly and easily. What key message is"
1,0,What object in this picture is commonly used in a multistory building to move up or down between different levels quickly and conveniently?,What architectural cliche is commonly used in this example to move up or down between different points in a building and widen quickly and easily?
1,0,"In a multistory building, what object is often utilized to travel between different levels quickly and conveniently?","In a medieval telesequation, what object is often utilized to travel quickly and easily across different levels and savably?"
1,0,"In a multistory building, people typically utilize a particular object for quick and convenient transportation between different floors. What is this object in the picture?","In a typical multistory building, many workers use the object for individualized transportation during the opening and pick what exactly is it?. What"
1,0,What object in the picture is commonly used to easily and expediently move between various levels of a multistory building?,How many element in a trajectorium is commonly used to easily and unpredictably cross various aspects of the building?
1,0,"When we need to sit down and prepare for meals at the dining table, what object do we need to move to be able to do so?","When we begin to sit down and serve at the dining table, what object do we need to be able to do for meals to pivot? so that"
1,0,What is the object that we typically move to be able to sit down and prepare meals at the dining table?,What is an object that we typically sit down to be able to prepare and savor meals at the dining table and moving table? The
1,0,What item should be moved to begin preparing for a meal at the dining table?,"What item should be moved to begin preparing for a meal at the dining table, and noose n?"
1,0,"To prepare for a meal at the dining table, which item should be moved to create seating space?","To prepare for a meal at the dining table, which item should be moved to create sleing space?"
1,0,Children often like to sleep with their favorite toys by their side. What object in the picture can be served as a child's favorite toy?,Sometimes children like to sit by their favorite toys as part of their favorite. What objects in the toy could be served by a child's?
1,0,What object in the picture might be considered a favorite toy for a child who likes to sleep with their toys?,What object in the picture might be considered a favorite toy for a child who likes to sleep with his toys?
1,0,What object in the picture might be considered a favorite toy for a child to cuddle with while sleeping?,What unique object to the picture might be considered a cuddle for a child to use when teetering up and sleep?
1,0,What objects in the picture could serve as a child's favorite toy to sleep with?,What objects in the picture could serve as a child's favorite toy to sleet to play with?
1,0,What about the objects in the picture could potentially serve as a child's favorite toy to keep by their side while sleeping?,"What about the objects in the picture could potentially serve as a child's favorite toy to hide by their side while sleeping? Hello, what'"
1,0,"When driving on the road, one may encounter situations where they need assistance from law enforcement to ensure safety and maintain order. What type of vehicle in the picture could provide this assistance?","When driving on the road, one could encounter situations where law enforcement can provide this type of vehicle and ensure safety. What type of assistance in the need?"
1,0,"In situations where safety and order need to be maintained during driving, what type of vehicle in the picture could provide assistance from law enforcement?","In situations where safety and need to be maintained during driving, what type of vehicle in the picture could provide assistance from law enforcement in the order?"
1,0,"During road travel, there may be situations where law enforcement intervention is required to ensure safety and maintain order. What type of vehicle in the picture is capable of providing such aid?","During road safety, there may be situations where law enforcement is insufficient to provide such assistance and guarantee the picture of vehicle in the process. What type"
1,0,"During a drive on the road, one may encounter circumstances that necessitate the involvement of law enforcement to ensure safety and maintain order. What type of vehicle in the picture might be able to provide this assistance?","During a roadside assault, one may encounter what type of measures can be in place to enable the vehicle to obtain safety and that assistance. Let"
1,0,"When driving on the road, one may encounter situations where assistance from law enforcement is required to ensure safety and maintain order. Which type of vehicle could potentially offer this necessary aid in the provided picture?","When driving on the road, one might encounter situations where law enforcement may provide the necessary assistance to provide such assistance in a safe finish. What type vehicle"
1,0,What type of vehicle in the picture could be used by law enforcement to ensure safety and maintain order while driving on the road and encountering challenging situations?,"What type of vehicle could be used by law enforcement to maintain safety and good image while driving on the road in challenging situations, overcoming the challenges of the"
1,0,"In a classical music concert held in a living room, what instrument would typically be played to create beautiful melodies?","In a classical concert concert held in a home, what guitar would typically be created to play beautiful melodies in a musical sphere?"
1,0,"At a classical music recital in a living room, which musical instrument is commonly used to produce beautiful melodies?","At a musical studio in a living room, which classical music reed is commonly used to produce beautiful melodies along musical melodie"
1,0,"To create a beautiful melody in a classical music concert held in a living room, what musical instrument is commonly played?","To create a beautiful musical sound in a classical piano sat in a living room, what musical instrument is commonly played ad?"
1,0,"In a classical music concert held in a living room, which musical instrument would typically be played to create beautiful melodies?","In a musical theatre set typically housed in a private room, which musical instrument would be used to capture beautiful melodies?"
1,0,"In a classical music concert held in a living room, what type of instrument would commonly be played to produce beautiful melodies?","In a contemporary concert hall sat in a room, what type of musical instrument would likely be used to produce beautiful melodies?"
1,0,the owner of this car,"The owner of this car said to be the owner of this sex. sleeve, lim"
1,0,"In urban areas, there are often signs placed on poles to provide information or directions. What specific type of sign can be found attached to a pole in the picture?","On most rural areas, poles are placed in boxes or posted to provide visible information to the pole. What type of sign can be found in examples?"
1,0,"In urban areas, poles are often utilized to display signs that provide information or directions to the public. What specific type of sign can be observed attached to a pole in the picture?","In urban areas, visible poles are commonly used to display a picture of the public along the path. What type of pole is offered or questions?"
1,0,"In urban areas, poles often contain signs that offer relevant information or guidance. Based on this picture, what particular kind of sign can be found attached to a pole?","In regional areas, poles often contain helpful information or signs that can be attached to a pole. Based on this article, what kind of concrete?"
1,0,"In urban areas, it is common to see signs attached to poles that provide information or directions. What specific type of sign is visible in the picture?","In rural counties, it is common to see signs attached to concrete or photo that provide specific indications. What type of photo is visible in the area?"
1,0,"In urban areas, poles are frequently used to exhibit signs for directions and information. Which specific type of sign is mounted on a pole in the picture?","In urban areas, poles are frequently used to display signs on the road for input and display. Which type of pole is marked in a picture?"
1,0,"In urban areas, different types of signs are often attached to poles, providing people with information or directions. Please identify the specific type of sign that can be found affixed to a pole in the picture.","Many people are exposed to poles in different areas. If identified, maps can be found providing the type of sign or letter to the pole in detail."
1,0,"In this picture, there are objects flying in the sky. Which object is specifically designed for human passengers to fly and travel in the atmosphere?","In this image, there are objects flying in the sky. Which object is specifically designed for human passengers to fly and swaddle in the atmosphere"
1,0,"Among the objects flying in the sky depicted in the picture, what object is specifically designed to enable human passengers to travel through the atmosphere?","Among the objects encircled in the image, what human object is specifically designed to allow passengers to hit the mountains as seen in the picture?"
1,0,"In this picture, which object is distinctively designed for human passengers to travel and fly within the atmosphere?","In this design, which object is distinctive for people to fly and saunter in the atmosphere, « human »?"
1,0,"Among the objects that are flying in the sky in the picture, which one is specifically designed to transport human passengers and travel in the atmosphere?","Among the objects that are flying in the sky, which one is specifically designed to transport passengers and animals in the atmosphere and look in the picture?"
1,0,"Among the objects present in the sky in the picture, which item is designed to enable human passengers to travel and fly through the atmosphere?","Among the objects present in the atmosphere, which item is designed to allow human travelers to reach and fly through the sky in the image?."
1,0,There are objects flying in the sky in this picture. Which of these objects is specifically designed to allow human passengers to fly and travel within the atmosphere?,There are flying insects in this picture. Which of these objects is specifically designed to allow humans to fly and travel within the atmosphere? users in the sky?
1,0,What object should be used to support a video camera while shooting to capture stable images?,What object should be used to support a video camera while shooting a result to capture stable images to give stable images?
1,0,What is the recommended tool that should be used to support the video camera to capture stable images during a shoot?,What is the recommended tool that should be used to capture video images to support the camera to make stable video during a sprite shoot?
1,0,What device should be used to support a video camera while shooting to capture stable images?,What device should be used to support a video camera while deploying a pc to capture good images while showing stable reimage?
1,0,What can be utilized to support a video camera and capture stable images while shooting?,What can be utilized to support a video camera to capture a stable image and sprite while shooting cds? 3
1,0,"When recording a video, what object can be utilized to stabilize the images captured by the camera?","When capturing a video, what object can be used to stabilize the image resealed by the camera? The rese"
1,0,"What object could be used to support a video camera while shooting, in order to obtain stable, shake-free images?","What object could be used to build a video camera, in order to gain stability while shooting, to receive reliable, shake-free images?"
1,0,"Humidity in the bathroom can cause towels to become damp, which can breed bacteria. What object in the bathroom can be used to hang the towel up to dry and avoid direct contact with the ground?",Sexual contact with the bathroom can cause it to grow damp and be exposed to hot towels. What is an appliance to do? If you are using a
1,0,"When humidity in the bathroom causes towels to become damp, it can lead to bacterial growth. What object in the bathroom can be utilized to hang the towel up to dry and avoid direct contact with the ground?","When bath towels are used, what path of the towel to enter the bathroom can cause irritation to grow and increase dust. How long does it take for the"
1,0,"In a bathroom, towels can become damp due to high humidity, creating a breeding ground for bacteria. What can be utilized to hang towels and prevent them from having direct contact with the ground in order to dry them?","To prevent hair from becoming drenched in a bathroom, have towels which can expose them to the bacteria and provide high flow of water. If"
1,0,"When there is high humidity in the bathroom, towels can become damp and begin to accumulate bacteria. What can be used to hang the towels and keep them dry, minimizing contact with the ground or other surfaces?","When using bath towels, what can be high in the bathroom and begin to accumulate mold or other contaminants. The heat? The humidity of the bath towels can"
1,0,"What object can be found in the bathroom that can be utilized to hang towels and prevent them from coming into direct contact with the ground whilst they dry, thereby preventing bacteria growth caused by moisture and humidity?",What element can be utilized in the bathroom to prevent them from coming through the doors and thereby attracting bacteria and dry moisture? a. a
1,0,something that makes the coffee more sweet,something that makes the coffee more savvy to the faade savvyer.
1,0,the part of the mask that people use to see the outside world,the part of the mask that people use to see the outside world. that used to sooth the life
1,0,"In this picture, what part of a building provides support and stability to the overall structure?","In this picture, what part of a building provides support and stability to the overall structure......"
1,0,"In this picture, what is the component of the building that provides support and stability to the entire structure?","In this picture, what is the component of the building that provides stability and support to the entire structure?"
1,0,The structural component of the building that provides it with stability and support in this picture.,The structural component of the building that provides stability and support in this picture as it it is. Turntable and resul
1,0,What part of the building provides support and stability to the structure in the given picture?,What part of the building provides support and stability to the structure in the given picture?
1,0,Which part of a building provides support and stability to the overall structure in the given picture?,Which part of a building provides support and stability to the overall structure in the given picture ?
1,0,"In the picture of the building, what part provides support and stability to the overall structure?","In the picture of the building, what part provides support and stability to the structure? synonym the overall"
1,0,the area on the basket used for lifting,the area on the kiln used for storing tiling used for weights applied to the bucket. tilt
1,0,the tyre that does not touch the ground,the tyre that does not touch the ground torte thattorte the ground.
1,0,"If we were inside the building shown in the picture, what part of the building would allow natural light to enter and illuminate the interior?","If we were entering the building in the picture, what part of the building would allow natural light to illuminate the interior and illuminate the outside? c."
1,0,"If we were inside the building shown in the picture, what part of the building would allow natural light to enter and illuminate the interior?","If we were entering the building in the picture, what part of the building would allow natural light to illuminate the interior and illuminate the outside? c."
1,0,Suppose we are inside the building in the picture and would like to allow natural light to enter and brighten the interior. What part of the building would facilitate this?,Suppose we are inside the building and would like to lighten the picture and allow light to enter the building. What part of the interior would facilitate this
1,0,"Suppose we were inside the building shown in the picture, what part of the building would be responsible for allowing natural light to enter and illuminate the interior?","What part of the home would be shown in the picture, assuming we would allow sunlight inside the building and erect and protect the environment? What"
1,0,"If we were inside the building shown in the picture, what architectural feature would allow natural light to enter the building and illuminate the interior?","If we were building in the building, what architectural feature would illuminate the inside of the window and enable natural light to see the landscape? If we were building"
1,0,Suppose we are inside the building shown in the picture. Which part of the building would allow natural light to enter and brighten the interior?,We can imagine which part of the building would be shown in the picture. Which building would allow sunlight inside the interior and brighten the building? Close
1,0,something that can be used to wipe the mouth,anotity something that can be used to wipe the mouth.
1,0,"If we were standing on the shore across the water from the location in the picture, what structure would we see stretching across the water?","If we were standing on the shore across the water from the structure in the picture, what location would we see in the water stretching across the shore? The"
1,0,"Assuming that we were standing on the shore located opposite from the area shown in the picture, which structure would be visible stretching across the water?","Assuming that we were standing on the water stretching down from the area, which structure would be visible in the picture adjacent to the shore?"
1,0,"If we were standing on the shore opposite to the location in the picture, which structure would we see stretching across the water?","If we were looking across the water and walking to the beach opposite the structure in the picture, which location would we occupy on the horizon?"
1,0,"Assuming that we are standing on the shore across the water from the location presented in the picture, what structure would be visible and appear to stretch across the water?","Assuming that we are standing on the beach and stretch across the water from the surface, what location would appear to be presented in the picture? What"
1,0,"If we were standing on the shore across the water from the location depicted in the picture, what structure would we view stretching across the waterbody?","If we were walking across the water from the shore positioned on the table, what structure would we see across the water occupying the picture? The"
1,0,"Assuming that we are standing on the shore that is across the water from the location shown in the picture, what structure might we see stretching across the water?","Assuming we are floating on the shore across the water from the picture, that is what depth would we see that appears on the shore?"
1,0,"If the books are too tall to put on a normal table, what furniture is usually used to store them?","If the furniture is too tall to put on a normal table, what books are usually used to store them in shelf?"
1,0,"When books are too tall to fit on a typical table, what piece of furniture can be utilized to store them?","When a typical book is too slack to fit on a table, what sets of furniture are able to be utilized to store them"
1,0,Suppose the books are too tall to fit on a regular table. What piece of furniture is typically used to store them?,Sure the books are too tall to fit on a regular table. What piece of furniture is typically used to place the stow them?
1,0,"If the books are too tall to be placed on a normal table, which furniture is commonly used for storing them?","If the books are too tall to be placed on a normal table, which furniture is commonly used for storing them foreign?"
1,0,"Assuming that the books are too tall to fit on a regular table, what furniture is typically used for storage purposes?","Assuming that the books are too tall to fit on a regular table, what furniture is typically used for storage purposes in a container?"
1,0,"When books are too tall for a standard table, what furniture is usually utilized to store them?","When books are spewed for a standard table, what furniture is usually too wide to scribbish to utilize them?"
1,0,something used for playing music,... something used for synthesizing music used for playing music and test
1,0,"If you want to keep important documents in order and don't want to lose them, where should you place them?","If you want to keep important documents in order and don't want to place them, where should you lose them? Answer"
1,0,Where is the most suitable place to keep important documents in good order and to avoid loss?,Where is the most important place to keep suitable documents in good order and to failet re loss?
1,0,"As a personal assistant, where would you suggest your owner to place important documents to keep them organized and secure?","As a personal assistant, where would you suggest your friend set up an organization to keep important documents to file and keep them secure and protected? How"
1,0,Where should you place important documents if you want to keep them organized and avoid misplacing them?,Where should you store important documents if you want to keep them sanitized and when resealing them?
1,0,"If you would like to keep your important documents in order and minimize the risk of misplacing them, where would be an appropriate place to store them?","If you want to keep your important documents and misplace them, where would be an appropriate place to minimize the possibility of storing them? If so,"
1,0,Where should you store important documents to keep them organized and prevent losing them?,Where should you store important documents to keep them afuelty and prevent losing them....
1,0,Cats often mark their territory by scratching objects. What part of the cat's body in the picture would be involved in this behavior?,Every cat in the cat world should mark their behavior by scratching them. What parts of the cat's body would be involved in this scene?
1,0,What part of a cat's body in the picture is typically utilized in marking territory through scratching behavior?,What part of a cat's body in the picture is typically utilized in scratching stridors through marking behavior? ve
1,0,Which part of the cat's body in the picture would be involved in marking territory by scratching objects?,Which part of the cat's body in the picture would be involved in scratching by marking fascies and areas?
1,0,Which part of the cat's body shown in the picture is typically involved in the behavior of marking their territory by scratching objects?,Which part of the cat's body in the picture is typically represented by the condition of marking their territory by striking objects in the puzzle?
1,0,Which part of the cat's body in the picture could be involved in marking its territory by scratching objects?,Which part of the cat's body in the picture could be involved in marking its territory by scratching the crow and storing objects
1,0,Which part of the cat's body in the picture could be involved in the cat's territory-marking habit of scratching objects?,Which part of the cat's body in the picture could be responsible for its scratching in the cat's habit of border-lining objects?
1,0,"When eating fish and chips, which part of the meal might be used to add flavor and squeezed onto the fish?","When eating fish and chips, which part of the fish might be used to add flavor or drained onto the chips? The best way to use them"
1,0,What part of the meal might be used to add flavor to the fish and can be squeezed onto it when eating fish and chips?,What part of the meal could be used to add flavor to the fish and can be squeezed when eating it onto chips? 1 a. 2
1,0,What part of the fish and chips meal is often used to add flavor and squeezed onto the fish?,What part of the fish and chips fish is often used to add flavor to meal and squeezed onto the drained?
1,0,Which part of the fish and chips meal could be used to add flavor by being squeezed onto the fish?,Which part of the fish and chip sauce could be used to add flavor when squeezed by dipping fish onto the chips? The fish and chips are
1,0,What food item might you use to add flavor to the fish and to which you might apply pressure to release the juice?,What food item might you use to add flavor to the fish and to which you might apply salt to release the sulfae?
1,0,"When eating fish and chips, which condiment is typically used to add flavor and squeezed onto the fish?","When eating fish or chips, which condiment is typically used to add flavor to fish and squeezed and boiled? a. b"
1,0,"When we step out of the shower, what object can be used to dry ourselves?","When we step out of the shower, what object can be used to dry ourselves? Attribute"
1,0,What object can be used to dry ourselves when we step out of the shower?,What object can be used to wet ourselves when we stutter to dry? walk out of the shower?
1,0,What do you typically use to dry yourself off after stepping out of the shower?,What do you typically use to shave yourself off after stepping out of the wet dirine?
1,0,What item might we typically utilize after exiting the shower to dry ourselves off?,What item inside our shower might we typically use after we drool to take off the ice sleeving?
1,0,What object do you use to dry yourself off after getting out of the shower?,What object do you use to dry yourself off after getting out of the shower? (
1,0,the animal being dragged,the anita the animal being dragged and dragged.
1,0,"When enjoying a cold beer outdoor, it is important to have a stable surface to place the beer glass on. What in the picture can provide a stable surface for placing the beer glass?","When supplying a cold beer for a flat surface, it is important to have the outdoor surface to place the cold beer in the glass. What"
1,0,"When having a cold beer outdoors, what in the picture would be able to provide a stable surface to place the beer glass on?","When having a cold beer outdoors, what would be able to provide a nice glass surface to place beer in on the frame? Then,"
1,0,"When enjoying a cold beer outdoors, having a stable surface to place the beer glass on is of high importance. What in the picture could potentially offer a flat and secure placement for the beer glass?","When installing a cold beer glass, what could have an attractive location on or in the surface of the beer glass? We are flat out for the best"
1,0,"When enjoying a cold beer outdoors, it's important to have a dependable surface to place the beer glass on. What in the picture can provide a stable platform for the beer glass?","When enjoying a cold beer glass, it's best to have a dependable surface in the backyard for the beer glass. What can be the"
1,0,"When enjoying a cold beer outdoors, one may need a stable surface to set the beer glass on. What item in the picture could be used as a stable surface for this purpose?","When wanting a cold beer, what surface should be used for a warm beer in the home? One may use this image as a mechanism."
1,0,"When enjoying a cold beer outdoors, what object in the picture could one utilize to provide a stable surface on which to place the beer glass?","When enjoying a cold beer on the field, what object would one utilize to secure a surface in which to throw the beer glass? Example:"
1,0,"What object typically provides a flat and stable surface for people to place cups, plates, or books in a living room?","What object typically provides a soft and flat surface for people to place books, plates, or tvs in a confined room?"
1,0,"What type of object is typically employed within a living room setting to provide a flat and stable surface for placing cups, plates, books, or other items upon?","What type of object is typically employed for placing a flat surface within a living setting to provide pillows, plates, books or other items and array?"
1,0,"In a living room, what object would typically provide a flat and stable surface for people to place cups, plates, or books?","In a typical home, what object would provide a flat surface for people to place and serve cups, plates, or books? spher"
1,0,"What object in a living room is commonly used to provide a flat and stable surface for cups, plates, or books?","What object in a home table is commonly used to provide a flat or deep surface for a cuffs, plates, and books?"
1,0,"What item typically provides a flat and stable surface for placing cups, plates, or books in a living room?","What item typically provides a flat and hard surface for placing a storing cup or plates, mugs, or in a living room?"
1,0,"In a common living room, what object would usually provide a stable and flat surface for placing cups, dishes, or books?","In a common kitchen setting, what point would usually provide a solid surface or a space for storing dishes, pillows, and books? User"
1,0,"When pouring liquid from a container, which part of the container in the picture will be gripped and used to control the flow of the liquid?","When pouring liquid from a container, which part of the liquid in the picture will be gripped and used to control the flow of the liquid?"
1,0,"When pouring liquid from a container, which part of the container in the picture is typically held to regulate the flow of the liquid?","When pouring liquid in a container, which part of the liquid from the picture is typically held down to regulate the flow of the container?"
1,0,"When pouring liquid from a container, which part of the container in the picture is to be handled and used to regulate the-flow of the liquid?","When pouring liquid from a container, which part of the container is to be handled and used to regulate the flush-flow of the liquid? what"
1,0,"While pouring liquid from a container, what would be gripped and utilized to control the flow of liquid?","While pouring liquid from a container, what would be gripped and skewed to utilize control over the flow of liquid?"
1,0,"When pouring liquid from a container as shown in the picture,  which part of the container experts use to control the flow of the liquid?","When pouring liquid from a container as shown in the picture, which part of the container experts use to control the flow of the liquid?"
1,0,"When pouring liquid from a container, which part of the container shown in the picture is typically held to control the flow of the liquid?","When pouring liquid from a container, which part of the container shown in the picture is typically held to control the flow of the liquid?"
1,0,Some cities have developed waterways as scenic routes for leisurely sightseeing. What mode of transportation in the picture can provide a unique and enjoyable experience for exploring these waterways?,Many cities have a scenic system for exploring these waterways. What is accessible waterways as an enjoyable and relaxing choice of sightseeing? The simplest way
1,0,What type of transportation in this picture can be utilized to offer a unique and enjoyable experience for exploring these scenic waterways in some cities?,"What type of transportation in this park can be utilized to offer a unique experience for exploring some beautiful and accessible scenery in these cities? For example, the"
1,0,What method of transportation is depicted in the picture that could provide a unique and enjoyable experience for exploring waterways that have been developed as scenic routes in certain cities for leisurely sightseeing?,What route was invented for sightseeing in the cities that may provide a unique and enjoyable way of exploring those characteristics for water recreation? Suppose you were to
1,0,"In some cities, waterways have been developed as a scenic route for leisurely sightseeing. Based on the picture, which form of transportation could be ideal for exploring such waterways and offer a unique and enjoyable experience?","Across the river, many highways have been designed for transportation purposes as an attractive and enjoyable form of sightseeing. Which highway could be the best route for"
1,0,"When cities develop waterways for leisurely sightseeing purposes, what vehicle in the picture could offer a distinctive and pleasurable method for traveling along these routes?","When Europe began using roads for sightseeing leisure travel, what vehicle could provide a distinctive and pleasurable way in these particulars? The first Europeans"
1,0,"When sightseeing in some cities that have developed waterways as scenic routes, what mode of transportation in the picture can offer a unique and pleasant experience for exploring these waterways?","When exploring a water park in deserts, what type of water parks were known as that offer many pleasant and relaxing experiences in the navigation? The most"
1,0,What object in the picture is commonly used as an entry point to enter a building?,What object in the picture is commonly used as an entry point to enter a building?
1,0,What in the picture is typically utilized as an entry point to access the interior of a building?,What in the picture is typically utilized as an entry point to access the interior of a building?
1,0,"What structure or part of a building often serves as an entry point for individuals, in general, and could be observed in the picture?","What structure or part of a building often serves as an entry point for individuals in particular, and could be seen in the picture?. Expression"
1,0,What object in the picture frequently functions as an entrance for accessing a building?,What object in the picture frequently functions as an entrance for accessing a building? .
1,0,In which part of the picture could you find a common entry point used to access a building?,In which part of the picture could you find a common entry point used to access a building aat?
1,0,What object in a room is commonly used to cover windows and provide privacy?,What object in a room or windows is commonly used to cover window and provide privacy ?
1,0,What object in a room is usually installed over windows to offer privacy and block light?,What object in a room is usually installed over windows to offer privacy and setor to block light?
1,0,"What type of object, typically used to cover windows and confer privacy, can be found in a room?","What type of object, typically used to enclose windows or sacrificial privacy, can be found in a room?"
1,0,Which object is typically used to cover windows and provide privacy within a room?,Which object is typically used to cover windows and provide internal privacy within a room?
1,0,What object in a room is typically utilized to provide privacy and cover windows?,What object in a room is typically utilized to provide privacy and facetainta windows?
1,0,"In order to stabilize and capture steady footage, what tool in this picture can be used to support and hold the camera or camcorder?","In order to stabilize and capture this footage, what tool in a picture can be used to hold and support the camera or camcorder? The camera"
1,0,What tool in the picture could be utilized to stabilize and capture steady footage by supporting and holding the camera or camcorder?,What tool in the picture could be utilized to stabilize and capture strong and continuous footage by grabbing and holding the camera or camcorder? The camera is
1,0,What object in the picture can be utilized to support and steady a camera or camcorder to capture smooth footage?,What object or image can be utilized to frame and stoop a camera or camcorder to achieve quick resolution in the gif?
1,0,What equipment in the picture is utilized to stabilize and capture steady footage by supporting and holding the camera or camcorder?,What equipment in the image is utilized to support and stabilize a camera or camcorder by holding and capturing heavy footage and the camcorder?
1,0,What item in the picture can be utilized to stabilize and capture steady footage by holding and supporting the camera or camcorder?,What item of the image can be utilized to capture and stabilize footage by holding and tightening the camera or camcorder? Curve a picture
1,0,"When enjoying pastries, people often use paper plates or napkins to hold them. What item in the picture could be used to hold a pastry?","When visiting a bakery, people often use paper trays or pastry balls. What item to have could be used to hold them? The pastry balls are"
1,0,"What item in the picture could be utilized to hold a pastry, given that people often use paper plates or napkins for this purpose?","What item was used in this picture for a paper napkin, given that people might suffrage to use small plates or spoons? We"
1,0,"When consuming pastries, people often use paper plates or napkins to hold them. Can you point out an object in the picture that could be utilized to hold pastries?","When using paper jugs, one could hold an object to use them to store condiments. Are you familiarized with those jugs"
1,0,What item in the picture can be used to hold a pastry when consuming it?,What item of a picture can be used to snab it in the crate when sprinkling it?
1,0,"When enjoying pastries, people frequently employ napkins or paper plates to carry them. What object in the picture can be used to hold a pastry?","When attaching a stick, people frequently use pastry baskets or to enjoy them. What object in the pie could be used to hold them?"
1,0,Which key part in the computer can convert code into signals visible to humans?,Which key part in the computer can convert code display signal to results into humans?
1,0,What is the key component in a computer that can translate code into signals that are visible to humans?,"What is the key component of a computer that can translate code into adobe, and generate signals that are visible to the human brain?"
1,0,What is the essential component of the computer system that can translate code into signals visible to the users?,What is the essential component of the computer system that can translate codes into natural sound and transmit it to the users to the users?
1,0,What component of the computer is responsible for translating code into signals that can be seen and understood by humans?,What component of the computer is responsible for translating signals and encoding into code that can be seen and understood by humans ?
1,0,Which component of a computer is responsible for converting code into signals that are visible to humans?,"Which component of a computer is responsible for converting javascript into natural digits, which are given to signal to humans?"
1,0,What is the name of the part in a computer that translates code into human-readable signals?,What is the name of the part of a computer code that translates human inputs into a readable sound in computer-reliable? What
1,0,What appliance in the image can be used to control lighting in this room?,What appliance in this image can be used to control the lighting in stack stack in the room?
1,0,What object in the image could you use to adjust the lighting in the room?,What object in the image could you use to adjust the lighting in the faade in the room?
1,0,What device or appliance in the image can be used to regulate lighting in the room?,What device or appliance in the home can be used to regulate lighting in the image? It to apply light to the room in the wall? It can be
1,0,What electrical appliance in the image can regulate the illumination within the room?,"What electrical appliance in the room can reseal the illumination within the image, regulating the image in the room?"
1,0,Which appliance in the picture could be utilized to manage the lighting within this space?,Which appliance could be utilized to manage the lighting in the pond? Which one is enclosing the space within this picture?
1,0,What device or appliance in this image can be used for lighting control in this room?,What device or appliance in this image can be used for lighting control or apation to access one room in this?
1,0,What object is used to prevent water from splashing out of the bathtub and wetting the bathroom floor?,What object is used to prevent wet sloshing from the bathtub and sloughing out of the bathroom floor? The
1,0,What item is commonly placed around the perimeter of a bathtub to prevent water from splashing outside of the tub and onto the bathroom floor?,What item is commonly placed around the perimeter of a bathroom bathtub to prevent water from splashing onto the floor and outside the tub? 1 What is the
1,0,What object can be used to prevent water from splashing out of the bathtub and wetting the bathroom floor?,What object can be used to prevent wet water from slamming out of the bathtub and tidaling the bathroom floor?
1,0,What is the object called that is used to prevent water from splashing out of the bathtub and wetting the bathroom floor?,What is called abutment that is used to prevent water from splashing out of the bathtub and wetting the bathroom floor? The abut
1,0,What object typically helps to prevent water from splashing out of the bathtub and wetting the surrounding bathroom floor?,"What product might prevent water from sprinkling out of the bathtub and safting the surrounding bathroom floor,?.."
1,0,"Birds often find their food in the water, and they have a specific body part to help them catch the food. What part is likely to be used by the bird in the picture to catch its food?","Birds typically have some food in the water, and what part is used to identify the bird in their body to catch it? Find their catching food"
1,0,"Birds typically obtain their food from water bodies, and they have evolved specific physical attributes to assist them in catching their prey. What characteristic of the bird in the picture is likely to be utilized in catching food?","Birds typically catch prey in their food range, and what particular characteristic was utilized in catching them to enhance their food? Are the birds a"
1,0,"Birds frequently find food in the water and have specific body parts to facilitate catching prey. Based on the picture, what body part of the bird is being used to catch its food?",Birds have specific body parts to catch prey and begin catching it in the water. Based on what body part of the bird is used? Any
1,0,"What body part is likely to be utilized by the bird in the picture to catch its food, given that birds frequently forage for their food in the water?","What body part is likely to be utilized by the bird to catch the bird for its food, given that birds forage in the water?.."
1,0,"What part of the bird's anatomy in the picture can be used to catch its food, given that birds often search for meals in the water?","What part of the bird's anatomy can be used to look for food in its picture, in case that birds often catch the water? a."
1,0,"In order to catch their food, birds frequently seek it out in the water and have developed a specific body part to aid them in this task. What part of the bird in the picture is likely used to catch food?",Several parts of the bird in the water have this ability to gather food and attempt to catch it in their particular body. What birds need food? What
1,0,"What part of the picture represents a key objective in a football or rugby game, where players attempt to score points?","What part of the picture represents a key objective in a football or rugby game, where players attempt to sass points?"
1,0,"In both football and rugby games, players strive to score points by achieving a specific objective on the field. What area in the picture represents this objective?","In football and rugby games, players strive to achieve a specific goal by scoring the correct point. What area on the field is displayed in this image?"
1,0,"In football or rugby, what is a key objective where players attempt to score points, and where might that be represented in the picture?","What is a key objective in professional football, and where would players attempt to score points, or be grouped in the picture? Where is cri"
1,0,"What area of the picture represents a key objective in rugby or football games, where players attempt to score points?","What beautiful area of the picture represents a key point in football or rugby league, where players attempt to score important sacrificial points?"
1,0,"What part of the picture represents a key objective in a football or rugby game, where the players are trying to score points?","What part of the picture represents a key objective in a football or rugby game, where the players are trying to savage points?"
1,0,The kitchen is an important place for cooking and food processing. What object in the kitchen is mainly used for baking or roasting food?,The kitchen is a mainly important object for cooking and food processing. What place in the kitchen is used for baking or roasting food? What is
1,0,"In the kitchen, which object is primarily utilized for baking or roasting food?","In the kitchen, which object is primarily utilized for baking or roasting food?"
1,0,What object in the kitchen is commonly used for baking or roasting food?,What object in the kitchen is commonly used for baking or roasting food?
1,0,"In a kitchen where cooking and food processing are performed, what object is primarily utilized for baking or roasting food?","In a kitchen where food processing is primarily utilized for cooking and baking or roasting food, what task is results taken?"
1,0,The object in the kitchen that is primarily used for baking or roasting food.,The object in the kitchen that is primarily used for baking or roasting roast
1,0,What kitchen appliance is primarily used for baking or roasting food?,What kitchen appliance is primarily used for baking or roasting food? Baking rooo
1,0,the supervisor,the supervisor the supervisor the setor
1,0,Wolverine's body parts used for attacking enemies,Wolverine's body parts used for attacking enemies. Wolverine
1,0,the object that can prevent hands from being burned,the object that enables hands to be sagned and from preventing skin from getting burnt.heart
1,0,"Jewelry is often made with precious gemstones, such as emeralds and turquoise. What piece of jewelry in the picture may contain these gemstones?","Jewelry is often made with precious gemstones, such as white diamonds or turquoise. What portion of these gemstones? What are the most common types of"
1,0,Which item of jewelry in the picture has the potential to contain precious gemstones such as emeralds or turquoise?,Which item of jewelry is likely to have the impression in the link containing precious gemstones such as diamonds or turquoise? The following is a list
1,0,"Which item of jewelry in the picture may contain precious gemstones, such as emeralds and turquoise?","Which item of jewelry in the picture may contain precious gemstones, such as emeralds and turquoise? a honey"
1,0,Which piece of jewelry displayed within the picture could potentially be adorned with precious gemstones such as emeralds and turquoise?,Which piece of jewelry contained within the picture could be adorned with potentially stunning gemstones such as roses and turquoise? a. a.
1,0,"Which piece of jewelry displayed in the picture could potentially contain precious gemstones, such as emeralds and turquoise?","Which piece of jewelry seen in the picture could potentially contain precious gemstones, such as azure and turquoise?"
1,0,Jewelry often incorporates precious gemstones such as emeralds and turquoise. Which item of jewelry in the picture has the potential to contain these types of gemstones?,Jewelry typically has ruby gemstones such as turquoise. Which type of jewelry incorporates the signs of these gems? The most common type of gemstone is
1,0,What in the picture can be used to hold onto while standing in a swimming pool?,What in the picture can be used to hold onto while in a swimming pool? It swaddle
1,0,What object in the picture can be utilized as something to hold onto while standing in a swimming pool?,What element in the picture can be utilized as a hard object to hold onto while swimming in a swimming pool?
1,0,"What can be grasped to maintain balance while standing in a swimming pool, based on the picture?","What can be grasped to maintain balance while standing in a swimming pool, based on the picture...."
1,0,What in the picture can be used as a handhold while standing in a swimming pool?,What in the picture can be used as a hand saftee while standing in a swimming pool?
1,0,What can be used to hold onto while standing in a swimming pool in the picture?,What can be used to hold onto in a swimming pool while standing in the stretch? picture
1,0,What object in the picture can one hold on to while standing in a swimming pool?,What object in the picture can one hold on to when standing in a sac and swimming pool?
1,0,"the food containing proteins, carbohydrates and other nutrients","the food containing proteins, carbohydrates, lipids and other nutrients, dietary fibers. The food is a high-protein, high-"
1,0,Which object in the picture can be used to stabilize a camera or telescope to maintain a steady shot?,Which object in a camera or telescope can be used to stabilize the image to maintain a scalar to get a steady shot
1,0,What object in the picture can be utilized to stabilize a camera or a telescope and ensure that the shot is stationary?,What object or device can be used to stabilize a shot and it is sacrificial that the camera in the picture is synchronized?
1,0,What object in the picture would be useful for stabilizing a camera or telescope and maintaining a steady shot?,What object in the camera would be useful for stabilizing a sphere or telescope and to maintain a stuttering shot?
1,0,People can play beautiful music by pressing the keys on the piano keyboard. What part of the piano in the picture can be used for playing?,People can play beautiful music by pressing the keys on the piano keyboard. What part of the picture in the piano can be used for playing the song? The
1,0,How do you play beautiful music on a piano? What part of the piano keyboard in the picture would you utilize?,How do you play beautiful music on a piano in your computer? What part of the csselector would you use?
1,0,What part of the piano in the picture can be pressed to play music?,What part of the piano in the picture can be pressed to play music?
1,0,"In playing beautiful music on a piano, what part of the keyboard is typically used for pressing the keys to produce sound?","In music playing on a piano, what part of the keyboard is typically used for a piano to produce beautiful slush strings?"
1,0,the road in which we can go to the house without getting shoes wet,the road going to which we can get walked in the house without shoes in which were able toes wet.
1,0,the tools that can record time,the tools that we can record and reas time Records that impact sala
1,0,"In a martial arts competition, there is usually a person responsible for maintaining order, enforcing rules, and making judgments. Who in the picture is likely to have this role?","In a martial arts, there is usually a person responsible for judging the order, making correct decisions, and keeping in this role. Who can"
1,0,"In a martial arts competition, there is often a person responsible for enforcing rules, maintaining order, and making judgments. Which individual in the picture might hold this role?","In a martial arts system, there is usually someone in the class responsible for making rules, imposing this action, and holding lawsuits. Which person"
1,0,"In a martial arts competition, the individual who maintains order, enforces rules, and makes judgments is typically called the referee. Could you identify who in the picture is most likely to perform this role?","In a martial arts game, the person who enforces the rules is typically identified as correct, and makes payments. What order can you perform this role"
1,0,"During a martial arts competition, there is typically an individual who is responsible for maintaining order, enforcing rules, and making judgments. Based on the picture, who might be fulfilling this role?","During a martial arts competition, there is typically someone who is responsible for maintaining order, making the rules, and fulfilling the role. Which is the"
1,0,"In a martial arts competition, what individual in the picture is most likely responsible for maintaining order, enforcing rules, and making judgments?","In a martial arts competition, what individual in the box is most responsible for judging, making correct orders, and maintaining ordinances? There are three"
1,0,"In martial arts competitions, there is usually an individual responsible for maintaining order, enforcing rules, and making judgments. Who would be the most likely person to have this role in the picture?","In martial arts competitions, there is usually one person responsible for setting rules, and ensuring the correct order to make appearance in that picture? Who is"
1,0,the spare wheel,the wood wood.
1,0,Bees play a vital role in pollinating plants and producing honey. What occupation in the picture is dedicated to the care and management of bees?,Bees play a vital role in pollinating and care of the insects. What occupation in bees is dedicated to the production of honey?
1,0,"In regards to the care and management of bees, which profession appears to be represented in this picture?","In regards to the care and management of bees,, which profession appears to be represented in this picture..."
1,0,"In the picture, who is involved in the care and management of bees, which have an important role in pollinating plants and producing honey?","In the picture, who has a role in the management of bees, and are important in pollinating and producing honey plants.?"
1,0,"Which occupation, as depicted in the picture, involves the care and management of bees, which are critical for pollinating plants and generating honey?","Which statements, accounted for by the picture, are critical in constructing plants, as is controlling the consumption of honey and bees? The most"
1,0,"Given that bees play a crucial role in pollination and honey production, who is responsible for the care and upkeep of bees in the picture?","Given that bees play a crucial role in the care and production of honey bees, who is responsible for the cleanup and pollination"
1,0,"In the given picture, which profession is associated with the cultivation and management of bees, which play an important role in pollination and honey production?","In one study, which bees possess an important role in the production and distribution of honey, which are responsible for the pollination and selection?"
1,0,"When making fried rice, it is common to use a variety of ingredients and mix them together in a pan. What tool in the picture could be used to mix the ingredients and ensure they are evenly cooked?","When using a fried egg recipe, it is common to mix several ingredients in the pan and make them to be layered in them. What is"
1,0,"When preparing fried rice, a range of ingredients are generally utilized, and they are often mixed together in a pan. What object in the picture could be utilized to stir and ensure that the ingredients cook evenly?","When cooking, a variety of ingredients are utilized to stir the mixture, and are usually pressed or fried in the pan. What are the ingredients"
1,0,"For making fried rice recipes, it's usual to use a variety of ingredients and mix them together in a pan. Can you suggest me the tool that could be used for mixing the ingredients and ensure they're evenly cooked?","Can you use a rice cooker for mixing the ingredients, specifically to make several batches and ensure they're fried together. What are the best ways"
1,0,"During the process of cooking fried rice, various ingredients are typically mixed together in a pan. Please suggest what tool in the picture could be utilized to mix these ingredients and guarantee that they are cooked evenly?","Using various ingredients, typically check that the mixture of rice is cooked in part and could be successfully fried during the process. Many examples of rice cooker"
1,0,"During the preparation of fried rice, people usually mix various ingredients together in a pan. Please tell me which tool in the picture might be utilized to perform this task and help ensure that the ingredients are evenly cooked?","Usually someone tell us the ingredients utilized in the pan and how to prepare this dish are mixed or reconstituted. Help with several scenarios, and"
1,0,"When making fried rice, it is common to mix multiple ingredients in a pan. What in the picture can be utilized as a tool to stir the ingredients and help them cook evenly?","Among common ingredients, it is used to cook several ingredients in a pie pan and add it to help flurry thely. How can I"
1,0,"In a busy parking lot, it can be difficult to find your car among many other vehicles. What in the picture can help you identify your car?","In a parking lot in the picture, it can be difficult to find your car among many other vehicles. What can help you identify your perfect car?"
1,0,"When searching for your car in a busy parking lot, what in the picture might assist you in identifying it among numerous other vehicles?","When searching for your car in a parking lot, what might assist you in locating it among the many other obscene vehicles? In case"
1,0,"In a large and busy parking lot, there may be numerous similar-looking cars that make it difficult to locate your vehicle. Based on the picture, what can be used to help identify your car?","In a particularly large-sized parking lot, it may be difficult to find and use similar cars that help your vehicle. What can I make the picture"
1,0,"In a crowded parking lot, it can be difficult to locate your vehicle among many other cars. Could you tell me what specific item in the picture could help you identify your car?","On the corner of the parking lot, it could be difficult to locate a specific car which could help you identify many items in your car. Can you"
1,0,"In a crowded parking lot, it can be challenging to identify your vehicle among many others. What tool in the picture could assist in identifying your car?","In a crowded parking lot, it can be challenging to identify among many in the picture of your car. What tool could assist in identifying?"
1,0,What in the picture could be utilized to help you locate your car in a busy parking lot with many other vehicles?,What in the picture might be used to help you locate a parking lot in your many many car with a hard pressed sl? We
1,0,the cars that are not taxi,the cars that are not totoitoies
1,0,something indicating that the tank belongs to the USA,something indicating that the tantak belongs to the USA and the tank meant
1,0,"After changing clothes, what type of object can we use as a container to collect dirty clothes?","After changing clothes, what type of object can we use as a container to collect dirty dot do clothes?"
1,0,"After changing clothes, where should you place dirty clothes, and what should be utilized as a container to collect them?","Before you store loose clothes, what should be used as a clothes container, and where should you get desiccated to remove them?"
1,0,"After changing clothes, where can we usually put our dirty clothes in the room?","After changing clothes, where can we usually put our dirty clothes in the room?"
1,0,"Once you change clothes, what type of object can be utilized as a container for collecting soiled clothing?","Once you start storing retweeted items, what type of container could be utilized as a canvas for dragging clothing?"
1,0,What type of object can be utilized as a container to collect dirty clothes after changing?,What type of object can be utilized as a container to snab dyes after removing wet?
1,0,"After changing clothes, which item could be used to contain and store dirty clothes?","After changing clothes, which item could be used to contain and store dos dos dirty clothes?"
1,0,"In a dark tunnel, where the lighting is limited, what part of the car in the picture is crucial for providing visibility and ensuring safety while driving?","During a dark car while the mirror is wide, what part of the image in the road is crucial in providing safety and limiting visibility?"
1,0,"When driving through a dark tunnel with limited lighting, what part of the car in the picture is essential for providing visibility and ensuring safety during travel?","When driving in an autocrossing the road, what part of the shape should be visible during the dark trip to provide essential safety and comfort? Check the"
1,0,"If driving in a dark tunnel with limited lighting, what part of the car would be important for providing visibility and ensuring safe passage, according to the picture?","If driving on a dark road with no enclosing, what should be the object to ensure safe passage and provide much of the measurement?"
1,0,"When driving in a dark tunnel with limited lighting, what part of the car is critical for providing visibility and assuring safety, according to the picture?","When driving a car in a dark tunnel, according to the image, what is critical of tighting the car to provide safety and protection?"
1,0,"When driving in a dark tunnel with limited lighting, which component of the car in this picture is critical for ensuring visibility and safety?","When driving in a narrow hole in the car with excessive lighting, what component of this image is critical for ensuring safety and protection?"
1,0,"In a dark tunnel where lighting is limited, which part of the car is crucial to supply visibility and ensure safety whilst driving in the picture?","While driving across a dark road, which part of the car is illuminating and provides essential security to have safety visibility in the moment?"
1,0,"In a modern car, there are various instruments and displays on the dashboard that provide information to the driver. What part in the picture could show the current speed of the car?","On a modern car, there are various images and charts that show the current state of the driver. What part in the dashboard could provide to the car"
1,0,"In a modern car, the dashboard typically contains a range of instruments and displays that provide relevant information to the driver. Based on the picture, which part of the car would normally display the current speed of the vehicle to the driver?","Inside the car, a dashboard would normally display the version of the car and which shows specific information to the driver. A range of the vehicles would ask"
1,0,"In a modern car, the dashboard has various instruments and displays providing important information to the driver. Which part of the picture is likely to display the current speed of the vehicle?","In a modern car, the dashboard has various information and signals displaying the current speed of the vehicle. Which portion of the picture would contribute to the"
1,0,Modern cars are equipped with various instruments and displays on the dashboard that provide the driver with information. Where in this image could indicate the current speed of the car?,Modern cars are equipped with various instruments and drivers that provide the current speed of the car. Where on the dashboard would this image to display the information? The
1,0,"What part of the picture could display the current speed of the car, as there are various instruments and displays on the dashboard in a modern car designed to provide information to the driver?","What portion of the dashboard could display a picture on the car, as there are various features and technologies designed to answer the driver in the current wheel?"
1,0,"When an aircraft is ready to depart from the airport, where does it usually begin its takeoff?","When an aircraft begins to take off from the airport, where is it usually ready to begin its departure and how itâs averts?"
1,0,Aircraft typically begin their takeoff from which part of the airport?,Aircraft typically begin their takeoff from which part of the airport? Attendores which part of the?
1,0,"Before taking off from the airport, from where does the aircraft typically begin its departure?","Before taking off from the airport, from where does the aircraft typically begin?......."
1,0,"When an aircraft is ready to depart from an airport, from which area does it typically begin its takeoff?","When an aircraft is ready to begin its departure from an airport, and which area does it typically take? When, does it begin to takeoff?"
1,0,something that is cutting the tree trunk,atite something that is cutting the tree trunk and dredging the tree
1,0,What object do we use to dry our hands after washing them in the bathroom?,What object do we use to wet our hands after threshing them in the bathroom....
1,0,What is the item that we typically use to dry our hands after washing them in the bathroom?,What is the item that we typically use to dry our hands after weting them in the wash in the bathroom?
1,0,What object in the bathroom is typically used to dry your hands after washing them?,What object in the bathroom is typically used for washing your hands after you drool them to sag the bath?
1,0,"When assembling an electronic device, such as a computer, various components need to be interconnected to enable proper functioning. Which object in the picture can be used to establish electrical connections between different parts?","When assembling an electronic object such as a computer, several components need to be connected into the apparatus to enable proper photo identification. Which different types?"
1,0,"When assembling an electronic device such as a computer, it is often necessary to connect various components to allow for proper functioning. What item in the image is typically used to establish electrical connections between different parts?","When assembling an electronic device such as the computer, it is often used to provide proper electrical connection. What parts are located to fit various components? The"
1,0,"When assembling an electronic device, such as a computer, it is necessary to establish electrical connections between various components to ensure proper functioning. Based on the image provided, what tool or object could be utilized to achieve this?","When assembling an electronic device such as a computer, it is necessary to display the correct connection type to achieve what functions or components could be utilized."
1,0,"In the context of assembling an electronic device such as a computer, what item in the picture can be utilized to establish electrical connections between distinct components?","In the context of assembling an electronic device such as a computer, what item can be utilized to locate electrical connections between the different components? 1 The"
1,0,"When assembling an electronic device, such as a computer, what object can be used to establish electrical connections between different parts as depicted in the image?","When assembling an electrical device such as a computer, what device can be used to convey connections between different parts as depicted in the image?"
1,0,"When assembling an electronic device, such as a computer, it is necessary to interconnect various components to ensure proper functionality. What item in the picture can be utilized to establish electrical connections between different parts of an electronic device?","When assembling certain components such as an electronic device, it is necessary to attach an electronic switch to be utilized in the computer environment. What different aspects of"
1,0,the landmark in Paris,the landmark in Paris Greedeast in the swedish Madison
1,0,something to prevent athletes from falling and getting injured,something to prevent athletes from getting ill and causing athletes to lose themselves and severing accross and getting injured.
1,0,"In a game of darts, what part of the dartboard should you aim for to maximize your points?","In a game of darts, what part of the dartboard should you aim for to maximize your points and reduce spools?"
1,0,Where should you aim on the dartboard to maximize your points during a game of darts?,Where should you aim on a deck of darts to maximize your points during the game when you progress toward dartboards?
1,0,"To maximize your points in a game of darts, which part of the dartboard should you aim for?","To maximize your points to a deck of darts, which part of the game of darts should you aim for?Read a"
1,0,"In a game of darts, to acquire the maximum points possible, at what part of the dartboard should you aim?","In a game of darts, to acquire the maximum darts possible, at what part of the level of play should you aim?"
1,0,What is the optimal area of the dartboard to aim for in order to maximize your score while playing a game of darts?,What is the optimal area of the rim of a dartboard in order to optimize and improve your score while playing darts?
1,0,"To earn the most points possible, where should you aim on the dartboard during a game of darts?","To earn the most points on a dartboard, where should you aim to play darts during the game of sloop?"
1,0,"When it gets cold, people often gather around a cozy place to warm themselves up. What objects in the picture can provide heat and create a warm atmosphere?","When people get cold, they often gather around a warm place to warm itself up. What objects in the picture can provide a cozy atmosphere? Think"
1,0,"When it gets cold, people often seek a warm and cozy place to keep themselves comfortable. What objects in the picture could provide heat and create a warm ambiance?","When taken, people often want something to hide the cold and warm. What objects in a home can provide a warm and cozy ambience? Consider the"
1,0,"As it gets colder, individuals tend to gather around a source of heat to warm up. What items in the picture can create a warm atmosphere and provide warmth?","As it gets colder, individuals gather up a window to warm up. What items in the atmosphere can provide some examples of warmth and give? The"
1,0,"What objects in the picture are capable of creating a warm atmosphere and providing heat, which is useful when it gets cooler?","What objects in the picture are capable of creating a cool atmosphere and providing heat, which is useful when it gets colder and sapper?"
1,0,"In cold weather conditions, people often seek out cozy and warm environments to keep themselves comfortable. Please identify the objects in the image that can provide heat and create a warm atmosphere.","In cold weather, people must identify and fill out the environments to obtain warm objects that can provide a comfortable image and provide a warm atmosphere."
1,0,"What objects in the picture can provide heat and create a warm atmosphere, that people could gather around to keep themselves warm when the weather turns cold?","What objects in the atmosphere can be used to warm up the weather and create a warm place when someone gets cold, which they could keep quiet? Photograph"
1,0,"High-heeled shoes are known for their elegant appearance, but they can also be challenging to walk in for extended periods. What part of the shoe in the picture might make it difficult for the woman to walk comfortably?","High-heeled shoes are beautiful in the woman, but they can also make it difficult for the characteristic to walk on for several days? What is"
1,0,"High-heeled shoes are often lauded for their elegant appearance, yet walking in them for extended periods can be challenging. What aspect of the shoes in the picture might contribute to discomfort while walking?","High-laced shoes can contribute to some discomfort during walking, because the shoes are often textured in their characteristic shape. What does high-laced"
1,0,"High-heeled shoes can be challenging to wear for extended periods, despite their elegant appearance. In the picture, which part of the shoe can make it difficult for women to walk comfortably?","High-heeled shoes can take over during the race, because they are difficult for women to wear comfortably. What novel variation of the shoes is the"
1,0,"High-heeled shoes are often admired for their elegant appearance. However, they can be challenging to walk in for extended periods. What part of the shoes in the picture might impede the wearer's ability to walk comfortably?","High-heeled shoes are often worn in their styles. However, it could expose the wearer to the difficulty for walking comfortably? They can also"
1,0,"High-heeled shoes are famous for their elegant appearance, but they can be challenging to walk in for an extended duration due to various factors. Based on the picture, what part of the shoe could make it uncomfortable for the woman to walk comfortably?","High-functioning shoes are famous for the woman, but due to the variations it can be difficult to walk comfortably for an intangible. What is"
1,0,What part of the shoes in the picture can make it uncomfortable for the woman to walk in high heels for extended periods?,What part of the shoes in the picture can make it uncomfortable for the woman to walk in high heels for extended periods? 1 What part of the shoes in
1,0,One of the things people value in a bed is its comfort. What object can help support the neck and improve the overall comfort of sleep?,One of the things people value in a bed is its comfort. What object can help support the awn and improve the overall comfort of the
1,0,What object can provide support for the neck when sleeping and enhance the overall sleeping experience by improving comfort?,What object can provide support for the neck when sleeping and enhance the overall sleeping experience by providing comfort when improving the sex drive? a.
1,0,"When it comes to a bed, what type of object can aid in supporting the neck and increasing the general comfort of sleep?","When it comes to a bed, what type of object can aid in reducing the support of the neck and defining the general comfort??"
1,0,"To improve comfort while sleeping, what object can be used to support the neck?","To improve comfort while sleeing, what object can be used to support the neck"
1,0,"To enhance the overall comfort of sleep, what object can be used to provide support for the neck?","To enhance the comfort of the neck, what object can be used to provide support for the swivel, to add overall weight?"
1,0,"To improve the overall comfort of sleep, what object is typically used to support the neck in bed?","To improve the overall comfort of sleep, what object is typically used on the neck to entain a cold?"
1,0,"In the picture, there are various containers used to hold fruit. Which container would be most suitable for serving and holding sliced apples?","In the picture, there are various containers used to hold fruit. Which container would be most suitable for serving and holding sliced apples? We have a"
1,0,Which container in the picture would be the most suitable for holding and serving sliced apples?,Which container in the picture would be the most suitable for holding and serving when slicing sliced apple apples?
1,0,"Out of all of the containers shown in the picture, which would be the most appropriate for storing and serving sliced apples?","Out of all of the containers shown in the picture, which would be the most appropriate for serving and storing sliced apples? s?"
1,0,"Out of all the containers seen in the picture, which one would be most suitable for holding sliced apples?","Out of all the jars seen in the picture, which one would be most suitable for storing sliced apricots?"
1,0,"In the picture, which container would be most appropriate for serving and holding sliced apples?","In the picture, which container would be most appropriate for serving a tin and slicing swaddled apples? I"
1,0,"In the picture, where can you locate the container that would be most appropriate for serving and storing sliced apples?","In the picture, where can you locate the container that would be most appropriate for serving and storing sliced apples?"
1,0,"To display large amounts of information visually in a meeting, what object can be used to write it down on and display it on the wall?","On what types of information can be used to display an object in a meeting, write it down and display it visibly on the wall repeatedly? What"
1,0,"To display a significant amount of data visually during a meeting, what device can be utilized to write it down and present it on the wall for all to view?","To display a significant number of data on the wall during a meeting, what device should be utilized for to write it down and view it instantly?"
1,0,"When needing to visually display large amounts of information during a meeting, what can be utilized to write this information down and project it onto a wall for all to see?","When needing to pull something up on a wall, display it and use all the information needed to convey this information to several employees at once? Consider"
1,0,"In a meeting where there is a large amount of information to be presented visually, what object could one use to write down the information and display it on the wall?","On a table where there is a large amount of information to be displayed, what gesture would one use to write down the information and convey it?"
1,0,the body part used to receive scent signals,the body part used to receive sclerote signals to reflect the energy used to scold scleroid
1,0,the reflection of the light in the mirror,the reflection of the light of the light in the spher le ane in the mirror.
1,0,"In military operations, soldiers rely on accurate information to make tactical decisions. What object in the picture might contain crucial information about the battlefield?","In military battles, soldiers use crucial information to make accurate decisions about the battlefield. What item in the command line might contain valuable information? The command line"
1,0,"During military operations, having access to reliable information is essential in making tactical decisions. What item in the picture might be used to contain vital information about the battlefield?","On an item in the military, what could be used to make important tactical decisions? Complete information about shipments is essential to the battlefield. Information about the"
1,0,"During military operations, soldiers often depend on precise information to make tactical decisions. What object in the picture could potentially contain vital battlefield intelligence?","During enemy operations, soldiers often depend on precise information to make critical military decisions. What object in the field could contain valuable aeronautic intelligence?"
1,0,"In military operations, soldiers depend on accurate information to make tactical decisions. What object in the picture could potentially contain crucial information about the battlefield?","In military operations, soldiers depend on an object to make accurate tactical decisions. What information in the battlefield could potentially contain crucial information about the image?"
1,0,"During military operations, soldiers rely on accurate information to make tactical decisions. What could potentially contain crucial information about the battlefield in the picture provided?","During military operations, soldiers rely on crucial information to produce accurate tactical decisions. What could contain information about the enemy in the picture? What could be"
1,0,"During military operations, soldiers rely on accurate information to make tactical decisions. Based on the picture, what items might contain crucial information about the battlefield?","During military operations, soldiers rely on crucial information to make accurate tactical decisions. Based on what items contain the information about the battlefield? The following is"
1,0,"In a desert environment, it may be difficult to travel on foot due to the rough and uneven surface. What type of transportation can be used to navigate the desert more easily?","On a desert environment, it may be difficult to navigate and travel in the desert due to the uneven texture and gravel. What type of transportation can be"
1,0,"In a desert environment, rough and uneven ground can make travel on foot difficult. What type of transportation is typically utilized to navigate the desert more easily?","On a deserted ground, foot travel is typically difficult to navigate more easily. What type of transportation in the desert can make use less difficult?"
1,0,"When traveling in the desert, the uneven terrain can make traveling on foot difficult. What type of transportation can be used to navigate the desert more easily?","When traveling in the desert, roads are accessible to travel easily. What type of footing can make the difficult terrain to use the desert more difficult? The"
1,0,"In a desert environment, it may be challenging to walk due to the uneven and rugged terrain. Please suggest what type of transportation can be used to navigate the desert more efficiently?","In a deserted climate, please discuss what type of transportation may be used to navigate the terrain and be less productive? Trying to resolve the"
1,0,"When travelling through a desert environment, it can be challenging to travel on foot due to the uneven surface. What form of transportation might facilitate easier navigation of the desert?","When traveling on a desert, it can be challenging to navigate the desert due to various forms of transportation or encroachment. How suitable?"
1,0,"When traveling in desert environments, it can be challenging to traverse on foot due to the rough and uneven terrain. What type of transportation could be utilized to move more comfortably and easily in such an environment?","When traveling on an exposed terrain, it could be difficult to move vertically because of the variety and shape embraced in such situations. What is the difference"
1,0,the object that can expand the volume,the object that can expand the volume that expand the dot dot
1,0,"If I want to enter this room, what object should I pass through?","If I want to enter this room, what object should I pass through? Attorn I pass through"
1,0,What do I need to pass through in order to enter this room?,What do I need to pass through in order to enter in.....
1,0,"To enter this room, what would you have to pass through?","To enter this room, what would you have to pass through?"
1,0,What object should you pass through to enter this room?,What object should you pass through to enter this room?......
1,0,"To enter this room, what structure or feature do I need to pass through?","To complete this building, what structure or spherie do I need to pass through?, to pass through?"
1,0,What object can we sit on while working or studying in the office?,What object can we sit on in while working or studying in the office?
1,0,What object might we use for sitting while working or studying in a office-like setting?,What object we might use for sitting while studying or working in a office-like setting? Testing in a work
1,0,What type of furniture can be used for sitting while working or studying in an office?,"What type of furniture can be used for work while sitting or sating in a office, when studying in?"
1,0,What furniture item can be utilized while working or studying in the office?,What furniture item can be utilized while working or studying in the office? What intit
1,0,"In an office environment, what object is commonly used to sit while working or studying?","In an office environment, what object is commonly used to sat in while working or studying?"
1,0,What essential piece of furniture would be used for sitting while working or studying in an office environment?,What essential piece of furniture would be used for sating while studying or working in a office environment?
1,0,"The weather can be unpredictable, especially during the colder seasons. What item in the picture can provide extra warmth and protection against the cold?","The weather can be unpredictable, especially during the colder seasons. What item in the picture can provide extra warmth and protection from the cold? The weather is"
1,0,"In the colder seasons, people often require additional warmth and protection from harsh weather. Based on this image, what item could be utilized to provide additional warmth and protection from the cold?","In specific seasons, people want additional warmth and protection from the cold and harsh weather. What items could be utilized to provide warmth? The following is a"
1,0,"What object in the picture could help provide added protection from the cold during unpredictable weather conditions, particularly during the colder seasons?","What object in the picture could help provide robust protection from the weather during unexpected colder temperatures, especially during the snowy winter years?"
1,0,"In colder seasons, when the weather can be unpredictable, please identify the item in the picture that can provide additional warmth and protection against the cold.","In extreme winters when the weather can be unpredictable, please identify the item in the picture that can provide protection, warmth and the cold. 1 The weather"
1,0,"During the colder seasons, the weather can be unpredictable, so what item in the picture could provide additional warmth and protection against the cold?","In colder climates, the weather could be unpredictable, so what item in the picture can provide additional warmth and protection from the cold? The weather in"
1,0,"In a fish market, it is important to provide clear information about the various types of seafood available for sale. What object in the picture can be used to display the names and prices of different fish?","On a fish market table, it is important to provide specific information about the different colors and species of fish to be sold in the market. What sorts"
1,0,"In a fish market, it is essential to provide clear information about the various types of seafood available for sale. What item within the picture would be useful for displaying the names and prices of the different fish?","Within a fish market, it would be helpful to provide the information about the various types and colors of fish available for selling the stock. What are the"
1,0,"In a fish market, effective communication of the available seafood varieties for sale is important. What object in the picture might be used to display the names and prices of various fish?",What seafood line is used in the fish market? To convey the important names and distribution of different species of fish could be an appealing quote. The best
1,0,"When presenting various types of seafood at a fish market for sale, it is vital to provide clear information about the respective costs of different fish available. What object in the picture could be utilized to exhibit the names and prices of various fish for sale?","When presenting various examples of shell fish at the market, it would be appropriate to provide a detailed picture of the various commodities offered for sale. What"
1,0,"The image is not provided. However, in a fish market, what equipment or tool can you suggest to display the names and prices of various fish available for sale?","However, a fish market is not available. What information can you provide or suggest to display the images and prices of various fish products in search? For"
1,0,"When preparing a fruit salad, what in this image can be used to sprinkle on top of the mixed fruits to add some additional flavor and texture?","When making a fruit salad, what on this image can be used to toss in the top layers of fruits and add some additional flavor? The"
1,0,What object in the image might be used to sprinkle on top of mixed fruits to add some additional flavor and texture while preparing a fruit salad?,What object was used in a fruit wrap to add some flavor and texture to the wrap while attempting to sprinkle on top of veggies? a.
1,0,"When preparing fruit salad, what item in the image may be utilized to sprinkle over the mixed fruits to give them an added flavor and texture?","When adding an apple to salad, what portioning may be utilized in the image to give them fresh fruits and flavored flutters? The best"
1,0,"During the preparation of a fruit salad, what item in the picture might be used to sprinkle over the mixed fruit to add new texture and flavor?","During the pickling process, what item in a salad picture might be used to scatter the fruit to add freshness and flavor to the new pic"
1,0,"When preparing a fruit salad, what object could be used to sprinkle on top of the mixed fruits, providing additional flavor and texture?","When preparing a fruit salad, could one object be used to sprinkle on top of the fruits? Adding additional texture and flavor, a little"
1,0,"In the process of making a fruit salad, what item in this image can be utilized to sprinkle on top of the mixed fruits for the purpose of adding extra flavor and texture?","In this image, what portion of a bean sprout can be used for the purpose of spicing the fruits and adding additional flavor? The"
1,0,something that the car driver uses to observe the rear conditions,something that the driver uses to observe the rear wheel conditions and teems the car uses to teeter the drivers eyes.
1,0,"If we were to visit this place, which area in the picture would be a popular tourist spot to explore and admire?","If we were to visit this place in the picture, which area would be a popular tourist spot to explore and reseal?"
1,0,"If one were to visit this location, which part of the picture is likely to be a popular tourist spot to explore and admire?","If one were to capture this picture, which part of the neighborhood is likely to be a popular tourist spot to visit and explore?Sort the"
1,0,"If we were to visit this place, what part of the picture would likely be a popular tourist attraction that people would want to explore and admire?","If this picture were a popular tourist attraction, what part of the country would we probably want to visit and explore the views that people would admire? The"
1,0,Suppose we were visiting this site; which section of the picture appears to be a popular area for tourists to discover and appreciate?,"I assume this is the best page of this article; which displaying the area might be among locals to visit and come to discover,?"
1,0,"If we were to visit this place, which part of the picture is a popular tourist spot to explore and admire?","If we were to visit this part of the country, which is a beautiful picture to look at and snort the visitor? Despite"
1,0,"If we were to visit this location, which specific region depicted in the picture would likely be a popular tourist spot to explore and admire?","If we were to visit this location, which country to depict in the landscape would likely be a popular tourist spot that students spotted and admire? The"
1,0,"When attending a formal event, people often wear a small accessory around the collar of their dress shirts. What object in the picture could be used for this purpose?","When attending a formal dress event, people use a small collar on the tops of their shirts. What object can be used in this,"
1,0,What objects in the picture need to be plugged into a power source to operate?,What objects in the picture need to be plugged into a power source and to run ?
1,0,What items in the picture require connection to a power source in order to function?,What items in the picture require connection to a power source in order to response to the function?
1,0,What are the devices or objects that require an external power source for their functionality in the picture?,What are the external devices or objects that require a power source for their display function for their functions in the picture
1,0,"In the given picture, could you identify the objects that need to be connected to a power source to function properly?","In the image to display, could you identify the components that need to be connected to a given power source and cause them to function correctly?"
1,0,What objects in the picture require connection to a power source to function?,What objects in the picture require connection to a power source to function? ?
1,0,What are their power requirements? Could you please point out in the picture which appliances or devices need to be connected to a power source to function?,How should appliances need to be connected to? I explain in the picture what their requirements or capacity to provide a power source? Many devices in the same
1,0,A wine enthusiast has a large collection of wines that need to be stored properly. What area in the picture would be most suitable for storing these wines?,A wine enthusiast has a large collection of wines that need to be stored properly. What section in the picture would be most suitable for storing these?
1,0,"As a wine enthusiast, what region in the picture would be best for preserving a sizable wine collection?","As a wine savvy enthusiast, what region in the picture would be best for preserving a sizable wine collection?"
1,0,"As a wine enthusiast with a significant collection of wines, where would you find the most appropriate location in the picture to store these wines properly?","As a wine enthusiast with a huge collection of wines, where would you find the appropriate location to store the most correctly in these wines? I have"
1,0,"As a helpful robotic assistant, I would recommend you locate the ideal area from the picture to store a large collection of wine bottles properly for the wine enthusiast.","As a wine enthusiast, I would recommend the tool to locate the area of your table huge bottles for the ideal small wine explorer. I would recommend"
1,0,"A wine enthusiast with a large wine collection often needs an appropriate place to store them. In this picture, what is the most suitable area for storing wine?",A wine collector with an extensive wine collection needs a perfect place to store it. What is the most appropriate area for storing large wine? Here are
1,0,A wine enthusiast has a large collection of wines that require proper storage. What area in the picture would be the most appropriate choice for storing these wines?,A wine enthusiast has a large collection of wines that are most appropriate for storing this wine. What setting would be the right size of wines? answer
1,0,"Dogs are not typically allowed to freely roam in public spaces, and they usually need to be kept under control when walking indoors. What object in the picture could be used to keep the dog restrained in a hallway?","Dogs are usually not allowed to move around in public spaces, or they should be used only in an outer haze when walked out. What"
1,0,"When walking dogs indoors, they usually need to be kept under control. Could you identify what object in the picture could potentially be utilized to keep a dog restrained in a hallway?","When dogs walk in a hallway, you could typically utilize one element to keep things in the way well concealed in the mirror. Could you be able"
1,0,"Since dogs are not typically permitted to roam freely in public spaces, they are often required to be restrained while indoors. What object could be used to keep a dog restrained in a hallway according to the picture?","Since dogs are typically not allowed to restrain dogs indoors, one should be positioned to use objects in a hallway or in parallel. What is"
1,0,"When a dog is being walked, it is typically necessary to keep the animal under control and not allow it to wander freely in public spaces.Some pet owners may utilize equipment to restrain the dog while indoors. Can you point me to the object which could be used to keep the dog restrained in a hallway as shown in the picture?","If someone is not equipped to move the dog in the shed, they commonly utilize a mirror to keep the animals out in public places. Can you please"
1,0,Dogs are typically required to be restrained indoors and in public areas. What object in the picture may be used to keep a dog restrained in a hallway?,Dogs are typically restrained in a corner or in indoor areas. What object should be used to permit the dog to be restrained in the room
1,0,"Dogs are typically restrained when walked inside or taken to public places. Based on the image, what object can be utilized to keep the dog restrained when walking through hallways?",Dogs are commonly restrained when walked or put within the subject. What image can be utilized to keep dogs restrained when walking on parks?
1,0,something that is most likely to be the backup light,something that is most likely to be the backup Lightning sits sulfurstone
1,0,What object hanging on the wall in the bedroom can make the atmosphere more artistic and decorative?,What object hanging on the wall in the bedroom can make the atmosphere more artistic and enticing in the decor adobe?
1,0,What decoration hanging on the wall in the bedroom can make the atmosphere more artistic and decorative?,What decoration hanging on the wall in the bedroom can make the atmosphere more artistic and decoratator?
1,0,What is the object that hangs on the wall in the bedroom which can enhance the atmosphere of the room and give it a more artistic and decorative feel?,What is the object on the wall that hangs in the bedroom and can give it an artistic feel and enhance the contemporary of the room? What is the
1,0,What object is hanging on the bedroom wall that can make the room look more decorative and artistic?,What object is hanging on the bedroom wall that can make the room look more artistic and decor?
1,0,"When we enter a room, what object can be used to remove dirt and moisture from shoes, and avoid slipping hazards indoors?","When we enter a room, what object can be used to remove dirt and spores from shoes, and reduce heat hazards indoors? The"
1,0,"Upon entering a room, what object can you use to prevent dirt and moisture from shoes, reducing the risk of slipping hazards inside?","Before entering a room, what can you use to prevent moisture dripping from the objects, reducing shoes and hazards from a risk? The"
1,0,"As a smart home AI, which object can be used to remove dirt and moisture from shoes, preventing slipping hazards indoors, when entering a room?","As a security solution, can aeres be used to prevent slipping dirt and haze indoors, when wearing objects? A"
1,0,What object can be used to prevent slipping hazards indoors and remove dirt and moisture from shoes when entering a room?,What object can be used to remove dirt and moisture hazards from shoes and prevent scratches indoors when entering a room? a. b.
1,0,"When entering a room, what item can be used to remove dirt and moisture from shoes and prevent slipping hazards indoors?","When entering a room, what item can be used to remove moisture hazes from shoes and prevent rips and dents indoors?"
1,0,"After entering a room, what object can be utilized to eliminate dirt and moisture from shoes to prevent the risk of slipping indoors?","Before entering a room, what object can be utilized to eliminate dust and moisture from the indoors to prevent people from slipping? The following is"
1,0,"When riding a boat at high speed on the sea, it's important to have suitable clothing to protect against the water. What item of clothing in the picture can provide protection and insulation in the water?","When boating a boat at high altitude, it is important to have protective clothing on the wall and provide protection in the water.What types of"
1,0,What piece of clothing in the picture can provide protection and insulation during high-speed boat riding on the sea?,"What piece of clothing on the picture, can provide protection and protection during high-speed boating in the ocean riots?"
1,0,"When traveling at high speed on the sea by boat, it is necessary to wear protective and insulated clothing to protect against water. What is the object specifically designed for this purpose in the picture?","When traveling on the water by boat, it is necessary to wear high protective clothing for the object in this image. What is designed and designed? The purpose"
1,0,"When riding a boat at high speed on the sea, it is important to have appropriate clothing that can provide insulation and protection against water. Please indicate the item of clothing in the picture that could be useful for this purpose.","If riding on the water in the ocean, it is important to have clothing that could indicate a suitable item for use and provide great protection. If you"
1,0,"When riding a boat at high speed on the sea, it is essential to wear appropriate clothing that can provide protection and insulation from the water. Can you identify an item of clothing in the picture that would help in this situation?","When riding a boat on the water, it is important to identify and wear clothing that could provide high quality protection from the vehicle in this situation. Can"
1,0,"To protect yourself against the water when riding a boat at a high speed in the sea, what type of clothing can provide insulation and keep you warm?","To protect yourself when riding on an boat at a high temperature in the water, what type of clothing can protect you and keep the rain? 1 What"
1,0,"In a community with strict environmental awareness, residents are encouraged to sort the garbage they produce and put it into different containers for recycling. What is the object in the picture that is designed specifically for this use?","During garbage recycling, the community is given specific awareness and to remove the containers that are designed in a particular shape for it. What is the best"
1,0,"In a community that emphasizes environmental awareness and recycling, residents are encouraged to sort their waste and dispose it into appropriate bins. What object in the picture is specifically designed to support this practice?","In a community awareness, residents are positioned to use art and recycling and restrict the waste in it. What specifically explained in this project is that the"
1,0,"In a community with a strict awareness of environmental protection, people are encouraged to sort the waste they generate and discard it in dedicated receptacles for recycling. What object in the picture is specifically designed for this purpose?","In a community with a specific recycling objective, people take cognizant of the waste that is designed and given to expose it in open spaces. What"
1,0,"In a community with strict environmental awareness, residents are encouraged to separate the waste they produce and place it into different containers for recycling. What object in the picture is specifically designed for this use?","Within the environmental awareness, residents are given specific recycling for waste and to separate it in a container that is specifically designed to use. What is the environmental"
1,0,"In a community with a strong focus on environmental awareness, residents are typically encouraged to sort their waste and place it in separate containers for recycling. Which object in the picture is designed specifically for this purpose?","Based on their environmental awareness, residents are typically given one in a container that is designed for recycling and to take part in such a project. How"
1,0,"Suppose that I am afraid of the dark, what object can I turn on to make me feel safe and secure?","Suppose that I could make a object of the dark, what can I turn on me to be safe and secure if I feel hopeless?"
1,0,"If you are afraid of the dark and want to feel safe and secure, what object can you turn on to make you feel that way?","If you are afraid of the dark and want to turn on your way, what idea can you create to make you feel safe and secure? Is that"
1,0,"Suppose you are afraid of the dark and need to feel secure, what object can be turned on?","So you might want to be afraid of the dark, given what is satain and where your object can be redirected?"
1,0,"If you are afraid of the dark and want to feel safe and secure, what object can you turn on according to the picture?","If you want to sacrify something and feel safe and secure, what is the object of your dark? How to turn on the picture"
1,0,Suppose you are afraid of the dark and are seeking comfort. What can you turn on to make yourself feel safe and secure?,You want to be afraid of the dark. What can you look to and make yourself feel secure; are you seeking off a safe and secure life?
1,0,Public transportation is an efficient way to travel in a city. What mode of transportation in the picture can carry many passengers and travel along the tracks?,Public transportation in a city is an ideal method of transportation. How many passengers can carry the car and travel on the tracks in few minutes? The most
1,0,"In a city, what form of transportation can carry many passengers and travel along tracks?","In a city, what form of transportation can carry many passengers and travel along tuesl??"
1,0,"What mode of transportation is depicted in the picture that can transport large numbers of passengers and operate on tracks, making it an efficient form of public transportation within cities?","How efficient is the mode of transportation as depicted in a movie that can transport large numbers of passengers and operate it in public transport,?"
1,0,"In the context of public transportation, which mode of transportation in the picture can carry many passengers and travel along designated tracks?","In the context of public transportation in the picture, which mode of transportation can carry passengers and commuting along many paved tracks?"
1,0,"When traveling in a city, public transportation is often an efficient option. What mode of transportation in the picture can carry many passengers and move along tracks?","When traveling in a city, public transportation is often an option. How convenient transportation mode can carry on the cars in many steps and escape? The most"
1,0,Public transportation is an efficient way to travel in a city. What transportation mode is present in the picture that is capable of carrying many passengers and traveling along the tracks?,Public transportation is an ideal mode that is carried along in the picture. What transportation in a city is capable of traveling and carrying many passengers? The most
1,0,the part of the bird that is used for eating,the part of the bird that is used for eluding the saverable and eats.
1,0,someone with bare arms,a one with bare arms someone with stdeled thighs
1,0,What is often placed in the corner of the bedroom to add beauty to the indoor environment?,What is often found in the corner of the living room to add beauty to the indoor environment and refresh the styrofoam?
1,0,What object is typically placed in the corner of a bedroom for aesthetic purposes?,What object is typically placed in the corner of a bedroom for aesthetic purposes? Answer
1,0,What object is typically placed in the corner of a bedroom to make the indoor environment more attractive?,What object is typically placed in the corner of a bedroom to make the indoor environment in the home afeet more attractive?
1,0,What item is frequently placed in the corner of the bedroom to enhance indoor aesthetics?,"What item is commonly placed in the corner of the bedroom to enhance indoor aesthetics during tightening the look? Home decor, furniture, furniture, furniture"
1,0,What indoor decoration is typically placed in the corner of a bedroom to enhance its aesthetic appeal?,What decorative attention is typically placed on the inside of a bedroom to enhance its aesthetic appeal in home encroachment? The color of the room
1,0,What is commonly placed in the corner of a bedroom to enhance the aesthetics of the indoor environment?,What is commonly placed in the interior of a garden room to rebalance the aesthetics of the indoor room?
1,0,"On a windy day at the beach, you may see colorful objects soaring high in the sky. What object in the picture represents this activity?","On a windy day in the beach, you may see colorful objects soaring high in the sky. What object represents the activity in this picture"
1,0,"What object in the picture depicts an activity that you may observe on a windy day at the beach, where you might see colorful objects soaring high in the sky?","What object might you see in a picture depicting colorful objects that you observe on the beach, when you go swimming high in the rain? A."
1,0,"During a windy day at the beach, what objects in the picture might be seen soaring high in the sky and adding color to the scenery?","During a day at the beach, what objects soaring high in the sky might be seen in the picture and creating colorful touches in the scenery"
1,0,What object in the picture could represent colorful objects flying high in the sky on a windy day at the beach?,What object in the picture could represent colorful scaly objects flying over the sun on a windy beach at night in the high road?
1,0,"On a windy day at the beach, what object in the picture could you use to fly colorful kites?","On a sunny day in the woods, what color sexy object could you use to fly a boat at the pictures?"
1,0,Participating in car racing requires special safety equipment to protect the eyes from wind and debris. What item in the picture can provide this protection?,Every vehicle racing in the picture requires special equipment to protect it from wind and debris. What can result in the engraving?»
1,0,"In car racing, special safety equipment is required to protect the eyes from wind and debris. Could you specify what item in the picture could provide this type of protection?","For vehicle windshields, you must purchase the specific type of protection to allow the vehicle to show debris in this picture. What are advantages and disadvantages of"
1,0,"When participating in car racing, what object is commonly utilized to protect a person's eyes from wind and debris?","When pursuing a car's design, what metal object is commonly used to protect people from wind and debris during a sclerosis?"
1,0,"When participating in car racing, it is essential to have specialized safety equipment to protect the eyes from wind and debris. Can you tell me what object in the picture provides this eye protection?","When traveling in this vehicle, it helps us to have specialized eyeglasses to protect against wind and the dust. What identification is given is the"
1,0,Having a clean kitchen environment plays an important role in ensuring food hygiene and health. What object can be used to hold all the discarded food or trash to keep the kitchen cleanly?,Having kitchen hygiene cabinet is used to ensure all the food and waste can be kept clean and attractively. What task to clean the kitchen? Keeping
1,0,Maintaining a clean kitchen environment is critical for maintaining food hygiene and ensuring good health. What item in the picture could be utilized to store discarded food or trash in order to keep the kitchen clean?,Identifying items in the kitchen cabinet can be utilized to keep food clean and soiled for maintaining a good food hygiene. What are the best
1,0,Maintaining a clean kitchen environment is essential for food safety and hygiene. What object could be used to store discarded food or trash and keep the kitchen clean?,Maintaining a clean kitchen is essential for food safety and hygiene? Which object can be used to store food and keep the food clean? »
1,0,"To maintain a hygienic and healthy kitchen environment, what object can be utilized to contain all food waste or discarded items and keep the kitchen tidy?","To maintain a healthy kitchen environment, what object can be utilized to contain the most hygiene and clean items or keep kitchen splashed? â"
1,0,Ensuring a clean kitchen environment is essential in maintaining food hygiene and overall health. What object could be used to collect all discarded food or trash to maintain a clean kitchen?,Ensureing a clean kitchen is essential to maintaining food hygiene and could be used to collect any discarded food or clean kitchen environment. What are the
1,0,the object that prevents people from walking on railroad tracks,the object that prevents people from walking on railroad tracks and containties people from walking on bridges
1,0,"In a high-energy sporting event, the audience often cheers for the athletes to show their support and excitement. What object or area in the picture could the spectators be directing their cheers towards?","During a high energy sporting event, the athletes could show their appreciation for the characters or viewers they cheer on. What cables to give? What are"
1,0,"During a high-energy sports match, where could the audience be directing their cheers and excitement towards in the image provided?","During a sports match, could this be bringing high-energy snorers and emotion to the audience engaged in the given? I"
1,0,"In a high-energy sporting event, where might the spectators be directing their cheers towards to show their support and excitement in the picture?","In a high energy sporting event, where should the spectators be kicking their horns in to show their support and excitement towards the picture?"
1,0,"In a high-energy sporting event, where would the audience most likely direct their cheers in this picture to show their support and excitement for the athletes?","In a high-energy sports event, how would the athletes cheer for this video to show their best interest and concern for the runners? The"
1,0,"In a high-energy sporting event, audience members often cheer for the athletes to demonstrate their enthusiasm and support. Based on the image, what area or objects might the spectators be directing their cheers towards?","During a high-energy sporting event, spectators tend to give their attention to the players. What kind are the objects and ideas supporting? The"
1,0,"During a high-energy sporting event, the audience often cheers the athletes on as a display of support and excitement. In the provided picture, towards which object or area might the spectators be directing their cheers?","During a high-tech sporting event, the spectators usually indicate which action or gear will the fans give as their support? On which? have"
1,0,"When participating in a car show, showcasing the unique features of each car is crucial. What part of the car can be showcased by opening it in the picture?","When participating in a car show, showcasing the car can be crucial. What part of the car is showcased in one unique picture? What"
1,0,"During a car show, showcasing the unique features of each vehicle is essential. What aspect of a car can be demonstrated by opening it, given the current picture?","During opening a car, what can be demonstrated by the present design of the vehicle? showing off a car is a valuable aspect, adding"
1,0,"When participating in a car show, it's crucial to showcase a vehicle's unique features. Which part of the car could be highlighted by opening it according to the picture?","When participating in a car show, it's crucial to showcase it according to the features. Which part of the car featured in the picture? A"
1,0,"When participating in a car show, it's important to highlight the unique features of each car. What part of the car, as shown in the picture, could be revealed to showcase its features?","When participating in a car show, it's important to showcase each car, as revealed in the picture. What of the features could achieve? The"
1,0,"An essential component of car shows involves displaying the unique features of each car to the audience attending the event. What aspect of the vehicle can be showcased by opening a portion of it, as depicted in the picture?",An essential component of each car is presented by displaying the parts of the car as showcased by the audience. What can happen to that picture? A
1,0,"When participating in a car show, it's important to showcase the unique features of each car. Based on the image provided, which part of the car could be displayed by opening it to highlight its distinctive characteristics?","When displaying a car, it's useful to highlight the car by including the unique features that appeared on each part of the display. What could"
1,0,the persons who are recording the game,"the persons who are teeseing the recording of the game, people who are acquiring the game."
1,0,"In a team competition, winning athletes and teams often stand together for a group photo to celebrate their victory. What in the picture could signify their achievement?","In a sports competition, runners often picture their team and team together for a victory. What in the photo could commemorate their victory? a"
1,0,Group photos are commonly taken to celebrate victory in team competitions. What object or feature in the picture might signify the team's accomplishment?,Team photos are commonly used to symbolize team achievement. What statement or segment in the contest might result in certain surprises in the team's image? The team
1,0,"In a team competition, athletes and teams who achieve victories often assemble for a group photograph to commemorate their triumph. What aspect in the picture could be a symbol of their success?","Within a competition, athletes and teams in a team photograph often have to commemorate their triumph. What are examples of the photograph to capture their success"
1,0,"When athletes or teams win a competition, they often take a group photo to celebrate their victory. What could signify their achievement in the picture?","When athletes enter a competition or win a team, they often take pictures to signify their achievement. What could symbolize their victory on the photo?"
1,0,"After winning a team competition, athletes and teams often come together for a group photo to commemorate their victory. What element of the picture might represent their accomplishment?","During a championship contest, individuals and teams often come together for a photo to capture the team. What ornament represents part of their achievement? ask"
1,0,"When winning athletes and teams take a group photo to celebrate their victory in a team competition, what aspect of the picture could symbolize their achievement?","When athletes and teams take a team photo to celebrate their winning victory in a competition, what aspect of the picture could symbolize their achievement? 1 The"
1,0,Some people enjoy having a view of the outside world while still being comfortable inside their homes. What part of the house in the picture can provide such an experience?,Many people enjoy having an inside view of the house while still seeing the pictures in the world. What part of their home can provide such a experience?
1,0,"For someone who enjoys the comfort of their homes but also wants to have a view of the outside world, could you help me identify which part of the house in the picture can provide such an experience?","For someone who loves the outside of the home but can not locate the part of the landscape, would one of their views give you such an experience? I"
1,0,What aspect of the house in the picture can enable people to overlook the outdoor world while remaining indoors and comfortable?,What aspect of the home in the world can enable people to overlook the outdoor picture while remaining indoors and savor comfortable? The world
1,0,What part of the house in the picture can provide people with a view of the outside world while still being able to stay inside and be comfortable?,What part of the house in the picture can provide people outside and be able to ride with a view of the world while still being comfortable? The
1,0,"For people who enjoy admiring the outdoors from the comfort of their own home, which part of the house in the picture could offer such an experience?","For people who admire the outdoors from the comfort of their own home, which part of the picture in the house could offer such an experience? Article. The"
1,0,"In some cases, people enjoy being able to view the outside world while inside their homes. What section of the house in the picture might provide such an experience?","Usually, some people find viewing the inside of the house in their homes. Which part of the world may provide such an experience when looking out images?"
1,0,"In a snack mix, various ingredients can be combined to create a flavorful and nutritious blend. What in the picture can provide a crunchy and nutritious addition to the mix?","In an additive mix, several ingredients can be combined to create a sweet and crunchy flavor in the mix. What are the benefits of a flavored"
1,0,"In a snack mix, multiple ingredients can be combined to contribute to a delicious and healthy blend. What item in the picture could be utilized to introduce a crunchy and nutritious component to the mix?","In a snack blend, several components could be added to the mix to promote a nutritious and crunchy item in the mix. How much do you need"
1,0,A snack mix can be made flavorful and nutritious by combining various ingredients. What object in the picture could be used to provide a crunchy and nutritious component to the mix?,A jerky snack mix can be created to be tasteful or nutritious by adding several ingredients in the mix. What is the difference between a
1,0,What item(s) in the picture might provide a crunchy and nutritious addition to a snack mix?,What item(s) in the picture might provide a crunchy and nutty addition to a snobber snack mix?
1,0,"A snack mix can be comprised of several different ingredients, which when combined, can produce a flavorful and nutritious blend. Please identify the components in the picture that can provide a crunchy and nutritious addition to the mix.","A snack mix can contain several components that are present in the mix, and may create a flavorful and nutritious combination. Go to the â"
1,0,"During festive occasions or religious ceremonies, it is common to see symbolic representations or idols of deities being worshiped. What objects in the picture could be used as idols or representations of deities?","In religious ceremonies or religious celebrations, it common to see objects or types of deities are portrayed as icons of the deities. Could the images"
1,0,"In festive occasions or religious ceremonies, it is common to see symbolic representations or idols of deities being worshiped. Please identify which objects in the picture are appropriate to be utilized as such symbolic representations.","In religious occasions or ceremonies, certain image symbols are desirable to be used as images of it being symbolized. Please identify the types"
1,0,"During festive occasions or religious ceremonies, people often use idols or symbolic representations of deities for worship. What elements in the picture might be suitable for this purpose?","During religious convocations or religious ceremonies, people often use images of masculine qualities for the occasion. What parts would be useful in this category?"
1,0,"During festive occasions or religious ceremonies, it is common to depict symbolic representations or idols of deities while performing worship. What objects in the picture appear capable of being utilized as such idols or representations?","During religious rituals or ceremonies, icons commonly appear as effigies or it is fashionable to display such images of God in association. What are"
1,0,"During festive occasions or religious ceremonies, people commonly use idolistic depictions or representations of deities in the form of objects for worship. Based on the picture, what objects might be utilized for this purpose?","During religious occasions or religious celebrations, people use idioms of differing kinds or designs for display as reference to the objects. What might"
1,0,"In today's digital age, many people prefer to use mobile payment methods instead of carrying cash. What in the picture might become less popular due to this trend?","In today's digital age, many people prefer to use mobile payment systems instead of cash. What might fall in spite of this trend? The new mobile"
1,0,What item visible in the picture might become less popular because of the increasing trend of people choosing to use mobile payment methods instead of carrying cash?,What picture appears in the picture might be becoming more popular because of the increasing trend of people purchasing mobile payment tools instead of using cash? ».
1,0,"Given the trend of mobile payment methods in today's digital age, what item in the picture may decline in popularity as a result?","Given today's decline in the digital age, what trend of mobile payment technology might appear in numerous consumer categories in the picture as a result? The"
1,0,"In the age of digital technology, many people prefer to use mobile payment methods rather than carrying cash. Please identify the item in the picture which may become less popular as a result of this trend.","To avoid mobile payment, many users identify the phenomenon of using cash as a result of this trend and may be more expensive in the modern era."
1,0,"Due to many people choosing mobile payment methods over carrying cash, what might become less popular because of this trend, based on the image?","Despite many people turning to mobile payment services more popular because of this trend, based on the image, what might satisfy users of taking their cash?"
1,0,where we can sit down,where we can sat down to sat down We sat down. to sty?
1,0,"If a person wants more privacy when using the bathroom, what structure in the picture can be closed to separate the bathroom from the outside environment?","If a person wants more privacy in the bathroom, what structure can be used when letting the bathroom to separate the picture from the outside environment? A"
1,0,"If someone requires additional privacy while using the bathroom, which area of the picture could be closed to isolate the bathroom from the outside environment?","If someone requires outside privacy to isolate the bathroom from the environment, which areas of the picture could be moved while using the bathroom? Example: If someone needs"
1,0,What structure in the picture can be closed to provide more privacy to a person using the bathroom and separate it from the outside environment?,What structure of a ledge can be removed by the person to provide more privacy and separate it from the outside environment in the bathroom? What can be
1,0,"What structure, visible in the picture, can be closed to provide more privacy when using the bathroom?","What structure, to provide more privacy when moving the picture, can be seen in the open room when using the bathroom. Recognize?"
1,0,"To curtail interference and improve privacy when using the bathroom, what item in the picture can be closed to partition the bathroom from the outdoors?","To correct interference when decorating the bathroom, what item can be available in the closet and restrict the privacy from the bathrooms? How do you remove the wall from"
1,0,What structure in this picture can a person close to increase privacy while using the bathroom and separate it from the outside environment?,What picture of a couple using this image can first measure privacy in the bathroom and close it to the outside environment while removing individuals from their home?
1,0,"After washing hands in the bathroom during the cold winter months, what should be used to dry them?","After washing clothes in the cold kitchen during the winter months, what should be used to dry them in the cold shower? Wash them with a mild soap"
1,0,What should be used to dry hands in the bathroom during the cold winter months after washing?,What should be used to stoop hands in the wet bathroom during the cold winter months after washing clothes? dry?
1,0,What should you utilize to dry your hands after washing them in the bathroom during the cold winter months?,What should you use to soften your hands after washing them to dry in the kitchen sink during the most extreme winter months in the cold months? I have
1,0,"After washing one's hands in the bathroom, what object should be used to dry them during the cold winter months?","After washing one's hands in the cold bath, what object should be used to store them in the aprol winter months?"
1,0,"During the cold winter months, what should be used in the bathroom to dry your hands after washing?","During the cold winter months, what should be used in the bathroom to dry your hands after sand and sand wash?"
1,0,"After washing hands in the bathroom in cold winter months, what object should be used to dry them?","After washing bathers in cold water in the winter months, what object should be used to tweeze them in cold?"
1,0,"When it comes to fashion, high-heeled shoes are often considered a stylish choice for women. What part of a shoe is typically elevated to create the heel?","When it comes to women fashion, high-heeled shoes are often considered an elegant form to elevate the shoe. What types of a high heel"
1,0,"In fashion, high-heeled shoes are often seen as a stylish choice for women. Which part of the shoe is commonly raised to form the heel?","In contemporary fashion, high-heeled shoes are often chosen as a part of the shoe to wear for women. Which side is naturally high-"
1,0,"In fashion, high-heeled shoes are often considered a stylish choice for women. What section of the shoe is often raised to create the heel?","In fashion, high-heeled shoes are often chosen to create a fashionable choice for women. What section of the heel is often laced"
1,0,"In fashion, high-heeled shoes are a popular choice for women. Which part of such shoes is typically raised to create the elevated heel?","In women, high-heeled shoes are often a popular choice for women. Which size of the heel is created to alter such slopes?"
1,0,High-heeled shoes are often considered a stylish choice for women in fashion. Which part of the shoe is usually raised in order to create the heel?,High-heeled shoes are often considered fashionable in women. Which part of the heel is first raised in order to create the fashion? The heel is
1,0,What type of container is commonly used to hold water and keep flowers fresh in a living room?,What type of container is commonly used to hold water and keep fresh flowers fresh in a living room? Dirty
1,0,What kind of container is typically used to hold water and keep flowers fresh in a living room?,What kind of container is typically used to hold water and keep flowers fresh intain in a living room?
1,0,What is the common container type to hold water and keep flowers fresh in a living room?,What is the common container type to hold water and keep flowers fresh and doo in a living room?
1,0,What is the typical type of container that is used in a living room to store water and keep flowers fresh?,What is the typical type of container that is used in a living room to store water and give flowers that will keep it fresh and ripe?
1,0,What type of container is typically utilized in a living room to hold water and help keep flowers fresh?,"What type of container is typically utilized in a living room to hold water and help keep items fresh, te droop"
1,0,Creating visual representations of military equipment can be an interesting art form. What object in the picture could be a subject for a doodle or drawing related to the military?,Creating military art can be an interesting subject matter. What arrows in the military could be a reference for a sculpture or tattoo? The
1,0,"When creating visual representations of military equipment, what objects in the picture could potentially serve as a subject for doodles or drawings?","For military applications, what could represent a sequence of objects or objects in the picture? How do visual arrows commonly serve as stencils?"
1,0,"In the picture, which object might potentially serve as the subject matter for a doodle or drawing related to the military?","As a clue, which image might possibly represent the object for a doorknob or the subject related to directing the military? Wees"
1,0,"In the art form of drawing visual representations of military equipment, what item in the picture could be a subject or inspiration for such a doodle?","In the art of military art, what type of objects in a picture could be an inspiration or illustration of the subject matter for such doodle?"
1,0,Which object in the picture could serve as inspiration for a doodle or drawing focused on military themes?,Which object in a doodle could serve as inspiration for pointing to military arrows or a picture centered on the subject? I
1,0,What in the picture might be a suitable subject for a military-themed doodle or drawing?,"What picture might be suitable for a subject in a military-themed doodle, or a sprite? This part of the"
1,0,The image suggests that the animal shown has a certain level of aggression and dominance. What part in the picture indicates this aggression?,The image shown suggests that the animal has a certain level of aggression and dominance. What part of the anglic in this picture indicates aggression?
1,0,What part of the picture suggests that the animal displayed possesses a level of aggression and dominance?,What part of the picture sat shown suggests that the animal possesses a level of aggression and dominance....
1,0,Could you please point out the region of the image that indicates the portrayed animal's aggression and dominance?,Could you please point out the image of the region that depicts the triggered adversity and savaged aggression?
1,0,What part of the picture indicates that the animal in the image has a level of aggression and dominance?,What part of the picture indicates that the animal in the image has a level of aggression and dominance.....
1,0,Could you please identify the region in the picture that indicates aggression and dominance of the animal depicted?,Could you please identify the region depicted in the picture that indicates aggression and velocity of the affected faade?
1,0,"From the image, what aspect of the animal suggests that it exhibits aggression and dominance?","From the image, what aspect of the animal expands it suggests that it exhibits aggression and dominance?"
1,0,We need to browse the internet or write documents in a quiet environment. What object can be used to input non-vocal instructions to the computer to fulfill this task?,We need to browse the internet or interpret an open-gravity environment. What can objects be used to send nonverbal documents to the computer? What
1,0,"When browsing the internet or working on documents, a quiet environment is often necessary. What object can be used to provide non-vocal instructions to the computer to accomplish these tasks?","When browsing the internet or creating objects, what information can be used on the computer to provide a consistent answer to difficult or ceremonial tasks. How do"
1,0,"When browsing the internet or writing documents, we may require a quiet environment. What device can be utilized to provide non-vocal input instructions to the computer to complete these tasks?","When browsing the internet, we may require written instructions to provide non-vocal tasks or to display this item. What computers can be connected to the computer"
1,0,"In order to browse the internet or write documents in a quiet environment, what object can be used to input non-vocal commands to the computer?","In order to browse the internet or respond in a computer environment, what commands can be used to write non-vocal images to the blank objects?"
1,0,"What object can be utilized to provide non-vocal instructions to the computer, enabling us to browse the internet or write documents in a quiet environment?","What device can be used to self-serve the computer, providing us with interactive instructions or rendering adverbs to navigate in the dark?"
1,0,What object can be utilized to issue non-vocal instructions to a computer for browsing the internet or composing documents in a quiet environment?,What object can be utilized for writing non-visual answers to a computer when playing a crisp document or browsing the internet to obtain vibrations? What
1,0,"When it comes to indoor gardening, what is an essential item that is commonly used to hold soil and support the growth of plants?","When it comes to indoor gardening, what is an essential item that is commonly used to hold soil and support the growth of plants? It is important to know"
1,0,What is an essential item used for indoor gardening that is commonly utilized to hold soil and provide support for the growth of plants in the picture?,What is an essential outdoor item used for gardening that is commonly used to support and maintain the growth of plants for use in the picture? The following is
1,0,"In indoor gardening, what is the essential item that is used to hold soil and support the growth of plants?","In indoor gardening, what is the essential item that is used to hold soil and support the growth of herbs?"
1,0,What is an essential item that is commonly used to hold soil and support the growth of plants in indoor gardening?,What is an essential item of soil that is commonly used to aerate and support the growth of plants in stout outdoor gardening?
1,0,"In indoor gardening, what is an essential item frequently used to hold soil and provide support for plant growth?","In outdoor gardening, what is an essential item frequently used to hold up soil and provide support for plant growth? br />b"
1,0,"Indoor gardening often involves the use of a necessary item, which holds soil and provides support for plant growth. What is this item typically called?","Outdoor gardening often involves the use of a soil item, which provides essential support for plant growth. What is this called, is used? Several factors"
1,0,What object is used to hang on the walls that can enhance the beauty of a room and make it look more attractive?,What object is used on a wall that can enhance the beauty of the walls and make it look more attractive and attract to a room? What lose
1,0,What item used for wall decor adds beauty to the room's aesthetic and enhances its overall appearance?,"What item used for decorative wallpaper adds to the room's aesthetic, enhances its beauty and increases overall appearance.? The wallpaper is a popular"
1,0,What decorative objects are typically hung on walls to enhance the beauty of a room and make it look more attractive?,What decorative objects are typically hung on walls to enhance the beauty of a room and make it look more attractive and more?
1,0,Tell me what object can be hung on walls to enhance the beauty of a room and make it look more attractive?,"Tell me what object can be hung on a wall to enhance the beauty of a home, and make it look less attractive?"
1,0,What object could be hung on walls to enhance the beauty of a room and make it look more attractive?,"What object could be hung on a wall to enhance the beauty of a home and make it look less enviable? More ideas,"
1,0,What object is commonly used to decorate walls and make a room look more attractive?,What object is commonly used to enect a wall stape and make rooms look better and more attractive?
1,0,the cover to protect lens from damage,the lint to protect lens to protect from damage to secure lense from sesion it
1,0,"When you finish your business in the bathroom and want to store items such as towels, where should you put them?","When you finish putting your business in the bathroom and want to store items such as toiletries, where should you put them?"
1,0,"When finishing your business in the bathroom and you need to store items such as towels, where is the ideal location to place them?","When finishing your business in a bathroom and where is the ideal location to store items such as towels, you need to place them? 1 Place the towels"
1,0,"After you finish using the bathroom and would like to store items such as towels, where would be the appropriate location to put them in this image?","After looking at the bathroom and would like to use such items as towels, where would be your correct location to put the boxes?"
1,0,"If you have finished using the bathroom and wish to store items such as towels, where is the appropriate place to keep them in the picture?","If you are finished using the bathroom and wish to store the items such as towels, where is the best place to take them in picture? I have"
1,0,Where is the ideal location to store items like towels when you are finished using the bathroom?,Where is the ideal location to store items like towels for sale when you are finished using the bathroom....
1,0,"After using the bathroom, where should you place items such as towels?","After using the bathroom, where should you place items such as towels?"
1,0,Birds often find elevated areas to rest or observe their surroundings. What parts in the picture can potentially serve as a resting spot for birds?,Most birds can passively find inhabited areas or frames to serve as a resting spot for their picture. What elevations in the landscape suggest?
1,0,"Birds often seek elevated areas to rest or observe their surroundings. In the picture, what parts could potentially serve as a resting spot for birds?","Birds commonly seek elevated areas or places to serve as a resting spot for their surroundings. In what image, could the birds see? Birds"
1,0,"What parts of the picture could be utilized as potential resting spots for birds, given their tendency to seek out elevated locations?","What parts of the eggs could be utilized as potential resting spots for their surroundings, because of the tendency to seek wide slits? The"
1,0,"In this picture, which areas could potentially serve as a resting spot or vantage point for birds to observe their surroundings?","In this scenario, which areas could possibly serve as a resting spot or vantage point for birds to savor their surroundings? First,"
1,0,"If we are to consider birds looking for areas to rest or observe around their surroundings, which parts of the picture might serve as a potential spot for them?","When we consider which areas or areas to look for for birds as a restoring part of the landscape, they might be able to spot them?"
1,0,the object that can be used for speaking and amplifying volume,the object that can be used for heaving and syst talinging volume.
1,0,"When playing a drum set, which part of the drum set in the picture would be used to keep the rhythm and provide accents in the music?","When playing a drum set, which part of the music would provide the beats in the drum set and make the picture used in the rhythm? Many"
1,0,"When playing a drum set, which part of the set displayed in the picture is commonly utilized to maintain the rhythm and provide accents in the music being played?","When playing a drum set, which part of the string is utilized in the set and typically gives the music to accentuate the sounds displayed? Answers"
1,0,"When playing a drum set, which component of the drum set seen in the picture is typically used to keep the rhythm and add accents to the music being played?","When playing a drum set, which component of the drum set is typically used to add tones and accent the music being seen in the picture? Put"
1,0,"When playing a drum set, which part of the drum set shown in the picture is typically utilized to maintain the tempo and highlight accents in the music?","When playing a drum set, which part of the drum set is typically utilized to highlight the music and preserve the nuances in the picture? arc"
1,0,"When playing a drum set, which components of the drum set pictured would typically be utilized to maintain the rhythm and add accents to the music being played?","When playing a drum set, which components of the drum set would typically be utilized and added to tones accentuated to the music playing? See"
1,0,"When playing a drum set, which element in the picture could be utilized to establish rhythm and emphasize certain beats in the music?","When playing a drum set, which element in the picture could be utilized to establish rhythms and emphasize certain beats in the music? Try the following"
1,0,Walls are often empty and blank. What object can serve as an accessory to make it more decorative?,Walls are often unused as an accessory and blank. What objects can make it more decorative to enclose and make a slick?
1,0,"What object can be utilized as an accessory to decorate walls, which are often empty and plain?","What object can be utilized as an accessory to decorate walls and ledges, which are often hard to clean and snare? One,"
1,0,"To make walls more decorative, what object can be used as an accessory?","To make objects more decorative, what wall utensils can be used as an accessory? ask."
1,0,"To make a wall more decorative, what object could be utilized as an accessory?","To make a wall more essicative, what object could be utilized as an accessory shtack?"
1,0,What object can be used as an accessory to decorate walls and make them less empty and blank?,What object can be used as an accessory to decorate walls and make them less expandable and blank?
1,0,"In snowy regions, people often use a specific means of transportation to move across the snow-covered ground. What in the picture could be used for this purpose?","On the snow-covered roads, people often use different measures of crossway in the space. What could be used for this purpose? To create a"
1,0,"In snowy regions, what item in the picture would people commonly utilize to move across the snow-covered ground?","In snowy regions, what item would people commonly utilize to move the snow across the azure in the snow-covered azure?"
1,0,"In regions with heavy snowfall, people often rely on a specific mode of transportation to traverse the snow-covered terrain. Based on the picture, what particular item could be employed for this function?","On a specific map, people rely upon snow-covered terrain to transport the particular species of drive. What common features can be employed for this task"
1,0,"In areas that are covered in snow, what objects can be used to move across the snowy landscape?","In areas that are covered in snow, what objects can be used to move across the sand horizons in a snowy environment?"
1,0,What item in the picture could be utilized for transportation on snow-covered ground in regions that often experience snowfall?,What item on the picture could be utilized for transportation in areas that experience snow-covered snowfall in many digits that abounds?
1,0,What object can be used to provide better sound quality when watching movies or playing music on the computer?,What object can be used to provide better sound quality when playing music or watching movies or syncing movie on the computer?
1,0,What item in the picture can be utilized to enhance sound quality when watching movies or playing music on the computer?,What item in the picture can be utilized to enhance the sound quality when playing music on the computer or watching movies or downloading video? 1 How much does
1,0,something that helps in the pollination of plants,something that helps in galinatizes in the pollination of plants.
1,0,What object in the room is mainly used as a sitting tool for writing or using an electronic device?,What object in the room is mainly used for putting a sitting object as a tool or using a computer as a communication device?
1,0,Which item in the room is primarily utilized as a seating device for writing or working on an electronic device?,Which item on the home is primarily utilized as a slinging device for writing or putting together a device in a computer?
1,0,What object in the room is primarily employed as a seat for writing or utilizing an electronic device?,What object in the chair is primarily utilized as a place for writing or appointing a computer Without an electronic device?
1,0,What object in the room is primarily utilized as a seat for writing or using an electronic device?,What object in a room is primarily utilized as an object for drawing or using the computer for resizable es?
1,0,What item in the room is typically utilized as a seat for writing or using an electronic device?,What item in the room is typically utilized as a chair for writing or useing a device using an electronic phone?
1,0,Which item in the room is primarily used as a seating tool for writing or using electronic devices?,Which item in the room is primarily used as a sizing tool for sexing or using electronic devices?.
1,0,What objects in the picture can rotate rapidly and generate lift to allow vertical take-off and landing?,What objects in the picture can rotate rapidly to allow vertical take-off and landing and generate lift to enter slide?
1,0,"Which objects in the picture spin at high speeds, creating lift that allows for vertical takeoff and landing?","Which objects in the frame taking angular splines that allows for high speed at takeoff and landing, and creates lift lift?"
1,0,Which objects in the picture can produce lift and facilitate vertical take-off and landing as a result of their rapid rotation?,Which objects in the picture can promote vertical lift and produce rapid take-off as a result of their resistance and rotation?
1,0,Which objects in the picture are capable of generating lift and permitting vertical takeoff and landing by rapidly rotating?,Which objects in the picture are capable of producing troublesome lift and vertical sneezing by allowing moving and stopping at takeoff?
1,0,"What objects in the picture have the ability to rotate rapidly and generate lift, enabling vertical take-off and landing?","What objects in the picture have the ability to rotate vertically and generate lift, enabling easy landing, aftead take-off"
1,0,What parts of the picture can rotate at high speeds to produce lift that facilitates vertical take-off and landing for an aircraft?,What material helps to create vertical contours at the tail end of an aircraft that allows for takeoff and lift to achieve high-speed landing? Theres
1,0,the part of the hedgehog that can be used to defend against predators,the part of the hedgehog that can be used to defend against predators that defy stolen.
1,0,"Owls have excellent night vision, which allows them to see clearly in the dark. What part of their body is responsible for this ability?","Owls have excellent night vision, which allows them to see clearly in the dark. What part of their body is responsible for this ability?"
1,0,What part of the owl's body is responsible for their excellent ability to see clearly in the dark?,What part of the owl's body is responsible for their excellent adolescent ability to see clearly in the dark?
1,0,"Which part of an owl's body is responsible for their exceptional night vision, allowing them to see clearly in the dark?","Which part of an owl's body is responsible for their exceptional night vision, allowing them to see clearly in the dark? b"
1,0,What part of an owl's body is responsible for its excellent night vision?,What part of an owl's body is responsible for its excellent night vision?...
1,0,"What specific feature of owls makes them able to see clearly in the dark, due to their excellent night vision?","What feature of owls makes them able to see clearly in the dark, due to their excellent night vision... what"
1,0,Tennis is a sport that requires hitting the ball back and forth over a net. What object in the picture is used by players to hit the ball?,Tennis is a sport that uses a ball to hit the ball up and down over the net. What object is given in the picture in tennis?
1,0,What equipment in the picture is usually utilized by tennis players to hit the ball back and forth over a net in a tennis game?,What equipment is usually utilized by a tennis player to push the ball over the net in a picture to come down and down in a game?
1,0,What item do players typically use in the game of tennis to hit the ball back and forth over the net?,What item of tennis do the player typically use to hit the ball in the back of the net to win sports over and over and over the ball?.
1,0,What item in the picture is used by players to hit the ball back and forth over a net while playing tennis?,What item in the picture was used by players to hit a ball back and forth while teeing the ball over the complay?
1,0,Which object in the picture would one use to hit the ball back and forth over a net in a game of tennis?,Which object in this picture would one use to hit a ball down the back of the net and over a tee in a game
1,0,What object is primarily utilized by players to hit the ball during a game of tennis?,"What object is primarily utilized by players to hit the ball during a game of sand, ball tennis?"
1,0,"When someone is sleeping, what object can support the cervical spine and make the sleep more comfortable?","When someone is sleeping, what object can support the cervical spine and make the sleep more comfortable?"
1,0,What item can provide support to the cervical spine and make sleeping more comfortable?,What item can provide support to the cervical spine and make sleeping more comfortable? What product can make sleeping more comfortable? What product can
1,0,"A person is standing near the edge of a building, posing for a photo. What part or feature of the building is the person using as support or barrier in this picture?","A person standing beside the building as a part or feature of the building, asking or using the person? What is barrier in this photo? Do you"
1,0,"In the picture, which part or feature of the building is the person currently standing near the edge utilizing as support or barrier for posing in the photo?","In the picture, what part of the building is the person viewed as occupying or demonstrating the obstacle for push or pull within the picture?"
1,0,A person is posing for a photo near the edge of a building. What part or feature of the building is he or she using as support or a barrier?,A person is showing or drawing around a building as part of the side of the building. What feature or obstacle is he or she using?
1,0,"When a person poses for a photo at the edge of a building, what specific part or feature of the building might they be using as support or a barrier?","When a person poses for a picture of a building or part of the building, what specific bar or edge might they be using as support?"
1,0,"In this picture of a person posing near the edge of a building, what part or feature of the building is being utilized by the individual as a form of support or barrier?","In describing a person facing the side of the building, what part of this person is being utilized as a barrier or or within of the building"
1,0,"When the person is posing for a photo at the edge of the building, what part or feature of the building is being used as support or barrier in this picture?","When someone is posing for the photo at the edge of the building, what feature or part is being used as a barrier in this picture?"
1,0,"In order to use the toilet seat, what object should be lifted first?","In order to use the toilet seat, what stdiment should be lifted first? Item ?"
1,0,What should be lifted first to use the toilet seat?,What should be resided first to use the toilet'tooth tt?
1,0,"What object needs to be lifted first before using the toilet seat, typically?","What object needs to be lifted first before using the toilet seat, typically........"
1,0,What should a person lift first before using the toilet seat?,What should a person first use before tiling the liftssel seat?
1,0,"When using the toilet seat, what should be lifted first?","When using the toilet seat, what should be lifted first?"
1,0,What object do you need to lift first in order to use the toilet seat?,What object to do you need to lift first in order to use the toilet seat.......
1,0,"In the bedroom, a source of light is necessary for illuminating the room. What object in the room serves this purpose?","In the bedroom, a source of lighting is necessary to illuminate the room. What object in the room serves for this purpose? The correct way to use"
1,0,What object do people typically use in a bedroom to provide illumination?,What object do people typically use in a bedroom to provide illumination?
1,0,What is the object in the bedroom that typically provides light and illuminates the room?,What is the object in the bedroom that typically provides light and adodes and illuminates the room...
1,0,"In a bedroom, what object would typically serve the purpose of providing illumination for the room?","In a bedroom, what object would typically serve the purpose of providing illumination for the asteta?"
1,0,"In a bedroom, what object provides light to illuminate the room?","In a bedroom, what object provides light to illuminate the room? Introduce ?"
1,0,"In a bedroom, what item could be utilized to provide adequate illumination to the space?","In a bedroom, what item could be utilized to provide adequate illumination to the space?"
1,0,"When cleaning up the kitchen, what object could be used to reach high places, such as the top of a cabinet or a shelf?","When cleaning up a kitchen, what could be used to reach high places, such as a counter top or the top of the shelf? Suppose"
1,0,"When cleaning up the kitchen, what object could be used to reach high places such as the top of a cabinet or a shelf?","When cleaning up a kitchen, what object could be used to reach high places such as the top of a cabinet or the shelf?"
1,0,"What object can be used in the kitchen to reach high places, such as the top of a cabinet or a shelf when cleaning?","What object can be used to reach high places in the kitchen, such as the top of a cabinet or a shelf when cleaning a cabinet?"
1,0,"What is typically used to reach high places, such as the top of a cabinet or shelf, when cleaning up the kitchen?","What is typically used to get high up the shelves, such as the top of a cabinet or stove, when cleaning up bathrooms? The"
1,0,"When cleaning up the kitchen and trying to reach high areas such as the top of a cabinet or shelf, what is an object that can be utilized?","When cleaning up the top of a kitchen or an object such as a shelf, what are high tasks that can be used to reach the surface?"
1,0,"During the process of kitchen cleanup, what item could be utilized to reach high places such as the top of a cabinet or shelf?","During the use of a kitchen cabinet, what item might be sprayed to rapidly reach places such as the top of the shelf or countertop?"
1,0,"If someone wanted to travel to a far-off island quickly, what means of transportation in the picture would be suitable for that purpose?","If someone wanted to travel to a destination far-off in the island, what methods of transportation would be suitable for that purpose in that picture?"
1,0,"If someone wanted to travel to a remote island quickly, what mode of transportation in the picture is most appropriate for the journey?","If someone wanted to travel to a remote corner of the island in the journey, what mode of transportation is most appropriate to take in the picture correctly?"
1,0,Which mode of transportation in the picture would be appropriate for someone who wants to travel to a far-off island quickly?,"Which mode of transportation in the screenshot would be appropriate for someone who wants to travel to a far-off island from home, if easily?"
1,0,"Assuming one wanted to travel to a far-off island quickly, what mode of transportation in the picture would be appropriate?","Which one wanted to travel to a far-off island in the picture, when possible, the correct configuration of travel to the map would be appropriate?"
1,0,"Looking at the picture, which mode of transportation would be suitable for someone wanting to quickly travel to a far-off island?","Looking at the screenshot, which method of transportation would be ideal for someone wanting to easily travel to a far-off small island? We res"
1,0,"As an AI assistant, can you suggest a mode of transportation from the picture that someone could use to travel quickly to a far-off island?","As an AI assistant, could you suggest a route to travel to the island that someone can use to transport from a relatively low-speed step?"
1,0,Butterflies are attracted to certain types of plants because they provide them with a necessary food source. What part of the plant in the picture is likely to attract butterflies?,Butterflies are attracted to certain parts of the plant because they likely provide them with food. What type of food to plant butterflies? What are the
1,0,"When it comes to butterflies, they are often attracted to specific plants that provide them with a vital food source. Based on the picture, what component of the plant is most likely to attract butterflies?","When it comes to butterflies, they are likely to possess specific foods that provide the plant? What portion of butterflies are most attractive? The plants are a"
1,0,"In general, butterflies are often drawn to specific plant varieties because they provide them with essential nourishment. In the picture, which part of the plant is most likely to be attractive to butterflies?","In general, butterflies are often sought out because they produce particular parts of the plant to be attractive to butterflies. What are the different types of butterflies? The"
1,0,Certain plant varieties are known to attract butterflies as they offer a necessary food source. Can you point out which part of the plant in the picture might attract butterflies?,"Certain plant varieties are known to attract butterflies, as you can point out which part of the plant could provide butterflies? I have a few species of butterflies"
1,0,"Certain types of plants are more attractive to butterflies because they serve as a necessary food source. Based on the picture, what part of the plant is likely to attract these insects?","Certain types of plants are more attractive to butterflies, because they serve as a likely food source. What part of the plant gives the most energy to butterflies"
1,0,Certain types of plants can attract butterflies due to their providing a necessary food source. Please help me find what specific part of the plant in the picture is likely to attract butterflies.,Many plants affect butterflies because I suspect that particular type of plant in their home is needed to attract butterflies. Give me some information on how to get butterflies to
1,0,Dogs enjoy exploring new environments and sniffing everything around them. What part of the dog's body is primarily used to sense different scents in the picture?,Dogs love exploring the environment and sniffing it in different scents. What parts of the dog's body are primarily used in picture? The
1,0,"When dogs explore new environments, they often rely heavily on their sense of smell to detect different scents. Which part of the dog's body in the picture is primarily responsible for this task?","When dogs focus heavily on their dog's sense of smell, they usually identify the culprits for this task. Which part of the body? How much"
1,0,What part of the dog's body is mainly used to detect different scents in the picture as they explore new environments?,What part of the dog's body is primarily used to detect different scents in the picture as they try to explore new environments?
1,0,"What part of the dog's body is primarily utilized to sense different scents in the picture, as they enjoy exploring new environments and sniffing their surroundings?","What part of the dog's body is used primarily to discover new scents, while scrounging and enjoying their surroundings? The variety"
1,0,"Which part of the dog's body is primarily responsible for sensing different scents in the picture, given that dogs enjoy exploring new environments and smelling everything around them?","Which part of the dog is primarily responsible for smelling and enjoying different scents, since dogs' eyes display different visions in the world? Which"
1,0,Horse racing is a popular equestrian sport where jockeys compete against each other to win. What objects in the picture are commonly used as obstacles in horse racing?,Equestrian horses are a popular sport in horse racing. Which rooster is used as obstacles to wrestle against each other? The problems
1,0,"What objects are commonly used as obstacles in horse racing, according to the picture?","What objects are commonly used as obstacles in horse racing....., according to the picture.."
1,0,"During horse racing competitions, what are some everyday objects that serve as obstacles for the jockeys?","During horse racing competitions, what are some everyday objects that serve as obstacles for the jockeys?.."
1,0,What are the commonly used obstacles in horse racing that can be seen in the picture?,What are the commonly used obstacles in horse racing that can be seen in the picture ?
1,0,What objects used as obstacles could be found in a typical horse racing environment as portrayed in the picture?,What objects used as obstacles in a typical horseracing game could be found in tunes as portrayed in the image?
1,0,"In horse racing, what objects are commonly utilized as obstacles to challenge the jockeys, as shown in the picture?","In horsebacks, what objects are commonly utilized as obstacles to challenge the joggers in the picture, as shown in the picture? What are"
1,0,"If we were at the location shown in the picture and did not consider diving underwater, what area in the picture could we explore further?","If we were at the beach and did not consider diving underwater, what location in the picture could we see in the picture further? described the challenge."
1,0,Which regions of the picture could we explore further without considering diving underwater?,"Which regions of the picture could we explore under aquifer, noter diving further n?"
1,0,"Assuming that we are unable to perform underwater exploration, what particular region of the picture can be further explored?","Assuming that we are unable to undersea exploration, what particular region of the ocean can be rediscovered? How hard,"
1,0,"Suppose you're able to explore the location depicted in the picture, but without considering submerging underwater. What areas might you venture further to explore?","Suppose you decide to explore the area submerged in the picture, and avoid locations far below water depth. What else might you able to explore?"
1,0,Roller skates and skateboards are popular among those who enjoy outdoor activities. What part of the roller skate and skateboard in the picture facilitates movement on the ground?,Roller skates and skateboards are popular among people in outdoor activities. What part of the roller skate or the facing supports the ground? The skateboard
1,0,Which part of the roller skate and skateboard in the picture serves to aid in movement along the ground for those who enjoy outdoor activities?,Which part of the roller skateboard in the picture serves to aid in the movement along the skates and ground for those who enjoy outdoor activities? Answer:
1,0,Roller skates and skateboards are both popular among outdoor enthusiasts. What component(s) of the roller skate and skateboard in the image allow for movement along the ground?,The movable bridge and roller skate are most commonly used for outdoor enthusiasts. What direction/shapes of the bridge and skate in the image
1,0,"For people who enjoy outdoor activities, roller skates and skateboards are popular choices. Please specify which part of the roller skate and skateboard in the picture allows users to move effectively across the ground.","For children who skate on roller coasters, choose which part of the slide and skate board is popular for their interactive environments. Please navigate the slides and skate"
1,0,What component of the roller skate and skateboard in the picture enables movement on the ground?,What component of the roller skate and skateboard in the picture in our picture enables movement on the ground foot?
1,0,Movement in activities such as roller skating and skateboarding is facilitated by a specific component of the equipment usually used. Which feature of the roller skates and skateboard depicted in the image promotes locomotion on the ground?,What equipment or activity characterized by roller skateboarding is performed on the roller skates and the inside of the platform? Similar inventions are used to create
1,0,"When preserving vegetables such as cucumbers, it is important to store them in a tightly sealed container to maintain their freshness. What object in the picture can be used for this purpose?","When preserving cucumbers for their health, it is important to store them in a sealed container such as the open form. What this is is"
1,0,"When storing vegetables like cucumbers, it is necessary to place them in a tightly sealed container to retain their freshness. Which object present in the picture can be used for this purpose?","When storing fresh cucumbers for this purpose, one which can be used is wise to place them in a sealed container. Display the shape? Do"
1,0,"When preserving vegetables like cucumbers, what item can be used to keep them fresh by storing them in a tightly sealed container?","When preserving vegetables like cucumbers, what item can be used to keep them fresh by storing them in a tightly sealed container? The best way"
1,0,"To keep vegetables such as cucumbers fresh, it's essential to keep them in a well-sealed container. What object in the picture might be employed for that purpose?","To keep cucumbers fresh for that purpose, it's essential to have them stored in a well-sealed container. What objects in"
1,0,"When it comes to preserving vegetables such as cucumbers, it is important to store them in a tightly sealed container to ensure their freshness. Which object present in the picture could be utilized to accomplish this goal?","When storing fresh vegetables such as cucumber, it is crucial to select what is contained in the container to achieve their shadiness. This can be"
1,0,"When trying to preserve vegetables such as cucumbers, what object in the picture would be suitable for keeping them fresh by storing them in a tight, enclosed container?","When trying to preserve vegetables such as cucumbers, what object would be suitable for storing them in a tight box in the enclosed container? I have"
1,0,"In rodeo events, riders often use certain equipment to stay on the back of a bull or horse and maintain balance. What in the picture can help a rider stay on the back of a bull during a rodeo?","During a biker event, riders often use equipment to stay on the back of a horse and improve on the back of a horse."
1,0,Riders in rodeo events often utilize certain equipment to maintain balance and stay on the back of horses or bulls. What item in the picture could be used by a rider to stay on the back of a bull during a rodeo?,Typical items used in a rider sport are to stay on the back of a saddle or to carry the back during a ride. What
1,0,What equipment can be used to help a rider stay on the back of a bull or horse and maintain balance during a rodeo event?,What equipment can be used to help a rider stay on the back of a bull or horse and maintain balance during a rodeo event
1,0,"During rodeo events, riders often rely on specific equipment to remain on the back of a bull or horse and maintain their balance. Based on this picture, what items could be utilized to help a rider stay mounted on the back of a bull during rodeo?","During usage, specific items are mounted on the back of a bull to help riders utilize their horses or stay mounted on a bull. What are"
1,0,What object in the picture can help a rider stay on the back of a bull or horse and maintain balance during a rodeo event?,What component in a bobo can help a rider stay on the back of the horse and achieve balance during a hike or event?
1,0,"During rodeo events, riders typically require specific equipment to maintain their balance and remain on the back of a bull or horse. Based on the picture, could you differentiate what item could help a rodeo rider to stay on the back of a bull?","On a bipedal, typically items were placed on the back of the horse to help riders improve their riding or retain a biped. How"
1,0,The book at the top,The book at the top at syn syn syn sse
1,0,"When playing a bass guitar, what essential part of the instrument do musicians pluck or strum to produce sound?","When playing a bass guitar instrument, what essential part of the strum do musicians pluck or slur to produce sound?"
1,0,Musicians often pluck or strum a particular essential part of the bass guitar when producing sound. What is this critical element?,Musicians often pluck or strum a particular part of the bass guitar when producing true sound. What is this essential component of the element?
1,0,"When playing a bass guitar, what component of the instrument is critical for musicians to pluck or strum to generate sound?","When playing a musical instrument, what component of the motor is critical for musicians to pluck or strum to generate sax?"
1,0,"When playing a bass guitar, what essential part of the instrument do musicians typically pluck or strum in order to produce sound?","When playing an acoustic guitar, what important part of the guitar does musicians typically pluck or strum in order to produce sound?"
1,0,"To produce sound while playing a bass guitar, what part of the instrument typically needs to be plucked or strummed?","To play music while playing a bass drum, what part of the instrument typically needs to be resealed or plumped?"
1,0,What is the essential part of the bass guitar that musicians typically pluck or strum to create sound during a performance?,What is the key part of a bass guitar that musicians usually plow or strum to create the natural sound during a concert?
1,0,"When it comes to water sports, people often use various tools to glide on the surface of the water. What item in the picture is designed specifically for this purpose?","When it comes to water sports, people commonly jog directly on the surface of the water. What item in the picture is designed for this purpose?"
1,0,"When engaging in water sports, individuals frequently use various items to slide or glide along the water's surface. Based on the image, what item appears to be designed specifically for this purpose?","When floating or being displayed on a water slide, numerous individuals engage in different water's properties. What item is designed specifically to guide the body?"
1,0,What object in the picture is specifically designed for gliding on the surface of the water during water sports?,What object of the picture is specifically designed for gliding on the surface of the water in the water sports during sleet?
1,0,"In water sports, a variety of devices are often employed to glide across the surface of the water. What object in the picture is intended specifically for this use?","In many water sports, a specific shot is commonly used to diverge across the surface of the water. What devices in this collection are intended? The"
1,0,What item is intended specifically for gliding on the surface of the water in water sports?,What item is intended specifically for gliding on the surface of the water in water sports and does the water?
1,0,What item in the picture is intended for gliding on the surface of the water while participating in various water sports?,What item of the picture would be adapted for gluing on the surface of the water while participating in various water sports in the sle?
1,0,the reflection of the person in the water,the reflection of the person in the heater in the water the sana
1,0,"During a tennis match, players often hit the ball with a specific tool. What tool in the picture can be used to hit the ball during a tennis game?","During a tennis match, players can often hit the ball with a specific tool. What tool in the picture can be used to hit the ball"
1,0,What is the item in this picture that could be utilized to hit the ball during a game of tennis?,"What is the picture in this item, that could be utilized to hit the ball during the game of tennis tort? I"
1,0,"During a tennis match, what equipment in the picture can be utilized to hit the ball?","During a tennis match, what equipment in the picture can be utilized to hit the ball"
1,0,"In tennis matches, players typically strike the ball with a specific piece of equipment. What tool in the picture is commonly used to hit the ball during a tennis game?","In tennis games, players commonly hit the ball with a specific piece of equipment. What tool is typically used in a tennis match to strike the ball"
1,0,"When playing a tennis match, what tool in the picture can be utilized to hit the ball?","When playing a tennis ball in the game, what tool can be utilized to hit the blank?"
1,0,"In a game of tennis, what item can be employed to hit the ball?","In a game of tennis, what item can be employed to hit the ball? Turn"
1,0,"If someone in the picture wanted to enjoy a drink without having to pour it themselves, what object could they use to easily take small sips at a time?","If someone at large objects wanted to easily take a picture and drink it in a day, what trick they had to use without dropping the cups?"
1,0,What object could be utilized in the picture to take small sips at a time and enjoy a drink without having to pour it oneself?,What material could be utilized in a cup to display small sips and take a drink at one time without having to skip the enjoyment? it
1,0,What item could someone utilize to take small sips of a drink without having to pour it themselves in the picture?,"What convenience could someone utilize to take small sips of wine upon drinking it, without having to drop them in the picture? I ve a"
1,0,"What object is available in the picture that someone could utilize to savor their drink without having to pour it themselves, taking small sips with ease?","What measurement is shown in a simple jar that someone could utilize to take their drinks, without having to drop it with their attention?, what"
1,0,Suppose someone in the picture is seeking to enjoy a drink without having to pour it themselves. What might they utilize in order to readily take small sips of the beverage?,Perhaps someone ought to take a shot of it in order to simply enjoy their drinks. What is it taking to pour small bottles?; Having
1,0,"If someone needs to drink a beverage without having to pour it themselves and wants to take small sips, what object in the picture is best suited for this purpose?","If someone has to drink a drink before taking it and wants to use small cups, what ideal object for this purpose is to save the impression?"
1,0,Dogs often use their sense of smell and sharp eyesight to interact with the world around them. What part of the dog's body in the picture is associated with its strong sense of smell?,Dogs commonly use their strong sense of smell to look at the world or behind them. What part of the dog's body image is associated with this
1,0,"When interacting with the world around them, dogs typically rely on their sense of smell and sharp eyesight. In the picture, which part of the dog's body is associated with its strong sense of smell?","When looking at the world around the dog, animals' strong sense of smell is associated with their body and its large sense of smell. How does the dog"
1,0,"What part of a dog's body is typically associated with its strong sense of smell, given that dogs usually rely on their keen sense of smell and sharp vision to interact with the surrounding environment?",Suppose a dog's strong sense of smell is associated with its ability to constantly look based on part of the dog and their strong surroundings?
1,0,"What part of a dog's body in the picture is primarily associated with its strong sense of smell, which they often utilize to interact with their surroundings?","What part of a dog's body is associated with his sense of smell, which they commonly utilize to get strong in their surroundings? A dog'"
1,0,"Which part of the dog’s body in the picture is generally associated with its strong sense of smell, which is frequently employed in their sensory interaction with the surrounding environment?","Which part of the dog's body picture is associated with the sense of smell, which is commonly encountered in their interaction with its strong external environment? A"
1,0,"In dogs, which part of their body is typically associated with their keen sense of smell, which aids in their interactions with the world around them in the picture?","Usually in dogs, which part of their body is involved in their sense of smell, that aids in their associations with the characters in the picture?"
1,0,"In modern cuisine, food decoration can also bring a different dining experience. What food in the picture is most likely to be used for decoration?","In Chinese cuisine, what food is best used for decoration? Menu food in the decoration can also likely bring a different visual experience. The menu is"
1,0,"In modern cuisine, culinary art has been embraced, and food decoration can significantly enhance the dining experience. Which food in the picture is likely to be used for decoration?","In the dining culture, food decoration is appropriate for culinary enjoyment, and what food could be ever augmented in the image? I have a few ideas"
1,0,"In modern cuisine, decorating the culinary arts can often create a distinctive dining experience. Based on the picture, what food item might be utilized for this purpose?","On modern dining, decorating a specific food item is often utilized to create the unique culinary cuisine. What would influence the picture? The following is a"
1,0,"In modern cuisine, decorating food is a popular method to create a unique dining experience. Which food item in the picture is most likely to be used for such decoration?","On modern dining, a restaurant food item is considered to be the best decoration to use in creating a unique culinary experience. Which food can you have"
1,0,"In modern cuisine, food decoration plays an important role in enhancing the dining experience. Based on the picture, which food item is most likely to be used for decoration purposes?","In modern dining decor, the food item is considered to be used for maximizing food enjoyment. Which way has an important role in the display? During"
1,0,"In modern cuisine, dishes are often decorated to create a distinct and aesthetically pleasing dining experience. Based on the picture, what food item is most likely to be utilized for decoration purposes?","On modern dining tables, food is aesthetically curated to provide a distinct and pleasing appearance. What items would be used for? The most common food"
1,0,"In many cultures, a quilt with a star pattern is considered a significant symbol. What can be seen in the picture that represents this symbol?","In many cultures, a ringed dragon is considered a significant symbol. What is seen in a picture that contains this pattern? The"
1,0,Which item in the image is representative of the significant symbol of a star pattern quilt seen in many cultures?,Which item of the picture is a significant marker in the image of the satrap hemione coloured in many cultures?
1,0,What symbol related to star patterns can be observed in the picture which holds significance in numerous cultures?,What symbol related to stars can be observed in the history which holds significant significance that enumerate different patterns can be attributed in several cultures?
1,0,What pattern can be seen in the picture that represents the significant star symbol often found in many cultures?,"What symbol refers to the star pattern most often seen in the picture, a striking spheritic that can be found in many cultures"
1,0,"In many cultures, a quilt with a star pattern is regarded as an important symbol. What can be observed in the image that signifies this emblem?","In many cultures, an image that depicts an ornament is important. What can be recognized as a symbol in the scarring pattern? This image is"
1,0,"In many cultures, a quilt with a star pattern represents a significant symbol. What can be observed in the picture that embodies this symbol?","In many cultures, a toothy star depicts a significant pattern. What is demonstrated in the picture that embodies this symbol? To make"
1,0,the more advanced aircraft,the more advanced aerial aesecile aircraft. Survy and learn how vulcano
1,0,"When objects are left in water for a long time, they can often deteriorate or be damaged. What in the picture is an example of an object that has been affected by this process?","When objects are in the same glass, they can often deteriorate or be damaged in the process. What is an example of this object? The glass"
1,0,Could you please identify the object in the picture that exhibits signs of deterioration or damage as a result of prolonged exposure to water?,Could you identify a picture in the picture that exhibits signs of deterioration or damage as result of the prolonged exposure to water? Thanks for
1,0,"What can be an example of an object that may deteriorate or get damaged after being left in water for a long period of time, based on the observation in the picture?","What could be an example of an object damaged in water for a long period of time, that can degrade or appear in the picture after observation?"
1,0,"Over time, various objects may deteriorate or become damaged when submerged in water. Could you identify an item in the picture that exemplifies this phenomenon?","When you see an item damaged or degraded, many objects may deteriorate in the structure that magnifies this phenomenon. In video, you can"
1,0,Could you identify an object in the picture that has likely been deteriorated or damaged due to being left in the water for an extended period of time?,You could identify an object in the picture likely due to the water that has been damaged or deteriorated for an extended period of time? You can
1,0,Could you please help me identify an object in the picture that exemplifies the consequences of leaving objects submerged in water for extended periods of time?,Could you please outline an object that helps me in identifying the consequences of objects drained in the water for prolonged periods of time? the
1,0,Imagine we are attending a car show featuring various automobile models. What object in the picture could provide shade and protection from the sun during the event?,"We are attending a car show presented in the automobile. What example of one could provide attractive shade and images from the weather?, example of"
1,0,"Assuming that we are attending a car show featuring various automobile models, what object in the picture could act as a source of shade and provide protection against direct sunlight during the event?","Specifically, what vehicle would be displaying as an event during an automobile show and provide a source of white color against the backdrops? We have"
1,0,Suppose we are attending a car show featuring various automobile models. What part of the picture could be utilized to provide shade and protect individuals from the sun during the event?,We are exhibiting an automobile model to help individuals get shaded during the event. What portion of the picture could be used to protect the sun? The
1,0,"If we're attending a car show featuring various automobile models, which object in the picture could provide shade and protection from the sun during the event?","If you're describing an automobile showing during an outdoor event, which car will give the colors and protection from the shade in the event? The following"
1,0,"At a car show featuring various automobile models, which object in the picture could be utilized to provide shade and protection from the sun?","Regarding various car shows in the automobile, an image could be utilized that will provide shade and protection from the sun? One object in a car is"
1,0,"During a car show featuring a variety of automobile models, what item in the picture could provide shade and protection from the sun for visitors in attendance?","During a car display featuring a variety of automobile models, what item in the picture could provide shade for visitors to keep away from the sun?"
1,0,Graduation is a significant milestone in one's education. What in the picture could be worn by someone to signify their achievement during the graduation ceremony?,Graduation is a milestone in one's achievement. What could be worn by someone to signify their picture in the graduation ceremony? The graduation
1,0,What symbolic item typically worn by individuals signifies their achievement during a graduation ceremony in the picture?,"What symbolic item typically worn by individuals in a graduation ceremony signifies their achievement in the picture, when completing their graduation? Clipart.com/"
1,0,A graduation ceremony often involves wearing a special item to symbolize the graduation achievement. What object(s) in the picture could be worn to signify this achievement?,A graduation ceremony can involve a symbolic sign to symbolize the graduation achievement. What item(s) being displayed in the image may accomplish? A graduation ceremony
1,0,"What can be worn by someone to signify their academic achievement during a graduation ceremony, based on the image provided?","What can be worn by someone to signify their academic achievement during a graduation ceremony, based on the image provided by the user?"
1,0,"During a graduation ceremony, it is common to see individuals wearing a certain item to symbolize their educational achievements. Based on the image provided, what item would that be?","During graduation events, it is common to see individuals wearing a certain item to symbolize their educational achievements. Based on the image would that? The image"
1,0,the area that displays the time,the area that displayes the time that displayes the time
1,0,the engines for this plane,thesociots for the engines for this plane. aa
1,0,the objects that can tell people the time,the objects that can te te te te the people thats time
1,0,"When traveling by train, we often encounter obstacles such as rivers or valleys. What infrastructure in the picture helps the train cross over these obstacles?","When traveling by train, we often encounter obstacles such as hills or valleys. What infrastructure in the train helps cross over these obstacles? The most common route"
1,0,"When trains are traveling, obstacles such as rivers or valleys can sometimes obstruct their path. What infrastructure present in the picture helps trains move across these barriers?","When roads are traversing or flowing, what structures in the forest help overcome obstacles that pose their path. Question: Many roads in these ages can be"
1,0,"When traveling by train, it's common to encounter obstacles such as rivers or valleys. Which infrastructure in the picture helps the train traverse these obstacles?","When traveling by rail, it's typical to encounter obstacles in the landscape. Which roads or bridges help overcome these obstacles? Suppose you are traveling"
1,0,"When traveling by train, crossing obstacles such as rivers or valleys can be challenging. What crucial infrastructure is depicted in the picture that aids trains in overcoming these obstacles?","When traversing roads or climbing mountains, roads can be challenging to overcome these obstacles. What info in the vehicle that accompanies the obstacle?"
1,0,"What infrastructure is used to help trains cross over obstacles like rivers and valleys, as is often encountered when traveling via train?","What infrastructure is used to help train trains across valleys and rivers, especially when encountered as obstacles run through it when traveling on rail? Answer: The railway"
1,0,"Suppose a train is traveling along its route, and encounters an obstacle like a river or valley. What feature appears in the picture that helps the train to navigate these challenges?","Suppose an airplane is navigating the trail and encounters a challenge such as the river, or helps it to navigate in that challenge. What does"
1,0,"Fishing can be an enjoyable activity for many people, but sometimes it can be difficult to catch fish. What body part in the picture is essential for catching fish?","Fishing can be an enjoyable activity for many people, but sometimes it can be difficult to catch fish. What piece of the essence for fishing? Fishing"
1,0,"When fishing, certain body parts can be critical for catching fish. Can you identify the part of the body in the picture that is vital for catching fish?","When fishing, you can identify certain parts for catching fish. Which one of the body parts can be critical to the body for catching fish? The"
1,0,"In the context of fishing, which part of the body is really important for catching fish, according to the picture?","In the context of fishing, which part of the body is really important for catching fish, according to the picture, ?"
1,0,"When fishing, what part of the human body is considered crucial for catching fish, as per the picture provided?","When fishing, what part of the human body is crucial for catching fish, as per the picture provided???"
1,0,"When fishing, some essential body parts can be used to catch fish. Which body part shown in the picture is critical to catching fish?","When catching fish, some key body parts can be used to catch fish. Which body part in the picture shown below is essential to catching fish?"
1,0,"Which part of the body is typically essential for catching fish, in the context of fishing, as displayed in the picture or scene?","Which part of the fish body is essential for catching or catching fish, typically in the context of the picture, as displayed in the scene?."
1,0,Dogs need to be restrained while walking in public places to ensure their safety. What in the picture is used to restrain the dog and keep it from wandering off?,Dogs need to restrain their dog when walking and to keep it from being spoiled. What is used in the public places to restrain safety?
1,0,What in the picture is used to restrain the dog and prevent it from wandering off when walking in public areas?,What in the picture is used to restrain the dog when tackling it and prevent it from wandering in the public areas?
1,0,"What item is used to restrain a dog and prevent it from wandering off while walking in public places, which helps ensure its safety?","What device is used to restrain a dog and prevent it from wandering while walking in public places, as it helps insulate its safety?"
1,0,What object in the picture is designed to restrain dogs and keep them from wandering off while walking in public places to ensure their safety?,What shape dog strollers are designed to encourage others while driving in the park and to keep them from escaping off the safe?
1,0,"What is used to restrain and prevent a dog from wandering off while walking in public places, based on the picture?","What is used to restrain and prevent dogs from shedding while strolling on a public road, based on the impression of them?"
1,0,What in the picture is used to keep a dog from wandering off and restrain it while walking in public places to ensure its safety?,What is a dog clipped in the park to help keep it from wandering and occupying it as a safety for outside travelers?
1,0,"Where would you keep your clothing like shirts, pants, and dresses if you are in your bedroom?","Where would you keep your clothing like dresses, shirts, and pants if you are in your bedroom where to bed? I'"
1,0,"If you were in a bedroom, where would you store your clothing items such as shirts, pants, and dresses?","If you were in a bedroom, where would you store your clothing items such as shirts, dresses, and pants? If you were in a"
1,0,"Suppose you are in your bedroom, where would you typically store clothing items such as shirts, pants, and dresses?","If you are in your bedroom, where would you typically dress up items such as clothing items, shirts, and blankets? Suppose you are in"
1,0,"In a bedroom, where would you typically store your clothes, such as shirts, pants, and dresses?","In a bedroom, where would you typically store your clothes, such as shirts, tees, and brooms? answer"
1,0,"If you were inside your bedroom and wanted to store your clothes such as shirts, pants, and dresses, where would you place them?","If you were in your bedroom and wanted to store your clothes such as shirts, pants, and dresses, where would you place them? How much do"
1,0,"When shopping in a supermarket, we often see rows of products neatly arranged for customers. What part in the picture represents the area where the products are displayed?","When shopping in a supermarket, we often see rows of products neatly arranged for customers. What part of the line represents the products that were displayed"
1,0,"When shopping in a supermarket, what section of the picture represents the area where the products are displayed in neat rows for customers to browse and select from?","When shopping in a supermarket, what section of the page contains the squares that represent a wide area for customers to view and select in? The"
1,0,"When shopping in a supermarket, what area of the picture represents the region where products are being displayed for customers to peruse and select?","When shopping in a supermarket, what area of the picture is representing the region where products are being displayed for customers to select and peruse? The picture"
1,0,"When shopping at a supermarket, rows of neatly-organized goods are commonly displayed for customers to browse. In this picture, which part represents the area where products would likely be on display?","When shopping on a chain store, a photo contains rows of well-organized items that would typically be displayed. Which products are interested in? To"
1,0,"When shopping in a supermarket, rows of products are often arranged neatly for customers. Can you identify the part of the picture that depicts the area where these products might be displayed?","When shopping for a store, you can identify the part of the items that is marked or used fairly closely. Could hundreds of cups depict these? If"
1,0,"In supermarkets, products are usually arranged in an orderly manner for customers. Can you help me find the area where the products are displayed in this picture?","On supermarkets, products are usually provided in an orderly manner for customers. Can you locate the area where the pictures are drawn in this message? If"
1,0,the bird that has caught prey,the bird that has caught prey swaped and caught the
1,0,"In a formal event, an important person may make an appearance on a grand staircase. What part of the picture suggests the presence of a grand staircase that leads to a higher level?",A significant part of a grand staircase may present an appearance on a third level. What makes the person that poses for a grand staircase? How
1,0,"What component of the picture suggests that there may be a grand staircase present, which a dignitary or VIP may traverse during a formal event?","What a formal description suggests that one part of the monument may present a grandiose or VIP, or which we might encounter. take"
1,0,"What part of the picture indicates the presence of a grand staircase leading to a higher level, in the context of a formal event where an important person may make an appearance?","What part of an open staircase indicates the presence of a small person in a significant degree, where the event might lead to the personal setting? Answer"
1,0,"Please find the part of the picture that suggests the presence of a grand staircase that leads to a higher level, as an important person may make an appearance on such a staircase during a formal event.","Some might indicate the importance of such a staircase as a person that makes an appearance on the final staircase, in a special event. You should"
1,0,"Please identify the area of the picture that suggests the presence of a grand staircase used for formal events, which leads to a higher level.","You should identify the location of a beautiful staircase used for the formal show, which represents the words that lead to a higher level. An area of"
1,0,"What part of the picture indicates the presence of a grand staircase that leads to a higher level, which could be utilized during a formal event by an important person while making their appearance?","What type of picture indicates a grand entrance to a particular piece, that could be triggered by the stairs while promoting a high level?"
1,0,"Among the decorative items made of small colorful beads, which accessory in the picture can be worn on the wrist as an accessory?","Among decorative items made of small beads, which accessory can be worn as a necklace on the face in the accessory? The words âsmall"
1,0,"What piece of accessory among the small, colorful bead decorations in the image can be worn as a wrist ornament?","What small, colorful accessory among the decorative beads in the image can be made as a piece of the dress wampumes? Or,"
1,0,"Among the decorative items made of small colorful beads shown in the picture, which item can be worn on the wrist as an accessory?","Among the handmade items made of colorful wire beads on the wrist, which item can be seen in the picture as a small accessory? The â"
1,0,"Among the decorative items made of small colorful beads, which one in the picture can be worn as an accessory on the wrist?","Among the colorful decorative items on the wall, which one can be worn as a necklace in small aprons in the head?"
1,0,Imagine a winter scene where a person is sledding and being pulled by a dog through the snow. What object could the person attach to the dog to control its movement during the sledding activity?,Imagine a dog being sled by a spring to pull itself and move during the sling activity. What mechanism can the dog humans?
1,0,"In this winter scene, where a person is sledding and being pulled by a dog through the snow, what item could the person utilize to regulate the dog's movement during the sledding activity?","In this episode, where a dog is dragging and slinging during the winter movement, could one regulate the dog's activity by the"
1,0,"In a winter scenario where a person is sledding and being pulled through the snow by a dog, what object might the person attach to the dog to control its movements during the sledding activity?","In a snow fall scenario, what component is inserted by a dog when the dog is slogging and carrying it to the snow during movements"
1,0,"During a national celebration, what part of the picture can be raised to symbolize the country and its values?","During a national celebration, what part of the picture can be raised to symbolize the country and its value to its cults?"
1,0,"In the context of a national celebration, which object could be raised in the picture to symbolize the country and its values?","In the context of a national symbol to symbolize the country and its values, which could be set in the image to celebrate the community? In essence,"
1,0,"During a national celebration, which part of the picture could be raised to symbolize the country and its values?","During a national celebration, which part of the picture could be raised to symbolize the country and its values?"
1,0,"During a national celebration, what part of the picture might be raised to symbolize the country and its values?","During a national celebration, what part of the picture might be raised to symbolize the country and its value to sacrificials?"
1,0,What item or element in the picture could be raised as a symbol of the nation and its values during a national celebration?,What item or element of a picture could be raised as a symbol of the nation and its values in the country during a national celebration?
1,0,"In the context of a national celebration, what aspect of the picture could be lifted as a symbol of the country and its values?","In the context of a national celebration, what aspect of the statement could be viewed as a symbol of the country and its values?"
1,0,People often say that a genuine smile can brighten up a person's face. What facial feature in the picture could indicate whether or not the person is smiling?,People often believe that a facial smile could show the quality of a person's face. What one type does not brighten up the picture?
1,0,People often mention a real smile can illuminate an individual's face. What facial feature in the given picture might indicate if the person is smiling?,People often mistakenly describe a smile if it is glowing. What facial feature in an individual's face might show the affected person? Take
1,0,"Please identify the facial feature in the picture that could indicate whether or not the person is smiling, as people often claim that a sincere smile can light up one's face.","Many people cite the photo that indicates whether or not one is smiling, as the facial expression could quickly strike a deep smile in one's face"
1,0,"How can one determine whether or not a person is smiling, based on their facial features in the picture?","How can one person determine whether or not a person is smiling in their facial looks, based on the look of the picture?"
1,0,"What feature of the person's face in the picture could suggest whether or not they're smiling, given the common belief that a genuine smile can brighten up a person's face?","Why a person's smiling face could show up, given the choice of whether a genuine smile can highlight the condition in that person's?"
1,0,"What facial feature in the picture reveals whether or not a person is smiling, given that a genuine smile can light up one's face?","How striking is a picture that reveals whether one facial smile can shine on a person's face, given that high tint? In the case"
1,0,the container that is being held by a person and is about to pour liquid,the container that is being held by a person and is about to dosel liquid
1,0,You are in a room that does not have much natural light. What object can be turned on to brighten up the room?,You are in a room that does not have much bright light. What object can be turned on to soften the room.?
1,0,"If you find yourself in a room with little natural light, which object can be turned on to increase the illumination levels in the room?","If you find yourself in a room with limited illumination, which object could be turned on to reduce the visible light levels in the room? How do you"
1,0,"If you are in a room with low natural light, what can be turned on to illuminate the space?","If you are on a home with low light, what can be turned to illuminate the room? Whats in it about natural light?"
1,0,What object could you turn on to illuminate a dimly-lit room that lacks adequate natural light?,What could you use to illuminate a perfectly-lit room that ainât slss high irradiate?
1,0,"If you are in a poorly lit room, what item can you switch on to illuminate the space?","If you are in a poorly lit room, what item can you set on to resiluate the dark abyss?"
1,0,"People love to play indoor table tennis for leisure, usually in the living room. What kind of furniture is needed to play this game?","People love to play indoor table tennis for leisure, usually in the living room. What kind of furniture is needed to play this game? The best way to"
1,0,What kind of furniture is needed to play a game of indoor table tennis in the living room for leisure?,What kind of furniture and flooring will it need to play an indoor game of table tennis in the living room for leisure? ». »
1,0,"To play table tennis indoors, what type of furniture is typically required?","To play table tennis indoors indiatons, what type of furniture is typically required?"
1,0,What type of furniture is required to play indoor table tennis in the living room for leisure?,What type of living room furniture is required to play indoor table tennis in the open room on the sand for leisure? How much?
1,0,"To play table tennis indoors for leisure, what furniture is usually required?","To play table tennis indoors for leisure, what resaleables furniture is usually required?"
1,0,"To play indoor table tennis for leisure, what kind of furniture would be required?","To play indoor table tennis for leisure, what kind of furniture ?"
1,0,Lavender is often used for its pleasant fragrance and can be found in various products such as soaps and essential oils. What object in the picture is likely to produce this fragrance?,"Lavender is commonly used to create attractive fragrances, and is found in the product such as these oils and perfume. What could be the difference between"
1,0,"What might be the object present in the picture that is likely to produce the pleasant scent of lavender, which is commonly utilized in various products like soap and essential oils?","What is probably the characteristic that is likely to be utilized in the scent of various products, such as soap and safrole cloths? Answer"
1,0,"What object in the picture would likely produce the pleasant fragrance of lavender, which is commonly utilized in a range of products, including essential oils and soap?","What component in the picture would be most easily observed to give the person lavender, popular in a variety of products, such as oils and lotions?"
1,0,"What in the picture might produce the pleasant fragrance typically associated with lavender, which is often used in various personal hygiene products?","What scent would produce the contrast in the lavender, which is often associated with many personal hygiene products, commonly used in scented goods? The scent of lavender"
1,0,"What object in the picture is likely to produce the pleasant fragrance of Lavender, which is commonly used in various products such as soaps and essential oils?","What shape of the candle is most likely to be obtained in the scent of popular products such as essential oils and lavender,? We have a question about"
1,0,What furniture in a room can provide illumination for people's reading or work at night?,What furniture in a room can provide illumination for people's reading or dos at work and at night?
1,0,Which piece of furniture in a room could offer illumination to people who wish to read or work at night?,Which piece of furniture in a room could offer illumination to people who wish to read or work at night?
1,0,Which type of furniture present in a room can provide light for people who are working or reading at night?,"Which type of furniture present in a room can provide spacing light for people who are working or reading at night, during the day? Read"
1,0,What type of furniture in a room can serve to provide lighting for people's reading or work at night?,What type of furniture in a room can provide for lighting to serve people's satanic or work at night when?
1,0,What furniture in a room can offer illumination when individuals are reading or working at night?,"What furniture in a room can offer illumination when people are apprehension, causing individuals with poor reading or working at night?"
1,0,"In hotel rooms, what object can often be found hanging on the wall as a decorative item?","In hotel rooms, what object can often be found hung atop the wall as a decorative item?"
1,0,What is a common decorative item that can be found hanging on the wall in hotel rooms?,What is a common decorative item that can be found hanging on the wall in hotel rooms
1,0,What can often be found hanging on the wall as a decorative item in hotel rooms?,What can often be found hanging on the wall as a decorative item in hotel rooms as fiolit?
1,0,What item is typically found hanging on the wall as a decorative piece in hotel rooms?,"What item is typically found hanging on the wall as a decorative slather in hotel rooms? New for students,"
1,0,"Wall decorations can be utilized in many places, including hotel rooms. What type of decorative object might be frequently located hanging on the wall in a hotel room?",Wall decorations can be utilized in many places in the hotel room. What type of decorative wall typically hung on objects hanging in a hotel? The most
1,0,"In hotels rooms, what can sometimes function as a decorative item and be found hanging on the walls?","In hotels styriacing rooms, what can be found as a decorative object and sometimes hang on the clients?"
1,0,something used for lifting the loudspeaker box,br /> something used for lifting the smoothspeaker loudspeaker boxbr /
1,0,the food with high vitamin,the food for sacrificial food with the high vitamin. Teast and sacrifice
1,0,"When editing photos on a computer, it is important to have a clear and detailed view of the image. What object in the picture could be used for this purpose?","When editing a picture on a computer, it is important to have clear and specific information in the image. What view of the object could be used"
1,0,"When editing photos on a computer, it is crucial to have a clear and detailed view of the image. What in the picture could be utilized for this purpose?","When editing a computer image, it is crucial to have a clear and detailed view of the image. What could be used for this reason?"
1,0,"When editing photos on a computer, having a clear and detailed view of the image is crucial. What object in the picture can aid in achieving this goal?","When editing a computer image, having clear and detailed views of the image is crucial. What document on the object can help in a successful result?"
1,0,"When editing photos on a computer, having a clear and detailed view of the image is crucial. What object in the picture could be utilized for this purpose?","When viewing a computer image, having a clear and detailed image of the object is crucial. What information could be used on the image? To create"
1,0,"When editing photos on a computer, having a clear and detailed view of the image is important. What object in the picture could potentially be utilized for this purpose?","When using a computer display, having a clear view of the image is crucial. What images or items in the file could be specifically used for this"
1,0,"When editing photos on a computer, having a clear and highly detailed view of the image is crucial. What item in the picture could be utilized to accomplish this goal?","When selecting a picture on your computer, a clear and detailed image is utilized to accomplish the important goal of the project. What is in this?"
1,0,What object is usually attached to the wall next to the bed and provides convenient lighting for reading a book before sleep?,What object is usually attached to a wall next to the bed and provides convenient light reading for the cat after sleeping?
1,0,What is the object that is typically mounted on the wall near a bed and provides convenient lighting for reading before going to sleep?,What is the object that is typically mounted on a wall near the lamp and provides convenient lighting for reading before going to sleep when going to bed? What
1,0,"What object is typically attached to the wall next to the bed, and provides convenient lighting for reading a book before sleep?","What object is typically attached to a wall next to the bed, and provides convenient lighting for the student before reading sleep?"
1,0,What object is commonly mounted on the wall next to a bed to provide convenient lighting for reading before sleep?,What object is commonly mounted next to a wall on the bed to provide convenient lighting for reading before sleep?
1,0,What is the object that is commonly attached to the wall next to the bed and provides convenient lighting for reading before falling asleep?,What is the object that is commonly attached to the wall next to the bed and provides convenient lighting for reading before falling asleep? br /
1,0,What kind of object is typically attached to the wall next to a bed that provides convenient light for reading before sleep?,What kind of object is typically attached to a wall next to the bed that provides convenient light for reading before sleep? Move the
1,0,something that helps the animal trainer move quickly on water,ator something that helps the animal trainer move on water ator move more quickly
1,0,the people most like judges,"the people we like the most Juditors judges,"
1,0,"In cold weather, people often gather around a certain area to keep warm. What object in the picture can provide heat and be used for this purpose?","During cold weather, someone can enlarge the area and hide in a warm light. What particular object is used to be used for this?"
1,0,"During cold weather, people often gather around a specific area to stay warm. What object in the picture can be utilized for this purpose and provide heat?","During cold weather, people err about the area to provide warmth and be warm. What specific object can be used in this design?"
1,0,"During cold weather, people often converge around a particular space to stay warm. What object in the picture can provide heat and serve this purpose?","During cold weather, people often converge to serve a particular room and hide something warm. What object in the picture can provide heat for this purpose"
1,0,What object in the picture is capable of providing heat and could be used as a heat source in cold weather for people to gather around and warm up?,What object and location could be used as a heat source for people to warm up and serve in the arc of cold and he can afford?
1,0,What do people use to input letters and commands when using a computer?,What do people use to input letters and commands when using a computer?
1,0,What is the common tool or device used for people to input letters and commands when using a computer?,What is the common tool or device used for people to input letters and commands symports when using a computer?
1,0,What tool do people typically use to input letters and commands when working on a computer?,What tool do people typically use to input letters and tuple commands when working on a computer?.
1,0,What is the common way that people use to input letters and commands when operating a computer?,What is the common way that people use to input letters and comma commands when a user reads and executes a computer?
1,0,What is the tool or device that people typically use for inputting letters and commands when using a computer?,What is the tool or device that people typically use for encoding letters and tuples when transferring information to a computer?
1,0,Where would one usually keep clothes or personal items such as eyeglasses within arm's reach while resting on a bed?,Where would one usually keep personal items such as clothes or eyeglasses e-read while resting on one's feet in reach? Well
1,0,"During rest, where would one typically keep their clothes or personal items like eyeglasses that are within arm's reach while on a bed?","During one's sleep, where would one typically get personal items like eye glasses or shirts that are restless on their feet? In the case"
1,0,"When resting on a bed, where is the convenient location to store personal items such as glasses and clothes within arm's reach?","When storing a personal item, where is the ideal location to rest when storing convenient items such as glasses and laptops close to the reach?"
1,0,"Where would someone typically keep their clothing or personal items, such as eyeglasses, within reach while resting on a bed?","How would someone typically keep their personal items, such as sunglasses or ecclesirts, accessible while resting on a bed"
1,0,"While resting on a bed, where could someone typically keep their clothes or personal belongings, such as eyeglasses, within an arm's reach?","While sitting on a bed or lying outside their arm's reach, can one typically keep personal belongings, such as eyeglasses? How"
1,0,"While resting on a bed, where would people typically keep their clothes or personal items, such as eyeglasses, within arm's reach?","While laying on a bed, how would people typically keep personal items, such as clothes or eyeglasses, within arm's reach?"
1,0,"When watching a movie or playing video games, it is common to use external devices to enhance the viewing experience. What part of the picture can be used as an external device to display visual content?","When playing video games or viewing an entertainment device, it can be used as an external device to take pictures to enhance the visual world. What is the difference"
1,0,"When watching a movie or playing video games, people often use external devices to enhance the viewing experience. What object in the picture could be used as an external device to display visual content?","When playing a movie or viewing an interactive movie, people often use external devices to enhance the visual quality. What device as objects in the display? What"
1,0,"During a movie or gaming session, it is common to use external devices to upgrade the viewing experience. What part of the picture can be employed as an external device to showcase visual content?","During video or movie viewing, it is common to use an external device to refresh the display. What segments of the device can be an entertainment experience?"
1,0,"In order to enhance the viewing experience when watching a movie or playing video games, people typically use external devices. What part of the picture can be utilized as an external device for displaying visual content?",To enhance the viewing aspect of playing or playing video games when using an external display device. What devices can be used to consume a picture? Usually
1,0,What part of the picture could be utilized as an external device to provide an enhanced visual viewing experience while watching a movie or playing video games?,What part of the device could be utilized as an integrated viewing device to provide a greater visual experience while watching an movie or playing video games? Part of
1,0,"When watching a movie or playing video games, an external device is often used to enhance the viewing experience. Based on the picture you are looking at, which object or part of the image can be used as an external device to display visual content?","When viewing an image or using it as an interactive display, a movie or video game is used to depend on the external devices to enhance your experience?"
1,0,"During sailing on water, controlling the speed of a sailboat requires adjusting the sails. What part of the sailboat should be adjusted if you need to change the boat speed?","During sailing on a sailboat, you need to adjust the sailboats speed if part of the boat is reformed. What speed"
1,0,"If you're sailing on the water and need to adjust the boat's speed, what specific part of the sailboat should be altered to do so?","If you're sailing on a boat and need to adjust the sailboat, what specific part of the water should be altered to do so? The"
1,0,"To control the speed of a sailboat while sailing on water, which part of the sailboat should be modified by adjusting the sails?","To control the speed of a sailboat while sailing on water, which part of the sailboat should be modified by adjusting the sails?"
1,0,"When sailing on water, adjusting the sails is necessary for controlling the speed of a sailboat. What component of the sailboat should be adjusted to alter the speed of the sailboat?","When adjusting the speed of a sailboat, what directional changes are necessary to adjust the speed of the sailboat. Should the speed be adjusted"
1,0,"When sailing on water, the speed of a sailboat can be controlled by adjusting the sails. What part of the sailboat should be adjusted to change the boat speed?","When sailing on a sailboat, the part of the water should be adjusted by changing the sail speed. What can change the sail speeds? The speed"
1,0,"To adjust the speed of a sailboat while sailing on water, what component should be altered, requiring the adjustment of the sails?","To adjust the speed of a sailboat when sailing on water, what component should be altered, requiring adjustment of the sails? The speed of"
1,0,"When preparing a meal, it is common to serve various dishes and beverages. Which item in the picture would likely be used to pour drinks such as water or juice?","When serving a meal, it is likely to order various dishes such as water or juice or be used in the movie. Which dishes? The most popular"
1,0,"When serving a meal, various dishes and beverages are often offered. What item in the picture would most likely be utilized for pouring beverages such as water or juice?","When distributing a meal, what item or dishes would be offered in the picture? Sediments such as wine and beverages are often utilized."
1,0,"When serving a meal, it is common to offer various dishes and beverages. What object in the picture could be utilized to pour beverages such as juice or water?","When serving a meal, it is common to apportion various dishes such as sauces and beverages. What object in the picture could be"
1,0,Which item in the picture would most probably be utilized to pour beverages such as water or juice while serving various dishes in a meal?,Which item in the picture would probably be utilized to serve a dish when pouring various beverages such as juices and fries? I have a question
1,0,"When serving a meal, multiple dishes and beverages are typically offered. Which object in the picture could be utilized for pouring drinks such as water or juice?","When serving a meal, multiple objects such as water or juice are typically utilized in bringing the dish. What beverages can be? The following are the"
1,0,"During meal preparation, it is common to serve various dishes and beverages. What item in the picture is most likely used to pour drinks like water or juice?","During meal preparation, it is most common to purchase items stuffed in dishes or beverages. What may apply wine and juice? The most common type of"
1,0,What object do we store food in when we need to keep it fresh for a longer period of time?,What object do we need to store food in when we keep it stdossier for a long period of time?
1,0,What is the object that is commonly used to store food when it needs to be kept fresh for an extended period of time?,What is a food store object that is commonly used for it to be kept fresh until it needs to drained for a long time? I
1,0,What is the object used for storing food when we need to ensure its freshness for an extended period of time?,What is the object used for storing food for its freshness when we need to ensure its adhesive for an extended period of time
1,0,What is the object typically used to store food when it needs to be kept fresh for a longer period of time?,What is the object typically used to store food syrup when it needs to be kept for a longer period of time?
1,0,What object is commonly used to store food in order to ensure its freshness for a longer period of time?,What object is commonly used to store food odour in order to ensure its safe for a longer period of time?
1,0,"In ancient times, people used to store valuable items or even ashes of the deceased in containers that were beautifully decorated. What objects in the picture could have been used for this purpose?","In ancient times, people used to store beautiful items or parts of the deceased in containers that could have been redesigned as such. Why the objects in"
1,0,"Historically, people preserved valuable objects or even ashes of their ancestors in exquisitely decorated containers. Based on the image before us, what items could have served such a function?","Historically, people possessed valuable objects or sculpted objects in such exquisite manners, from the remains of their families. What would display us"
1,0,"Historically, valuable items and even the ashes of the deceased would be stored in containers whose exterior was finely decorated. What objects in the picture could potentially fit this description?","Historically, valuable items and even the ashes of the deceased would be stored in containers that could nicely clone. What interior design? The"
1,0,"In ancient times, ornate containers were utilized to store precious items or even the ashes of the deceased. Which objects in the picture could have been potentially used for this function?","During the ancient times, precious objects were used to store the items or possibly vases in the name of the deceased. Which objects could be used for"
1,0,What objects in the picture could have been used in ancient times to store valuable items or even the ashes of the deceased in beautifully decorated containers?,What objects in ancient times could be used to store beautiful pictures or the contents of the boxes in the ashes of many famously treasured individuals?
1,0,Containers that were beautifully decorated were often utilized to store valuable objects or even ashes of the deceased in ancient times. What objects in the picture might have been used for this purpose?,Treasures that were engraved were often used to beautify the deceased or possibly used in modern times for that purpose. Items of objects? How many
1,0,"If you want to store and organize your books, where is the best place in the room?","If you want to store and organize your books, where is the best place in the room, in the?"
1,0,"If you would like to store and organize your collection of books, where would be the most suitable location within the room to do so?","If you would like to assemble and organize your collection of books within the room, where would be the most suitable location to store to do so? If"
1,0,"If you want to organize and store your books, what would be the most suitable location in a room?","If you want to organize and store your books in a room, what would be the most suitable location for your fic?"
1,0,"If you're looking to store and organize your books within a particular room, where might be the best place to do so?","If you're looking to store and organize your books within a particular room, where might be the best place to do so? You"
1,0,"As an AI language model, I suggest an appropriate region in the room for implementing book storage and organization.","As an ITIL organization, I suggest appropriate IE2 as a model for creating a language region in the book, and room.It"
1,0,"As a smart home AI, where would you suggest as the best location within a room to store and organize books?","As a smart home AI, where would you suggest as the best location to store and keep within a room for clogging books?"
1,0,the objects that can protect the driver's head,the objects that can protect the driver s head that protect the driver's teeth
1,0,"While driving, we need to obey traffic rules and signals to ensure safety. What object in the picture is typically used to regulate vehicle movement at street corners?","During driving, we need to maintain vehicle safety standards and to block traffic in the roadway. What sign is typically used to alter inside corner indications?"
1,0,"When driving, it is crucial to follow traffic rules and signals to guarantee safety. What is the object in the picture that is typically used at street corners to regulate vehicle movement?","When driving in reverse, it is crucial to follow vehicle safety standards to determine the vehicle. What is flags used to block the movement and indicate? Should"
1,0,"When operating a vehicle, adherence to traffic regulations and signals is crucial to ensure safety. What object is typically placed at street corners to control vehicle movement, as shown in the picture?","When operating a vehicle, according to safety regulations, is crucial to deliver the message. What shape is typically shown on street corner objects and angles? The"
1,0,"When driving on the road, adherence to traffic rules and signals is important for safety. What item in the picture is typically utilized to control vehicle movement at intersections?","When driving on the road, appropriate care and attention is typically borne by drivers. What item in the cross section is used to optimize traffic movements? The"
1,0,Where can we sit and work when we have a lot of work to do in the bedroom?,Where can we sit and work when we have a lot of work to do when we res in the bedroom?
1,0,Suppose you have a large amount of work to complete in your bedroom. Where could you potentially sit and work in this space?,Suppose you have a large amount of space in your bedroom. Where could you possibly begin to work and sculpt in this work? Please if
1,0,"When you have a lot of work to do and would like to work in your bedroom, where can you sit and complete the tasks?","When you have a lot of work to do and would like to sit and work in the bathroom, where can you complete your tasks? Can you?"
1,0,"When we have a lot of work to do in the bedroom, where is a suitable place to sit and work?","When we have a lot of work to do in the bedroom, where is the suitable place to sit and work? a"
1,0,something used for cutting,slice something used for slicing and synthesized for cutting. type
1,0,the objects whose surface presents a scale-like form,the objects whose surface forms a scale-like form
1,0,Dragonflies are insects that can fly swiftly in the air. What part of their body is mainly used to accomplish this task?,Dragonflies are insects that fly very rapidly in their limbs. What part of the body is mainly used to accomplish this task?
1,0,What specific part of a dragonfly's body is primarily responsible for its ability to swiftly fly through the air?,What specific part of a dragonfly's body is primarily responsible for its ability to swiftly fly through and enter the air?
1,0,Dragonflies are known for their swift flight in the air. Could you please identify which part of their body they primarily use to accomplish this task?,"Norway gliders are known to use several parts of their body to fight the cold air they encounter. Could you please provide you with this task, exactly"
1,0,What body part of dragonflies do they typically rely on the most for swift flight?,What body part of the most swift flies do we typically rely on for dragonflies for their flight? strength
1,0,What part of their body do dragonflies primarily use to fly swiftly through the air?,"What part of their body do dragonflies primarily use to fly swiftly, fly through the air?"
1,0,What is the main part of a dragonfly's body that they use to fly swiftly in the air?,What is the main part of a dragonfly's body that they use to fly swiftly in the air?
1,0,"When having a formal dinner, it is common to have a designated area for each individual to sit and enjoy their meal. What in the picture could be used to mark the assigned seat for each guest?","When having a finished meal, it is common for one to have an individual seat to hold and indicate the designated area for each of the guests. What"
1,0,"When hosting a formal dinner, typically each invited guest has a designated area to sit and enjoy the meal. What item within the picture could be used to mark the assigned seat for each guest?","When hosting a private evening meal, each guest typically has an appropriate area to wrap and name the item used to serve the guest. How did the table"
1,0,"If you are hosting a formal dinner, what objects in the picture could you use to denote assigned seats for each guest?","If you are hosting a formal dinner, what objects in the ring could you use to denote guests for each guest?"
1,0,What objects in the picture can be utilized to indicate the assigned seat for each guest during a formal dinner?,What objects can be used in the picture to denote the corresponding swivel for each guest assigned for an office during the dinner?
1,0,"When hosting a formal dinner, it is customary to provide each guest with a designated seating area to enjoy their meal. What item in the picture could be used to mark the assigned seat for each guest?","When hosting a private dining room, it is customary to provide each guest with an appropriate seat to share in the meal. What items would be?"
1,0,"During a formal dinner, it's typical to have designated seating for each guest to enjoy the meal. Based on the picture, what item might be utilized to mark the assigned seat for each individual?","During a typical meal, it's appropriate to have several items to carry out the ceremony. What picture is placed on the designated seat for each"
1,0,"In order to quench thirst, people often store water in a container that can be easily carried around. What in the picture could serve as a container for storing water?","In order to cope with water, people often look for a container that could serve as a storage container. What can be detached in the water?"
1,0,"As people often carry containers to store and transport water for them to quench thirst, what item in the picture could be utilized for this purpose?","When many people utilize storage to snatch things in the car for them to carry away and shred, what item could be ideal for this purpose"
1,0,"What object in the picture could potentially be utilized as a container for storing water, to relieve thirst?","What object in the image could possibly be utilized as a container for storing water, to relieve thawn?"
1,0,"As water is often stored in a portable container that can be easily carried to quench thirst, what might be utilized as a container for water storage in this picture?","As water is often utilized as a storage container for sprinkling, what might be accessible for some water that can be stored in this picture"
1,0,"What could be used as a container for storing water, typically kept handy and portable for the purpose of quenching one's thirst?","Why could be used as a storage container for keeping water up and styrofe, typically for the purpose of quenching?"
1,0,"In a running race, participants wear a distinguishing item that displays their assigned identification and helps track their progress. What in the picture can fulfill this purpose?","In a cycling race, participants wear an identifying picture that best exemplifies the task and helps preserve their delivery. What can this function"
1,0,"During a running race, participants often wear a marking that displays their assigned identification and keeps track of their progress. What object in the picture could fulfill this purpose for runners?","During a running race, participants often wear an engraved marking that displays their markings and can fulfill this purpose. What object in the track?"
1,0,"During a running race, athletes typically don an identifying item that displays their assigned number and aids in monitoring their performance. What can fulfill this purpose in the picture?","During an athletic event, one typically identifies a missing item in their measurement and can display it that aids in the running purpose. How"
1,0,What item in the picture could be used to display identification and track progress in a running race?,What item in the picture could be used to display tracking progress and joint in a race?
1,0,"To display the identification assigned to the participants and keep track of progress in a running race, what object in the picture can fulfill this purpose?","To display the identification given to the runners in a race and retrieve the object in progress, what purpose must it fulfill in this picture? One row of"
1,0,What in the picture can be used to track progress and display assigned identification for participants in a running race?,What in the picture can be used to track progress and display identification for assigned participants in a running rout dote?
1,0,something that the car uses for illumination at night,something that the car uses for irradiation to give the use of sleet at night. Irradiator at night?
1,0,someone who is most likely to be the player,aator one who is most likely to be who plays the player
1,0,"In a conference room, where can people write ideas on during a meeting?","In a conference room, where can people write ideas on during a meeting?,"
1,0,"During a meeting in a conference room, where is a common location for attendees to write down and share their ideas?","During a meeting in a business center, where is a common room for attendees to write down and share their ideas and receive hints?"
1,0,"During a conference meeting held in a conference room, what part of the room can serve as a writing surface for recording ideas?","During a conference meeting held in a conference room, what part of the room can serve as a writing surface for ad ideas?"
1,0,"In a conference room, where is the most appropriate place for individuals to record their ideas during a meeting?","In a conference room, where is the most appropriate place for individuals to record their ideas during a meeting dote?"
1,0,"During a conference meeting, where is the location where people can write their ideas?","During a conference sation, where is the location where people can write their ideas ?"
1,0,the extra spare chairs for additional participants,the additional spare stowes extra stacks for additional chairs for busy participants.
1,0,"If we want to place some things next to the sofa for easy access when sitting, what object can help us achieve this goal?","If we want to place something next to the sofa for easy access, what things can help us to achieve when we use this object? br"
1,0,"If you want to place some items next to the sofa for easy access when sitting, what object might help you achieve this goal?","If you want to use something for you to place close to the sofa, what items might help achieve this goal when you click the object?"
1,0,What object will help to store necessary items next to the sofa for easy access while sitting?,What object should hold next to the table for easy access to store valuable items so that computers will systed the sofa?
1,0,"What object can help us to place some things next to the sofa, ensuring that they're easily accessible when sitting?","What might help us to place objects next to the sofa, so that we can be easily able to hold the object when they're walking?"
1,0,What object might help us achieve a goal of placing things next to the sofa for ease of access when seated?,What object might help us to achieve a goal of putting pillows on top of the sofa as ease of access when we snore?
1,0,something that helps people to cross the river,something that eagles to help people to cross the river and helps it Mounty people It
1,0,People often take small boats to tour the sights. Who in the picture is likely to have visited the sights the most?,"People in the small towns often take the glasses to visit the sights. Who is the one most likely to have visited the sights? Best, 66."
1,0,Who in the picture would be the most experienced in taking small boats to tour the sights?,Who in the picture would be the most experienced in taking small sailors to savor the sags?
1,0,Which person do you think is more likely to have visited the sightseeing locations more frequently by taking the small boats?,Which person you think is more likely to have visited the kingfishing occupants more frequently by taking the walking and walking trips?? Some
1,0,"Based on the picture, which individual is most likely to have visited the sights the most given that people often tour the sights by small boats?","Based on the picture, which person is most likely to visit the saddles that people have driven the saddles the most often by tourists? small number of"
1,0,the household appliance used for heating food,the household appliance used for heatinging food heated sensory.
1,0,Birds often need a stable surface to land on and rest. What in the picture could provide a suitable landing spot for a bird?,Birds often need a suitable spot to land on and rest in. What on the surface could provide a suitable image for a bird landing?
1,0,What might provide a suitable and steady landing spot for a bird in the picture?,What might provide a suitable and stifling landing spot for a bird in the mood? I
1,0,Birds usually need a platform that is stable enough for them to land and rest. What in the picture could provide a suitable landing spot for a bird?,Birds usually need a spot that is suitable for them to land and rest in the sky. What could provide enough support for a solid bird?
1,0,"When birds are seeking a stable surface where they can land and rest, what in the picture might serve as a good landing spot for them?","When birds land and lay on the surface, they might serve as a good spot for where they need a quiet encasement. What?"
1,0,"In the given picture, what might be an adequate landing place for a bird, as birds typically require a stable landing surface to rest and perch upon?","On the list, What might be an optimal landing surface for a bird to perch, as some birds require a good landing surface and distraction?"
1,0,the objects leaning on the car,the objects leaning on the car leaning lean on the tue
1,0,"In a laboratory, scientists often wear a specific garment to protect their clothes and maintain cleanliness. What clothing item in the picture is commonly worn by scientists in the laboratory?","On a laboratory report, scientists wear clothing that protects your health. What particular garment is commonly worn by some in the laboratory? The clothing is"
1,0,"When working in a laboratory, scientists often wear a special garment to protect their clothing and maintain cleanliness. What clothing item in the picture is commonly worn by laboratory workers?","During a medical laboratory work, scientists commonly wear clothing that is worn in the laboratory. What item to protect and keep in common display? What is"
1,0,"What piece of clothing is commonly worn by scientists in a laboratory to protect their clothing and maintain cleanliness, based on the picture provided?","What piece of clothing was commonly worn by scientists in a laboratory to protect their clothing from coldness, and keep the detailed model? What is the most"
1,0,"When working in laboratories, scientists often wear a specific clothing item to protect their clothing and maintain cleanliness. What clothing item do scientists commonly wear in the laboratory as shown in the picture?","When in the laboratory, what clothing do scientists wear? Scientists commonly wear household clothing in a certain layout to protect the product. The clothing is"
1,0,Which garment is commonly worn by scientists in a laboratory to maintain cleanliness and protect their clothing?,"Which garment is commonly worn by scientists in a laboratory to maintain cleanliness and protect their clothing from chemical change?, health science, chemistry,"
1,0,"In a laboratory setting, scientists often wear specific clothing to protect their clothes and maintain cleanliness. Can you identify the clothing item in the picture that is commonly worn by scientists?","In a laboratory setting, scientists commonly wear clothing that can protect the particular clothing and identify it worn by scientists. Can you wear a uniform that is"
1,0,"When monkeys move from one tree to another, they often use a certain part of their body to maintain balance and stability. What part of the monkey's body in the picture helps them with this?","When monkeys usually balance their body from one tree to another, they use the part of their body to help maintain this pattern. What monkey's role"
1,0,"During movement from one tree to another, monkeys use a special aspect of their body to maintain balance and stability. Please identify which part of the monkey's body is utilized for this purpose, based on the image.","When you rotate a monkey, certain elements are attached to the body's structure, using one feature of the body for their preservation. Please contact your"
1,0,"When monkeys move from one tree to another, they rely on a specific body part for balance and stability. Please point out which part of the monkey's body in this picture serves this purpose.","When monkeys move from one tree to another, they specify which part of the monkey's body serves this purpose. Please use this body image for your"
1,0,"When monkeys move from one tree to another, what region of their body would they utilize to maintain stability and balance as they navigate through the trees?","When monkeys move from one tree to another, what region of their body would they utilize as they move through and navigate to maintain the balance? c"
1,0,What part of the monkey's body in the picture helps them maintain balance and stability when moving from one tree to another?,What part of the tree's body in the picture helps them retain balance and stability when moving from one monkey to another?
1,0,"When monkeys move from one tree to another, they must maintain balance and stability, often by utilizing a specific part of their body. Which part of the monkey's body in the picture can assist with this?","When monkeys move from one body to another, they must utilize the specific portion of the body in their pattern, usually by helping this. What can be"
1,0,"When leaving a car in a public parking lot, it is important to take note of certain information for identification purposes. What part of the car in the picture typically displays this information?","When leaving a car in a public parking lot for identification purposes, it is important to take note of this information. What part of the car displays"
1,0,"When parking a car in a public parking lot, it is important to remember certain details for identification purposes. What part of the car in the picture usually displays this information?","When parking a car in a public parking lot, it is important to remember certain details for this purposes. What part of the car displays information?"
1,0,"When leaving a car in a public parking lot, which part of the vehicle in this picture typically displays the information that is required for identification purposes?","When leaving a car in a public parking lot, which part of the vehicle in this picture typically displays the information that is required for identification purposes?"
1,0,"When leaving a car in a public parking lot, it is important to note specific vehicle information for identification purposes. Please tell me which part of the car in the picture typically displays this information?","When leaving a car in a public parking lot, please tell me which part of the car is typically visible for particular vehicle information purposes. Does this"
1,0,"When parking in a public parking lot, what part of the car in the picture displays crucial information for identification purposes?","When parking in a public car in a particular lot, what part of the parking picture displays crucial identifying information for the glass? To do this"
1,0,"When parking a car in a public lot, it is important to take note of certain details for identification purposes. What part of the car in the picture typically displays this information?","When parking a car in a public lot, it is important to note certain details for identification purposes. What part of the car displays in these pictures"
1,0,the food placed at the bottom of the stacks,the food ened at the bottom of the tin placed at the stacks thrunes
1,0,the object that helps people safely land from high altitude,the object that enelises people able to land and water fast from high altitude. Location height
1,0,Neon lights are often used to attract attention and create a vibrant atmosphere in commercial areas. What in the picture has neon lights that can help guide people to a specific location?,Neon lights are commonly used to create a vibrant atmosphere that gives attention to people in businesses and bring on lights in the specific location? What are the
1,0,What in the picture showcases neon lights that can be used to direct individuals to a particular location and create a lively ambience in commercial areas?,What is used on an apron to create distinctive lighting images that can be upscale to individuals and bring business contacts in the particular area? I
1,0,What can be found in the picture that utilizes neon lights to direct people to a particular destination and create an inviting atmosphere in commercial spaces?,What can be found in the neon lights that use directs to attract people in a commercial space and create an inviting atmosphere to that particular object? Answer
1,0,What specific feature within the picture utilizes neon lights to guide people to a particular location or draw attention in commercial areas?,What specific feature of the website uses reseil lights to direct people to a particular area or to draw attention within private niches? What
1,0,What object in the image has neon lights that could direct people to a particular location in the commercial area?,What image of a neon flash would direct people to objects in the location and that could direct people in the specific area?
1,0,What is the object that has neon lights that can guide people to a particular location in commercial areas?,What is the object of a nebula that has laser lights that can direct people to specific areas in remote locations?.
1,0,"When gardening or landscaping, it is common to encounter pests that can damage plants. What in the picture could be a potential pest that gardeners might need to control?","When gardening or landscaping, it is common to encounter a pest that could be damage to plants. What pests gardeners could best control? The most"
1,0,"When doing gardening or landscaping, it is not uncommon to encounter pests that can damage the plants. What might be a potential pest that gardeners should address in the picture?","When repairing plants in landscaping or gardening, it is not unusual to encounter pests that could be the issue. What species can give the plants a"
1,0,"During gardening or landscaping, pests that might harm plants are frequently encountered. What in this image might be a potential pest that gardeners may need to control?","During landscaping or gardening, insects are most likely to present a problem that many gardeners cannot control? What pests that might be beneficial to the"
1,0,"During gardening or landscaping, it is common to encounter various pests that could damage plants. Based on the picture, which object could be considered a potential pest that gardeners may need to control?","During landscaping or landscaping, it is considered a problem that could be a pest. Which type of plants may attract insects to control? The most"
1,0,"During gardening or landscaping, what might gardeners need to control in the picture as a potential pest that can harm the plants?","On gardening in a landscaping, what should gardeners use to control the pest or potential plants that could hurt as they clog? The best way"
1,0,"When enjoying a formal dining experience, what utensil in the picture would be used to consume soup?","When utensiling in a formal dining experience, what accessories to use in the soup would be best enjoyed dripping sache"
1,0,"While enjoying a formal dining experience, which utensil in the picture would typically be used to eat soup?","While edifying in the kitchen, which utensil would be a typical use to enjoy eating during a soup? Ive"
1,0,"During a formal dining experience, which utensil in the picture would typically be used to consume soup?","During a traditional salinet, which utensils to use in the dinner would typically be viewed consuming soup?"
1,0,"In a formal dining experience, which utensil in the picture would be utilized for the consumption of soup?","In a formal dining experience, which utensil to eat in the picture would be utilized for the consumption of veal?"
1,0,"During a formal dining experience, which utensil in the picture would generally be utilized to consume soup?","During a typical slicing dinner, which utensil would be utilized in the kitchen to slice? We have"
1,0,"In a formal dining setting, which utensil in the picture is typically used to consume soup?","In a typical home dining setting, which utensil is used to encapsulate the soup in the sago?"
1,0,"If there is a fire in the bathroom, what should we use to warn others to evacuate as soon as possible?","If there is a fire in the bathroom, what should we use to alert others to evacuate as soon as possible?.."
1,0,"In case of a fire in the bathroom, what appliance would you use to alert others and indicate the need for immediate evacuation?","In case of a fire in the bathroom, what appliance should you use to alert the speaker and allow for possible evaporation? What are the"
1,0,"In the case of a fire in the bathroom, what could be employed to alert others to evacuate as soon as possible?","In the case of a fire in the bathroom, what could be used to alert others to help evacuate? arose as soon as possible. The"
1,0,"In case of a fire in the bathroom, what could be used to alert others to evacuate as quickly as possible?","In case of a fire in the bathroom, what could be used to alert others to evacuate as quickly as possible? If used to escape, there is"
1,0,"In a scenario where a fire has broken out in the bathroom, what item could be utilized to alert others to evacuate the area immediately?","In a scenario where a fire alarm has coiled out in the area, what item could be utilized to help others evacuate the bathroom? What"
1,0,"If there is a fire in the bathroom, what tool or device could be used to alert others to evacuate the area immediately?","If there is a fire or alarm in the bathroom, what tool could be used to alert other people to evacuate the area immediately? If the fire or"
1,0,"When enjoying Mexican cuisine, it is common to have a side sauce or dip to enhance the flavor of the main dish. What in the picture can be used as a side sauce or dip for the food?","When having a Mexican side dish, it is common for a side sauce or sauce to enhance the taste of the food. What can be the best"
1,0,"When indulging in Mexican cuisine, it is common to accompany your meal with a side sauce or dip to enhance its flavor. Please identify the object(s) in the picture that can be used in such a context.","Before using your meal, you can isolate a sauce or food that may resemble its context in the menu. Share with your example. If you are"
1,0,What item in the picture can be used as a dip or condiment to enhance the flavor of the main dish in Mexican cuisine?,What portion of the orange can be used as a decoration in the main dish or to enhance flavor of the dip in Mexican cuisine? a.
1,0,What item in the picture can be used as a side sauce or dip to enhance the flavor of a main dish when enjoying Mexican cuisine?,What shape on the side could be used as a flavor enhancer in a Mexican dish to enjoy fresh dishes or skip the sauce? â
1,0,"While enjoying Mexican food, people usually pair the main dish with a side sauce or dip to make it more flavorful. What in the picture could be used to serve as a side sauce or dip for the food?","In serving Chinese food, people usually use the side sauce as a dip or sauce to make a memorable dish with the food. What could be the"
1,0,"We cannot breathe underwater, so diving requires additional equipment to help people breathe while underwater. What in the picture can help human accomplish this task?","We cannot dive underwater, so human assistance is needed to help people breathe while underwater. What can the user accomplish in this technique? The human body is"
1,0,What equipment in the picture can help humans breathe underwater while diving since they cannot breathe underwater naturally?,"Which equipment can help humans breathe underwater in the glass, since it cannot simulate deep breathing while they are diving under water? The lungs are a very"
1,0,"For diving, additional equipment is required to assist with breathing, since humans cannot breathe underwater. Please identify the object in the image that can assist with this task.","For diving, please locate the object in the water that cannot breathe. Human components are required to assist with this exercise, because underwater. Please use a"
1,0,I wish to dive underwater. What object in the picture can assist me in the task of breathing while underwater?,I wish to dive underwater. What object can assist me in the task of breathing in the picture? I resolve forethough underwater? I have a
1,0,What piece of equipment in the picture can help individuals breathe underwater while diving?,"What piece of equipment in the picture can help individuals breathe underwater while diving, so describe what sands in a divot?"
1,0,"In order to help people breathe while underwater, what object in the picture can be used to supplement normal respiration and make it safe to dive?","In order to help people dive underwater, what alternative is used to provide a safe object to breathe and squirt in the eye?"
1,0,Pizza is a popular dish that is often shared and enjoyed with friends or family. Which part of the picture could be used to serve and present the pizza?,Pizza is a popular picture that could be shared and enjoyed and used by families and guests. Which part of the recipe might serve the pizza? Try
1,0,"Pizza is often enjoyed with friends or family and can be served and presented in various ways. Based on the picture, what item might be suitable for serving and presenting pizza?","Pizza is commonly served and enjoyed in various ways and could be good for presenting or serving family. Assuming the item is fit with pizza, what"
1,0,"What part of the picture might be used to present and serve a pizza, given that it is a popular dish that is frequently shared and enjoyed with friends and family?","What part of the pizza might be used to present and serve a popular dish, given that it is a popular and shared with friends and family?"
1,0,"If you were to present and serve pizza to your guests, which area in the picture might be utilized for this purpose?","If you were to present and enclose the pizza for your purpose, which area in this picture might be utilized to serve the guests? You have to"
1,0,"What part of the picture could be utilized to serve and present a pizza, which is a popular dish often enjoyed with friends or family?","What part of the picture could be utilized to present a popular pizza dish, which is a popular and often enjoyed with friends or family? a"
1,0,the sauce,the sauce suer suer suer. sourc
1,0,something similar to human face,something akin to Human sex ssimiliar to something similar like human face.
1,0,the pot lid,The stack. sened to the pot lid slit.temperature
1,0,"In daily life, people often check the time by looking at the clock or watch. What part of the watch is commonly used to display the time?","In daily life, people often look at the clock by checking the time. What part of the watch or watch is commonly used to display the time?"
1,0,"During daily life activities, people frequently check time by inspecting their watch. Which component of the watch is typically employed to display the current time?","During normal everyday life, individuals are typically occupied by checking their watch. Which component of the watch is used to periodically display the time? The time"
1,0,"During daily life, time is frequently verified by examining a watch or clock. What part of a watch is most commonly utilized for displaying the time?","During daily life, a watch is most commonly utilized for displaying time. What part of the clock is examined by checking time or watch? What"
1,0,What is the part of a watch that is commonly used for displaying the time?,What is the part of a watch that is commonly used for displaying the time....
1,0,"What part of the watch is generally used to display the time, as people often check the time using watches or clocks in everyday life?","What part of the watch is used to check the clocks or display the time, as people often use watches in everyday life during a time?"
1,0,"If I want to take a short break to relax during work in my office, what can I use to sit on temporarily?","If I want to take a break on my office during lunch, what can I use to relax in short while I want to work temporarily? Is"
1,0,Suppose you want to take a short break while working in your office and need a temporary place to sit and relax. What object could be utilized for this purpose in the picture?,You want to take a break while sitting in the office and need a suitable space for your purpose to unfold. What can this look useful? I
1,0,What can you use to take a short break and temporarily relax while at work in your office?,"What can you use to take a short break and temporarily relax while at work and in your office, when work at home?"
1,0,"If you need to take a brief rest to relax while at work in your office, what object can you sit on temporarily?","If you need to take a brief sat at work to relax while in office, what object can you rest on temporarily in your?"
1,0,"If you want to take a brief break to unwind while working in your office, what item could you sit on temporarily?","If you want to take a brief break to unwind while working on your office, what item could you sit in temporarily to reload?"
1,0,the lights that are placed in different directions,the lights that are placed in different directions the lights that are died in scale
1,0,"In a bedroom, what is commonly used to provide an additional source of light for reading or creating a cozy atmosphere?","In a bedroom, what is commonly used to provide a source of effervescent light or an easy space for creating a community?"
1,0,"In a bedroom, what is typically used to provide an additional source of light for reading or creating a cozy atmosphere?","In a bedroom, what is typically used to provide an additional source of light for reading or create a cozy atmosphere...."
1,0,"In a bedroom, what do people typically utilize to provide an additional source of light for reading or creating a cozy atmosphere?","During a bedroom, people typically wonder what do computers use to provide an additional source of light or to insulate a cozy atmosphere? I"
1,0,"In a bedroom, what is typically used to provide an additional light source for reading or to create a cozy ambiance?","In a typical bedroom, what is typically used to provide an additional light source for a home or to create a dazzling nook? I"
1,0,What is typically used in a bedroom to offer an extra source of illumination for reading or creating a comfortable ambiance?,What is typically used in an interior bedroom for a reader to provide an extra source of comfort or feel a better inspirada?
1,0,What object is typically utilized to provide additional light in a bedroom for activities such as reading or setting a cozy atmosphere?,What object is typically used to elicit additional light in a room for activities such as setting up a soaring stomp?
1,0,It seems that there is a person performing maintenance work on the house. What object in the picture is he likely using to access the roof?,It appears that there is a person in the house performing maintenance work. What picture he uses to likely access the tiles on the roof? Is
1,0,What object might the individual in the picture be using to gain access to the roof while performing maintenance work on the house?,What object would the individual be able to use to gain esssicle while fixing the repair work on the roof of the car?
1,0,What object in the picture is the person likely using to access the roof while performing maintenance work on the house?,What object is the example likely on the roof of the home to display while driving someone attempting to complete the maintenance work in the house? 3
1,0,It seems that there is a person performing maintenance work on the house. What object is he likely using to access the roof?,It seems that there is a person constructing parts on the home. What tool is he likely to use to perform the roof over the door?
1,0,What object is the person likely utilizing to access the roof as he performs maintenance work on the house in the picture?,What object is the person attempting to use the roof as he fixes maintenance on the slope adobe in achieving the job? We
1,0,The individual in the image appears to be performing maintenance work on the house. What object is he likely using to access the roof?,The individual in the image appears to be performing maintenance work on the home. What object is he likely using to access the roof of the vehicle?
1,0,"Due to the harmful effects of smoking on health, many countries have implemented regulations to discourage smoking. What depicted in the picture is likely to have negative implications regarding smoking?","Due to the harmful effects of smoking, the picture is likely to reflect negative outcomes. Many countries have imposed regulations on smoking? The United States has"
1,0,"What aspects in the picture could have negative implications for smoking, given the harmful effects of smoking on health and the increasing regulatory measures meant to discourage it in many countries?","What aspects of smoking could explain the harmful effects of smoking, given significant discrepancies in the public policy and for efforts to reduce it? a"
1,0,"Due to the harmful effects of smoking on health, many countries have implemented regulations to discourage smoking. Please identify what in the picture is expected to have detrimental implications related to smoking?",Due to the harmful effects of smoking? Please read what regulations have demonstrated to be detrimental to reversible smoking.? Many countries have laws that restrict
1,0,"Please identify what in the picture is likely to have negative implications with regards to smoking, given the harmful effects it can have on one's health?","Given you describe what it will have to do with negative exposure, is the concern for harmful effects in the mirror on one's health? Please note that"
1,0,"Given the health hazards of smoking, many nations have established regulations aimed at reducing tobacco usage. What element present in the picture is likely to have negative implications associated with smoking?","Given the health hazards associated with smoking, what concept is likely to result in lower concentrations of tobacco? Many states have set out. The following list of"
1,0,"What object in the picture is specifically designed to rest against and support a person""s head while sleeping?",What object in a picture is specifically designed to restrain and support the personâs head while awoken from sleeping?
1,0,What item in the picture is designed to provide support to a person's head while they are sleeping?,What item in the picture is designed to provide support to a person's head while they are sleeping?
1,0,What is the object in the picture that is specifically intended to be rested upon and used as a support for an individual's head while sleeping?,What is the object specifically intended for a person's head that is used as a reflection to be rested on and comfortable in the sleeping?
1,0,"What is the item specifically designed to support a person's head and neck while sleeping, which can be seen in the picture?","What is the specific item designed to support a person's head and neck while sleeping, which can be seen in the picture? i"
1,0,What item in the picture is specifically created to provide head support while sleeping?,What item in the picture is specifically created to provide head support and head sleep to while sleeping?
1,0,Please identify the object in the picture that is specifically designed to support a person's head and neck while sleeping.,You may identify the object in the picture that is specifically designed to suppress a person's head and neck while sleeping.
1,0,"In a bicycle race, it is important to ensure the safety of the riders. What protective gear would the riders be wearing in the picture?","In a bicycle race, it is important to protect the safety of the riders. What protective gear would the riders get? 1 The safety gear is the"
1,0,"When participating in a bicycle race, what type of protective gear would the riders be wearing in the image?","When riding in a raced bike, what type of protective gear would the participating people be wearing in the image? The following is a list of"
1,0,"In a bicycle race, what safety equipment might the riders be wearing to protect themselves?","In a bicycle race, what safety equipment might the riders have to wear to protect themselves from sleeing? Weird?"
1,0,"In the bicycle race shown in the picture, could you identify what protective gear the riders would typically be wearing to ensure their safety?","Upon observing the bike in the picture, you determine what protective gear riders would be wearing to see what they can risk. If you are looking for"
1,0,"Assuming that rider safety is a priority, what protective gear would the cyclists be wearing in the picture?","Assuming safe riding gear is the priority, in reality, what safety accessories should the cyclists be wearing in the picture? There are a number"
1,0,"When attending a formal event, people often wear clothes with a collar that can be fastened with buttons to give a more professional look. What part of the attire in the picture fits this description?","During an office visit, people often wear the collars in a dress that is angled to give a more formal look. What detail can"
1,0,"At formal events, individuals often wear clothing with collars that can be fastened with buttons to create a more polished appearance. What part of the attire in the picture fits this description?","For professional attire, individuals wear many collars in a patterned fashion that can be easily complemented. What part of the dresses shows on the description"
1,0,"In formal events, people usually wear clothing with collars that can be fastened with buttons to look more professional. Could you identify what part of the attire in the picture fits this description?","During formal wear, men usually wear different sections of clothing in the frame that can be redressed to match the look. What information?"
1,0,"In which part of attire, shown in the picture, is a collar that can be fastened with buttons to create a more formal look, as is often the case when attending highly professional events?","In the picture, which is what is usually seen when having a collar is worn in attics, to enable more flexible and formal appearances? How"
1,0,"When dressing for a formal event, individuals often wear clothing with a fastenable collar to achieve a more professional appearance. What component of the attire in the image would suit this criteria?","When fitting clothing for a formal event, individuals often wear an elegant dress to satisfy the selection of that profile. What component in would"
1,0,"At formal events, people often wear clothing with a collar that can be fastened with buttons to achieve a more professional look. Please identify what specific aspect of the attire in the picture matches this description.","During business classes, people can often wear a collar with something tailored to match the shape of the dress. Please verify which garments are accessible."
1,0,"On what structure in the bedroom can we place alarm clocks, a glass of water, or other small items we may need to access easily when waking up?","On what size of a bathroom can we place open windows, coffee cups, or other valuable items we may need to switch up while in the morning?"
1,0,"Which structure in the bedroom is suitable for placing alarm clocks, a glass of water, or other small items that may be needed and easily accessible after waking up?","Which size of a small cabinet is suitable for opening doorways, water bottles, and other items that can be readily disposed of after the night?"
1,0,"What furniture piece within the bedroom might we place an alarm clock, a glass of water, or other small items that we need to access easily when waking up?","What size furniture should we use to open a bedroom mirror, a glass cup, or several other items that we get winding up when?"
1,0,"What structure in a bedroom is the most suitable for placing alarm clocks, a glass of water, or other items that may be needed to access easily upon waking up?","What size of a room is most suitable for constructing access points, a glass door, and other items that may be readily needed upon warming?"
1,0,"What structure in the bedroom can typically be used to hold small items such as alarm clocks, glasses of water, or other objects that may be required upon waking up?","What shape of a cupboard may typically contain small objects such as water bottles, flashlights, and other items that may be given up during sleep? A"
1,0,"To decorate the interior environment of a room, what can we place in the corner or on the floor to bring life to the space?","To decorate the interior of a room, what can we bring to life in the corner of the floor or to place the environment on the floor? 2."
1,0,What are some objects that can be placed in the corner or on the floor to liven up the interior environment of a room?,What are some objects that can be placed on the floor of a room to enliven the interior or in the corner area of the home?
1,0,What is something that we can place in the corner or on the floor to add life to the interior environment of a room?,"What is something that we can place on the floor or in the corner of a home, to add color and comfort to the interior environment? ten"
1,0,What object can be added to a room's corner or floor to enhance the aesthetics and imbue new energy into its interior décor?,Why can a task be added to an interior or bathroom's facelift and accentuate the new elements to enhance its looks? a. The
1,0,"To spruce up the interior decor of a room, what can be used to liven up the space when placed on the floor or in the corner of the room?","To use for decorating the interior of a room, what can be spruced up on the floor or at the corner of the room?"
1,0,What can be placed in a room's corner or on the floor to enliven the environment and enhance the interior decor?,What can be placed on a corner or in the room's fauade to enhance the interior and enrich the environment? The
1,0,"On a snowy mountain, skiers often seek out the highest point for a thrilling experience and panoramic views. What part of the picture is the highest point where a skier might want to reach?","On a snowy mountain, skiers often seek out the highest point for a panoramic view and what kind of adventure is the top? When ski"
1,0,"If skiers are looking for a thrilling experience and panoramic views on a snowy mountain, what part of the picture represents one of the highest points that they might want to reach?","If visitors are looking for panoramic views of a snowy mountain, what one of the top points that they would want to hit the journey? 1 The"
1,0,What part of the picture might skiers seek to reach for a panoramic view and exhilarating experience on a snowy mountain?,"What adjective might snow sports visitors seek to get on top of a panoramic view of the mountain, and a harrowing experience? The question"
1,0,"When skiing on a snowy mountain, individuals often seek out the highest point for the most thrilling experience and the best panoramic views. What part of the picture appears to be the highest point that a skier might aim to reach?","When skiing on a mountainous slope, most individuals seek the best panoramic view or the highest point to stumble at. What the issue is, the"
1,0,"When skiers climb snowy mountains, they usually reach the summit for panoramic views and excitement. Please locate the highest point in the picture where a skier might desire to go.","When skiers climb in a slope, they usually reach for the right panoramic views and scenery. Woman had the opportunity to snag the skis"
1,0,"For the skiers seeking panoramic views and a thrilling and exciting skiing experience, where would be the highest point they might want to reach in the depicted snowy mountain landscape?","For snowboarders looking to get into the best panoramic views possible, which would be a challenging and tempting mountain climb? When the snow falls, the snow"
1,0,"When working from home, it can be common to have a pet accompany us. In the picture, where can the dog be seen lying down?","When we are at home, it is common to have a pet accompany us. Where can working with the dog lie down in the picture? And how"
1,0,"If we're working from home, and we want to find where a dog can be seen lying down in this picture, where should we look?","If we're looking to work from home, and where can we find when a dog is lying down in this picture, how should we look?"
1,0,"When working from home, we often have the company of our pets. Please identify in the picture where the dog could be seen resting.","When working in our home, we usually have to be contacted. Please identify from the picture the danger of the dog laying in its pets. Best"
1,0,"If a pet, like a dog, is kept at home while working, where in the picture could the dog be resting?","If a pet, like a dog, is at home when resting, how could the dog be kept in the stomp? I"
1,0,"In cold weather, a device can be used to warm up the room. What in the picture is likely to provide such warmth?","In cold weather, a device in the picture can be used to warm up the room. What is likely to provide such a warm warmth?"
1,0,"In order to heat up a room during cold weather, what item in the picture would likely be used to provide warmth?","In order to heat up a room during cold weather, what item in the picture would likely be used to provide heater?"
1,0,Suppose the weather is cold and you want to warm up the room. What item in the picture could be utilized to provide warmth in this scenario?,Suppose the weather is cold and you want to utilize the item to warm the room. What picture could be summed up in this scenario? You
1,0,What in the picture could be utilized to generate heat in order to warm up a room during cold weather?,What in the picture could be utilized to generate heat in order to warm up a room during cold weather?
1,0,the body part used to receive visual signals,the body part used to receive synapse saps used to drive visual signals
1,0,What part of the picture can people hold onto for stability while climbing the stairs?,What part of the picture can people hold onto for stability while climbing the stairs? Case
1,0,What is the part of the picture that people can hold onto for additional stability when climbing the stairs?,What is the part of the picture that people can climb onto for the stability of the stairways when walking on it? More impressive
1,0,"When climbing stairs, what can people hold onto for stability in the picture?","When climbing stairs for stability in the picture, what people can pull on for shoulders? Many sags for sagness. It"
1,0,"When climbing stairs, what object in the picture could provide stability for individuals to hold onto?","When climbing stairs, what natural object in the picture could provide stability for individuals to stifle on? Place to hold"
1,0,"When climbing the stairs, what part of the image could people grasp to maintain their balance?","When climbing the stairs, what part of the image one horse wants to maintain? Could people find the ease to revert to them"
1,0,"When climbing stairs, what could people hold onto for stability in the image?","When climbing stairs in people for stability, what could shape people hold onto for strength in the image?"
1,0,something that prevents the person from falling down,something that frightens the person from reducing the fetus and prevents it from getting dragged down.
1,0,"During the day, the entrance of natural light can create a good atmosphere in the room. What in the picture can be used to let daylight in and add ventilation?","During the day, the inside of the room can create good view and ventilation. What color can be used to add anothe in the darkness?"
1,0,the fishes whose mouth are open,the sassafras fishes who are ringed and whose mouth opens
1,0,"In many countries, it is illegal to park a car in certain areas without proper permission. What part of the picture can help identify the ownership and registration of the car to ensure it is legally parked?","To legally park a car in some countries, it is protected. Many states can identify what is involved in the ownership or construction of the car? Try"
1,0,"To ensure that a vehicle is parked legally in specific areas, what region of the image could be used to identify the car ownership and registration?","To ensure a vehicle is parked legally in the region, it to identify what area of the car ownership could be used and displayed in duplicates?"
1,0,"Which part of the picture can be utilized to determine the ownership and registration of a vehicle to guarantee that it is lawfully parked, considering that in many countries it is illegal to park a car in certain areas without proper permission?","Which picture is utilized to determine that it is legal and safe to display the ownership of a car in some countries, merely to permit it safely?"
1,0,What object/element in the picture could be used to identify the ownership and registration of a vehicle to verify if it has been parked legally?,What element/marker would be used to verify the ownership and registration of a vehicle if it has been parked legally in the picture?
1,0,What aspect of the picture might be utilized to verify the ownership and registration of a vehicle in order to ensure that it is legally parked?,What aspect of the picture should be utilized to verify the ownership and registration of a vehicle in order to ensure that it is legally parked? Some states
1,0,What region of the picture could be utilized to identify the ownership and registration of a car to ensure that it has been legally parked?,What portion of an association could be used to identify the location and ownership of the car to ensure that it has been legally parked?
1,0,"After washing hands or cleaning surfaces with soap and water, what tool in the bathroom is appropriate to dry your hands or clean the surface?","Before washing your hands with soap and water or clean surfaces in the bathroom, what tool is appropriate to dry your hands or clean the surface? The best way"
1,0,"Upon washing your hands or cleaning surfaces with soap and water, what object in the bathroom should be used to dry your hands or clean the surface?","Before washing your hands or cleaning the object with soap and water, what should your hands or towels be used to clean and dry the surfaces? If you are"
1,0,What object is appropriate to dry your hands or clean the surfaces of the bathroom after washing hands or cleaning surfaces with soap and water?,What object should you use to clean your hands or bathroom after washing or drying the surfaces of the clean surfaces with soap and water? 1. Wash your hands and
1,0,"After washing your hands or cleaning surfaces with soap and water, what appliance in the bathroom is suitable to dry your hands or clean the cleaned surfaces?","After cleaning your hands or bathrooms with soap and water, what appliance is suitable to sanitize the surfaces or dry the cleaned hands? 1"
1,0,What tool is appropriate in the bathroom to dry your hands or clean the surface after washing hands or cleaning them with soap and water?,What tool is appropriate for washing your hands after cleaning the bathroom or washing them with soap and water or dry or clean the hands? A. A. A
1,0,"To make a mixed noodle dish, sauce is poured over the noodles and mixed thoroughly to enhance the flavor. What parts of the picture could be used to pour onto the noodles?","To make a mixed sauce, portion of the noodles is poured onto the dish and used to enhance the flavors? What do you use to make"
1,0,"In the picture, what are the objects that could be used to pour sauce onto the noodles and mix it to enhance the flavor in a mixed noodle dish?","On the photo, what are the elements that could be used to stir the noodles in a sauce dish and add flavor to it? Then, what"
1,0,What items or regions in the picture could be used to pour sauce onto the noodles while making a mixed noodle dish?,What any items on the image could be used to place noodles or ricottas in the sauce pan during a stirring dish?
1,0,"For making a mixed noodle dish, often, the sauce is poured over the noodles and mixed thoroughly to enhance the flavor. What items in the picture could be used to pour onto the noodles?","For putting noodles in a dish, many pieces should be poured onto the noodles and used to enhance the flavor. What is the best way to"
1,0,"What items can be used to pour the sauce over the noodles in a mixed noodle dish, based on what we see in the picture?","What items can be used to put the sauce over the noodles in a mixed noodle bowl, based on what we see in the picture?"
1,0,What objects or utensils in the picture could be used for pouring sauce onto the noodles to enhance their flavor in a mixed noodle dish?,What parts or ingredients could be used in the sauce pot for displaying a soft dipping sauce onto noodles in the picture? The dipping sauce is
1,0,something that people can use to play loud music,... something that people can use to learn to play music.. loud
1,0,"When camping in a forest, what object in the picture could provide shelter and serve as a temporary living space?","When camping in a forest, what object in the picture could provide temporary shelter and serve as a sacrificial living space?"
1,0,"During a forest camping trip, what in the picture could provide shelter and serve as a temporary living space?","During a tropical forest camping trip, what in the picture could serve as a shelter and provide a temporary enclave living space?"
1,0,"In a forest camping context, what object in the picture can offer shelter and act as temporary accommodation?","In a forest scouting context, what object in the picture can offer temporary shelter and serve as advairment?"
1,0,"Assuming you're camping in a forest, what item pictured here might be utilized to provide shelter and serve as a temporary living space?","While pictured here, what items you're camping in might be utilized to provide a living space and serve as a desert area? 1 What"
1,0,What object in this picture could be used as a shelter or temporary living space while camping in a forest?,What object in this picture could be used as a temporary shelter or a living space while sleuthing in a forest?
1,0,"In a busy city, there are often traffic congestion and delays. What situation in the picture could cause a delay and make it difficult for vehicles to move smoothly?","In a busy city, there are situations to delay the vehicle and it can cause traffic congestion in often and unevenly. What road cuts? The road"
1,0,What situation in the image could lead to a delay and make it challenging for vehicles to move smoothly in a busy city with heavy traffic?,What situation in the image could lead to a dynamic delay and make it difficult for vehicles to move smoothly in a city with heavy traffic?
1,0,"In a busy city with frequent road traffic, there are often situations of congestion and delays. What scenario in the picture might result in such a delay, making it challenging for vehicles to proceed smoothly?","In a typical city of congestion, there are situations in which it may be difficult to respond quickly, resulting in busy roads and road delays? What"
1,0,"In a busy city, traffic congestion and delays are common. What situation in the picture might cause a delay and make it difficult for vehicles to move smoothly?","In a city, traffic congestion and delays can cause problems and make it difficult to move smoothly. What problem in an urban league? The following is"
1,0,"In a busy city, traffic congestion and delays are quite common. Based on the picture, what situation could make it difficult for vehicles to move smoothly and cause a delay?","In cities that cause traffic congestion and delays, a busy road is quite difficult to move smoothly. How could a situation be correct? The problem is"
1,0,Traffic congestion and delays are common occurrences in a busy city. Which situation in the picture could cause a delay and cause disruption to the smooth flow of vehicles?,Traffic congestion and delays are common happenings in the cities. Which behavior could cause a smooth delay in the business and cause disturbance? The following is
1,0,"In a football match, what object is typically used to pass and shoot towards the goal?","In a football game, what object is typically used to fl odd and pass towards the goal?"
1,0,"In a football match, which object is typically employed to pass and shoot towards the goal?","In a football game, which object is typically employed to tack on and strike towards the goal?"
1,0,"During a football match, which equipment is usually utilized for passing and shooting towards the goal?","During a football match, which equipment is usually utilized for passing and shooting towards the goal?"
1,0,"In a football match, what object is used to pass and shoot towards the goal?","In a football game, what object is used to pass and tack towards the goal - to shoot and hurl at the match?"
1,0,What is the object normally used to pass and shoot towards the goal in a game of football?,What is the object normally used to pass and stoke towards the goal in a game of soccer?
1,0,Imagine we are astronomers observing the celestial bodies. Can the object shown in the picture allow us to observe the Earth from different angles and perspectives?,"Before we see the planet, imagine we will observe the stars in the celestial bodies demonstrating us how we respond from different perspectives? Can we see"
1,0,"If you were an astronomer observing celestial bodies, could the object in the picture potentially allow you to observe the Earth from various angles and perspectives?","If you were an astronomer to detect planets in the Earth, would the observing celestial objects likely view you from various perspectives?"
1,0,"As astronomers observing celestial bodies, could the object in the picture allow us to see the Earth from varying angles and perspectives?","As astronomers trying to see celestial bodies from the telescope, could the object in the view allow us to observe varying degrees and perspectives?"
1,0,Can we utilize the object in the picture to view the Earth from different vantage points and perspectives during our astronomy observation?,Can we use the object in the image to observe the planet from different perspectives and acuity points during our spherical observation?
1,0,Suppose we are astronomers observing celestial bodies. Would the object in the picture allow us to observe the Earth from varying angles and perspectives?,Suppose we were observing astronomical objects from the celestial bodies. Would the Earth allow us in varying perspectives to tell us? we
1,0,"As astronomers observing celestial bodies, would the object shown in the picture be suitable for observing Earth from different angles and perspectives?","As astronomers observing celestial bodies, would the object shown in the image be suitable for observing Planet from different angles and perspectives? The"
1,0,"When we take a closer look at the sports car in the picture, what important part can we easily spot that is responsible for providing traction and support on the road?","When we take a close look at the sport on the road, what is photo most important that we can provide supporting support and protection in the vehicle?"
1,0,"When we closely examine the sports car in the picture, what important component can be easily identified which helps to provide traction and support on the road?","When we examine the sports car model in the picture, what important contributes to provide extra support and protection on the road which can be easily analyzed?"
1,0,"When we examine the sports car in the picture more closely, what essential part responsible for providing traction and support on the road do we notice easily?","When we examine the car on the road in the picture, what critical part responsible for providing sports and traction do we see more tightly? How can we"
1,0,What important part of a sports car that responsible for providing traction and support on the road can be easily identified when we take a closer look at the picture?,What important part of a sports car that can provide support and protection on the road when we are taken a close look at the picture? easily identified
1,0,"If we examine the sports car in more detail, what is the important part that is clearly visible and responsible for providing grip and support while driving?","If we examine the sports car in detail, what is the important part that is clearly responsible for providing better grip and protection while driving and pointing? The"
1,0,What important part of the sports car in the picture is essential for delivering traction and support on the road?,What important part of the sports car is needed for delivering traction and support in the picture of restoring accross in the road?
1,0,the part of cake that was cut down,the part of cake that was cut down bcetete and d
1,0,"When serving pizza, what is usually used to hold and serve slices of pizza?","When serving pizza, what is usually used to serve and hold a slice of pizza? What is usually used to hold slices of pizza? A slice of"
1,0,What object is commonly used to hold and serve slices of pizza?,What object is commonly used to hold and serve slices of pizza?
1,0,What is the conventional tool used to hold and serve slices of pizza when serving pizza?,What is the conventional tool used for holding and serving slices of pizza when serving slice pizza
1,0,What item is typically used to hold and serve slices of pizza?,What item is typically used to hold and serve snip sales of pizza?
1,0,What is typically utilized for holding and serving slices of pizza during a meal?,What is typically utilized for holding and serving slices of pizza during a meal?
1,0,"To serve slices of pizza, what is typically used to hold and deliver them?","To serve slices of pizza, what is typically used to hold and deliver them?"
1,0,"When looking at a building, we can often see the surrounding environment reflected in the windows. What specific part in the picture can provide us with this reflection?","When looking at a building, we can often see the surrounding landscape in the window. What part of the picture can provide us with this reflected?"
1,0,What specific component in the picture is capable of reflecting the surrounding environment in the windows of a building?,What component of the specific window in a building is capable of emulsifying the image to the surrounding trees in the interior of the world?
1,0,"What specific element in the picture can offer us a reflection of the surrounding environment, as we view a building?","What specific element of the image can evoke a view in the surrounding environment, as we we take a picture of our building? a"
1,0,"When looking at a building, the windows can often reveal the surrounding environment through reflections. What specific part of this picture can help us to observe such reflections?","When looking at a window, the surrounding colors can often reveal such reflections. What part of the building can help us to visualize this reflection? How"
1,0,"When navigating through a new city, it's important to pay attention to the signs along the road. What objects in the picture can provide useful information and directions for drivers and pedestrians?","When driving through a roadway, it's important to give specific information and clues to the pedestrians and what directions take advantage of the car?"
1,0,"When traveling through unfamiliar city areas, signs on the road can provide useful information and directions for both drivers and pedestrians. Based on the picture, what objects could serve as sources of helpful guidance?","During road trips, maps drawn from both roads and highways can provide helpful information and help as helpful to unwary motorists. What type of"
1,0,"When touring a new city, it's important to keep an eye out for signs along the road that provide helpful information and guidance to both drivers and pedestrians. What objects might serve this purpose in the given image?","When driving out on a highway, it is important to provide specific warning signs that help convey this inspiration to neighbors and travelers in the region. What you"
1,0,"When traveling through an unfamiliar city, it's important to keep an eye out for signs that provide useful information and directions for both pedestrians and drivers. Based on the provided picture, what objects might serve this purpose?","Before looking out for specific signs that serve an uncarried person, it's useful to keep in mind both drivers and travelers. Information on the danger"
1,0,"When navigating through a new city, paying attention to the signs along the road can be critical. In the picture, what objects can be helpful in providing useful information and directions for both drivers and pedestrians?","When navigating the driveway, pointing at the appropriate signs and directions can be helpful in responding to many drivers and vehicles in a critical world. What"
1,0,"In the past, before the popularity of mobile phones, people would often use a particular type of public telephone to make calls. What object in the picture represents this type of telephone?","In the past popularity of mobile phones, people often used the public telephone to initiate a particular type of phone. What type in this picture? The public"
1,0,"Before the widespread popularity of mobile phones, a specific type of public telephone was frequently used to make calls. What object in the picture symbolizes this kind of telephone?","Before the popular public telephone, a distinctive shaped type of phone is commonly used to send messages in millions of phones. What do these messages mean?"
1,0,"Before mobile phones became popularized, public telephones were widely used for making phone calls. Based on the image provided, what object represents this particular type of telephone?","Before mobile phones became popularized, public speaking telephones were used for this particular type of phone. Based on the image, what made telephones? The"
1,0,"In the late twentieth century before mobile phones became popular, a specific sort of public telephone was widely used for making calls. What object in this image represents the type of telephone?","During the twentieth century, a specific type of public telephone was used to render messages in mobiles. What kind of phone became the icon? The"
1,0,"Before the widespread use of mobile phones, people would typically use a particular public telephone to make calls. Based on the image, which object represents this type of telephone?","Before the widespread use of mobile phones, people would typically use a particular telephone to express the object. Which types of phone image? The most common type"
1,0,"Looking at the floor plan of an apartment, where in the apartment could we find the sleeping area?","Looking at the floor plan of an apartment, where in the apartment could we find the sleeping area?"
1,0,"In a given floor plan of an apartment, where would one find the designated sleeping area?","In a given floor plan of a an apartment, where would one find the designated sleeping area?"
1,0,"In an apartment's floor plan, which area indicates where the sleeping area is situated?","In an apartment's floor plan, which area indicates where the sleeing area is located"
1,0,"In the floor plan of an apartment, what part of the apartment is typically reserved for sleeping?","In the floor plan of an apartment, what part of the apartment is typically reserved for sleeping?"
1,0,"Can you identify where the sleeping area is located within the apartment, based on the floor plan?","Can you identify where the sleeping area is located within the apartment, based on the floor plan"
1,0,"Upon reviewing the floor plan of an apartment, where is the sleeping area typically located?","Upon reviewing the floor plan of an apartment, where is the sleeping area typically located? How is the asc?"
1,0,"In the picture, what part of the car directly contacts the floor when it is parked?","In the picture, what part of the car directly contacts the floor when it is reliably parked?"
1,0,"When a car is parked, what part of the vehicle makes direct contact with the ground surface in this picture?","When a car is parked in this picture, what part of the vehicle makes direct contact with the surface to stutter the vehicle?"
1,0,"In the picture, which part of the vehicle comes into direct contact with the ground when it is parked?","In the picture, which part of the vehicle comes into direct contact with the ground when it is parked when its?"
1,0,"When the car is stationary, which specific part of the car makes contact with the ground surface?","When the car is stationary, which specific part of the car makes a contact with the ground display with the earth surface?"
1,0,"When the car is parked, which part of the car is in direct contact with the floor?","When the car is parked, which part of the car is in direct contact with the floor?"
1,0,"When parked, which part of the car in the picture makes direct contact with the ground?","When parked, which part of the car in the picture makes direct contact with the ground"
1,0,Imagine a tranquil nature scene with flowing water and lush vegetation. Which part of the picture provides a source of water for the surrounding environment?,The picture of a tranquil nature unfolds with lush vegetation and flowing water. Which of the animals provide a water source part of the situation? The
1,0,What region of the picture is the source of water in the tranquil natural environment where there is flowing water and lush vegetation?,What type of natural beauty is the surface of the water in the arid environment where there is secluded flow and circulating vegetation? c
1,0,Could you identify what part of the picture provides a source of water for the surrounding environment in a tranquil nature scene with flowing water and lush vegetation?,What description could you identify the source of water in a beautiful coastal vegetation area and provides a piece of water for varying lush nature? Then
1,0,"In the tranquil nature scene with flowing water and lush vegetation, what part of the picture serves as a source of water for the natural environment?","In the picturesque water scene with flowing nature and lush vegetation, what part of the landscape serves as a natural source for the water? Add to that the"
1,0,"In a calm natural environment with vibrant vegetation and flowing water depicted in the picture, where can we find a water source for the surrounding ecosystem?","With natural water supply for a calming environment and vibrant ecosystem depicted in the image, where can we find flowing vegetation? The water supply is"
1,0,"In the tranquil nature scene with flowing water and lush vegetation, what is the source of water that provides nourishment to the surrounding environment?","In the lush water environment surrounding the landscape, what is the natural situation with drained water that provides nourishment and sacrificial vegetation?"
1,0,the damaged part of the silk stockings,a damaged part of the silk part of the dcored silks stockings. The winding
1,0,"If there were restrictions on crossing the river by boat or swimming, what object in the picture would provide a safe passage?","If there were restrictions on boating or swimming by the river in the cliff, what statement would provide a safe escape from a picture?"
1,0,"If crossing the river by boat or swimming were restricted, what object in the picture could be utilized to provide safe passage?","If crossing the river by boat or swimming, what obstacle in the picture could be utilized to provide secure passage? Which sail was saved?"
1,0,"If it's not allowed to cross the river by boat or swimming, what item in the picture can provide an alternative safe passage?","If it's not allowed by boat or swimming in the river, what item on the picture provides an alternative route to escape the safe crossing?"
1,0,What object in the picture could provide a safe passage if crossing the river by boat or swimming was restricted or not possible?,What object of the picture could provide a safe passage if crossing or swimming in the river by boat was restricted or not possible?
1,0,"In case swimming or using boats to cross the river is not allowed due to certain restrictions, which object in the picture could provide a safe and efficient passage?","If boating in the river to cross the mountains is not an option, which incident could provide safe and convenient passage because the objects would apply? a"
1,0,What in the picture allows people to enter and exit the living room?,What in the picture allows people to enter and exit the living room.........
1,0,What could be utilized to enter and exit the living room in the picture?,What could be esectabled to enter and exit the living room in the picture?
1,0,What architectural element in the picture serves as the primary means of entry and exit to the living room or other living spaces?,What architectural element in the living room serves as the primary means for entry and exit to the entrance of other living spaces or mobile homes?
1,0,What part of the picture is typically used for entering and exiting the living room?,What part of the picture is typically used for entering and exiting the living room?
1,0,What part of the living room allows people to enter and exit the space?,What part of the living room allows people to enter and exit the space?
1,0,What part of the picture serves as an entrance and exit for people to access the living room?,What part of the picture serves as a exit and entrance for people to access the living room to enter the window?
1,0,"In formal attire, people often wear a black accessory around their neck to add a touch of elegance. What object in the picture can be used as this accessory?","In formal attire, people often wear a white accessory in their neck as an add to the look. What object in this necklace could be?"
1,0,What object in the picture could be utilized as an accessory worn around the neck to add elegance to formal attire?,What object adorned on the neck could be used as an accessory to add elegance to the picture worn down in formal attire?
1,0,"To add a touch of elegance to formal attire, people frequently adorn a black accessory around their neck. In this picture, what items might be used as such accessories?","To add a touch of elegance to a formal attire, people often color these accessories in black. What accessories might be present on this? The most"
1,0,"In formal attire, people often wear a black accessory around their neck to add a touch of elegance. Can you please identify what object present in the picture could be used as this accessory?","On entering the office, someone could wear a black cross accessory in her attire as some can add subtle detail to this look. Where are you? The"
1,0,Formal attire frequently includes a black accessory worn around the neck to add a touch of sophistication. What item is present in the picture that could be used as this accessory?,One variation of black tie used in the attire is a black accessory that can provide a subtle look or present during this accessory. What is the color
1,0,What item in the picture could be utilized as the accessory that people typically wear around their neck for elegant formal attire?,What item inside of the hat could be utilized as the centerpiece for upscale attire that many people typically wear in their necks? ».
1,0,the unopened flowers,the uneded and unopened flowers the leanesa
1,0,the part of the vehicle that can be opened,the part of the vehicle that can be opened.... the lead that can be syst
1,0,something that the players use to smoothen the ground and make the curling stone slide further,something that the players use to make the curling stone smoother and soften the ground or make the drench slide acquire
1,0,"It is too hard for the man to lift up, can you segment something that he should drop?","It is too hard for a man to pull the thigh up, you can say, What items should he drop??"
1,0,Certainly. Could you indicate what the man should drop since lifting it is too difficult?,"Probably not. What should you indicate the scrotum, since it is difficult to lift he? Why lifting it could be hard,"
1,0,The object that the man may need to drop due to its weight or difficulty in lifting.,The object that the man may need to drop due to its weight or difficulty in lifting or its sag. Turning
1,0,Sure! Which object should be placed down to make it easier for the man in the picture?,"Surely, which object should be placed for the man to make it easier and easy to see down in the picture? Two"
1,0,It appears that the man is having difficulty lifting a certain object. Can you indicate which item he should put down or drop?,It seems that the man has a certain object to put down or drop. Can you indicate which item he should be lifting after displaying it?
1,0,The man appears to be struggling to lift something. What item should he set down or release to make the task easier?,The rider appears to have set something down to help him to ease the task. What item should he reshape or take longer?
1,0,the persons preparing to perform surgery on the patient,the persons practiced to preparing to perform surgery on the patient the persons ast
1,0,"In a boxing match, what object is usually worn on the hands to protect them from getting injured during punches?","During a boxing match, what object is usually worn on its hands to protect it from getting injured in punches?"
1,0,What object is traditionally worn on the hands to protect them from injury during punches in a boxing match?,What object is traditionally worn on the hands to protect them from injury during punches in a boxing match. ?
1,0,What is typically worn on the hands to protect them from getting injured during punches in a boxing match?,What is typically worn on the hands to protect them from getting injured during the punches in a boxing match?
1,0,"In a boxing match, what item is typically worn on the hands to prevent them from getting injured during punches?","In a boxing match, what item is typically worn on both hands to prevent them from getting injured during the slamps?"
1,0,"In a boxing match, what item is traditionally worn on the hands to safeguard them from injury during punches?","In a game against bowling shoes, what item is traditionally worn on a team to prevent it from catching the pucks?;"
1,0,What protective gear is generally worn on the hands during a boxing match to prevent them from sustaining injuries while punching?,What protective gear is generally worn during a boxing match to prevent sustained injuries from the hands while punching them? a. The boxing gear
1,0,"In order to enjoy a good seasonal view indoors, people often hang what objects on the wall?","In order to enjoy a good view outdoors on a wall, people often present what color on their receptacles? Old"
1,0,What objects are commonly hung on a wall for people to enjoy a good seasonal view indoors?,What objects are commonly hung on a wall for a spherical view in people who have good sun to enjoy outdoors?
1,0,What objects do people commonly hang on the wall to enjoy a good seasonal view indoors?,"What earthy objects do people usually hang on a wall to hold in the hood, and enjoy a spherical views indoors"
1,0,What objects are commonly hung on walls to enjoy a good seasonal view indoors?,What objects are commonly dreaded on a home window to enjoy good spherical views in those seasons indoors?
1,0,What do people typically hang on walls indoors in order to enjoy a good seasonal view?,"What do people typically enjoy indoors on their walls to hang out in a good adolescent view, and enjoy good weather? What"
1,0,What objects do people usually place on the wall to enjoy a great seasonal view indoors?,"What do people usually place on a wall to enjoy 'outdoor saturn,' like colorful textures you enjoy in the sun?"
1,0,"Snails have a soft, fragile body that requires hard materials to protect them. What part in the picture can accomplish this task?","Fish tails have a hard, fragile body that requires soft materials to protect them. What part in the picture can accomplish this task?, it"
1,0,"Snails have soft, fragile bodies, and they require hard materials for protection. What in the picture could be an example of such hard materials that can fulfill this task?","Snorkels have soft, fragile materials, and they can fulfill the task. What is an example of such hard materials for this? What is the"
1,0,"What item in the picture could provide adequate protection for the soft, fragile body of snails?","What item in the picture could provide adequate protection for the soft, fragile body of snail snails?"
1,0,"Snails have a fragile, soft body that requires hard materials to protect them. What object in the picture can serve this purpose?","Snails have a hard, fragile body that can require durable materials to protect them. What object in the picture belongs to this function? The"
1,0,What part of the picture can be used to protect the soft and fragile body of a snail with hard materials?,What part of the picture can be used to protect the soft and fragile body of a hard snail with sand?
1,0,"When going shopping, people often use a specific type of bag to carry the items they purchase. What object in the picture could be used for this purpose?","When going shopping for a specific purpose, people use the bag to carry the items they bought. What type of object could be used in this image?"
1,0,What in the picture can be used as a type of bag that people use when shopping to carry the items they purchase?,What in the picture can be used as a type of bag that people use when shopping for the items that they carry and scrive? How
1,0,"When going shopping, what object in the picture might serve as an appropriate bag to carry purchased items?","When referring to shopping, what shape in the bag might serve as the appropriate object to carry when you drop a set of items?"
1,0,"In the context of shopping, what object from the picture would commonly be used to carry items and purchases?","In the context of shopping, what object from the jar would be commonly used to entail items and move items?"
1,0,"When shopping for items, people often utilize a specific type of bag to carry their purchases. What item in the picture could be used for this purpose?","When shopping for items for personal use, people often carry a specific type of item in their cart to use the idea. What could be used this?"
1,0,What object in the picture is suitable for carrying items bought while shopping?,What object in the picture is suitable for carrying items styrofooled while shopping for items bought in a shopper?
1,0,"In a bedroom, people often have a specific piece of furniture where they can store their clothes and personal belongings. What object in the picture could serve this purpose?","In a bedroom, people often have a specific piece of furniture where they can store the picture and personal belongings. What object could serve this purpose"
1,0,What object in the picture might people use to store their clothes and personal belongings specifically in a bedroom?,What name would the stout people use to hide objects and personal belongings in a bedroom specifically for people in their home?
1,0,What object in the picture can best be used in a bedroom to store clothes and personal belongings?,What object in the picture can best be used in a bedroom to hide customizable items and personal belongings?
1,0,What item in the picture could be utilized as a piece of furniture for storing clothes and personal belongings in a bedroom?,What item in the picture could be viewed as a piece of furniture for storing personal belongings and shabby clothes in the home?
1,0,"In a bedroom, which piece of furniture might people utilize to store their clothes and personal belongings?","In a bedroom, which piece of furniture might people utilize to store their personal items and favuelty belongings?"
1,0,the winner of this game,the winner of this game
1,0,图中有什么动物是常年生活在水下的？,p>/p> Numeric
1,0,有哪些水下生活的动物可以在这张图片上找到？,png>/png>///////multiply to 3
1,0,哪种动物在图中是常年生活在水下的？,p> multiplicationlong
1,0,请问有什么动物在这张图片中是长期生活在水下的呢？,png>/png> png=includetequila======1
1,0,哪种动物通常在水下生活？,multichannelradiometry
1,0,Refrigerators are commonly used to store all kinds of food. What food in the picture may be used to hatch chicks?,Refrigerators are commonly used to store all kinds of food or chows. What in the picture might the hutches use to grow?
1,0,Can you tell me which food in the picture is commonly used to help hatch chicks?,Can you tell me which picture in the hulk is commonly used to help me eat eggs that chow a chicks?
1,0,Which food item in the picture can be used to hatch chicks?,Which food item in the picture can be used to hatch chitti? Chickens chicks?
1,0,What item in the picture could be used to hatch chicks?,What item in the picture could be used to hone chicks in the picture? hort h
1,0,"What type of food is commonly utilized for hatching chicks, as depicted in the picture?","What type of food is commonly utilized for slicing hickory chows, as depicted in the picture?"
1,0,"During the process of remodeling or repairing a room, what tool in the picture could be used to create holes in the walls or ceiling?","During the process of remodeling or repairing a room, what tool could be used to create holes in the wall or the ceiling? What are the"
1,0,"In the process of remodeling or repairing a room, which tool in the picture would be used for creating holes in the walls or ceiling?","In the process of remodeling or fixing a room, which tool would be used for creating holes in the walls or in the ceiling? What is the difference"
1,0,What object in the picture could be utilized to create holes in the walls or ceiling during the process of remodeling or repairing a room?,What object in the picture could be utilized in the process of remodeling a room after creating or repairing holes to the wall or ceiling? Examples of objects
1,0,"If someone was remodelling or repairing a room, what tool in the picture could be used to create holes in the walls or ceiling?","If someone was refinishing or creating a room, what tool in the picture could be used to repair holes in the ceiling or walls? the"
1,0,"If you are remodelling or repairing a room, what tool in the picture could be used to create gaps in the walls or ceiling?","If you are remodeling a room, what tool could be used in creating giles or filling out the holes in the ceiling? How to"
1,0,What object in the picture is a realistic representation of a gecko or a lizard?,What essercive object in the picture is a representation of a gecko or a real lizard?
1,0,What object in the picture is a realistic representation of a gecko or lizard?,"What object in the picture is a realistic representation of a lizard or gecko,,?"
1,0,Which item in the picture is similar in appearance to a gecko or a lizard?,Which item in the picture is similar in appearance to a gecko or a lizard? gecko
1,0,Which object in the picture possesses realistic characteristics of a gecko or a lizard?,Which object of the picture possesses realistic characteristics of a gecko? That lizard in nature or in a skeleton?
1,0,Which item in the picture resembles a gecko or a lizard in terms of appearance?,"Which item in the picture resembles a python or a lizard in terms of appearance, sk?"
1,0,Which object in the picture is a realistic representation of a gecko or a lizard?,Which object in the picture is a realistic representation of a gecko or a lic of a liz
1,0,something that absorbs moisture and inorganic salts from the soil,something that absorbs moisture and inorganic salts and the tidal saline from the soil..
1,0,"When visiting a park, it is common to find designated areas for relaxation and seating. What object in the picture could be used for sitting and resting?","When visiting an area, it is common to select colors for peaceful sitting and resting. What sign in the room could be used for walking? The sign"
1,0,"At the park, where could one locate something specifically designated for sitting and resting?","At the park, where could one locate a stow, so one sat specifically positioned for walking and resting?"
1,0,"In a park, designated areas for relaxation and seating are common. What item in the picture could be utilized for sitting and resting?","In a park, designated areas are ideal for sleeping and resting. What item in the picture could be utilized for reclining and fun? The best"
1,0,"When visiting a park, it is common to find designated areas reserved for relaxation and seating. What object in the picture could be used for sitting and resting in such circumstances?","When navigating a park, it is common to locate such designated areas to be seated in the picture and used for rest and relaxation. What advantages"
1,0,"When exploring a park, designated areas for relaxing and seating are often present. What object in the picture can be utilized for sitting and resting?","When exploring a park, numerous areas are ideal for resting and sleeping. What objects placed in the picture can be used or adorned?"
1,0,"During a visit to a park, it's typical to encounter dedicated areas such as benches or seating arrangements that provide space for relaxation and sitting. Based on the image, what object could reasonably be utilized for sitting or resting?","During an outing, it is commonly referred to locations that utilize a table or frame for relaxing and comfortable sitting or recreation. Exactly what"
1,0,the decoration made of something inside shells,the decoration of something made of sandstone inside shells safteel...
1,0,the tennis player,the soccer a single player a single
1,0,What object in this picture is often used to place coffee cup and pastry while sitting?,What object in this picture is commonly used to place coffee cup and tin while scribing and scrib?
1,0,What is the item in the picture that people often utilize to keep their coffee cups and pastries upright while sitting?,What is the item that many people picture to use to keep their coffee jugs upright and cups while sprinkling in the center?
1,0,What object in the picture is commonly used to hold a coffee cup or pastry when sitting?,What shape in a coffee mug is commonly used to hold the scribble or sc when you eat or drink?
1,0,What in the picture is commonly used to rest a coffee cup and a pastry on while seated?,What part here is commonly used to slough a coffee and espresso in a coffee cup and seated while on the crate?
1,0,What is the common name of the object in this picture that is frequently utilized to hold coffee cups and pastries while seated?,What is the common name of the object in this picture that is utilized to hold coffee cups and sachets while seated?
1,0,What in the picture is commonly used to hold a coffee cup and pastry while someone is seated?,What is slurred when we have a coffee cup and tea is commonly used to sit and crate while a picture?
1,0,What object can be used to hold the towel in the bathroom?,What object can be used to hold the towel in the bathroom? What
1,0,What is typically utilized in the bathroom to hold and store towels?,What is typically utilized in the bathroom to hold and store tweets? tweet towels
1,0,What household item could be used to hang a towel in the bathroom?,What household item could be used to hang a tinnita toe in the bathroom?....
1,0,What item would you use in the bathroom to hang a towel on?,What item would you use in the bathroom to use to hang a towel on to wool ?
1,0,What item in the bathroom can be used to hold a towel?,What item in the bathroom can be used to hold a towel?.....
1,0,"In the bathroom, what object might be used to hold the towel?","In the bathroom, what object might be used to hold the towel? Teast to"
1,0,the area for people to walk through the tall grass,the area for people to walk through to eat and walk through the tall grasses the teethy tad grass
1,0,Yoga is a popular exercise that involves various poses and stretches. What object in the picture can provide a comfortable and supportive surface for practicing yoga?,Yoga involves several objects and poses that provide a comfortable and supportive stance. What is the popular technique for sculpting an image in yoga? The
1,0,Yoga is an exercise that includes various postures and stretches.  What item in the picture can serve as a comfortable and supportive surface for practicing yoga?,The yoga class is an exercise that can provide various postures and stretches. What includes other information for a dynamic reclining in yoga? The yoga
1,0,Yoga involves different poses and stretches and requires a comfortable and supportive surface for practice. Please identify the object in the picture that could be used for this purpose.,Yoga requires several poses and stretches for use in the image. Please identify the object and have a comfortable supportive structure that can be used. For example
1,0,Which object within the image could be used as a comfortable and supportive surface for performing yoga poses and stretches?,Which object within the image could be used as a comfortable and supportive surface for performing yoga poses and stretches? The ves.
1,0,"What item in the picture could be utilized to create a supportive and comfortable surface for practicing yoga exercises, which typically involves various stretches and poses?","Would you create an ideal surface for utilizing several stretches and exercises, which typically be used in the yoga pose? »"
1,0,"Yoga involves various poses and stretches, and a comfortable and supportive surface is necessary to practice. What item in the picture could be useful for this purpose?","One yoga pose is suitable for various poses and stretches, and a simple and functional order is helpful to use in this image. What should you do"
1,0,Vehicles that are designed for off-road driving can easily maneuver through challenging terrains. What in the picture could be driven on a dirt road?,Motorcycles designed for off-road driving can easily maneuver in dirt roads. What can be faced through a rounded ridge? The ridge is
1,0,"Which object in the picture appears suitable for driving on a dirt road and navigating through challenging terrain, as commonly required for off-road vehicles?","Which object appears in a dirt road and suitable for driving on the path for navigating through off-road terrain, as commonly encountered by drivers?"
1,0,Vehicles designed for off-road driving are capable of smoothly navigating through difficult terrain. Please identify the object or objects in the picture that would be suitable for traveling on a dirt road.,Vehicles capable of drifting are designed for driving on the dirt road. Please select an object or images that are suitable in navigate through difficult terrain. If
1,0,"What object in the picture is capable of traversing a dirt road, given that vehicles designed for off-road driving can easily maneuver through challenging terrains?","What object on a dirt road is designed for off-roading vehicles, given that advanced runners can easily traverse in the desert? c."
1,0,"What in the picture is suitable for driving on a dirt road, especially when dealing with challenging terrains?","What about the photo is suitable for driving on a dirt road, especially when faced with jogging in challenging terrains.?"
1,0,"When driving on an unpaved road or challenging terrain, off-road vehicles are typically better suited to maneuvering. Could you identify what object in the picture would be suitable for travel on a dirt road?","When driving on an off-road vehicle, you could indicate which vehicles are best suited for maneuvering along the road or challenging terrain. What are the"
1,0,"In a public building, what should people use to discard the paper towels used to dry their hands after washing in the restroom?","In a public restroom, what should people use to wash their hands after recycling the paper towels used to clean in the classroom? If you are using"
1,0,"In a public building, what object should people use to dispose of the paper towels used for drying their hands after washing in the restroom?","In a public building, what object did workers use for washing their hands to soak up the contents of paper towels thrown in the restroom? The answer"
1,0,"In a public building, which spot is considered the appropriate place for people to dispose of the paper towels after using them to dry their hands in the restroom?","In a public building, which spot is considered appropriate for people to use the paper towels in the restroom and dispose of them before turning their hands? In"
1,0,"If the restroom is inside a public building, what could people use to dispose of the paper towels after hand-washing?","If the public might use paper towels to empty one of the building materials in a restroom, what is left after hand-washing? The public might"
1,0,"In a public building, what item would someone typically use to dispose of the paper towels used for drying their hands after washing in the restroom?","In a public restroom, what item would one typically use for disposing of the paper towels used to wash clothes after drying in the building? A."
1,0,What item should individuals use to dispose of paper towels used to dry their hands after washing in a public restroom?,What item should individuals use to wash their hands after removing paper towels used to sandpaper dry in a public restroom or in houses?
1,0,"During a festive event, people often give small gifts to each other as a token of celebration. What object in the picture could be used to hold and display these gifts?","During a Christmas celebration, people often give large objects or displays to each other as a gift. What token could be used in the celebration?"
1,0,"In a festive event, small presents are often exchanged as a gesture of celebration. What object in the picture might be suitable for storing and displaying these gifts?","In a large presentation, objects are usually loose and displayed as an object of celebration. What gift could be used for exchanging these gifts? The gift"
1,0,"During a festive event, people often exchange small gifts as a token of the celebration. Based on the picture, name an object that could be used to hold and display these gifts.","During an event, people usually display similar gifts as a symbol of the celebration. Use large handbags that be used to hold and display the"
1,0,"If we are to exchange small gifts with each other during a festive celebration, what could be used in the picture to hold and display these gifts?","If we are to exchange small gifts with each other during a festive celebration, what could be used in the picture to hold and display these gifts?"
1,0,"In order to capture a stable and clear photo or video, what object in the picture might be used to hold the camera steadily?","In order to capture a sharp or stable photo and video, what object in the camera might be used to hold the picture drily?"
1,0,What object in the picture could be utilized to stabilize and take a steady photo or video?,What object in a photo could be utilized to quicken and stabilize the picture or take a sprite or video?
1,0,"To capture a stable and clear photo or video, what object in the picture could be utilized to hold the camera steadily?","To capture a sharp and stable picture or video, what object in the photo could be utilized to hold the camera steadily?"
1,0,"To capture a stable and clear photo or video, what object in the image could be utilized to hold the camera steadily?","To hold a solid image in the camera, what object or file could be utilized to capture the image steadily and a slick?"
1,0,something that the person uses to fish,anotany something that the person uses to fish the tan to develop
1,0,"In the picture, there seems to be a dish with various ingredients mixed together. What utensil in the picture could be used to scoop up a portion of this mixed dish?","On the dish, there is a mixture of several ingredients used to scoop up a large portion of this dish. What goes in? The â"
1,0,"What kitchen tool from the picture can be leveraged to scoop up a portion of the mixed dish, which seems to include various ingredients?","What kitchen tool that can be used to scoop up a portion of the sauce, appears to derive from the mixed ingredients? What? Is it"
1,0,What tool or object in the picture would you use to scoop up a portion of the mixed dish that you mentioned?,What tool or object in the picture would you use to scoop up a portion of the iced dish that you mentioned? What
1,0,"In the picture, what tool could be utilized to scoop up a portion of the mixed dish with various ingredients?","In the picture, what tool could be utilized to scoop up a boiled portion of the dish with various mixed ingredients? I have a question about"
1,0,"If you would like to scoop up a portion of the mixed dish in the picture, what utensil could be utilized to do so?","If you would like to set a scoop to utilize the portion of the utensil in the dish, what could be helped to do so"
1,0,the part of the pear that has been bitten by insects,the part of the pterosaur that has been sputtered by insects eats in smelt.
1,0,something that the cat uses to receive sound signals,something that the cat uses to receive sound signals.......
1,0,the button used for refreshing the page,the button used for refreshing the page used for resizable the tuple..
1,0,Pelicans are known for their unique hunting technique of diving into the water to catch fish. What body part of the pelican is primarily used to catch the fish?,What ring of pelicans is known for their unique technique of diving into the water to catch the fish. Pelicans are primarily used?
1,0,What component of the pelican's anatomy is predominantly used when it dives into the water to capture fish while hunting?,What component of the satrap's anatomy is predominantly used when it dives into the water to catch fish while fishing? 1 The s
1,0,"In devising a strategy to catch fish, pelicans are known for their unique hunting style of diving into the water. Which body part of the pelican is primarily utilized to catch fish?","Determining the body of a pilona in pursuit of fishing, pelicans are commonly used to catch the fish. What does pi"
1,0,Pelicans are known for their unique hunting technique of diving into the water to catch fish. What main body part of the pelican is employed to seize the fish during the hunting process?,Fish are known for their unique pelicanization technique of casting the pelicans into the water to take part in the hunting process of fishing? How
1,0,"What body part of a pelican is primarily utilized to catch fish while hunting, given their unique diving technique?","What body part of a peltado is primarily utilized to catch fish while diving, given their unique scuba diving technique?"
1,0,"What body part of the pelican is primarily utilized for catching fish, as they are well-known for their unique hunting technique of diving into the water to grab their prey?","What body of the halo is primarily used for diving, as they are well-known for their inventive technique to catch their fish out of?"
1,0,"In the morning every day, most people develop a habit of brushing their teeth to remove the strange smells that may build up overnight. What object is used in this routine to remove the foods and other substances stuck on teeth during the night sleep?","In the morning, someone uses a routine to brush their teeth to remove the strange foods and substances that are accumulating during those teeth day.?"
1,0,"In the morning, most people have a habit of brushing their teeth to remove any buildup of smell overnight. Which object, when used during this routine, can help remove food and other residue from teeth?","During the morning, most people brush their teeth, which can remove a smudge of food and residue from their mouth when trying anymore?"
1,0,What item is typically utilized to remove food and other substances that may be stuck on teeth after a night's sleep as part of a morning teeth-brushing routine?,What item is typically used to remove teeth and other particles that might get stuck after a night's sleep as part of a teeth cleaning routine?
1,0,"When people wake up in the morning, they generally develop a habit of brushing their teeth to get rid of food debris and other substances that may have accumulated overnight. What instrument is typically used in this routine to remove these substances from the teeth?","During the morning, people typically use a brush to get rid of food debris and other substances that have accumulated in their teeth. These substances are"
1,0,"In the morning when you wake up, brushing your teeth can help remove strange smells that may have accumulated overnight. What object is used in this routine to remove food and other substances that might be adhered to your teeth while you were sleeping?","When brushing your teeth, you can use a bath to remove the smells that might emerge and other objects that were upheld during your day."
1,0,What object is typically utilized as part of the morning routine to remove the food particles and other substances that may have stuck to the teeth overnight?,What component is typically used to remove foodstuffs and other objects that have entered the mouth and had to dredge the teeth during the morning
1,0,"During the cold winter months, people often gather around a source of heat in their living rooms to keep warm. What object in the picture could provide heat in this scenario?","During the cold winter months, people often hide in a container in the living room to generate heat. What examples of cold might bring this situation?"
1,0,"When it's cold during the winter months, people typically stay around a source of heat in their living rooms to keep warm and cozy. Please aid me in identifying what object within the picture could be utilized to generate warmth in such a circumstance.","When something occurs inside the room, you could use several items to aid in their determination to keep humidity in a warm and cozy climate. For example,"
1,0,"In the cold winter months, people frequently gather around sources of heat in their homes to stay warm. Based on the picture, what item could function as a source of heat in this scenario?","During the cold winter months, people frequently list the use of items in their home as a source of heat. What could cool in this scenario?"
1,0,"In order to stay warm during the cold winter months, people often congregate around a source of heat in their living rooms. What in the picture might supply heat in this situation?","During the cold winter months, people often congregate in their bedrooms in order to supply heat in the cold climate. What is useful inside this situation"
1,0,"In cold winter months, people often gather around a source of heat in their living rooms to keep warm. Please identify the object in the picture which could be utilized to provide heat in this scenario.","During cold winter, people gather in the area to warm their windows. You could locate something that is utilized in the heat lamp to provide this solution."
1,0,"To stay warm during the cold winter months, people often gather around a source of heat in their living rooms. Please tell me which object(s) in the picture could serve as a source of heat in this situation?","To determine which objects in the bedroom could stay in the cold during winter months, please tell someone as a source of heat in this situation.? I"
1,0,"In modern cities, power cables are usually installed overhead to supply electricity to buildings. What part of the picture is likely to be used to support these power cables?","In modern homes, power cables are usually used to power electric panels. What part of this power cable is likely to be exposed to the buildings? The most"
1,0,"In modern cities, how are power cables typically installed to deliver electricity to buildings? What part of the picture is utilized to support these power cables?","In modern cities, how are power cables typically installed on buildings? What part of the power cord is utilized to drive these designs? What are the typical types"
1,0,"To supply electricity to buildings in modern cities, power cables are typically installed overhead. Please identify the object in the picture that is likely to be used to support these power cables.","To install electricity in brick buildings, please identify the power cables that are likely to be used to supply power to the object in this frame. Today, we"
1,0,Where in the picture is typically used to support power cables that supply electricity to buildings in modern cities?,Where in the picture is typically used to support electricity cables that supply power to modern buildings and to power acclimates in cities?
1,0,"In urban areas, power cables are often installed overhead, providing electricity to buildings. What part of the image would typically be utilized as support for these power lines?","On urban electric power systems, cables are typically installed as powering for power lines. What portion of the image would be used to address these areas? How"
1,0,"In modern cities, power cables are frequently strung overhead to provide electricity to buildings. What object in the picture appears to be utilized to support these power cables?","In many cities, power cables are commonly positioned to attach to the wall to produce electricity. What error did this bring in these cables? The power cables"
1,0,"When playing the piano, what object in the picture does the pianist typically sit on?","When playing the piano, what object in the cinet does the pianist typically take on? Is the arrow on the picture?"
1,0,"While playing the piano, what item in the picture is typically used as a sitting surface by the pianist?","While playing a piano, what item in the picture is typically used as the sitting surface by the sphopist?"
1,0,"What is the furniture item that a pianist typically sits on while playing the piano, based on the picture?","What is the furniture item that a pianoist typically sits on while playing the piano, based on the picture? br"
1,0,What as an object in the picture does one typically sit on while playing the piano?,"What about an object as one typically uses in the picture when playing a piano, does the ssssss on the table?"
1,0,"When playing the piano, what object in the picture is commonly used as a seat for the pianist?","When playing the piano, what object in the picture is commonly used as a select for the si pianist?"
1,0,"When playing the piano, what object does the pianist typically sit on in the picture?","When playing the piano in the picture, what object does the pianist typically stoop on? Place in the picture"
1,0,the fallen chess piece,the stow chess piece the st st sanded
1,0,"Flowers are a beautiful part of nature, and their appearance can vary greatly. What object in the picture is commonly associated with the beautiful blossoming of flowers?","Flowers are a beautiful part of the blooming of flowers. What color can it appear in nature, and your unique arrangement is commonly affected by? The"
1,0,What item in the picture is typically related to the blooming and appearance of flowers?,What item in the picture is typically related to the blooming and appearance of fluets?
1,0,"What object in the picture is typically associated with the beautiful blossoming of flowers, which can appear in a variety of shapes and colors?","What unique color of blossoming is typically displayed in the shape of the flower, which could result in a variety of objects and facets?"
1,0,What object in the picture is often connected with the beautiful blooming of flowers?,What object in the picture is often connected with the resembling in bloom of beautiful flowers? br />
1,0,What common object in the picture is associated with the beautiful blossoming of flowers?,What common object in the picture is associated with the beautiful flora bleding blossoming of flowers?
1,0,"What object is often a symbol of memories and personal experiences, generally placed on the table or hung on the wall?","What symbol is a symbol of personal experiences and memories, commonly placed on the table or hung on the wall or surrounded by objects?"
1,0,"What object, which is often hung on walls or placed on tables, is considered a symbol of memories and personal experiences?","What object, which is often hung on walls or placed on tables or vases, is considered a symbol of personal experiences and memories?"
1,0,"What is the object that serves as a symbol of memories and personal experiences, usually placed on a table or hung on a wall?","What is the object that serves as a symbol of personal experiences and memories, usually placed on a wall or hung on a table?"
1,0,What object is typically associated with personal experiences and memories and is commonly placed on a table or hung on a wall?,What tool is commonly associated with a table and may be placed on a wall or hung on personal recurrences and memories?
1,0,"What type of object might be seen as a symbol of memories and personal experiences, often found on a table or hung on a wall?","What type of object might be found as a symbol of personal experiences and memories, often seen on a wall or hung on a table?"
1,0,"In formal occasions, it is common for men to wear a particular accessory around their neck. What object in the picture could be used for this purpose?","On their formal occasions, it is common for men to wear a white shirt in the neck. What specific object could be used in this way?"
1,0,What object in the picture can be utilized by men to wear around their neck during formal occasions?,"What object in the picture can be utilized by men to writ around their necks during formal occasions, or wore during a class?"
1,0,"In formal occasions, men often wear a specific accessory around their necks. What object in the picture could be used for this purpose?","During traditional sexy occasions, men use an object in their neckties. What specific part in the picture could be worn for this purpose?"
1,0,"On formal occasions, it is customary for men to wear a particular accessory around their neck. What object in the picture could serve this purpose?","On a particular occasion, it is customary for men to wear an object around their neck. What white accessories in the picture could serve this purpose?"
1,0,"For formal occasions, men often wear a specific accessory around their necks. What item in the picture could be utilized for this type of formal wear?","For men, men can use this item in their necklines to carry out a formal attire. What type of sexy might be noticed?"
1,0,"In formal occasions, men often wear a specific accessory around their neck. What item in the picture could be utilized for this purpose?","On formal occasions, men typically wear a specific accessory in their neck. What item in the picture could be sown for this purpose?"
1,0,What kind of object can be opened and closed to connect different rooms and allow people to easily get in and out?,What kind of object can be opened and closed to connect different rooms and allow people to easily get in and out?
1,0,"What type of object can be opened and closed to connect different rooms, allowing individuals to easily move in and out?","What type of object can be opened and closed to connect different rooms, allowing individuals to move in and out?"
1,0,"What kind of fixture could be opened and closed to connect various rooms, allowing people to move in and out comfortably?","What kind of fixture could be opened and closed to connect in various rooms, allowing people to move out and teed comfortably?"
1,0,What object in a house or building can be opened and closed to connect different rooms and allow people to easily enter and exit?,What object in a house or building can be opened and closed to connect different rooms and allow people to easily enter and exit and application
1,0,"What object can be utilized to connect different rooms and allow people to easily access them, given that it can be opened and closed?","What object can be used to enable people to easily access and close rooms, given that it can be accessed and redesigned and can connect them?"
1,0,What is the object that can be opened and closed to connect different rooms and enable easy access in or out?,What is the object that can be opened and closed to enable easy access and connect different desks in or out?
1,0,the object that protects reproductive organs,"the object that adolescent residuals health and protects reproductive organs., the veners"
1,0,"Sometimes, dogs need to be restrained and controlled to ensure their safety and the safety of others. What part of the picture is used to physically control the movement of the dog?","Sometimes, dogs need to be physically used to control the rest of the body. What part of the mechanism is worn to protect safety and control? The dog"
1,0,What part in the picture is utilized to physically restrain and control the movement of a dog when necessary to ensure the safety of both the dog and others?,What part of the picture is utilized when necessary to physically restrain and control the movement of both the dog and the others in a safety? How do
1,0,"What part in the picture is used to control the movement of the dog physically, as needed for ensuring its own and others' safety?","How exactly the part is used for the measurement of the dog movement in its own, as to control the others' self and ensure their safety? t"
1,0,"What part of the picture is utilized to physically restrain and control the movement of the dog, which is occasionally necessary to maintain the safety of both the dog and others?","What portion of the picture is used to physically restrain the movement of the dog, that is necessary to maintain both the safety of others and? How much"
1,0,"To ensure the safety of dogs and others, physical control may be necessary. Which part of the image is intended to restrict and manage the dog's movements?","To ensure proper control of and protect the dog's behavior, the image may be of some users. Which part is necessary to restrict dogs and movements?"
1,0,"In certain situations, it becomes necessary to restrain dogs to ensure their own safety and that of other people around them. What in the picture is an example of an object that may be utilized to physically control the movement of a dog?","In some cases, it is useful to create an inside measure of the behavior of dogs that physically occupy them or to control the movement of another. What"
1,0,"In a forest, water from a river or creek often flows through various natural formations. Can you identify a particular formation in the picture where the water is running swiftly?","On a landscape, water running through a river or creek is visible in various different formations. Can you identify the water from which it flows quickly"
1,0,Can you point out a formation in the forest shown in the picture where water is flowing quickly through natural streams or rivers?,Could you point out a visual in the forest where water is flowing well in the valley or produced by tracing arrows from plants? the
1,0,"In a forest, water from a river or creek may flow through various natural formations, including swift streams. Can you identify a particular natural water formation in the picture where the water is seen running swiftly?","A natural picture may describe water from a river or creek running across a natural formation, in which the water is rapidly transported. How are these steps"
1,0,"In the forest, water from a river or creek commonly passes through different natural formations. Can you locate a specific formation in the picture where water is flowing rapidly?","On a river creek, water is commonly located in the landscape or form where the stone fragments flow through a different formation. Can you reach good"
1,0,"In the image, can you identify a natural formation in the forest where the water is flowing rapidly, such as a rapid or a waterfall?","In the image, can you identify a natural formation in a landscape, such as when the water is flowing rapidly or a rapid cliff?"
1,0,"In a forest, water from a river or creek typically flows through various natural formations. Can you identify a particular formation in the picture where the water is flowing swiftly?","On a creek, identify a river or stream in a particular formation from which the water is flowing? How can natural formations occur relatively easily"
1,0,What kind of cushion object can be placed on an armchair or couch to make sitting or lying more comfortable?,What type of cushion would be so useful to put on an arm chair or sitting or couch where people sitting legrest are comfortable? »
1,0,What is an object which can be placed on an armchair or couch to improve the comfort of sitting or lying down?,"What is an object which can be placed on an armchair or sofa to improve the comfort of sitting, lying down or lying down? The correct answer is"
1,0,What is the name of the type of cushion that can be positioned on an armchair or couch to improve comfort when sitting or lying down?,What is the name of a type of armrest cushion that can be positioned when relaxing or lying down on an chair or couch? What is the
1,0,What is the name of the cushion object that can be placed on a chair or couch to provide additional comfort when sitting or lying down?,What is the name of the cushion object that can be placed on a chair or sofa to provide additional comfort when sitting or lying down? The cushion is
1,0,What type of cushion can be put on a couch or an armchair to provide additional comfort while sitting or lying down?,What type of cushion can be placed on a sofa or an armchair to provide additional comfort while sitting down or lying down? best answer: a
1,0,What type of cushion object is often utilized on an armchair or couch to increase comfort while sitting or lying down?,What type of armrest cushion is commonly utilized to increase comfort and appear when sitting or lying down on an chairs or couch? if you are a
1,0,"In ice hockey, teams compete to score goals against each other. What object in the picture should the players aim to shoot the puck into?","In ice hockey, teams compete to shoot opponents against each other. What object should the team look for in the picture to score the pucks? In"
1,0,"In a game of ice hockey, what should the players aim to shoot the puck into, as depicted in the picture?","In a game of ice hockey, what should the players aim to shoot the puck into, as depicted in the picture?"
1,0,"In ice hockey, what should the players aim to shoot the puck into to score a goal, according to the picture?","In ice hockey, what should the players aim to shoot the puck to take a picture into to score, according to the score?"
1,0,"In ice hockey, players aim to score goals against one another. What object in the picture should they aim to shoot the puck into?","In ice hockey, players aim to score goals against each other. What object should the team take to shoot the puck into their sand? In"
1,0,"What is the goal post that hockey players typically aim to shoot the puck into, in order to score a goal?","What is the goal post that hockey players typically aim to shoot the puck into, in order to score a goal,?"
1,0,Ice hockey is a sport in which teams compete to score goals against each other. What object should the players aim to shoot the puck into in the picture?,Ice hockey is a sport in which teams aim to shoot the pucks against each other in the picture. What object should players compete to win? Ice
1,0,"Which furniture in a room is used for writing or drawing with chalk or markers, for example to explain a mathematical formula or draw up a meeting summary?","Which furniture or tableware is used in a drawing for example to explain a scientific statement, break up with chalk or give a summary sentences?"
1,0,"What furniture commonly used in a room is utilized for writing or drawing with chalk or markers, such as when explaining a mathematical formula or creating meeting notes?","What furniture is commonly used in a room or drawing when analyzing or composing a mathematical formula, such as words or statements set up for tables"
1,0,"What type of furniture present in a room is typically used for writing or drawing with chalk or markers, say to explain a mathematical formula or a meeting summary?","What type of furniture is used in a research project, usually for expressing a statement or a sentence with math terms or chalk blocks diagram?"
1,0,"What furniture item within a room is typically designated for writing or drawing with chalk or markers, such as for outlining a mathematical formula or creating a summary for a meeting?","What table is typically written with items for research or writing, such as furnishing a blank for an evaluation or coordinating a measurement step?"
1,0,"What is the name of the furniture in a room that is commonly used for writing or drawing with chalk or markers, for example, to explain a mathematical formula or draw up a meeting summary?","What is the name commonly used in a kitchen for example, to describe furniture or set up a paper with chalk or a numerical tone? answers"
1,0,What furniture in a room is typically used for writing or drawing using chalk or markers for purposes such as explaining a mathematical formula or drafting a meeting summary?,What furniture on a table is typically used for research or writing by using a reasoning system such as drafting sentences or formulating a summary?
1,0,"When reading at night, what object can be used to provide sufficient lighting for the book?","When objecting for reading at night, what light can be used to provide sufficient resamples for the book??"
1,0,"If you were reading a book at night and needed adequate lighting, what item could you utilize for this purpose?","If you were reading a book at night and needed adequate lighting, what item could you utilize for this purpose?"
1,0,What item could be used to provide enough light to read a book at night?,What item could be used to provide enough light to leave to read a book at night..
1,0,"When reading a book at night, what object could provide adequate lighting to make it easier to read?","When reading a book at night, what object could provide adequate lighting to make it easier to read to make a book sound.? When reading"
1,0,What object can be used for sufficient book lighting when reading at night?,What syst mean can be used for reading book when applying sufficient light to night? when sleeping
1,0,Could you point me towards the object that can be used to provide sufficient lighting for a book when reading at night?,"Could you point me towards a suitable object that could be used to provide light for reading the book at night, as a joy for flashlights?"
1,0,the signal lights on the vehicle to inform the turning direction,the results to insert the turning signal lights on the vehicle to inform the wheel direction.
1,0,Wedding ceremonies or festive occasions sometimes involve dressing up and wearing decorative accessories. What in the picture can be worn on the head to enhance the appearance?,Wedding decorations or festive occasions can be worn on special occasions. What about dressing up the head and giving it an embellishment? The most popular wedding decorations are
1,0,"During festive or celebratory occasions such as weddings, people often dress up and wear decorative accessories. What item in the picture can be worn on the head to enhance one's appearance?","During festive or romantic occasions, the items worn on one's head can be popular to decorate or give up accents. What other items are used"
1,0,"During festive occasions or wedding ceremonies, people often dress up and adorn themselves with accessories to elevate their appearance. What item in the picture could be worn on the head for this purpose?","During holiday celebrations, people usually dress up on their head or give them unique accessories for the occasion. What item could be worn in this image?"
1,0,"During festive occasions or wedding ceremonies, it is common to dress up and wear decorative accessories. Please point out what in the picture could be worn on the head to enhance the appearance?","If it happens during wedding celebrations, please wear something in the dress or line up your accessories to enhance the look. Common examples can be a wedding"
1,0,"A part that is in direct contact with people""s buttocks when they use the toilet is not easy to clean and is prone to bacterial growth. What part in the picture should be used to cover it and reduce bacterial growth?",one part that is used when it is in the toilet is only open to bacterial growth and should give people to clean their hands. What is the best
1,0,"When using the toilet, an area that comes into direct contact with human buttocks can be difficult to clean and is susceptible to bacterial growth. Which item in the picture can be used to cover the area to reduce bacterial growth?","When using the toilet cover, something that is placed in the closet can cause bacterial growth and is susceptible to bacterial growth. What is the difference between"
1,0,"To reduce bacterial growth and facilitate cleaning, what part in the picture could be utilized to cover the portion of the toilet that is in direct contact with people's buttocks during use?",what part of the oil drop could be incorporated in cleaning to prevent a number of people on the counter and inside the toilet? Look for a
1,0,"In order to mitigate bacterial growth, which item in the picture should be used to cover the region that comes in direct contact with a person's buttocks while using the bathroom?",To identify which item is appropriate to use in a woman's bedroom because of the bacteria that comes in the way through the splash? The following list
1,0,"What object can be used to cover and reduce bacterial growth on the part of a toilet that comes into direct contact with people's buttocks, which is difficult to clean?","What products can be used on a single product's toilet paper, particularly in areas of flutter and get exposed to the grass.What products"
1,0,"When making cupcakes or muffins, it is common to add a sweet and decorative layer on top. What in the picture can be used to add this layer to enhance the taste and appearance?","When making cupcakes or cookies, it is common to add a sweet and creamy layer to be used in the picture and enhance this quality. What is"
1,0,"When baking cupcakes or muffins, it is typical to add a sweet and decorative layer on top to enhance their taste and appearance. Please identify the item in the picture that could be utilized to add this layer.","When adding a muffin cup to your picture, it is typical to embellish the portion that is used and desired on these products. Click here for a"
1,0,"When making cupcakes or muffins, people often add a sweet and decorative layer on top to enhance taste and appearance. What in the picture is best suited to be utilized for this purpose?","When making cupcakes for a cake or cookie, people usually use top and bottom to enhance the appearance. What is incorporated in this recipe is the"
1,0,What tool or object is typically used to add a sweet and decorative layer on top of cupcakes or muffins to enhance the appearance and taste when making in the kitchen?,What element commonly is used on cupcakes or muffins to enhance and add texture and taste when making a fresh look in the kitchen? The most common
1,0,"When making muffins or cupcakes, a sweet decorative layer is frequently added on top. What could be used to create this layer to improve flavor and aesthetic appeal?","When creating muffins or cupcakes, a decorative topping layer is often used to enhance flavor and aesthetic appeal. What can this be? The top layer"
1,0,What tool is used for typing and text processing on a computer?,What tool is used for typing and texting and response on a computer...
1,0,What is the name of the tool used to input and process text on a computer?,What is the name of the tool used to input text and process on a computer?
1,0,What is the tool that people utilize for typing and text processing on a computer?,What is the tool that people utilize for typing and text encoding and essipes on a computer?
1,0,What is the name of the tool that is commonly used on a computer for typing and text processing?,What is the name of the tool that is commonly used on a computer for typing and txting and text processing?
1,0,What is the tool commonly used for processing and typing text on a computer?,What is the tool commonly used for processing and typing text on a computer.....
1,0,What is the name of the tool used for processing and typing text on a computer?,What is the name of the tool used for selecting and typing text and data on a computer?
1,0,"When playing golf, it is important to have appropriate attire that allows for a comfortable and unrestricted swing. What article of clothing in the picture might hinder the person's movement during a golf swing?","When playing a golf swing, it is important to have appropriate clothing that allows for unrestricted movement or an acquaintance in the swing. What"
1,0,"During a game of golf, appropriate attire is essential to ensure that the player can make comfortable and unrestricted swings. Based on the image, which clothing item could possibly hinder a person's movement during a golf swing?","During the golf swing, it is essential to ensure that an individual's grip could hold a person or improve off unwanted golf clubs. Video:"
1,0,"When playing golf, what object of clothing in the picture may cause hindered movement during a golf swing, which requires unrestricted movement?","When playing golf, what object of clothing needs in a golf shot, which causes unrestricted movement during the hampered movement? Description"
1,0,"When playing golf, it is crucial to wear appropriate clothing that allows for a comfortable and unimpeded swing. What item of clothing in the picture could potentially impede the individual's movement during a golf swing?","When playing golf, it is essential to choose clothing that could allow an unaffected or substantial movement in the swing. What item of golf clothing does you"
1,0,Playing golf requires appropriate attire that allows for a free and relaxed swing. Please identify what clothing item from the picture might interfere with the person's movement during a golf swing?,Your golf swing may interfere with the player's movement. Please specify what clothing is comfortable and worn when trying for a casual golf swing? If you
1,0,"When playing golf, it is crucial to wear suitable attire that allows for a comfortable and unrestricted swing. What article of clothing in the picture might restrict the wearer's movement during a golf swing?","During golf, the appropriate attire is worn in a cuffed or troll that can restrict the player's movement. Why frequent golf"
1,0,"In the picture, there is a woman wearing a dress and a pair of sandals. What part of her body can be seen clearly?","In the picture, there is a woman wearing a pair of trousers and a part of her body. What clothes can be seen clearly? We"
1,0,"Which part of the woman's body is clearly visible in the picture, given that she is wearing a dress and sandals?","Which part of the body is clearly visible in the picture, given that the woman is wearing her dress and turbans? Source(s):"
1,0,"In the picture, which part of the woman's body is clearly visible given that she is wearing a dress and sandals?","In a picture that the woman is wearing, given which part of the dress is clearly visible on her skin and thighs? Women's sources of"
1,0,"What part of a woman's body, who is wearing a dress and sandals in the picture, is clearly visible?","What part of a woman's body, wearing a dress and sandals, is white in the picture, and who is clearly visible? dictionary"
1,0,"In the picture, what part of the woman's body is clearly visible?","In the picture, what part of the woman's body is clearly visible?"
1,0,What part(s) of the woman's body can be vividly observed in the picture since she is wearing a dress and sandals?,What part(s) of a woman's dress can be seen vividly in the study since she is wearing shoes and sandals? The expression
1,0,"In schools or offices, where can the teacher place their teaching content and allow the audience to see it more clearly?","In schools or schools where a teacher can place the teaching content on their books, allowing the audience to see it more naively? How"
1,0,Where is the area in schools or offices for teachers to display their teaching content and make it easier for the audience to see?,How is the area in which schools or schools display content for their teaching offices and websites to leave it easier for the audience to see and see? Answers
1,0,"In schools or offices, where might a teacher or presenter place teaching content to allow the audience to view it more clearly?","In schools or teaching establishments, where might a teacher or presenter use content to allow the audience to view it more clearly or display it?"
1,0,Where can educators showcase teaching content and enable the audience to view it more effectively in schools or offices?,Where can educators showcase content and enable the audience to view it more effectively in schools or todoes with teaching offices or eduta
1,0,Guests usually dine in their private rooms in hotels. What furniture in the image would they use to eat?,"Guests in hotels usually dine in their private rooms. What furniture would they use in the image, they to eat?"
1,0,"If guests usually dine in their rooms in a hotel, what piece of furniture in the image would they likely use to eat?","If guests in a hotel typically eat in a room, what piece of furniture in the images would they likely drew to use?"
1,0,"Considering that hotel guests usually have their meals in private rooms, what furniture would be utilized for dining purposes, based on the image?","Considering that hotel guests have particular furniture for private dining, what meals would be utilized in their rooms, based on the images? The average cost of"
1,0,"When guests dine in their private hotel rooms, what furniture in the picture are they likely to use for eating?","Before guests dine in their hotel room, what private furniture they use in the picture are they likely to eat when sailoring?"
1,0,"When dining in their private rooms in hotels, what furniture in the image would guests typically sit at to eat?","When dining in hotels in their private rooms, what furniture in the image would guests typically use to sit in their sags to eat?"
1,0,"In hotels, guests usually take their meals in their private rooms. Could you identify which piece of furniture in the image they would be likely to use for this purpose?","During your private stay, hotels are likely to use individual rooms in the image or give them a piece of furniture. Which users would be interested in"
1,0,the object that the dogs battle for,the object that the dogs adobeyond the battle for the dog to bear
1,0,"When playing golf, players often carry extra balls, tees, and other accessories. What in the picture could be used to carry these items?","When playing golf, players often carry balls, tees, and other accessories. What in the picture could be used to carry these items?"
1,0,"When playing golf, what object in the picture could be utilized for carrying extra balls, tees, and other related accessories?","When playing golf balls in the picture, what attribute could be utilized for tying or bringing extra tees, computers and other accessories"
1,0,"While playing golf, players often require additional balls, tees, and other accessories. Please help me identify which object in the picture could be utilized to transport these items.","While basketball, I suggest players be able to use these items in the game. Many require additional gages, shoes and other accessories to identify."
1,0,"What in the picture would be used to store and transport items such as extra balls, tees, and other accessories while playing golf?","What part in the yotes would be used to store and transfer items such as shoes, padding, and other accessories when playing and playing golf?"
1,0,"What item in the picture could be utilized to store extra golf balls, tees, and other accessories while playing golf?","What component of the picture could be used to play golf while acquiring golf balls, tees, and other extra accessories in the golf?"
1,0,"When playing golf, what in the picture could be used to transport accessories such as extra balls, tees, and other items?","When teeing in the golf, what parts could be used to collect extra accessories such as shoes, balls, and other items? t"
1,0,"When enjoying a meal, it is common to use utensils to scoop up gravy or sauce to enhance the flavor of the food. What utensil in the picture is specifically designed for this purpose?","When dipping into a sauce, it is common to use sauces or utensils to enhance the flavor of the recipe. What is"
1,0,It is common to use utensils to scoop up gravy or sauce to enhance the flavor of the food while having a meal. What utensil in the picture is typically designed to suit this purpose?,It is common to use utensils to flavor the sauce or combination of the food to get a splash in the day. What is
1,0,What type of utensil is specifically designed to help scoop up gravy or sauce to improve the flavor of the food during a meal in the picture?,What type of sauce is specifically designed to help clear up a gizzard or picnic to the taste of the food in the recipe?
1,0,"When consuming a meal, it is common to use utensils to scoop up gravy or sauce to enhance the flavor of the food.  Which utensil in the picture is specifically designed for this purpose?","When consuming a sauce, common is to use spoons or utensils to purify the sauce which is unique to the picture."
1,0,Which utensil in the picture is designed for scooping up gravy or sauce to enhance the flavor of food during meals?,Which appliance is designed for spicing up the flavor of veg or ricotta when adding toppings in the meal?
1,0,"During a meal, it is not uncommon to employ utensils to scoop up gravy or sauce to enhance the food's flavor. What utensil in the image is tailored particularly for this purpose?","For kitchen utensils, what is a condiment is not uncommon to work with the sauce or utensil to enhance flavor."
1,0,the object that helps to keep the neck warm,the object that helps to keep the neck warm and then to keep the radial.
1,0,Bonsai trees require special care and attention to maintain their miniature size and aesthetic appeal. What object in the picture is used to contain and display a bonsai tree?,Bonsai trees require special attention to display and reproduce their small size and aesthetic appeal. What picture is used in the bonsai tree?
1,0,"What object in the picture could be used to display and contain a bonsai tree, given that the tree requires special attention and care to maintain its miniature size and aesthetic appeal?","What type tree should be used to display a miniature birae, and allow the tree to gain attention and control given its distinctive appearance and size"
1,0,"When maintaining and displaying bonsai trees, it requires a certain level of special care and attention. What item in the picture can be utilized to display and contain a bonsai tree?","When displaying and maintaining a bonsai tree, it requires the use of special care and attention. What items could be displayed in the tree"
1,0,"What object in the picture is utilized to display and contain bonsai trees, which require special care and attention to maintain their miniature size and aesthetic appeal?","What object is used to display miniature birae, and require special care and attention to preserve the elements in their size and aesthetic appeal? a"
1,0,"What is the tool utilized to contain and show a bonsai tree in the picture, provided that bonsai trees require specialized care and attention to maintain their miniature size and aesthetic appeal?","Description of micro trees, and what is used to provide a specialized biaxial picture in which micro trees retain their beauty and attention? The effort to"
1,0,the object that both teams are fighting for in a game of American football,the object that both teams are fighting for in a game of American football in the miad sand.
1,0,"Dogs enjoy playing with different toys, and one popular toy is specifically designed to be bitten and chewed on. What object in the picture can serve as a toy for the dog?","Dogs like to chew on and can create different toys, and one unique toy is specifically designed as an issue for the dog. What is the difference"
1,0,What object in the picture can be utilized as a toy for dogs to bite and chew?,What object in the picture can be utilized as a toy for dog to bite and chew Its toy?
1,0,"What object in the picture can be used as a toy for a dog, given that dogs are known to enjoy playing with a variety of toys, including some designed for biting and chewing?","One object that dogs have in the picture is used for a variety of toys, such as playing with dogs to be playful and chewing.? The"
1,0,"Please identify which object in the picture could serve as a toy for a dog, as dogs relish playing with a variety of different toys that are specifically designed for biting and chewing.","Please identify a particular toy for the dog, as dogs have several designs that could function as a unique accessory in biting and chewing."
1,0,"If you want to enjoy the scenery outside, what object can be used to control the amount of sunlight coming into the room by adjusting the angle?","If you want to control the amount of sunlight enjoying in the room, what object can be used to close the camera by adjusting the angle? Then"
1,0,"If you wish to adjust the amount of sunlight entering a room while still admiring the outdoor scenery, what object can be utilized to modify the incoming sun rays by changing the angle?","If you wish to modify the outdoor angle, how can one change the amount of sunlight absorbed by entering the surroundings while shooting the object? The answer is"
1,0,"What object can be used to adjust the amount of sunlight entering a room by controlling the angle, to enable one to enjoy the scenery outside?","How one object can be used to adjust the amount of sunlight entering a room, to enjoy the angle by controlling the sunlight? the simplest way to"
1,0,"To adjust the amount of sunlight entering a room by altering the angle, what object can be utilized for this purpose?","By adjusting the amount of sunlight emitted by the object to maximize this angle, what sphere could be used for a special purpose?"
1,0,"If you would like to enjoy the outdoor scenery, what object could be adjusted to control the amount of sunlight entering the room by modifying the angle?","If you would like to adjust the outdoor scenery, how much object could be entered to control the intensity of the sunlight using the switch? The answer is that"
1,0,"In order to take in the beautiful scenery outside and control the amount of sunlight entering the room by adjusting the angle, what object could be used?","In order to take control of the beautiful sunset in the adjoining room and control the amount of sunlight entering the object, what options could be used? The"
1,0,"In the picture, there are various modes of transportation parked in a grassy field. What objects are commonly placed on the front of these vehicles to provide illumination at night?","On the right, there are several images commonly placed in the park of cars. What types of vehicles provide a distraction to be simulated during that night"
1,0,Vehicles parked in the grassy field in the picture might have some objects installed on the front that provide illumination at night. What are these objects called and how do they function?,Vehicles parked in the north yard have some objects on the side that can function and provide these symptoms? What are they painted in? What are the
1,0,What objects are commonly found on the front of these vehicles in the picture that provide illumination at night?,What objects are most commonly seen in the picture on the front of the truck that provide illumination for those men that illuminate at night?..
1,0,"In the image, there are various modes of transportation parked in a grassy field. What items are often positioned on the front of these vehicles to offer lighting at night?","On the right, there are several types of vehicles positioned in a light parking. What images are often furnished to display on the field of these?"
1,0,"Vehicles parked in a grassy field can serve as various modes of transportation in the picture. What items are typically located on the front of these vehicles, providing illumination during nighttime travel?",Cars located on the right side of the vehicle can be categorized as vehicles in several parking situations. What materials provide ample daylight during those trips? The
1,0,"In the picture, various modes of transportation are parked in a grassy field. What objects are commonly attached to the front of these vehicles to provide illumination during the night?","On the road, several vehicles are commonly equipped to provide the inside image of the forest. What kinds of obstructions are displayed in a dark vehicle?"
1,0,"In certain sports, athletes use specific equipment to perform gravity-defying tricks. What object in the picture could be used for such purposes?","In athletics, certain athletes use specific gravity-defying objects for use in the picture. What object in the tool could make such problems?"
1,0,"There are certain sports in which athletes perform gravity-defying stunts utilizing specific pieces of equipment. Based on the picture, what object could be utilized within such sports?","Given this, there are specific sports in which athletes could perform gravity-striking actions utilizing various pieces of the object. What differs from the"
1,0,Can you point me to the object in the picture that might be useful for performing gravity-defying tricks in certain sports?,Could you please point me to the object in the physics for some actions that might be useful in generating sport-defying tricks?
1,0,Some athletes use specialized equipment to perform gravity-defying stunts in certain sports. Can you identify the item in the picture that could be utilized for this purpose?,Some athletes use specialized gear to deflect the damage that could be utilized in the contest. Find one item for these unique facts? ».
1,0,What object in the picture has the potential to be utilized to perform gravity-defying tricks in specific sports?,What object in the picture has the potential to be utilized to produce gravity-defying tacks in specific sports?
1,0,Some athletes use specific equipment to perform gravity-defying tricks in certain sports. What item in the picture could be employed for such purposes?,Some athletes use certain gravity-fitting equipment for specific purposes in the game. What item on the chart could take advantage of such individuals?
1,0,What object do we usually use to prevent water from splashing in the bathroom during a shower?,What object do we usually use to prevent water from sloshing in the bathroom during a shower....?
1,0,What object is commonly utilized in a bathroom during a shower to avoid splashing water outside the area?,What object is commonly utilised in a bathroom during a shower to avoid splashing water from the area before it in a bathroom?
1,0,What object is typically utilized to prevent water splashing in the bathroom while taking a shower?,What functional spout is commonly utilized when attempting to take water spouting in a bathroom while washing the shower? Answere
1,0,What object could be utilized in a bathroom to prevent water from splashing while taking a shower?,What object could be utilized in a bathroom to prevent water slurps from sloshing while taking a shower?
1,0,What object can be used to prevent water from splashing around during a shower in the bathroom?,"What object can be used to prevent water from splashing around in a bathroom, during the sleeve taning? 1"
1,0,What object is commonly used to prevent water from splashing out of the shower and onto the bathroom floor?,What object is commonly used to prevent water from splashing out onto the floor of the bathroom shower and escaping to the shower? What is the purpose of
1,0,Road maintenance departments often need to inspect roads for damage and perform maintenance to ensure safety. What location in this picture could potentially cause rainwater to penetrate into the ground?,Road safety equipment typically need inspections to inspect roads and create clean water to drain off the surface. What location in this country could potentially lead to damage to
1,0,What area or location in the picture could be potential for rainwater to infiltrate the ground and cause problems for road maintenance crews inspecting and repairing road damage?,What type of water pollution could be infiltrating the road and cause issues for roadrunners to locate and repair damage in the image? Hopefully
1,0,Road maintenance departments often need to inspect roads for damage and perform maintenance to ensure safety. Can you identify the location that might potentially cause rainwater to penetrate into the ground in the picture?,Fire departments need to periodically inspect the road for safety and identify locations that could lead to water damage in the landscape. How to capture proof? The following is
1,0,"Which location might potentially allow rainwater to infiltrate the ground, as road maintenance departments often require road inspections to check for damage & ensure safety?","Which groundwater may require inspection to ensure safety, as roadside companies often require maintenance checks to filter out or refinish the damage? The following list"
1,0,Please identify the region in the picture that can lead to rainwater seeping into the ground and may require inspection and maintenance by road maintenance departments to ensure safety.,Please identify the landscape in the picture that may require road inspection and maintenance by companies to secure water storm drains and lead to itching. 1 The following
1,0,"During road maintenance, it's important to inspect roads for damage and perform maintenance to ensure their safety. Based on this picture, what particular area could potentially allow porous rainwater to seep into the ground?","During specific road construction, it's essential to inspect roads to filter out the soil and allow leaky water to prevent serious damage. What exactly this"
1,0,the egg,spse. The eggsse matched to the olfactory
1,0,the biscuits that have not been broken up into pieces,the biscuits that have not been broken up into pieces diatated. di
1,0,"In the living room, what object are we most likely to sit on comfortably for a period of rest?","In a living room, what is the object we most likely stow on to sit comfortably for a period of resting? What do"
1,0,"In a living room, what is the object that we are likely to sit on comfortably for a period of rest?","In a living room, what is the object that we are likely to sit comfortably on a chair for a period of resurgence?"
1,0,"In the living room, what object is typically utilized for sitting comfortably during rest periods?","In the living room, what object is typically utilized for sitting comfortably during resting periods?"
1,0,"In a typical living room, what object would be most comfortable for sitting and taking a rest?","In a typical living room, what object would be most comfortable for sitting and taking a systet?"
1,0,Which object in the living room is typically used for comfortable sitting and relaxing for a period of time?,Which object in the living room is typically used for sitting and relaxing for a styriac period of time?
1,0,"In a living room setting, what is the most comfortable object to sit on during a period of rest?","In a living room setting, what is the happiest object to sit on during a period of rest resistance?"
1,0,Backpacks are commonly used for carrying personal belongings during outdoor activities and travel. What part of the backpack in the picture can be used to store smaller items or accessories?,Backpacks are commonly used for carrying small belongings or personal items during the trip. What part of the backpack can be used in outdoor spaces and?
1,0,"In a backpack, what part of the one shown in the picture could be utilized to store small items or accessories when carrying personal belongings during outdoor activities or travel?","In a backpack, what part of the picture could be resembled when carrying small items or accessories during everyday activities or outdoor escape?"
1,0,"In a backpack, what region could be utilized to store smaller items or accessories in the picture?","In a backpack, what region could be used to store a lot of items or accessories affordable in the picture? Why use"
1,0,"In a backpack that is used for carrying personal belongings when engaging in outdoor activities or traveling, what section or part could be utilized to store smaller accessories or items?",What backpack is used in a backpack that could be used when distributing small items or belongings to explore outdoor activities or pursuits? What is the
1,0,What part of the backpack in the picture is designed to hold smaller items or accessories that you might need to carry during outdoor activities or travel?,What part of the backpack in the picture is designed to hold small items or accessories that you might want to carry during outdoor activities or travel? What part of
1,0,"In a backpack, which part can be utilized to store smaller items or accessories when traveling or engaging in outdoor activities?","In a backpack, which item can be used for storing smaller parts or consuming accessories when traveling or engaging in outdoor activities? If you are traveling"
1,0,"Among the writing tools commonly used, which one in the picture is typically made of wood and has graphite or lead core for writing and drawing?","Among the ones commonly used for drawing or painting, which graphite tool has a core of lead in the wood and is often made and cutting"
1,0,"Which writing tool commonly used has a graphite or lead core and is typically made of wood for writing and drawing, according to the picture?","Which writing tool has a main line made for wood or lead and is commonly used to write on textured canvas, according to the sculpt?"
1,0,"Among the frequently used writing implements, what object in the picture is typically composed of wood and possesses a graphite or lead core to facilitate writing and drawing?","Among the objects used in writing, what outline or graphite typically contains a hard wood lead and possesses the tools to create and articulate?"
1,0,"What is the name of the writing instrument that is often produced with wood, and features a lead or graphite center that is utilized for writing and drawing purposes?","What is the name of the writing instrument that is utilized with a graphite or lead center, and is often used for drawing and writing designs?"
1,0,"Of the writing tools which are commonly used, which one featured in the image typically has a lead or graphite core and is constructed of wood and utilized for both writing and drawing?","Of the tools used for writing and drawing, only one has a lead polymer composite which is featured on the image and which is commonly utilized? How"
1,0,"When it comes to writing tools, what object shown in the picture is usually made of wood and contains a graphite or lead core used for writing or drawing?","When it comes to drawing objects, what image shown in the drawing tool is made of a core or wood file and usually contains lead or textile? What"
1,0,something that eats leaves,a something that eats and eees leaves.
1,0,"In a zoo, it is common to see animals being given toys or objects to play with for enrichment. What item in the picture could be used as a plaything for a bear in its enclosure?","On a common toys, it has objects in the enclosure for something to be used as a play or a gift for animal eyes. What could"
1,0,"In a zoo, animals are often given toys or objects to play with to enhance their lives. Suppose there is a bear in its enclosure, what item in the picture could be used as a plaything for the bear?","On each animal, there are toys the bear can be used as a display or ornament to hide. What if animals in their home? Give"
1,0,"In a zoo, it is common to see animals being given toys or objects to play with for enrichment. What item in the picture is suitable to be used as a plaything for a bear living in a zoo?","In a puzzle, what animals are used for displaying an animal in it is suitable to get used as a gift or playground to wear. Have"
1,0,"What item in the picture could be used as a plaything for a bear in its enclosure, since it's common to observe animals being provided with toys or other objects for play and enrichment in zoos?","Question, since an item in a playpen could be used as an enclosure for toys and other creatures being showcasing in it? When a"
1,0,"When reading in bed at night, what object in the pictures is often used to illuminate the pages so that they are visible?","When painting in the bedroom, how often do eds come in to illuminate the objects in these images and refer them so that they are visible?"
1,0,"What tool in the picture is commonly utilized to allow for reading in bed at night, providing enough illumination to make the pages legible?","How manually used in the bed is right for use in newspapers, providing enough illumination to make it possible to magnify the column at night? The"
1,0,"When reading in bed at night, what object in the picture could you use to illuminate the pages and make them visible?","When reading in the bedroom, what use you in the night to illuminate the image and give specific objects you could see in bright pixels? What are the advantages"
1,0,"When the indoor air becomes muggy, what appliance should be turned on to make it more comfortable?","When the indoor air muffler becomes sluggish, what appliance should be turned on to make it more comfortible?"
1,0,Suppose you are feeling hot and the indoor air is humid. What appliance would you turn on to adjust it to a more comfortable level?,You are indulging in an air dry temperature. What appliance should you turn it on and adjust to a higher level to feel comfortable? The
1,0,"What appliance would you advise turning on if you're inside and the air has become humid, causing discomfort?","What appliance should you install if you're turned on and the air is becoming slick, causing discomfort in your climate?. Answers"
1,0,"When the indoor air becomes humid and uncomfortable, which appliance should be turned on to adjust the climate and make it more comfortable?","When the indoor air is turned on, which appliance should change the climate and make it to be more humid and uncomfortable? Several factors can influence the indoor"
1,0,"As a smart home AI, what appliance should you activate to adjust the indoor air quality and make it more comfortable when it becomes muggy?","Hello, what safety appliance should you adjust as an indoor air smog to make it more responsive and when it becomes acclimate? I"
1,0,"As a smart home AI, what appliance would you turn on to adjust the humidity indoors and ensure comfort?","As a smart home AIS, what appliance would you turn on it indoors to adjust the humidity and ensure comfort? 1 How much humidity does it"
1,0,"When recording a video or giving a speech, it is important to ensure that the audio is clear and audible. What equipment in the picture can help achieve this?","When recording a video or giving an audio rendition, it is important to ensure that the image is clear and in the picture. What equipment can achieve this"
1,0,"When recording a video or giving a speech, the audio clarity and audibility are crucial factors. Can you identify the equipment in the picture that can help to achieve the necessary quality?","When recording a video, the audio and picture clarity are the key factors that give the desired quality. Can you help to perform an application or accomplish?"
1,0,"When recording a video or giving a speech, it is important to guarantee clear and audible audio. What equipment within the picture could potentially assist in this objective?","When recording or displaying a video, it is vital to ensure accurate and correct audio. What equipment within the picture could aid an initiative? This might"
1,0,"When recording a video or giving a speech, clear and audible audio is critical. Please indicate in the picture the equipment that can assist with achieving this.","When recording or displaying an audio, please indicate in the blank video and the correct information. Telling an instrument is vital to achieving this. can"
1,0,"While recording a video or delivering a speech, it is essential to make sure that audio is audible and clear. Please locate the essential equipment in the image that will help achieve this.","While recording or delivering an audio, it is essential to locate the video and make sure that the image is accurate. Apply guidance in this."
1,0,the food containing the most Vitamin C,the food that contains the most glycemic Vitamin C......
1,0,"After having dinner, what is the most common place to go to wash the dishes?","After having a dinner, what is the most common place to go to wash the dishes......"
1,0,"After having dinner, where is the most usual location to go to wash the dishes?","After going to have dinner, where is the most usual location to go to wash the does to wash the dishes?"
1,0,"After having dinner, what is the most typical location to wash the dishes?","After having a dinner, what is the most typical location to sass the dishes? Wait it?"
1,0,"After having dinner, where is the most common place to wash the dishes?","After putting on tadaes, where is the most common place to wash the dishes? ?"
1,0,"After a meal, where is the most common place to wash the dishes?","After a meal, where is the most common place to wash the dishes? Also"
1,0,It can be difficult for people to climb up a bare pole and inspect or repair the upper part. What object is the person in the picture relying on to accomplish this task?,It is difficult for someone climbing down the hill to replace or resolute the heavy object. What can the person in this article look at? And
1,0,"What object is the individual in the picture relying on to accomplish the task of inspecting or repairing the upper part of a bare pole, which can be challenging to climb without assistance?","what is the name of an object disposed of on the interior wall, can be challenging to accomplish in attempting to lift and tackle the problem?"
1,0,"What object is the person utilizing for support to inspect or repair the upper part of a bare pole, as it can be quite challenging to climb unaided?","What is the question utilized to properly treble an object climbing on top of an ell, as it can be really difficult to remove or destroy?"
1,0,What does the person in the picture rely on to climb up a bare pole for the purpose of inspecting or repairing the upper portion?,Who does the person on the picture use for the sole purpose of inspecting or repairing a small hole to climb up in the upper limit? what
1,0,"What object is being employed by the individual in the picture to aid in the process of inspecting and repairing the upper part of the bare pole, which is often difficult to climb without support?","What is the part of an aerial photograph which is commonly employed in the struggle for repairing and improving the bottom of the pole, without regard? a"
1,0,"I see there's a person climbing a bare pole. What equipment is he relying on to accomplish this task, as it can be challenging to climb a bare pole without assistance?","I'm using a concrete lifter, as there is a task he can withstand climbing up a concrete lift? What to do"
1,0,What object is most commonly used together with a keyboard when typing on a computer?,What object is most commonly used with a keyboard when teeming with it on a computer?
1,0,"While typing on a computer, what is the item that is typically used along with a keyboard?","While typing on a computer, what is the item that is typically used along with a keyboard?"
1,0,"When typing on a computer, what accessory is typically utilized in conjunction with a keyboard?","When typing on a computer, what accessory is typically utilized in conjunction with a keyboard?"
1,0,"When typing on a computer, what object is frequently used in conjunction with a keyboard?","When typing on a computer, what integer is frequently used in conjunction with a key?"
1,0,"When typing on a computer, which item is most frequently combined with a keyboard?","When typing on a computer, which item is most frequently combined with a keyboard?"
1,0,"When typing on a computer, what object is typically used in combination with a keyboard?","When typing on a computer, what serial object is typically used in combination with a key?"
1,0,"When we purchase a bottled beverage, what part of the packaging should be opened to access the drink inside?","When we purchase a bottled beer in a drink, what part of the packaging should be accessed to open the drink containers, inside? How"
1,0,"When we purchase a bottled beverage, which part of its packaging should be opened in order to access the drink within?","When we purchase a packaged beverage, which part of the bottle should be opened within its opening in order to access the drinks? Is it possible to"
1,0,"When we purchase a bottled beverage, which section of the packaging typically needs to be opened to access the drink within it?","When we purchase a packaged beverage, which section of the bottle typically needs to be opened to access the daffoding within it?"
1,0,"When purchasing a bottled beverage, what section of the packaging should be opened to access the drink inside the bottle?","When purchasing a bottled beer, what section of the packaging should be opened to access the drink from inside the bottle? The average bottle size is about"
1,0,"When purchasing a bottled beverage, which part of the packaging needs to be opened to access the drink inside?","When purchasing a packaged beverage, which part of the bottle needs to be opened to access the drooling inside the drink?"
1,0,"When purchasing a bottled beverage, which part of the packaging should be opened to gain access to the drink inside?","When purchasing a bottled beverage, which part of the packaging inside the drink should be opened to give access to the aeration?"
1,0,"What furniture is usually put next to a bed to hold things like books, lamps and phones?","What furniture is usually put next to a bed to hold things like books, lamps and phones to get items such as earphones? The furniture"
1,0,"What is the usual name of the item of furniture that is placed next to a bed and used to store items such as books, lamps, and phones?","What is the usual name of the item of furniture that is used to place items such as books, lamps, and phones and TV? What is the name"
1,0,"What piece of furniture is commonly placed beside a bed for holding items such as books, lamps, and phones?","What piece of furniture is commonly placed on a bed for holding items such as books, lamps, and tvs phones?"
1,0,"What is the name of the furniture usually placed next to a bed for holding items such as books, lamps, and phone?","What is the name of the furniture usually placed next to a bed for holding items such as books, lamps, and tv? i"
1,0,"What is the name of the furniture that is typically located next to a bed to store small items such as books, lamps, and phones?","What is the name of the furniture that is typically located next to a bed to store small items such as lamps, computers, and cellphones?"
1,0,There are different types of barriers that can be used to enclose a shower area for privacy and to prevent water from splashing out. What part of the picture represents a common type of barrier used in showers?,What is a type of shower used for privacy and to isolate small areas of water barrier that can be used out of showers. What did the shower
1,0,A shower area needs to be enclosed to maintain privacy and to prevent water from splashing out. Which part of the picture represents a common type of barrier utilized in showers?,A basin should be enclosed and provides a barrier to water from showers. Which type of shower feature important part of the usage? A basin should be
1,0,"In showers, barriers are often used to provide privacy and prevent water from splashing out of the shower area. Can you identify the common type of barrier used for shower enclosures in the picture?","For private showers, pans are commonly used to protect the shower enclosure and identify the type of barrier in showers from clutter. What is a"
1,0,"In the context of enclosing shower areas for privacy and to prevent water from splashing out, what part of the image would typically be used to represent a common type of barrier?","For separating outdoor showers from privacy and to describe a common feature, what part of the container would be typically used for spout?"
1,0,"In the picture, what part represents a typical barrier used in a shower area to provide privacy and prevent water from splashing outside?","In a picture, what part represents the typical shower used in a crawl area and provide privacy to prevent water from pooling in a sink?"
1,0,"In showers, a range of barriers can be utilized to provide privacy and prevent water from splashing out. What aspect in the picture typically represents a common type of barrier used in shower areas?","In showers, a variety of barriers can be utilized to prevent water slipping out and represent a common type of barrier in the shower. What"
1,0,"Given that the decor in this picture is mainly furniture required for teaching, what furniture is mainly used for writing something in front of the students?","Given that the art in this section is mainly used for teaching, what furniture in front of the poster is needed for making furniture for students? The art"
1,0,"Since the decor in this picture mainly consists of furniture required for teaching, please identify the piece of furniture most commonly utilized for writing something in front of the students.","Since the concept in this picture is primarily of furniture used for teaching, please identify the piece of furniture most well pertaining to the students. The most"
1,0,"Considering that the decor in the picture is primarily classroom furniture, which piece is generally employed to write or present in front of students?","Though the design is generally centered in the picture of classroom furniture, which issue is commonly referring to or producing items in the students? Well, the"
1,0,"Regarding the furnishings depicted in this picture, which piece of furniture is primarily utilized for writing in front of students during the teaching process?","Regarding the furnishings depicted in this picture, which piece of furniture is primarily utilized for pulling students in front during the teaching process? The furniture"
1,0,something that lets pedestrians pass through the valley,a sword that helps let pedestrians veer and sacens live through the valley.
1,0,"When taking a photo, it is important for the subject to have a clear view of the camera. What part of the human body in the picture could potentially obstruct their vision?","When taking a picture, it is important for the human body to have a close view. What part of the object in the photograph could potentially hinder"
1,0,"When taking a photograph, it's critical for the subject to have a clear line of view toward the camera. Which part of the human body in the picture could potentially impede their view?","For a photograph's viewpoint, it critical to closely follow the subject in the photograph? Which part of the camera could potentially place themselves in the respect"
1,0,"When taking a photo, it is critical that the subject has an unobstructed view of the camera. What part of the human body in the image could potentially block the view of the camera during photography?","When having an unrestrained view, it is critical what part of the body of the camera may cause the photograph to shoot in the camera? The image"
1,0,"When taking a photo, it is important for the subject to have a clear view of the camera. What part of the human body in the picture might obstruct their view when taking a photo?","When taking a photograph, it is important for the camera to have a clear view of the photograph. What part of the subject hinder their body?"
1,0,"During a photo shoot, it is important for the subject to have a clear view of the camera. Please let me know which part of the human body in the picture could possibly obstruct the subject's vision.","IF the subject enters the camera, it is important to have a clear view of the photograph or could cause the particular part of our body."
1,0,"What in the picture can be used to secure a boat in place, preventing it from drifting away in the water?","What in the picture can be used to secure a boat in place, preventing it from drifting away in the sand?"
1,0,"What object located in the picture could be used to secure a boat, preventing it from drifting away in the water?","What unique object in a picture could be used to secure it in the boat, preventing it from drifting away from the water?"
1,0,What could be utilized to secure the boat in place and prevent it from drifting away in the water in the picture?,What could be utilized to secure the boat in place and prevent it from drifting away in the water in the picture? It
1,0,"What in the picture can be utilized to fasten a boat in place, preventing it from drifting away in water?","What in the picture can be utilized to fasten a boat in place, preventing it from drifting away in water, and losing weight?"
1,0,What is commonly used in the picture to maintain the stability of a boat and prevent it from drifting in the water?,What is commonly used in a boat to prevent drifting from the skimmer and to improve the stability of it in the water?
1,0,"When mooring a boat, what can be utilized to ensure that it remains stationary and does not float away on the water?","When mooring on a boat, what can be utilized to ensure that it stays floatable and does not erode away from the water?"
1,0,"On a sunny day, people like to park their cars in shaded areas to keep them cool. What part of the picture provides shade for parking cars?","On a sunny day, people park cars in shaded areas to give them nice shade. What part of the car provides for parking cars? The best"
1,0,Where in the picture could cars be parked to stay shaded and cool on a sunny day?,Where on the picture would cars be to be parked in a sunny clime and drive cool and shaded when it snow? o
1,0,"On sunny days, people often choose to park their vehicles in shaded areas to prevent them from overheating. In this image, which part provides shelter for parking cars?","On sunny days, people often choose to park cars in shaded areas to protect them from overheating. In this article, which option for parking?"
1,0,"On a sunny day, people usually like to park their cars in shaded areas to keep them cool, so please find the part of the picture that provides shade for parking cars?","On a sunny day, people usually find parking areas that allow them to shade some of the cars to keep in the shade perfect? Please comment. If"
1,0,"On a sunny day, people prefer to park their cars in shaded areas to keep them cool in temperature. What part of the picture would provide shade for parking cars in this scenario?","On a sunny climate, people would prefer cars to park in the shade in these areas. What portion of the model to provide cool driving situations? The"
1,0,"On a sunny day, please indicate where cars could be parked in shaded areas to keep them cool?","On a sunny day, should cars be parked in shady areas to protect them where we could get frozed? Answer"
1,0,"A lot of sweat is produced in the kitchen while cooking, and dampness can easily breed bacteria and affect health. What in the picture should be turned on to effectively dissipate the steam, moisture and keep the air fresh during cooking?","Probably the smoke in a refrigerator is kept up to enhance moisture, cook and spit and fight the bacteria when cooking. What is the best"
1,0,"When cooking, a significant amount of sweat is often produced in the kitchen. To effectively dissipate steam and moisture and maintain fresh air, what item in the picture should be turned on?","When cooking to receive steam and smack, a substantial amount of moisture is often thrown in the food system. What item on the display?"
1,0,"When cooking in the kitchen, it is common to produce a lot of sweat, which can lead to dampness and the growth of bacteria that can impact health. What item in the picture should be turned on to effectively dissipate steam and moisture, thereby keeping the air fresh during cooking?","When cooking, it is best to keep the pan in the refrigerator that could produce huge amounts of moisture and aggravate obesity. What is the best way to"
1,0,"When cooking, the kitchen area can often be damp and filled with steam and moisture, allowing bacteria to thrive and pose potential health risks. What item within the picture can be turned on to effectively dissipate the steam, moisture, improve air circulation, and keep the kitchen environment fresh?","When kitchen units are heated, provide ventilation to the kitchen and allow the moisture to naturally grow, fade, or go bad. Using a steamer"
1,0,"While cooking, steam and moisture can accumulate, which can generate bacteria and negatively affect health. What appliance in the picture would be required to effectively dissipate the steam, moisture, and keep the air fresh in the kitchen?","While microwave cooking, what is in the fridge could effectively distribute the heat, water and moisture and induce the disease. What is the difference between a refrigerator"
1,0,"While cooking in the kitchen, dampness and excess steam can be produced leading to increased bacterial growth that can adversely affect health. What part of the picture should be activated to effectively decrease steam and moisture while maintaining fresh air inside of the room?","While cooking, fresh parts of the kitchen can be positioned to prevent mold growth and greatly increase air circulation inside the cold. How to properly use a"
1,0,"When visiting a restaurant, it is common to see signs that are used to attract customers and indicate the name of the establishment. What object in the picture fulfills this purpose?","When visiting a restaurant, it is common to draw signs that resemble the name of the product and indicate the purpose to arrive at this market? What"
1,0,What object in the picture is commonly utilized to indicate the name of an establishment and attract potential customers visiting a restaurant?,What name is commonly used in the picture of a project erecting a table and attract visitors to locate the brand?Credit
1,0,"What object in the picture is typically used to attract customers, indicate the name of the establishment, and commonly seen when visiting a restaurant?","What object of the name is commonly used to attract customers, denote the look in the business, and typically seen when visiting a restaurant?"
1,0,"In a restaurant, signage is typically utilized to attract customers and designate the name of the establishment. Which object in this picture serves this function?","In a restaurant, signage is typically utilized to designate the object of this picture and attract customers. Which name in this establishment serves the function? The"
1,0,What object in the picture can potentially be used for attracting customers to an establishment by indicating its name?,What object in the name could be used for attracting customers to a market for its location by simply displaying an odol?
1,0,"In many Asian countries, chopsticks are commonly used as eating utensils. What in the picture may require the use of chopsticks to pick up and eat?","In many countries, chopsticks are commonly used as eating utensils. What in the world may use of chopsticks and pick up"
1,0,"In many Asian countries, chopsticks are commonly used as eating utensils. What item in the picture might require the use of chopsticks to be picked up and eaten?","In many countries, chile sticks is commonly used as items of ingenuity. Should the chiles be picked up and eaten? The"
1,0,"In various Asian countries, chopsticks are a common eating utensil. What item in the picture might require the use of chopsticks for picking up and eating?","In Asian foods, pickle sticks are usually suggested for the use of in cooking and eating. What type of pickle sticks? The pickle sticks are"
1,0,Chopsticks are a commonly used utensil for eating in many Asian countries. What objects in the picture might require the use of chopsticks to be easily picked up and consumed?,Several objects of chips are a commonly used elixir when used in the kitchen. Why chips need to be picked up and consumed?
1,0,"Please identify the item in the picture that could require the use of chopsticks for picking up and eating, as is common in many Asian countries.","Please identify the item that should be used for picking up and using chipotle slips, as in the common situation of many people. Please note"
1,0,"In many Asian countries, chopsticks are commonly utilized as eating utensils. What object or item in the picture might require the utilization of chopsticks for picking up and eating?","In many household items, chopsticks are usually utilized for ejecting or adding on the dishes or chopsticks. What are the advantages of"
1,0,What household object is commonly used to preserve or cool food items?,What environmental object is commonly used to store or savor household items? Tree tick and
1,0,Which common household object is used to store or cool food items?,Which common household object is used to stow or select cool food items or stack items?
1,0,What is the common household item usually utilized for preserving or cooling food items?,What is the common household item usually utilized for preserving or cooling food items?
1,0,What household object is commonly utilized to preserve or cool food?,What enviromentary object is commonly utilized to store or keep food stuff? stuff
1,0,What is the household object that being used to store or chilled food items?,What is the household object that being used to store or chitte tainted food items?
1,0,What appliance is a household item that is commonly used to cool or preserve food?,"How common appliance is a product that is probably used to sanitize household food and water, or br />?"
1,0,"In many cultural festivals, people wear traditional clothing and accessories to represent specific characters or deities. What part of the person in the picture indicates his role in the festival?","In many cultural festivals, people wear specific clothing or accessories to signify different characters in the scene. What part of the man in his? Describe the"
1,0,"In many cultural festivals, people wear traditional clothing and accessories to represent specific characters or deities. Can you identify what aspect of the person in the picture shows his role in the festival?","In many cultural traditions, people refer to specific clothing or garments to identify what part of the character in the scene? Can you wear him? Can you"
1,0,"In many cultural festivals, people wear traditional costumes and accessories to depict specific characters or deities. Could you identify which part of the individual in the picture signifies their role in the festival?","Most popular people in modern cultural traditions, wear specific figurines or costumes to signify which part of the animal represents the scene in you. How do you"
1,0,"What part of the person in the picture indicates their role in the festival, given that many cultural festivals involve people wearing traditional clothing and accessories to represent specific characters or deities?","What part of the film represents people wearing traditional clothing in the dress, indicating that many different characters or groups in it include cultural themes? figurative"
1,0,"In many cultural festivals, people dress in traditional clothing and accessories to represent specific characters or deities. What part of the person in the picture can be an indicator of their role in the festival?","In traditional cultural festivals, people can dress in many clothing or accessories to represent the part of the story. What indicator of their genders? The following is"
1,0,"In many cultural festivals, people wear traditional clothing and accessories to represent specific characters or deities. Please point out the part of the person in the picture that indicates his role in the festival.","In many traditional clothing festivals, refer people to specific parts of the person or thing that represents her character and indicate her pride in the images. To see"
1,0,"If we want to carefully examine the small details of an object, what tool in the picture can help us achieve that?","If we want to carefully examine the details of an object, how can small tools in the picture give us that insight? and to achieve that, we can"
1,0,"If we require a closer examination of the small details of an object, which tool in the picture could be useful?","If we need a sandier examination of the details of the object, which tool in a small picture could be useful?"
1,0,What item in this picture serves as a tool that can facilitate careful examination of the small details of an object?,"What item in this picture serves as a tool that can facilitate careful examination of the small details of an object, or draw the arrows?"
1,0,"If we want to carefully examine the small details of an object, what tool might we utilize in the picture to assist with that task?","If we want to examine the small details of an object, what might we utilize in the picture? Several tools to help us with that task."
1,0,"For closely examining the intricate details of an object, which tool in the picture can be used?","For examining the intricate details of a picture, which tool in the details of an object can be used?"
1,0,What tool in the picture could be used to carefully examine small details of an object?,What tool in the picture could be used to carefully examine small details of a scicle of an object?
1,0,"When making guacamole, it is common to mix avocados with other ingredients to create a creamy and flavorful dip. What item in the picture can be used to mix the ingredients together?","When using piccata, it is common to have other ingredients mixed together to make a flavorful and apricot dip. What are the"
1,0,"What can be utilized for mixing ingredient together while making guacamole, given that it is often necessary to combine avocados with other components to create a creamy and flavorful dip?","Why it is necessary to mix together raw and sliced avocado, given it is commonly utilized for creating an enticing mixture with spices? The following"
1,0,"When making guacamole, what tool in the picture could be used to mix the ingredients together, and create a creamy and flavorful dip?","When using cravacamole, what tool can be used to mix the ingredients in the picture together, and make a rich and flavorful"
1,0,"What tool in the picture could be utilized to mix the ingredients together in order to make a creamy and flavorful guacamole dip, where the avocadoes are commonly mixed with other ingredients?","How could a recipe like granola, be utilized in the ingredients that are used to stir together the various spicy confetti? i"
1,0,"What item in the picture is typically used to mix together ingredients while making guacamole, creating a creamy and flavorful dip?","What item is typically used to make a flavorful and creamy dip, by mixing together ingredients in creating the guacamole? scroll down"
1,0,"When driving a car, there are various indicators on the dashboard to provide information about the vehicle. What part in the picture can display the current speed of the car?","When driving a car, there are various indicators on the dashboard to provide information about the current speed. What part of the car can display? What is"
1,0,"While driving a car, many indicators on the dashboard can convey essential information about the vehicle. What region in the picture can display the current speed of the car?","While driving a car, many indicators on the dashboard can display information about the current state of the vehicle. What dimensions in the car can capture? How"
1,0,"While driving a car, what device in the picture typically provides data about the car, including its current speed?","While driving a car, what device in the picture typically provides data about the car, including its current speed,"
1,0,"When operating a vehicle, there are often several indicators on the dashboard that provide data about the car. Please point me to the region in the picture that displays the current speed of the vehicle.","When operating the vehicle, there are several indicators in the country that capture the current speed. Please point me on a dashboard that describes the vehicle. If"
1,0,"When driving a car, there are various indicators on the dashboard to provide essential information about the vehicle, such as the speed the car is moving. What object in the picture would display the current speed of the car?","When driving a car, there are various elements on the dashboard to provide information such as what the current speed of the car was in the display? How"
1,0,What in the picture could be used to secure and hold an electronic device near the user's head?,What in a digital picture could be used to secure and hold an electronic device near and near the User's head?
1,0,What item in the picture could be utilized to fasten and hold an electronic device near the user's head?,What electronic item in a computer could be utilized to fasten and hold the button near the end of the user's head? Can be derived
1,0,What in the picture is likely to be used to secure and hold an electronic device close to a user's head?,What in a picture is likely to be used to secure and hold a computer to close to the user's head? Out of »
1,0,What in the picture could be utilized to hold and secure an electronic device close to the user's head?,What is in the picture could be utilized to hold and secure an electronic device close to the user's head? Easily plug in the device?
1,0,What could be utilized in the picture to attach and keep an electronic device near the user's head?,What could be utilized in an electronic device to keep the picture near and attach and keep the user's head in the user?
1,0,What object in the picture could be utilized to secure and hold an electronic device in front of the user's head?,"What magnetic part in an electronic device could be utilized to hold and enclose the object in front of the user's head? Wrong,"
1,0,Butterflies rely on certain plant structures to obtain nutrients. What do butterflies typically feed on in order to obtain nectar in the picture?,You rely on butterflies to obtain nutrients in order to reproduce. What do butterflies typically eat in plant body? The body of butterflies is a
1,0,What do you observe in the picture that butterflies can feed on to obtain nectar and nutrients?,"What do you see on the picture that butterflies may ingest in the body to obtain nectar and nutrients? To reproduce, you can see the picture"
1,0,What objects do butterflies generally rely on to obtain nectar for feeding in the image?,What material do western flies flies need to ingest in order to provide foresharp adsorption in the image
1,0,Butterflies require particular plant structures to obtain the necessary nutrients. What is the source of nectar butterflies typically feed on in the picture?,Butterflies require roughly the correct plant nutrients to obtain in that posture. What are the sources of butterflies buried? The most important nutrients are
1,0,What in the picture do butterflies typically depend on to find nectar that provides them with nutrients?,What on the picture do butterflies typically look for in nectar that provides them with nutrients they need to thrive. 1 a. 2 b. 3
1,0,"When walking barefoot on the beach, what may leave a visible mark on the sand?","When walking barefoot on the beach, what may leave a visible mark on the sand sh?"
1,0,What might leave a noticeable impression or mark on the sand when someone walks on the beach barefoot?,"What might leave a noticeable impression or slack mark on the beach when someone walks on the sand barefoot,? We"
1,0,What might leave a visible mark on the sand while walking barefoot on the beach?,"What might leave a visible tweep on the sand while walking barefoot, and staring on the beach? It"
1,0,What may leave a visible mark on the sand when walking barefoot on the beach?,What may leave a visible swath on the sand when walking barefoot on the beach?
1,0,What might leave a visible impression in the sand when walking barefoot on the beach?,"What might leave a visible impression in the sand when walking barefoot on the beach, te?"
1,0,What might leave a visible mark on the sand when someone walks barefoot on the beach?,"What might leave a visible swag on the beach, when someone walks barefoot and barefoot on the sand?"
1,0,Suppose I am looking for books on certain topics in a bookstore. What objects in the bookstore will the employee tell me to look for to find them?,Should I look for books on the subject in a bookstore? What items do the store want to tell me to find them in certain objects? Tell me
1,0,"If you are searching for books on specific topics in a bookstore, what objects might the staff member suggest you look for to locate them?","If you are searching for specific books for a subject on the library, what items might the page staff suggest you use to find them in them?"
1,0,"When looking for books on certain topics in a bookstore, what objects would an employee typically suggest searching for to locate them?","When searching for books on a computer to target in finding particular items, what would a book handlers typically say about them?."
1,0,"If you're looking for books on specific topics in a bookstore, what objects might an employee suggest that you search for to locate them?","If you're searching for books for specific subjects that you use in a library, what items might an employee suggest to look at and locate them?"
1,0,"If you need to search for books on specific topics in a bookstore, which objects would the employee typically direct you towards to find them?","If you typically search for books for a specific business to draw students around to the store, which objects would the author attempt to get you in them?"
1,0,What object do we usually put on a table to make the room brighter?,What object do we usually put on a table to make the room brighter?
1,0,What objects are commonly placed on a table to provide additional illumination to a room?,What objects commonly placed on a table are used to provide additional illumination to a room to display on address
1,0,What object would you normally place on a table to increase the brightness of a room?,What object would you normally place on a table to increase the brightness of a room? What display to?
1,0,"Sometimes, tiny droplets of water can accumulate on the surface of plants in the morning. What in the picture can these droplets be found on?","Sometimes, tiny droplets of water can be found on the surface of plants in the morning. What these droplets can infiltrate on?"
1,0,Tiny droplets of water often accumulate on plants in the morning. Where in the picture might you observe these droplets?,Tiny drops of eucalypts usually display on the surface of plants. Where in the morning might you find these tiny drops in?
1,0,"Given that tiny droplets of water can accumulate on the surface of plants in the morning, where in the image might such droplets be found?","Where tiny droplets of water can accumulate on the surface of plants, would this explain to the reader? Given those droplets in the morning? The"
1,0,Under what objects would you normally find tiny droplets of water on plants in the morning based on the picture provided?,Under what particular plants would you normally find tiny drops of water on tablets in the morning based on the color of the pictures we enumerated
1,0,Some reptiles enjoy basking in the sun to regulate their body temperature. What animal in the picture may exhibit this behavior?,Some bing crocodiles enjoy observing the sun in their body to regulate temperature. What feature in this image may show it?
1,0,Which animal in the picture might exhibit sun-basking behavior to regulate its body temperature?,"Which animal in the picture might exhibit sun-brightening behavior to regulate its body temperature, acquiring bluff?"
1,0,"Which animal in the picture might enjoy basking in the sun to regulate their body temperature, similar to reptiles?","Which animal in the picture might like to scoff in the sun to regulate their body temperature, similar to crowsing condotes?"
1,0,Which animal in the picture may exhibit the behavior of basking in the sun to regulate its body temperature?,Which animal in the picture may exhibit the behavior of basking in the sun to regulate its body temperature? What by ask?
1,0,"Which animal shown in the picture may exhibit sunbathing behavior to regulate its body temperature, as some reptiles do?","Which animal shown in the picture may exhibit body gizzarding, as some reptiles do to slow its soaring temperature?"
1,0,Which animal in the picture may enjoy basking in the sun to regulate its body temperature?,Which animal in the picture may enjoy binging in the sun to stifle its body temperature ?
1,0,the car whose door is open,"the car whose door is open, a door that opens with open.dindind"
1,0,the objects whose body surface is covered with scales,the body objects that objects whose surface is covered with scales and sht
1,0,something indicating the brand of this car,a resembling the brand of this car and something indicating the brand of the hybrid heart.
1,0,Rowing a boat requires certain skills and techniques to propel the boat forward smoothly. What objects in the picture are essential for rowing a boat?,Rowing a boat requires certain tools and techniques to propel the boat forward smoothly. What are objects essential for rowing in a boat? The row
1,0,"To propel a boat forward smoothly, rowing requires specific skills and techniques. Please identify the essential objects in the picture necessary for rowing a boat.","To propel a boat smoothly, rowing is necessary for boating success. Please identify the essential objects and techniques attached in a rowing boat."
1,0,"In order to propel a boat forward seamlessly, proper skills and techniques must be utilized. Which objects in the picture are required for rowing a boat?","In order to propel a boat gracefully, proper tools and techniques are needed for navigating the wheel. Which rows are utilized in a diagram?"
1,0,"To row a boat effectively, certain skills and techniques are required. What objects in the picture are considered essential in the process of rowing a boat?","To properly row a boat, certain skills and techniques are essential in the process. What objects in the picture are required of rowing a boat?"
1,0,To propel a boat forward smoothly by rowing requires specific skills and techniques. What are some of the important objects in the picture that are necessary for this activity?,To propel a boat smoothly by rowing requires some important skills and equipment. What are the images of the objects that are important in this action? What
1,0,"Rowing a boat requires specific skills, techniques, and equipment. Could you identify the objects in the picture that are crucial to propelling the boat forward smoothly?","You may need specific tools and equipment that describe the aspects of propelling your boat down a rocky line. Which devices are the key?, quickly"
1,0,"When taking a photo or selfie, some people prefer to have their hair covering their forehead. What hair style in the picture can achieve this effect?","When shooting a photo or braid, most people prefer to have the hair on their head. What hairstyle in this picture can fulfil their effect? The"
1,0,"To achieve a hairstyle that allows hair to cover the forehead during a photo or selfie, which hairstyle in the image might be appropriate?","To achieve a hairstyle in which hair on the face might cover the entire face or eye, which photo hairstyle is appropriate for a selfie?"
1,0,"In photography and selfies, some people prefer to have their hair covering their forehead. What type of hairstyle in the picture could create this effect?","In portraiture and photography, some people prefer to have the skin on their heads. What type of hairstyle could create this concern? Because of the different"
1,0,What type of hairstyle in the picture will enable someone to cover their forehead when taking a photo or a selfie?,"What type of hairstyle will help a person to take a photo in the face, or cover when displaying your selfie stutter?"
1,0,"For individuals who prefer a hairstyle that covers their forehead during photographs or selfies, what hairstyle in this picture can create the desired effect?","For professional heads who prefer a hairstyle that covers their faces during photo or video, what hairstyle in this image can create desired refraction?"
1,0,"To achieve the effect of having hair cover the forehead while taking a photo or selfie, which hairstyle in the picture would be suitable?","To achieve the effect of having a selfie while covering the photo, which hairstyle in the face or head hairstray would be best suitable?"
1,0,What object on the wall can we use to check the current time?,What object on the wall can we use to test the current memory memo?
1,0,What object mounted on the wall would allow us to accurately determine the current time?,What object mounted on the wall would allow us to accurately determine the current time
1,0,What item positioned on the wall serves as a tool for checking the current time?,What item positioned on the wall serves as a tool for tassing the current time ?
1,0,What object on the wall could be used to determine the current time?,What object on the wall could be used to determine the current time?
1,0,"In the picture, what can we utilize to determine the current time?","In the picture, what can we utilize to elicit the current time? What is it used to determine intain?"
1,0,Cars are often displayed at exhibitions or showrooms for people to admire. What area in the picture might be used for displaying cars?,Cars are often displayed at exhibitions or shows for people to admire. What area in the picture might be used for displaying cars?
1,0,"Where might cars be on display in this picture, often seen at exhibitions or showrooms for people to admire?","Where cars might be seen in these pictures, often exhibited on a showcase for visitors to showrooms or industrial shows or people to admire? The"
1,0,"During exhibitions or at showrooms, cars are often showcased so that people may appreciate them. Which part of the picture may be utilized for displaying cars?","During car shows or exhibitions, many cars are commonly displayed or utilized to give an appreciation. Which part of the pictures may be showcased? Car"
1,0,"Where in the picture could you showcase cars for people to admire, such as in exhibitions or showrooms?","Where in the world could you picture a car for people to admire, such as to show off in showrooms or displaying exhibits? We have"
1,0,Where in the picture might be a potential area used for exhibiting or showcasing cars for people to view and admire at exhibitions or showrooms?,Another area might be used for exhibiting or looking at cars for a vehicle to showcase and exhibit when surrounded by the showrooms and people? The
1,0,"When showcasing cars for public display at exhibitions or showrooms, what areas of the depicted scene could be utilized for this purpose?","When showcasing public works for a parade or show, what areas of the exhibits could be displayed for utilized for these purposes? Finding locations that"
1,0,"If a person needs to go to the 2nd floor, what architectural structure in the picture should they use?","If a person needs to travel to the top of the 2nd floor, what architectural structure should they use in the picture?"
1,0,"If you need to go to the 2nd floor, which structure in the picture should be used for architectural purposes?","If you need to go to the 2nd floor, which structure in the picture should be used for archaic purposes?"
1,0,Suppose a person wants to access the second floor. What specific architectural feature in the picture would they need to utilize?,Perhaps you want to utilize the next floor? If a person in the picture would need to access. What architectural feature the client occupies? The following
1,0,"If someone wants to access the 2nd floor, what structural element displayed in the picture should they utilize?","If someone wants to access the floor in the 2nd, what structural element should we utilize? The adobe picture we viewed it."
1,0,"If someone needed to reach the second floor, what structural element in the picture would they utilize to do so?","If someone needed to erect a staircase, what structural impact would it take to reach to the second part of the picture? Is it?"
1,0,"If someone needs to go to the 2nd floor, what element of the building seen in the picture is appropriate for them to use for this purpose?","If someone needs to go to the 2nd floor in the building, what element of the picture is appropriate for them to use for this purpose? If you"
1,0,"During leisure time, what object in the living room can create an immersive audio-visual experience when paired with other electronic objects?","In home theater, what type of audio-visual piece can create an immersive experience when connected to other objects in the leisure? a. a."
1,0,"In a living room, what electronic device can be paired with others to create an immersive audio-visual experience during leisure time?","In a home office, what audio-visual device can be paired with to create immersive memories during long hours in an open environment? What is the"
1,0,"During leisure time, what item in the living room is capable of creating an immersive audio-visual experience when paired with other electronic devices?","On opening in the living room, what computer product is capable of creating an immersive leisure experience when paired with other audio-visual devices? The best way"
1,0,"During your leisure time, what device in the living room could be combined with other electronic devices to create an immersive audio-visual experience?","During your leisure time, what other device in the living room could be combined with electronic devices to create an immersive audio-visual experience? »"
1,0,What object in the living room could create a highly immersive audio-visual experience when used in combination with other electronic devices?,What unique object in the living room could create a highly immersive audio-visual experience when used in combination with other electronic audio devices?
1,0,"What object in the living room, when paired with other electronic devices, can create an immersive audio-visual experience during leisure time?","What object in the living room, when paired with other electronic devices during leisure, can create an immersive audio-visual experience? What is the difference between"
1,0,the things that a ship can hit that may cause it to run aground,the things that a ship can run that may cause it to hit aftorn a wing that can aground.
1,0,What object should we step into to take a bath in a bathroom?,What object should we spout for to take a bath into a bath in dol?
1,0,What object do we typically use in a bathroom to take a bath?,What object do we typically use in a bathroom to take a bath..
1,0,"When taking a bath in a bathroom, what structure should you step into?","When taking a bath in a bathroom, what simple structure should you take into segment?"
1,0,"To take a bath in a bathroom, what is the object we should step into?","To take a bath in a bathroom, what is the object we should step into?"
1,0,What object in the bathroom should we step into to take a bath?,What object in the bathroom should we stoop into to take a bath.......
1,0,What in the picture is most likely to be the source of the dog's wet fur?,What in the picture is most likely to be the source of the dog's wet saber?
1,0,What do you think is the probable source of the wetness in the fur of the dog in the photo?,What do you think is the probable source of the wetness of the fur in the dog in the photo...
1,0,What in the picture can be identified as the likely cause of the dog's wet fur?,What in the picture can be identified as the likely cause of the dog's wet fur ?
1,0,What in the picture can be determined as the most likely reason for the dog having wet fur?,What in the picture can be determined as the most likely reason for the dog having wet fur
1,0,What in the picture could potentially be responsible for making the dog's fur wet?,"What in the picture could potentially be responsible for making the dog's wet fawn, teema?"
1,0,What is the most likely cause of the wet fur on the dog in the picture?,What is the most likely cause of the wet fur on the dog in the picture
1,0,"If we need to paint the walls, what object in the picture can be used to climb up to reach the higher parts of the wall?","If we need to climb, what paint can be used to reach the object in the wall and cut up to the higher parts of the wall? Example:"
1,0,What object in the picture would be utilized to reach the higher parts of the wall when painting it?,What object in the picture would be effected to reach the higher parts of the wall when using it.
1,0,What object in the picture could be utilized to climb and reach the higher areas of a wall if we need to paint it?,What object in the picture could be used to climb and reach the higher areas of a wall if we need to erect it?
1,0,What in the picture could be utilized to climb and reach the higher parts of the wall when painting it?,What in many ways could be used to climb and reach the higher part of the wall when painting the picture. The sun erupted in it?
1,0,"When painting walls, it is often necessary to access high areas in order to touch up previously un-painted sections. In such circumstances, what object in the picture is used to climb up and reach these unreachable portions?","When painting unpainted panels, it is necessary to use parts to reach up and eventually climb to these unremarkable areas. What? When painting un"
1,0,What object in the picture could be used to reach the higher parts of a wall for painting or other purposes?,What object in the picture could be used to reach the higher parts of a wall for painting or other nancial purposes?
1,0,What is the most likely object that someone else has left behind?,What is the most likely object that someone else has left behind?
1,0,"Based on the context given, what object is most likely to have been left behind by someone else?","Based on the context given , what object is most likely to have been left behind by someone else?"
1,0,Can you give me a context or a scenario for where this question is being asked?,Can you give me a context or a resistance for this question or where the scenario is being asked?
1,0,What is the object most likely to have been left behind by someone else?,What is the object most likely to have been left behind by someone else? An object that was harvested by someone else?
1,0,What is the object that another person has most likely forgotten or left behind in this location?,What is the object that another person has most likely forgotten or left behind in this location
1,0,What item is most likely to have been left behind by someone else in this scene?,What item is most likely to have been left behind by someone else in this scene?
1,0,"To add embellishment to the wall or the room, what structural object is suitable for hanging decorative pictures?","To add structural embellishment to the wall or the room, what decorative object is suitable for hanging sculptural pictures? the answers. a"
1,0,What structural object could be utilized for hanging decorative pictures to add embellishment to a wall or a room?,What decorative object could be utilized for attaching decorative embellishments to a wall or a room to create modern hue to the picture? »
1,0,What structural object would be most appropriate for hanging decorative pictures to add embellishment to a wall or room?,What architectural object would be most appropriate for attaching decorative embellishment to a wall or room to generate new images and pictures? The following is a
1,0,What structural object could be utilized to hang decorative pictures and enhance the appearance of a wall or room?,What structural object could be utilized to hang decorative pictures of a wall or enhance the appearance of objects and a home? Answer..
1,0,"When decorating a wall or a space, what is the ideal structural object to use for hanging decorative pictures or embellishments?","When designing a wall or an image space, what is the ideal decorative object to use for hanging decorative pieces or embellishments? 1 Decorative objects are"
1,0,What structural object in the room is generally appropriate and suitable for hanging decorative pictures and adding embellishment to the wall or room?,What structural object in the room is suitable for attaching decorative and decorative detail to the wall and acquiring particular pictures or a room? A. A
1,0,"When picking cherry tomatoes, what part in the picture should be removed before consuming them?","When picking cherry tomatoes, what part in the picture should be discarded before consuming them before removing them. Insert"
1,0,"When picking cherry tomatoes shown in the picture, which part of the tomatoes should be removed before consuming them?","When picking cherry tomatoes shown in the picture, which part of the tomatoes should be removed before consuming them? Given those, the tomatoes are ripe"
1,0,"When picking cherry tomatoes, which part of the tomatoes displayed in the picture should be removed before consuming them?","When picking cherry tomatoes, which part of the tomatoes displayed in the picture should be discarded before reselecting them?"
1,0,"When picking cherry tomatoes, what part of the tomato in the picture should be removed before they are consumed?","When picking cherry tomatoes, what part of the tomato in the picture should be consumed before they are removed and ripened? IMPORTANT: The"
1,0,"When harvesting cherry tomatoes, what part of tomato should be removed before consuming?","When harvesting cherry tomatoes, what part of tomato should be removed before discarding? When harvesting it, resources?"
1,0,"In equestrian sports, riders and horses need to overcome obstacles to complete a course. What in the picture can be used as an obstacle for the rider and horse to jump over?","In equestrian games, athletes need to overcome an obstacle for the horse and rider to join the race? What can be used in a"
1,0,"In the context of equestrian sports, what is an obstacle that a rider and their horse could jump over, based on the picture provided?","In the context of sports, what is a race and an obstacle that every eagle could ride over, based on the query?"
1,0,"In equestrian sports, riders and their horses must navigate and overcome obstacles to complete a course. What object in the picture could be utilized as an obstacle for the rider and horse to jump over?","Within the horse race, obstacles must be utilized for cyclists and riders to enter and tackle an obstacle in the path? What could be the cause of the"
1,0,"What object(s) in the picture could be used as obstacles for riders and horses to jump over, in equestrian sports?","What object(s) in the picture could be used as obstacles for riders and horses to jump over, in equestrian sports? 1. What object"
1,0,"In equestrian sports, riders and horses face various obstacles that they must overcome to complete a course. Please identify the object in the picture that could be used for the rider and horse to jump over as an obstacle.","In alternate races, riders must observe the obstacle and obstacles that you can use to complete a ride in the horse as a tool. #####"
1,0,"During equestrian sports, riders and their horses must navigate various obstacles to complete a course. What object or feature could potentially be used as an obstacle for the rider and horse to jump over, based on the picture?","For horse racers and riders to utilize their horse as an obstacle, what type of obstacle could be created or navigate on the track? Write a"
1,0,What is the object that the person in the picture is holding onto while walking his dog?,What is the object in the picture that the person who the dog is holding onto while walking his sax?
1,0,What is the object that the person is holding while walking their dog in the image?,What is the object that the person is holding while walking their dog in the mock
1,0,"While walking his dog, what object is the person holding onto in the picture?","While walking past a person, what object is the dog holding his scaly in in the picture? The objects he can take?"
1,0,"What is the object that the person in the picture is holding onto, while taking his or her dog for a walk?","What is the object that the person in the picture is holding onto, while taking his or her dog for a walker?"
1,0,What is the object that the man in the picture using to maintain his balance while walking his dog?,What is the object that the man walking in the picture while using his dog to maintain his balance and walk?
1,0,What is the object that the person in the picture is holding onto while walking his dog?,What is the object in the picture that the person who the dog is holding onto while walking his sax?
1,0,"The winter cold can be unbearable, especially when indoors. What can be used indoors to effectively raise the indoor temperature?","The winter can be unsuitable for indoors. What can be used to rapidly raise the indoor temperature, especially when working indoors? The winter can"
1,0,"During the winter season, the cold weather can sometimes be unbearable when inside. Can you identify what object could be used indoors to effectively raise the indoor temperature?","During the winter, the cold weather objects can be easily used indoors, or can someone identify if snow can sustain the unattainable temperature? The"
1,0,"When indoors and trying to raise the temperature to more tolerable levels during winter, what is an effective option that may be utilized?","When trying to clean up the temperature and to use more during low temperatures, what alternatives that may be an effective option to avert? Located."
1,0,How can one effectively raise the indoor temperature when it's unbearably cold during winter while inside?,How can one effectively raise the indoor temperature when it's unbearably cold during winter while stuttering outside? There are
1,0,"In order to make a warm home during the winter, what household item could be used indoors to effectively improve the indoor temperature?","In order to make a warm home, what household item could be used indoors during the winter to effectively improve the indoor temperature? In order to make"
1,0,Maintaining a well-groomed lawn requires regular cutting of the grass. What object in the picture could be used for this task?,Maintaining a well-groomed lawn requires cutting of grass in the picture. What object can be used for this task type? The lawn should
1,0,What tool in the picture is typically used to maintain a well-groomed lawn by regularly cutting the grass?,How correctly a tool in the picture is typically used to maintain a well-groomed lawn by growing grasses? »
1,0,"What item would be useful for maintaining a well-groomed lawn, particularly when it comes to regularly cutting the grass?","What item would be useful for maintaining a well-groomed lawn, particularly when it comes to slapping the grass?"
1,0,What object present in the picture could be utilized to cut the grass and maintain a well-groomed lawn?,What object in the picture could be utilized to decrease the grass and present a well-grooved stowed lawn? The
1,0,What object in the picture is suitable for the regular cutting of grass and maintaining a well-groomed lawn?,What cutting gypsum is suitable for the function of putting in a well-maintained lawn and the adorning grass?
1,0,"To maintain the lawn in a well-groomed condition, which tool could be utilized for regularly cutting the grass in the image?","To maintain a well-groomed lawn, which tool could be utilized for putting grass in the condition in the scrubbing? article"
1,0,the soccer goalkeeper,the soccer sailor sa sa sa s goalkeeper. text
1,0,"In the summertime, intense sunlight can damage people's skin. What part of the hat shown in the picture can shade the face from the sun?","During the summertime, the sun's lead can shade the skin. What part of sunlight in the picture can exclude people from the shirt? The"
1,0,How can the hat shown in the picture protect someone's face from the intense sunlight during summertime?,How can the hat shown in the picture protect someone's face from the drettling sunlight during the intense sunspot?
1,0,"During the summer season, exposure to intense sunlight may cause damage to the skin. What part of the hat displayed in the image would be useful in shading the face from the sun's rays?","During the summer season, the clip used in an eye shade would cause exposure to harmful sunlight's rays on the skin. What is the"
1,0,"When sunlight is intense, it can have damaging effects on people's skin, especially in the summertime. What part of the hat depicted in the image can be utilized to protect the face from the sun?","What sunscreen is used on the face is magnified in part because of the sun, it could enhance the victim's mood? What are the effects of"
1,0,"During the summer months, intense sunlight can be harmful to the skin. What part of the hat depicted in the picture provides shade to the face to protect it from the sun?","During the summer, sunscreen provided to the sun can harm the skin. What part of the photo comes out of bright sunlight to accentuate it? The"
1,0,"When the sunlight becomes too bright in summer, it can cause damage to a person's skin. Which part of the hat in this picture may help to protect the face from the sun's rays?","When the sun hits part of the sun's rays, it can cause severe damage to the skin in this photo. Which one to wear?"
1,0,"Looking at the image, it seems that the dog is engaged in a playful activity. What part of the dog's body is likely to be holding an object during this playful activity?","Looking at the image, it appears that the body part of the dog is likely in a playful activity. What is holding this dog's activity?"
1,0,"When engaging in a playful activity, which part of the dog's body might be holding an object, based on the information presented in the picture?","When discussing a playful activity, which part of the body might be thrown in a dog's hand, given the information in the image?"
1,0,"In this image, it appears that the dog is engaged in a playful activity. During this activity, which part of the dog's body might be holding an object?","In this image, is it that the dog is holding a playful object. During this activity, the dog might appear engaged during an activity? What"
1,0,"When looking at the image, it appears that the dog is actively engaged in a playful activity. What part of the dog's body is likely to be holding an object during this playful activity?","When looking at an image, it appears the dog's body is likely to be actively engaged in this playful activity. What part of the dog's"
1,0,"During the playful activity being engaged in by the dog in the image, which part of its body might be used to hold an object?","During the playfulness of playing an image in the car, which part of the body might be used as an object by its interacting with its?"
1,0,the hardest part of the turtle,the heaviest part of the hardiest part of the turtle saverete.
1,0,What instrument in the bedroom can be used to play music and help people relax?,What instrument in the bedroom can be used to play music and folk and help people relax?
1,0,What household device can be used in the bedroom to play music and assist individuals in relaxing?,What household device can be used in the bedroom to play music and assist individuals in sleuthing to relax in the home ?
1,0,What object can be utilized to play calming music and help individuals relax in a bedroom space?,What object can be utilized to help individuals play calming music and relax in a sleeved bedroom?
1,0,"What is the instrument in the bedroom, primarily used to play music and help people relax?","What is the instrument as used in the bedroom, primarily to play music and lean and help people relax?"
1,0,What instrument is located in a bedroom and can be utilized to play music and aid in relaxation?,What instrument is located in a bedroom and can be utilized to play music and aid in relaxation
1,0,What object commonly found in the bedroom can be used to play music and promote relaxation?,What object commonly found in the bedroom can be used to play music and promote relaxation?
1,0,"In modern times, what object do people often use to listen to the radio, keep track of time, and set alarms?","In modern times, people often ask, what object do people use to listen to music, set alarms, and keep track of the time?. The"
1,0,"Which object do individuals typically use in modern times for purposes such as listening to the radio, keeping track of time, and setting alarms?","Which term did humans use extensively for things such as listening to music during time periods, setting alarms, and keeping track of the globe? A. The"
1,0,"What item do people commonly use as a means of listening to the radio, tracking time, and setting alarms in modern times?","What item do people commonly use as a means of listening to and tying alarms, recording time, and monitors in the modern era"
1,0,"Which object is frequently used by people in modern times to listen to the radio, keep track of time, and set alarms?","Which object is frequently used by people in modern times and eras to listen to the radio, set up alarms, and keep track of time?"
1,0,"Currently, what is the most commonly used object that people use to listen to the radio, keep track of time, and set alarms?","Currently, what is the most commonly used item that people use to set alarms, listen to the radio, and keep track of time, years?"
1,0,the reflection of the car,the reflection of the car and resemble the resemble. theta
1,0,Smoking is a common activity for some people while having a hot drink. What object in the picture can be used to hold the ashes of a cigarette?,Smoking is a common object in some people as part of a cigarette. How can the hot drink be used to hold the pictures? An
1,0,What item in the picture could be used to contain cigarette ashes when smoking while drinking a hot beverage?,What item in the picture could be used to contain a cigarette when smoking hot beverage while smoking smoked beets?
1,0,"While enjoying a hot beverage, some people may choose to smoke, and what is the object in the picture that could be used to contain the ashes from a cigarette?","While enjoying a hot beverage, some people may choose to smoke the glass and what is the object that is used in from a cigarette? How"
1,0,"During the act of smoking, some people prefer to have a hot beverage. Could you please tell me what item in the picture might be used to contain cigarette ashes?","During the visit, someone told us to have a button to exclude smoking. What could be used in the form of hot cigarette pieces? I"
1,0,"If someone is smoking while having a hot drink, what object in the picture could be employed to hold the cigarette ashes?","If someone is having a cigarette, what object in the picture could be used to hold the ashes while smoking hot drinks? The image is of"
1,0,"Imagine a child playing with miniature toys in a sandbox. If the child wants to create a scene with a house surrounded by water, what object in the picture would be perfect for this?","If the child wants to create a picture box with miniature toys in a sandbox, what would be an animal fighting in this? The"
1,0,"If a child intends to arrange a scene with a house surrounded by water while playing with miniature toys in a sandbox, what item in the picture is ideal for creating this scene?","If a child wants to play with miniature toys in the water, what item is ideal for constructing a scene atop an arcade? The"
1,0,"Suppose a child is playing with miniature toys in a sandbox. If they want to create a scene that features a house surrounded by water, which item in the picture would be most suitable for this activity?","If the child wants to play with a movie in a playground, which would generate a picture that is suitable for these miniature toys? step one"
1,0,Suppose a child is playing with miniature toys in a sandbox and desired to establish a setting that involves a house surrounded by water. What object in the picture would be suitable for this purpose?,Suppose a child was interested in setting up a table with toys in a tropical sand box and suitable for this purpose. What would
1,0,Suppose a child is playing with miniature toys in a sandbox and wishes to create a scene wherein a house is surrounded by water. Which object located in the image might the child utilize for this purpose?,Suppose a child wants to use the toys in a game which is situated inside a rectangle and display with his imagination in place. What would
1,0,"When traveling, people often need to store their belongings in a secure and organized manner. What object in the picture can be used for this purpose?","When traveling, people often need to store their belongings in a secure and organized manner. What object in the picture can be used for this purpose?"
1,0,What object do you suggest as an effective storage solution for securely and systematically storing personal belongings during travel?,What do you describe as a secure storage solution for securely storing and transferring personal belongings during and aftilitating?
1,0,"During travel, people frequently need a secure and organized location to store their belongings. What item in the picture could be utilized to satisfy this need?","When traveling, customers need a secure and organized place to be used to organize their needs. What item contained in this collection could conceivable? The"
1,0,"While traveling, people often require a safe and well-organized way of storing their belongings. Based on the image, what object can achieve this goal?","While traveling on their belongings, people often want a safe and well-organized environment, which can maximize the object of this task. How do you"
1,0,What object can be used to cover the window to block the outdoor light and provide privacy in a bedroom?,What object can be used to cover a window to provide privacy to the user and block the outdoor light in the bedroom? » What is
1,0,"As a smart home AI, what object could be utilized to cover a bedroom window and provide privacy while also blocking out outdoor light?","As a smart home, what could expose one computer frame to be utilized while tackling a small outdoor air stutter? I also have"
1,0,What can be placed on the windows to block outdoor light and provide privacy in a bedroom?,What can be placed on a window to block off light and provide privacy to the outdoor wines in the bedroom?
1,0,"In a bedroom, what object could be used to block outdoor light and ensure privacy by covering the windows?","In a bedroom, what object could be used to block outdoor light and ensure privacy by covering the windows?"
1,0,"As an intelligent home assistant, what object would you recommend someone to use to block outdoor light and ensure privacy in the bedroom?","As an intelligent home assistant, what object would you suggest to use to block privacy and ensure safe light in the bedroom? a computer expert. a"
1,0,What object might be used to cover a window to block outdoor light and provide privacy within a bedroom?,What object might be used to block a window to provide light shade within a bedroom and provide privacy to inside a outdoor ool
1,0,Dolphins are known for their agility and acrobatics. What in the picture will the dolphin likely jump over during a performance?,Dolphins are typically known for their explosive action and acrobatics. What will the dolphin pull in during the scout? The
1,0,"When performing, dolphins are known for their agility and acrobatics. Identify what will be jumped over by dolphins during a performance, given the picture.","When performing a show, dolphins are best positioned for their speed and agility. take over what was discovered by dolphins during the action. If"
1,0,"In dolphin shows, these marine mammals are known for their agility and acrobatics. Based on the image, what object might the dolphin leap over during a performance?","On dolphins, this dolphin is known for their aerial flinching and their performance. What activities would the animals shoot in an image? The"
1,0,"In a performance, dolphins are known for their agility and acrobatics. Please indicate what object the dolphin is likely to jump over in the image.","To describe an object the dolphin is in, note its speed and agility. Dolphins are likely to perform explosions in the image. The arrows"
1,0,"During a performance, what might a dolphin typically jump over, given their agility and acrobatics?","During a performance sacrobat, what might a dolphins typically jump over, given their strength and acuity?"
1,0,"What object is likely to be jumped over by a dolphin during a performance, given their well-known agility and acrobatics?","Which shot is most likely to be stubbed by a harpoon during a competitive game, given its advanced features and combustion?"
1,0,something that the animal can use to pierce other animals' skin,anity that the animal can use to pierce other animals' skin annit
1,0,Drawing is a common activity for children to express their creativity and imagination. What objects in the picture can be used to create drawings?,Drawing is a common activity for children to express their creativity and imagination. What objects in the drawing can be used to create picture drawings? The drawing is
1,0,Drawing is a popular activity for children that allows them to explore their creativity and imagination. What objects in the picture might be utilized to create drawings?,Drawing is a popular activity for children that allows them to utilize their imagination and creativity. What objects in the picture might be explored to draw? The drawing
1,0,"When drawing, children typically use tools to express their creativity and imagination. Could you please identify the objects in the picture that are commonly utilized to create drawings?","When children first draw, you can use objects commonly found in the drawings. Could you outline the tools to use to create pictures that express their creativity? If"
1,0,Drawing is an excellent way for children to display their creativity and imagination. What objects in the picture could be used to create drawings?,Drawing is an excellent way for children to display their creativity and imagination. What objects in the drawing could be used to create picture drawings? Drawing is a
1,0,Drawing is a common activity for children to express their creativity and imagination. Please identify the objects in the picture that could be used to create drawings.,Drawing is a common activity for children to express their creativity and imagination. Please identify the objects that could be used to create pictures in the drawing. If
1,0,"When taking a cruise along a river, passengers often want to have a good view and enjoy the scenery outside. What specific area in the picture is most likely to be designed for this purpose?","When traveling during a cruise, visitors most likely want a specific picture to be taken of the lake and have plenty to enjoy in this area. What"
1,0,"When taking a river cruise, passengers often want to enjoy the outdoor scenery. Which specific area in the picture is most likely intended to be used for this purpose?","When taking a road trip, visitors will most likely want to see which outdoor paradise is used for the purpose of this picture. Should the variety? What"
1,0,"When taking a river cruise, passengers will often want to enjoy the scenery and have a good view outside. Could you please indicate which specific area in the picture is most likely designed to meet this expectation?","During a cruise, visitors will want to closely monitor what side of the lake is most beautiful and often have the appropriate picture to give this expectation?"
1,0,"When taking a river cruise, passengers typically want to appreciate the stunning scenery outside and have a clear view of the surroundings. Please identify the specific location in the picture that is most likely designed for this purpose.","When visiting the bridge, passengers typically want to see a picture of the stunning scenery that is most suitable and provide your own characteristics in the design. A"
1,0,What area in the picture is likely to be designed specifically for passengers to have a good view and enjoy the scenery during a river cruise?,What area in the picture is specifically intended to have a good view to be able visitors to enjoy the scenery and climb during a cruise? China
1,0,"When taking a river cruise, passengers typically want to appreciate the outside scenery and have a good view. What specific area in the picture is most likely intended for this purpose?","When driving a cruise, viewers typically want to have good views and generally see the picture. What part of the surrounding scenery is appropriate for this purpose?"
1,0,What tool can be used with paper to write things down?,What tool can be used with paper to write down ?
1,0,What item is typically employed in conjunction with paper to write down information?,What item is typically used in conjunction with paper to come to coment write down information?
1,0,What object could be utilized to inscribe information on paper?,What object could be utilized to rescribe information on paper?
1,0,What writing tool is commonly used with paper to jot down notes or important ideas?,What writing tool is commonly used for paper to jig down notes with important ideas or response?
1,0,the objects that can be used to produce rhythmic sounds,the objects that can be used to produce and symbolisms to sag rhymonic sounds
1,0,Exploring a dark cave can be challenging without proper lighting. What object in the picture could provide illumination in such a situation?,"In a dark sky, what object of illumination could be useful in such a scenario? Discovering the painting can give no trouble in searching. The"
1,0,"When exploring a dark cave, proper lighting is crucial. What object in the picture could be utilized to provide illumination in such a situation?","When constructing a picture, it is crucial to escape a particular problem. What artificial light could be used in the soaring area?"
1,0,What object in the picture could be utilized to provide illumination when exploring a dark cave?,What object in the picture could be utilized to provide a great illumination when navigating a sacrificial sandbock? Look
1,0,"In a dark cave exploration, what object could provide the necessary illumination as depicted in the picture?","In a dark spheral exploration, what object could provide the necessary illumination as depicted in the picture??"
1,0,"When exploring a dark cave, proper lighting is essential to the task. Please identify what object(s) in the picture could be utilized to provide illumination in this situation.","Before locating an object in the room, you should identify what image(s) could be utilized to illuminate the problem. Good illumination is essential to the"
1,0,the cover that shields the driver's cabin,the cover that resealds the driver's saftor shields the cabin in the cab.
1,0,"Birds are known for their ability to fly, but what part of their body in the picture will they primarily use to walk on the ground?","Birds are known for their ability to fly on the ground, but what part of their body will they primarily use in the picture to walk?"
1,0,"When birds are on the ground, what part of their body in the picture will they primarily use to walk?","When birds first graze, what part of the body will they use to walk on the ground in their picture? Positive"
1,0,"Birds are widely recognized for their ability to fly, but if they need to walk on the ground, what parts of their body could they use, based on the image?","Birds are widely used for their ability to fly, but based on their image, what areas of the body could they see on the ground?."
1,0,"Birds are primarily known for their ability to fly, but when they are on the ground, what part of their body in the picture do they tend to use for walking?","Birds are mostly known for their ability to walk, but what part of their body when they are on the ground, does they use to fly? in"
1,0,"Though birds are recognized for their excellent flying abilities, what part of their body in this picture do they mainly use to walk on the ground?","While European wolves are known for their excellent looks in this sport, what part of their body do they utilize to walk on the ground? mainly ask"
1,0,"Although birds are known for their ability to fly, what part of their body in the picture do they primarily use to walk on the ground?","Although birds are known for their ability to fly on the ground, what part of their body in the picture do they primarily use to walk?"
1,0,the object used for stirring milk or coffee,the object used for sprinkling milk or coffee to styrate stra
1,0,Which object can effectively darken the room and create a suitable atmosphere for sleep?,Which object can sassoyen darken the room and create a suitable environment for the sleep?
1,0,Which object can be utilized to reduce the light level in a room and provide a more conducive environment for sleeping?,Which object can be utilized to reduce the level of light in a room and provide a more conducive environment for sleeping?
1,0,"As a smart home AI, what appliance could you advise to turn on to darken the room and establish a proper ambiance for sleeping?","As a home security AED expert, could you modify the proper lighting to turn on the couch and set something to indulge in? Why not use the"
1,0,What in the picture can be used to create a suitable environment for sleep by effectively darkening the room?,What in the picture can be used to effectively reshyming the environment by creating a suitable darkening for the room?
1,0,"As an AI-powered assistant, what object would you adjust to create a dark atmosphere that is conducive to sleeping?","As an AI assistant to a computer, what setting would you apply to create a object that is air-filled leading to drowsiness"
1,0,"In the backyard, there may be a designated area where the dog can walk and play freely. What area in the picture can be used by the dog for this purpose?","In the backyard, there may be an area on which the dog can be walked and played in this purpose. What space can the dog freely? For"
1,0,What region within the picture could be utilized by a dog to have freedom of movement and play in the backyard?,"What region within a picture could be utilized by the dog to have freedom of movement and play and push it in the backyard? Smallpox,"
1,0,"Where in the picture, can the dog be designated to walk and play freely in the backyard?","Where in the picture, can the dog be choosen to play and walk freely in the yard and saddle in the backhoe?"
1,0,What area of the scene can serve as a designated area in the backyard for dogs to walk and play freely?,What area of the backyard can serve as a designated area for horses to sleeve and play in the movie?
1,0,"Where in the picture can the dog walk and play freely within a designated area, typically found in a backyard?","Where in the home can a dog picture the frame, walk and play, typically found within a designated area in a shackle?"
1,0,"In the evening, what can be turned on in the living room to save electricity and reduce the impact on the eyes while ensuring sufficient lighting?","In the morning, what can be turned on in the bedroom to save the light while ensuring adequate lighting and reducing the impact on the eyes? The"
1,0,"In the evening, what can be turned on in the living room to ensure sufficient lighting while also saving electricity and reducing the impact on the eyes?","In the living room, what can be turned on while providing sufficient electricity to save the evening and also reducing the impact on the eyes? the vision of"
1,0,What can be turned on in the living room in the evening to ensure sufficient illumination while saving electricity and protecting eyes from excessive exertion?,What can store an electric candle in the room to ensure maximum illumination and prevent excessive inhalation while escaping from the eyes? ».
1,0,"What can be switched on in the living room in the evening to conserve energy, minimize impact on the eyes while ensuring sufficient illumination?",How can it be turned on in the kitchen to maximize energy in the night while preserving the eye? significant improvement and limited illumination. How can it be
1,0,"In the evening, which electrical appliance can be turned on to conserve electricity, reduce the strain on the eyes while also ensuring sufficient lighting in the living room?","In the evening which lighting device can be turned on, also help to conserve electricity in the kitchen while reducing the exhaustion.? The a"
1,0,"At night, what can be switched on in the living room to conserve electricity while providing ample illumination without straining the eyes?","In the bedroom, what can be switched on to provide ample ambient illumination while dripping the air without disturbing the brains? A few years ago,"
1,0,"When presenting a gift to someone, it is common to wrap it in decorative paper or material. What in the picture can be used to wrap a gift?","When showing a gift to someone, it is common to wrap it in decorative material or in a picture. What can be used to wrap the gift"
1,0,What objects present in the picture could be used to wrap a gift in decorative paper or materials when presenting it to someone?,"What objects used in the picture could be made of plastic or paper wrap to present it to someone when presenting decorative items in a gift? Here,"
1,0,"When giving someone a gift, it is customary to wrap it in decorative paper or fabric. Please identify what in the picture could be used for gift wrapping.","When wrapping a gift, it is customary to give someone something in decorative fabric. Please identify it in the box or used for gift wrapping. Can"
1,0,What object can be used to wrap a gift in decorative paper or material in the picture?,What object can be used to wrap a piece of decorative paper in edifice or material in the picture?
1,0,something that is shining,something that is shining.
1,0,"In many historical battles, warriors used a particular object to defend themselves from attacks. What item in the picture can be used as a defensive tool during combat?","During the war, what specific item in many ancient warriors was used as a defensive tool to defend themselves in battles? Use an image?"
1,0,"During many historical battles, warriors frequently used a particular item to defend themselves against attacks. What object depicted in the picture can be used as a defensive tool during combat?","During the war, what particular weapon was used as a defensive weapon in an array? Defenders often made several depictions on it to help fight"
1,0,"During many historical battles, warriors utilized a specific item for self-defense. What object in the picture could be utilized as a defensive tool during combat?","During World War II, many soldiers utilized a specific defensive item in the battlefield? What object could be molded as a tool for luck?"
1,0,"In many historical battles, warriors utilized specific equipment to defend themselves during an attack. What object in the picture could be employed as a defensive tool in combat?","During the war, many warriors utilized specific defensive components in their battles. What could be used as an artifact in action in combat?"
1,0,"In many historical battles, warriors utilized specific objects to protect themselves from attacks. What item in the picture could function as a defensive tool during combat?","During World War II, many warriors utilized specific objects in their battles. What item in the picture could function as a defensive tool against attacks"
1,0,"In many historical battles, warriors utilized a specific tool to protect themselves from attacks. Which item in the picture could serve as a defensive tool during combat?","During the war, many warriors utilized a specific weapon as a defensive tool in combat situations. What ornaments could hide in the match?"
1,0,Visitors in the waiting room will be bored and may need to temporarily place personal belongings while waiting. What furniture are they likely to use for temporary storage?,Visitors in the office will be likely to sit waiting and may need temporary storage for personal purposes. What furniture items are they discarded for? If you are
1,0,"When visitors are in a waiting room, they may become bored and seek temporary storage for personal belongings. Which type of furniture is most likely to be utilized for this purpose?","When one is confined to a living room, users are likely to go for storage and become spoiled for such occasions. Which types of furniture?"
1,0,What furniture is typically utilized by visitors in waiting rooms for temporary storage of personal belongings while they wait?,What furniture is typically used by visitors for personal belongings and storage in waiting rooms while they require reseal valuable spare rooms?
1,0,"When people are in a waiting room, they may become bored and may need to temporarily place personal belongings aside. Please identify what furniture they may use for temporary storage in this scenario.","When someone is moved into a room, they may need to store temporary storage and be aware of which items they may be locked for for subsequent crimes."
1,0,"When waiting in a room, visitors may become bored and require a place to temporarily store their belongings. What type of furniture is likely to be used for temporary storage in this situation?","When storing furniture, visitors are likely to be temporarily abandoned for a trip and let in this situation. What type of bed space may be used?"
1,0,"In a waiting room, visitors may need to place personal belongings temporarily, while they wait or may become bored while waiting. What furniture is common to use for temporary personal storage in such cases?","During common office applications, one may want to store furniture temporarily, while guests may wait or be walked away for such storage without common problems. What"
1,0,"In a cozy living room, people often sit comfortably while using electronic devices for work or leisure. What object in the picture is commonly placed on the person's lap for this purpose?","On a cozy living room, people commonly use one hand for furniture or placed securely in the person's lap during the work hours. What type of"
1,0,"In a comfortable living room, people often sit relaxed while using electronic devices for work or entertainment purposes. Which of the objects in the picture is typically placed on the person's lap for this need?","In a comfortable living room, people typically sit or stand on the computer for use during the room's tasks. Which of these decorative items is your"
1,0,"What object is commonly placed on a person's lap for work or leisure while sitting comfortably in a cozy living room, as shown in the picture?","What object was commonly placed on a person's lap while sitting comfortably in a cozy living room or office, as shown in the picture?"
1,0,"When in a comfortable living room, people often sit and utilize electronic devices for work or leisure. Identify an object in the picture that is typically placed on someone's lap for this purpose.","When standing on a table or in someone's room, you typically locate the vehicle for use and take ills designed for everyday physical exercise."
1,0,"In a comfortable living room, people frequently sit while using electronic devices for work or leisure purposes. What item is typically put on an individual's lap during this activity, as illustrated in the picture?","On an office computer, typically items are added for personal enjoyment while sitting or lying in the vehicle. What do people use in this manner?. A person"
1,0,"In a cozy living room, people often relax in a comfortable seated position while using electronic devices for work or leisure. What item in this picture is typically placed on a person's lap for this purpose?","On a seated living room, people typically use this item for selfie or exercise when in a comfortable or secure position in one's hands."
1,0,"After a day of tiring work and travel, what object in this hotel room can be used to rest on for relaxation?","After a day of tumbling on and sleeping, what object in this hotel can be used to reshape for comfortable vacation?"
1,0,"After a long day of work and travel, what can you utilize to unwind and relax in this hotel room?","After a long day of work and travel, what can you utilize to unwind and relax and savor in this hotel?"
1,0,"After a long day of work and travel, what item in the hotel room would you suggest your guests use to relax and rest on?","After a long night of work and rest, what item in the hotel would you suggest your guests use to relax and sneeze on?"
1,0,"After a long day of work and travel, what piece of furniture in this hotel room could be utilized to relax and rest on?","After a long day of work and vacation, what piece of furniture on this hotel could be utilized to help relax and rest in? I have a"
1,0,"If you need to rest and relax after a long day of work and travel, what is an object in the hotel room that can be utilized?","If you need to rest and sleep after a long day in the hotel, what is an object of travel and work that can be sparked?"
1,0,"In a park or a garden, people often need a place to sit and rest. What object in the picture could provide a comfortable sitting area?","On an in the garden, people usually need a place to sit and rest. What object in a park or comfortable area could provide a picture"
1,0,"What object in the picture would be suitable for providing comfortable seating in a park or garden, where people often need a place to sit and rest?","What specification would be suitable for a place to sit in a stairway, where people have easy access and comfortable living or napping? C"
1,0,"When in a park or garden, people often require a place to sit and relax. What object within the picture could provide such a comfortable sitting area?","When in a park or garden, people often require where to place such a comfortable and relaxed space. What image could provide the walk around? The"
1,0,"At a park or in a garden, people often require a comfortable seating area to relax and take a break. Which object in the picture could serve as such a seating area?","At a desert or in a sunny place, people would either prefer a seating area to take the walk, which can create such seating space?"
1,0,"In a park or garden, what item in the picture might furnish a comfortable place to sit and rest?","In a garden or stow, what item in the picture might enclose a comfortable place to sit and snore"
1,0,"In a park or garden, people often require a comfortable place to rest and sit. What item in the picture could be utilized as a seating area for this purpose?","On a sunny bed, people typically desire a place to sit or walk. What item in the park could be utilized as a seating area?"
1,0,something showing the identity of this car,a something showing the identity of this car shining the name of the it
1,0,"In busy city streets, traffic violations can occur frequently, and law enforcement personnel play an important role in maintaining order. What in the picture can be a means of transportation for these law enforcement personnel?","On busy streets, traffic violations can occur in the neighborhood, and law enforcement officers are an important vehicle for this in providing protection of them. What are the"
1,0,"In busy city streets, traffic violations can occur frequently, and law enforcement personnel are crucial in maintaining order. What means of transportation can be utilized by these law enforcement personnel in the image?","On streets, dangerous traffic can occur, and these are frequently utilized by law enforcement officers in the continuous manner? Law enforcement officers are innovating in the"
1,0,"In busy city streets, maintaining order is very important because traffic violations can occur frequently. What item in the picture could serve as a means of transportation for law enforcement personnel?","In a traffic congestion area, proper order is frequently displayed because delivering items can serve as an important element for police and civil authorities? What are the"
1,0,"In busy city streets, maintaining order is critical due to the likelihood of frequent traffic violations, in which law enforcement personnel play a crucial role. What kinds of transportation options can be identified for these individuals in the picture?","On the streets, proper police patrolling duties are crucial in such a moving population, because of the variety of factors individuals can pose. What are the"
1,0,"Amidst a busy city environment, traffic violations can occur frequently, and law enforcement personnel have a significant role in maintaining law and order. What in the picture can potentially serve as a mode of transportation for these law enforcement personnel?","In a setting of law enforcement, busy roads and traffic are typically dangerous for law enforcement workers. What can provide a precipitating role in the environment"
1,0,"Law enforcement personnel play a crucial role in maintaining order in busy city streets where traffic violations can occur frequently. Based on the picture, what object could be utilized as a mode of transportation for these personnel?",Police officers appear to perform important tasks in law enforcement as a convenient place for transferring these particles. What type of streets can be utilized? The number
1,0,"When attending a formal event or a convention, people often wear stylish and coordinated outfits to showcase their personal style. What item in the picture can be used to enhance the appearance of the woman's lips for such an occasion?","When discussing a person's dress or outfit, people can wear elaborate or decorated buttons to enhance the appearance of the event. What does it mean to"
1,0,"When attending a formal event or a convention, individuals often wear stylish and coordinated outfits to highlight their personal flair. Please help me identify the item in the picture that could be utilized to improve the appearance of a woman's lips to match her stylish outfit.","When attending an event, she could use customized blouses that were discussed in the column to help accentuate a woman's personal and fashionable look."
1,0,What object in the picture could be utilized to enhance the appearance of a woman's lips before attending a formal event or convention to display their personal style?,What object coloring could be utilized to enhance the appearance of a woman's lips during a formal party or to take home her personal taste?
1,0,"For enhancing the appearance of the lips while attending a formal event or a convention, what item in the picture could be utilized?","For enhancing the appearance of the skin while attending an event or a corporate presentation, what clue could be utilized in the clip? 1. The skin is"
1,0,"At a formal event or convention, people often wear coordinated and stylish outfits to showcase their personal style. What item in the picture might a person use to enhance the appearance of their lips for such an occasion?","At an event or party, people often wear framed or unique outfits to enhance the appearance of their personal occasion. What decor does that provide? The"
1,0,"On a camping trip, people often enjoy roasting marshmallows or cooking food over an open fire. What object in the picture could be used to hold the fire and create a cozy atmosphere?","Example of people cooking a fire during a camping event, could create open shackles or shine and present delicious food in the sky. What"
1,0,"When on a camping trip, what can be utilized to hold the fire and create a cozy atmosphere while roasting marshmallows or cooking food over the open fire based on the picture?","On a camping area, what can be used to cook marshmallows while enjoying a fire or cozy air and assembling the result? The best way"
1,0,"During a camping trip, what object in the picture could be utilized to contain a fire and generate a warm and welcoming ambiance for roasting marshmallows or cooking food?","During a camping trip, could the object be used to generate a warm and welcoming atmosphere for marinating fish or cooking marshmallows? The object"
1,0,"In a camping trip, what item in the picture could be utilized to hold an open fire and generate a warm and cozy environment for cooking food or roasting marshmallows?","On a camping trip, could an item be used to produce a warm and shining light and organize cozy hammocks in the fall? Then,"
1,0,Suppose you are on a camping trip where people frequently roast marshmallows or cook food over an open fire. What object in the picture could be utilized to contain the fire and create a warm atmosphere?,Suppose you are using a camp fire and observe what foods can be brought along in an open fireplace or expose the atmosphere. What tool to use in
1,0,"In Figure Skating, performers often incorporate spinning movements into their routines. What in the picture can provide stability and enable the skater to spin gracefully?","What In Skating? In practice, skaters can typically insert the skeleton into their frame and perform adaptively. What changes in skating?"
1,0,"In figure skating, spins are incorporated into routines for artistic effect. What in the picture might provide stability, enabling the skater to spin gracefully?","In skates, the figure serves as a navigation system, enabling spins to function gracefully. What might collapse in the finish? Ideally"
1,0,"In Figure Skating, the spinning movements are common and graceful. Please point me to the object in the picture that can provide the skater with stability and allow them to spin gracefully?","In the Figure Skating illustration, please give the object to the runner and they are capable and can move gracefully that provide stability in stepping?"
1,0,"In figure skating, spinning movements are frequently incorporated in routines. What object in the picture can provide stability and enable the performer to spin gracefully?","In spinning, arc arcs are frequently utilized and allow the runner to perform gracefully. What shape in the table can change in behaviors?"
1,0,"What in the picture can provide the skater with stability and enable them to execute spinning movements gracefully, which are often incorporated into Figure Skating performances?","What can be accomplished in these skating movements and allow them to slide the Skateboard upright, which is often adapted to deliver dominating results? The"
1,0,"When performing routines in figure skating, spinning movements are often incorporated. Please tell me what aspect of the picture enables the skater to spin gracefully while maintaining stability?","When executing slide dances, I know which technique is often utilized in the frame while restoring stability? Please explain sweeping the frame gracefully."
1,0,the body parts of the bird that grip onto tree branches,the body parts of the tree that girdles onto tree branches. tork tork tor
1,0,"When we manipulate an electronic document, what peripheral device do we need to enter data or instruction?","When we encrypt an electronic document, what peripheral device do we need to enter data or instruction."
1,0,"When manipulating an electronic document, what peripheral device would typically be utilized to enter data or commands?","When utilizing a computer system, what symmetrical device would typically be ejected to enter input files or document?"
1,0,"When manipulating an electronic document, what peripheral input device is needed for entering data or instructions?","When encroasing data in an electronic document, what peripheral device or instructions is needed for inserting entropy?"
1,0,"When manipulating an electronic document, what peripheral device is typically used for inputting data or instructions?","When manipulating an electronic document, what peripheral device is typically used for enumerating data or instructions?"
1,0,"When manipulating an electronic document, what peripheral device do we typically use to enter data and instructions?","When encouraging a electronic document, what peripheral device do we typically use to enter data and instructions?"
1,0,"When working with an electronic document, which peripheral device is necessary to input data or instructions?","When working with an electronic document, which peripheral device or input is necessary to insert instructions to data?"
1,0,What object can effectively block water from splashing outside the shower area?,What object can actually block water sludge in the shower?Secure odors from splurging the area?
1,0,"In order to prevent water from splashing outside the shower area, what object may be utilized?","In order to prevent water from sprinkling in the shower area, what object should be utilized before exposing the drop?"
1,0,What item could be utilized to prevent water from spreading outside the shower area effectively?,What item could be utilized to prevent water from sprinkling inside the shower area and reduces flooding cost effectively? We had a few questions
1,0,What object can be utilized to prevent water from splashing outside the shower area?,What object can be utilized to prevent water from splashing outside of the shower area?
1,0,What item can be used to prevent water from spraying out of the shower area?,What item can be used to prevent water from spraying out of the shower saf shroom?
1,0,Which of the items in the picture can effectively prevent water from splashing outside of the shower area?,Which of the items in the picture can effectively prevent water from splashing outside of the shower area? Positive to the shower?
1,0,What object can we use to control the water flow during the bathing process?,What object can we use to control the water flow during the bathing process? bath
1,0,What is the object used to control the flow of water during the bathing process?,What is the object used to control the flow of water during the bathing process?
1,0,What object can be utilized to regulate the flow of water during bathing?,What object can be utilized to regulate the flow of water during bathing? Bath b b
1,0,Which item can be used to manage the water flow during the process of bathing?,"Which item can be used to manage the water flow during the process of bathing,"
1,0,What object can be used to regulate the flow of water when taking a bath?,What object can be used to regulate the flow of water when taking a bath?
1,0,What object can be used to regulate the flow of water during the process of bathing?,What object can be used to regulate the flow of water during the process of bathing?
1,0,What appliance in a room is frequently used for entertainment purposes?,What appliance in a room is frequently used for entertainment purposes.........
1,0,What object is often utilized for entertainment purposes in a room?,What object is often utilized for entertainment purposes in a room? format
1,0,Which object is commonly used for entertainment purposes in a room?,Which object is commonly used for entertainment purposes in a room? Application
1,0,What appliance do people regularly use for entertainment purposes in a room?,What appliance do people regularly use for entertainment purposes in a room? Does display ins?
1,0,Which device typically found in a room is often used for entertainment purposes?,Which device typically found in a room is often used for entertainment purposes...
1,0,What appliance found in a room is commonly used for entertainment purposes?,What appliance found in a attic is commonly used for entertainment for entertainment purposes?
1,0,"When the owner parks the car, which part of the car in the picture will be in direct contact with the ground?","When the owner changes the car parks in the picture, which part of the part of the car will be in direct contact with the ground? If the owner"
1,0,"When parking the car, what part of the car in the picture will come into direct contact with the ground?","When parking the car in the picture, what part of the car in the picture will come into direct contact with the ground?"
1,0,"After the owner parks the car, what section of the vehicle in the picture will be in direct contact with the ground?","After the car is towed in the ground, what part of the vehicle will the company park in direct contact with the first part of the picture?"
1,0,"When parking a car, which region of the vehicle pictured would be in direct contact with the ground?","When parking a car, which region of the vehicle pictured would be in direct contact with the ground"
1,0,"When the car is parked, what part of the vehicle would be in direct contact with the ground in this picture?","When the car is in stoop, what part of the vehicle would be towed in direct contact with the ground in this picture? Do"
1,0,"When taking a dog for a walk on the beach, what part of the dog's body should be wet if it enjoys playing in the water?","When taking a dog for a walk on the beach, what part of the dog's body should enjoy playing in the water if it?"
1,0,"Suppose that you were taking the dog for a walk on the beach, which part of the dog's body would be wet if the dog enjoys playing in the water?",Which part of the dog would you enjoy taking a dog for the dog's walk if the dog was playing in the water? b
1,0,"When taking a dog to the beach, which part of its body is likely to be wet if it enjoys playing in the water?","When taking a dog to the beach, which part of its body is likely to be wet if it enjoys playing in the water?"
1,0,"When taking a dog for a walk on the beach, what part of a dog's body gets wet if it enjoys playing in the water?","When taking a dog for play on a beach, what part of the dog's legs get wet if it enjoys the water?"
1,0,"When taking a dog for a walk on the beach, if the dog enjoys playing in the water, which part of its body is likely to be wet?","Before taking a dog for a walk, if the dog likes to play in the water, which part of its body may be tropical?"
1,0,the reflection of the persons in the mirror,the reflection of the resistance of the persons in the mother in the mirror mo
1,0,"When driving at night, it is important to have proper lighting on the front of the vehicle to ensure safety. What part of the vehicle in the picture provides this lighting?","When driving on the road, it is important to have enough lighting in the front part of the vehicle to ensure the protection. What this lighting provides? The"
1,0,"While driving at night, what component of the vehicle shown in the picture provides proper illumination to ensure safety on the road?","While driving on the road, what component of the vehicle appears in the picture to provide proper illumination during cold weather to ensure safety at night? 2. What is"
1,0,"During night-time driving, which part of a vehicle is used to provide adequate lighting on the front to ensure driver safety?","During night-time driving, which part of a vehicle is used to provide adequate lighting on the driver to ensure good road safety? a."
1,0,"When driving at night, proper lighting on the front of a vehicle is essential for safety. Could you tell me what part of the vehicle in the picture provides this lighting?","When driving a car in your picture, you should determine what lighting on the front part of the vehicle provides enough light for this protection. Ever wondered why"
1,0,"When driving at night, proper lighting on the front of the vehicle is crucial for ensuring safety. What component of the vehicle in the picture provides this lighting?","When driving on the vehicle, proper lighting in this picture is crucial for ensuring safety. What light at the front of the vehicle? The light on the"
1,0,"In a classroom setting, students often engage in activities that require writing and taking notes. What object in the picture would students use to write with?","During a class assignment, students might use an engaging setting in their minds. What objects in class use that they use to write and take notes?"
1,0,"During a classroom setting, students usually engage in activities that involve writing and taking notes. What object in the picture would be utilized by students as a writing tool?","During a classroom setting, students usually engage in using objects that are used as writing tools. What step in the picture would be useful by students?"
1,0,"In a classroom setting, students often engage in activities that require writing and taking notes. Please identify the object in the picture that students would use to write.","In a classroom setting, students may use items that they take in to play. Please identify the topic in the writing that allows students to write. Reading"
1,0,What object in the picture would students typically utilize to write and take notes during classroom activities?,What object in the picture would students typically utilize to write and take notes during class activities that they use to narrate in class activities? Let us
1,0,"In a classroom setting, what object in the picture might be used by students to take notes or write?","In a classroom setting, what object in the picture might be used by students to take notes or write?"
1,0,"During classroom activities that involve note-taking and writing, what object would students use to compose their work?","During class activity that involve note-taking and writing, what items would students use to narrate their work??"
1,0,What home appliance is commonly used to store fresh and frozen food at low temperatures?,What home appliance is commonly used to store fresh and frozen food at low temperatures?
1,0,What common household appliance is typically used to store fresh and frozen food at low temperatures?,What common home sanitizer is typically used to store fresh and frozen food products at high temperatures or frequt?
1,0,What electrical appliance is typically used to preserve fresh and frozen food by maintaining low temperatures?,What electrical appliance is typically used to preserve fresh and frozen food by maintaining a low temperature and smoking temperatures?
1,0,What household appliance is usually utilized to store fresh and frozen food at low temperatures?,What household appliance is usually utilized to store fresh and frozen food at low temperatures ?
1,0,What is the commonly used home appliance to store fresh and frozen food at low temperatures?,What is the commonly used home appliance to store fresh and frozen food at low temperatures and floods?
1,0,Flowers need sunlight to grow and bloom. What in the picture can provide the necessary light for the flowers to thrive?,Flowers need sunlight to light and bloom. What fomentations are needed in the flowers to provide the light to thrive and grow? The flowers need sunlight to
1,0,"For the flowers to grow and bloom, they require adequate sunlight. Please identify which object in the picture could provide the necessary light for the flowers.","For the flowers to bloom, they provide adequate sunlight. Please identify which objects in the picture will provide the needed light for the flowers. Use a light"
1,0,What in the picture could serve as a source of light to facilitate the growth and blooming of the flowers?,What could be viewed as a source of light to help in the flowering? the flowers serve to enhance the growth and closeness of the?
1,0,What in the picture can provide the necessary light for the flowers to grow and thrive?,What in the picture can provide the necessary light for the flowers to savor and grow and thrive? What commaes in the
1,0,What in the picture can provide the necessary light for the flowers to thrive since they require sunlight to grow and bloom?,"What is the ideal light for flowers to provide the shade in the garden when they need sunlight to bloom, grow and erect? The erect"
1,0,Flowers require sunlight to grow and blossom. What in the picture might serve as a source of light that could enable the flowers to flourish?,Flowers require sunlight to bloom and flourish. What objects in the picture could serve as a source for that to lighten? The flowers are a natural
1,0,"After doing laundry, where should we put the wet clothes?","After putting in laundry, do we order wet clothes? Where should we put the wet tidal does"
1,0,"Once the laundry is done, where should the wet clothes be placed in the picture?","Once the laundry is done, where should the wet clothes be placed in the picture?"
1,0,"After doing laundry, where should the wet clothes be placed for drying?","After doing laundry, where should the clothes be hung for dry styriacing? Do I need styr"
1,0,"Once the laundry is done, where is the best place to put the damp clothes until they dry?","Once the laundry is done, where is the best place to put the damp dydro clothes until they dry?"
1,0,"After washing clothes, where should we put the wet clothing to be properly dried?","After washing clothes, where should we put the wet teeth clothing to be properly dshed?"
1,0,"After doing laundry, where should wet clothes be placed for drying?","After doing laundry, where should wet clothes be drained? Are styrs for drying?"
1,0,Many trees produce seeds that eventually grow into new trees. What part of the tree in the picture would contain the seeds that can sprout and grow into a new oak tree?,Many trees produce seeds that would sprout and grow into new trees. What part of the oak tree contains the seeds that grow in a picture? What part
1,0,"In the picture, which part of the tree tends to contain the seeds that can grow into new oak trees?","In the picture, which part of the tree tends to contain the seeds that are able to grow new oak trees into a tin?"
1,0,"In general, trees produce seeds that can sprout and grow into a new generation of trees. Based on the image presented, what part of the tree is most likely to contain seeds that can take root and develop into a mature oak tree?","Based on the tree, each tree contains seeds that are most likely to take off roots and develop into a new generation of oak trees. Can you tell"
1,0,"In the picture of the tree, what part(s) do you think would contain the seeds capable of germinating and developing into a new oak tree?","In the picture, what part(s) would you think of the oak tree to contain seeds capable of germinating and developing into a new tree"
1,0,Which part of the tree in the picture houses the seeds that can sprout and develop into a new oak tree?,Which part of the tree that is drew into the oak can sprout and produce new seeds in the new tree? The picture that enn
1,0,What object in the picture can make the air in the indoor environment fresher and more comfortable?,What object in the image can make the indoor environment of the home safteer brighter and more comfortable in the air?
1,0,What object in the picture could make the indoor air fresher and more comfortable to breathe?,What indentible object in the picture would make the home air fresher and more comfortable to suck the aereo?
1,0,What appliance in the picture could be used to make the indoor air fresher and more comfortable?,"What indoor appliqu on the home could be used to make the paint in the eye slicker, more comfortable and san?"
1,0,What object in the image can improve the freshness and comfort of indoor air quality?,"What object in the image can improve the freshness, comfort and sanitization of the indoor air quality?"
1,0,What object in the picture can promote the circulation of fresh and comfortable air in the indoor environment?,What object in the picture can promote the circulation of fresh and comfortable air in the indoor environment?
1,0,What equipment in the picture can be used to make the air quality in an indoor environment feel fresher and more comfortable?,"What equipment in the image can be used to make the air quality in an indoor environment feel more comfortable, brighter and sacrificial?"
1,0,"When someone is reading a book or a magazine and wants to take a break, they may need a specific object to mark their place. What item in the picture is commonly used for this purpose?","Before someone reads a book or take a picture for their purpose, they need a specific item to be used in the fashion. What can"
1,0,What object seen in the picture is frequently utilized to help someone mark their place when taking a break while reading a book or a magazine?,What mark placed in the picture is vital to helping someone make a distinction when taking a break seen in a book or a magazine? I
1,0,What object could be utilized to mark a reader's place when they take a break from reading a book or a magazine in the given picture?,What mark could be used to put forth when they miss a reader's picture in a book or a study in a given step?
1,0,What object in the image is frequently used to mark one's place when taking a break from reading a book or a magazine?,What mark used in the image is common when taking a place to divert one's attention from a book or a magazine?
1,0,"When someone is reading a book or a magazine, and they want to take a break, what item could they use to mark their place?","When someone is reading a book or a magazine, and they want to take a break, what item could they use to mark their place?"
1,0,What item in the picture is commonly used as a bookmark for someone reading a book or magazine who wants to take a break and come back to the same spot?,What item in the magazine is commonly used as a sticker for someone who wants to read a book or come back and visit to the same spot?
1,0,"In the picture, what object is on the ground and known for its slithering movements?","In the picture, what object is on the ground and known for its slooting spherules?"
1,0,What is the object on the ground in the picture that is known for its slithering movements?,What is the stone on the ground in the picture that is known for its sloughing movements in the evers?
1,0,What object is located on the ground in the picture and is typically characterized by its slithering movements?,What object is located on the ground in the picture and is typically characterized by its sloessing reversions?
1,0,"What's the object on the ground in the picture, and famous for its slithering motions?","What's the object on the ground in the picture, and famous for its slithering striec motions?"
1,0,"What animal, known for its slithering movements, is depicted in the picture on the ground?","What tree, known for its sloughing striation, is depicted on the ground in the picture..s"
1,0,"Ladybirds, also known as ladybugs, are common insects found in gardens and fields. What part of the ladybird's body is often brightly colored with spots?","Ladybirds, also known as ladybugs, are often found in small holes or patches. What part of the bird's skin is sensitive?"
1,0,"Ladybirds, commonly known as ladybugs, are common insects that may be discovered in gardens and fields. What component of the ladybird is frequently marked with bright spots or vibrant colors?","Ladybugs, known as ladybirds, are commonly found in areas or plants that have bright vibrant colors. What serious insect may occur? The lady"
1,0,"Ladybirds, alternatively referred to as ladybugs, are common insects frequently encountered in gardens and fields. What portion of a ladybird's physique tends to be distinctively hued and covered in spots?","Among ladybirds, particularly ladybirds, are commonly absorbed in a nest and glazed. Ladybugs' distinctive spots matter."
1,0,"Ladybirds, also known as ladybugs, are common insects that can be found in gardens and fields. What part of the ladybird's body is usually brightly colored and marked with spots?","Ladybirds, also known as ladybugs, are usually colored and prominent in nature's litter. What part of the plant can be found?"
1,0,"Ladybirds, also known as ladybugs, are common insects found in gardens and fields. What is the anatomical part of the body where the ladybird's bright spots are located?","Ladybugs, also known as ladybugs, are common insects found in the garden. What is the visible part of one's body locations?"
1,0,"Ladybirds, commonly seen in gardens and fields, have a distinctive appearance. Which part of their body is often brightly colored and spotted?","Ladybirds, commonly seen in gardens, have a distinctive color. Which part of their body is often spotted and gnarled?"
1,0,"When playing baseball, it is important to protect our feet from injuries when running and sliding. What item in the picture is specifically designed for this purpose?","When playing baseball, it is important to protect our items from injuries and sliding. What item in the picture is specifically designed for this purpose? »"
1,0,What item in the picture is intended for protecting our feet from injuries while running and sliding during baseball?,What item of the picture is intended for protecting our feet from injuries in baseball while running and jogging during slurring?
1,0,"In baseball, it is necessary to protect feet from injury while running or sliding. What object in the image is designed specifically for this purpose?","During baseball games, the object is designed specifically for the purpose of protecting against injury or sliding in it. What wood is used in this image? The"
1,0,What item in the picture is intended to protect the feet from injury during running and sliding while playing baseball?,What item of the picture is intended to protect the feet from injury during running and sliding while playing in the slouch?
1,0,"When playing baseball, what object is specifically designed to protect the feet from injuries when running and sliding?","When playing basketball, what object is designed specifically to protect the injury from specific injuries when running and sloeing. How thrown and sliding"
1,0,"When playing baseball, it is important to protect our feet from injuries when running and sliding.  Stylishly as well, in modern times. Which item in the picture is specifically designed to provide such protection?","When throwing the throws, one important consideration is when wearing it in modern times. Typically, designed specifically to protect such damage as well. In the"
1,0,the person who is currently preparing to catch the ball,the person who is currently preparing to lead the ball intro. catch the ball
1,0,"When playing video games, what object in the picture is commonly held and used to control the actions of the characters on the screen?","When playing video games, what object in the picture is commonly used to control and bind the actions of the characters sat on the screen?"
1,0,What item in the picture is typically held and utilized to control the actions of video game characters on the screen?,What item in the picture is typically held and used to control the actions of the game characters display on the video screen?
1,0,"When playing video games, what device is typically held and used to control the actions of the characters on the screen, based on the image?","When playing video games, what device is typically held and used to control the actions of the characters on the screen, based on the image?"
1,0,What item in the picture is often used to control the actions of characters on the screen when playing video games?,What item in the picture is often used to control the actions of the player when playing narrator games on the screen of video games?
1,0,"When playing video games, what controller in the picture is commonly held and utilized to manage the movements and actions of the characters on the screen?","When playing a video game, what controller is commonly used and held in the shape to control the movements and actions of the players on the screen? Read"
1,0,"In video gaming, what object is usually held in hand and utilized to control the actions of the game's characters displayed on the screen?","In video game gaming, what object is usually held in hand and used to characterize the actions of the player's objects mounted on the screen? The"
1,0,Teachers usually write key words or questions on what object during the class?,"Teachers usually write key words or words on the object during the class assignment to tell students what questions, or what response?"
1,0,What is an object that teachers regularly use to write key words or questions on during a class?,What is a key word that teachers use to write down objects or questions on their class during a class? Memory
1,0,"During a typical class, what object might teachers commonly use to write down key words or questions?","During a typical class, what teachers might use to write specific questions or answer key words? What symbols entailed?"
1,0,"During class, what object might teachers typically utilize to write down key words or questions?","During class, what key words teachers typically use to elicit? What object might help students to write down scribbles or answers?"
1,0,"During a class, what object do teachers commonly use to write down key words or questions?","During a class, what object do teachers commonly use to write down key words or questions?"
1,0,"During a class, what object do teachers often write down key words or questions on?","During a class, what words do teachers often write down or answer key questions?, What object did a scripts on?"
1,0,something that prevents the animal from getting out,something that prevents the animal from getting styed its to get out.
1,0,the objects that can illuminate the road conditions,the objects that can eectain and illuminate the road conditions the int
1,0,What should we use to prevent water from splashing around when taking a shower?,What should we use to prevent water from splashing around when taking a shower? Im sleeping
1,0,What object or tool might be used to prevent water from splashing around during a shower?,What tool or tool might be used to prevent water from sloshing around during a shower. Personal sprat
1,0,Which item can be utilized to prevent water from splashing around during a shower?,Which item can be utilized to prevent water from splashing around during a shower? Positive spray
1,0,What can be used to prevent water from splashing outside of the shower area while taking a shower?,What can be used to prevent water from sprinkling while taking a shower in the shower area during the run of the shower? I have
1,0,What can we utilize to keep water from splashing around while showering?,What can we utilise to keep water from splurging around while splurging? Breaks
1,0,What can be utilized during a shower to prevent water from splashing around?,"What can be utilized during a shower to prevent water from slooting around, sliting?"
1,0,"In a fairytale story, what object is often associated with magical creatures and can unlock hidden secrets or treasures?","In a fantasy artifact, what can result in cult creatures? It reveals hidden treasures or cryptic and secrets? What"
1,0,"In many fairy tales, what object is typically associated with magical creatures and is capable of unlocking hidden secrets or treasures?","In many fairy tales, what object is associated with magical creatures and is typically capable of unlocking secrets or hidden treasures? What is the meaning of"
1,0,"In a fairytale, what object is frequently linked with magical creatures and has the ability to unlock hidden secrets or treasures?","In a fairy tale, what comes with unique artifacts and is it able to contain unresolved keychains and secrets"
1,0,"Magical creatures in fairytale stories are often associated with what type of object, which can have the power to unlock hidden secrets or treasures?","Metamorphic creatures can have hidden secrets in what type of treasure, which are used to unlock the elusives or what? Why are metamorphic"
1,0,"In a fairytale story, which object is commonly related to magical creatures and has the power to unlock hidden secrets or treasures?","In a free themed puzzle, which object is known to encroach magical creatures and have the answers to secrets and treasures? The en"
1,0,"In many fairytale stories, a particular object is often associated with magical creatures and can unlock hidden secrets or treasures. Can you guess what that object might be, based on common fairy tales?","In fairy tales, a particular object can often be revealed based on multiple great mysteries, and can trace these hidden treasures or objects. What"
1,0,something showing the price,showing something the price
1,0,something that can be used to attack enemies from a distance,something that can be used to engulf enemies from a hexameter that can be used to attack enemies in a distance.
1,0,Birds often need a high vantage point to observe their surroundings. What in the picture provides a suitable location for birds to perch and rest?,Birds need a high point for their nests to linger and perch. What readily visible places provide a suitable location in the picture?
1,0,"What in the picture could function as a suitable location for birds to perch and rest, as they often require an elevated vantage point to observe their surroundings?","What an ideal location for birds to sit in the picture, and observe how it could frequently accentuate their peridote lines as well?"
1,0,What in the picture might provide a comfortable place for birds to perch and rest while maintaining an unobstructed view of their surroundings?,"What exactly would provide a good place for birds to rest and linger, besides maintaining an unobstructed view of their surroundings? The"
1,0,"What in the picture could serve as a suitable location for birds to perch and rest, as they often require a high vantage point to observe their surroundings?","What is the ideal location for birds to perch and observe their surroundings, as they could often take a high vantage point to look? Describe"
1,0,the musician,"the musician single syndrome to find the musician, Twine"
1,0,What in the picture can transport skiers and snowboarders up the mountain to the top of the ski slope?,What in the picture can transport skiers and snowboarders up the mountain to the top of the ski slope..
1,0,What equipment or machinery in the picture can be used to transport skiers and snowboarders to the top of the ski slope?,What equipment or machinery in the picture can be used to transport skiers and snowboarders to the top of the ski slope? The ski slope is a
1,0,What in the picture shows a mechanism used to transport skiers and snowboarders up the mountain to the top of the ski slope?,What is a picture used to transport snowboarders and skiers down the mountain to the top of the ski loop used in the ski slope? 1 The
1,0,What object can transport skiers and snowboarders to the top of a ski slope in the picture?,What object can transport skiers and snowboarders to the top of a ski slope and scroll in the picture?
1,0,What is the commonly used equipment in this picture to transport skiers and snowboarders up to the top of the ski slope?,What is the commonly used equipment in this picture to transport skiers and snowboarders up to the top of the ski slope or the ski slope?
1,0,"In snowy weather, driving can be challenging due to limited visibility. What part of the car in the picture is used to illuminate the road ahead and improve visibility?","In snowbound weather, driving can be difficult due to bad visibility. What part of the car in the picture is designed to enhance traffic and optimize? The"
1,0,"When driving in snowy weather, visibility is often limited, making it challenging. What part of the car in this picture would be utilized to illuminate the road and enhance visibility?","When driving on snow, the driving problem would be characterized in this fashion. What part of the car is easy to explore and enhance visibility? The driving"
1,0,"During snowy weather, visibility is typically reduced, which makes driving more difficult. What part of the car in the picture is used to illuminate the road ahead and improve visibility?","During snowfall, car is usually centered in the snow and makes the road more slippery. What parts of the picture use to improve visibility,?"
1,0,"What part of the car in the picture is used to illuminate the road ahead and improve visibility, particularly during times of limited visibility such as snowy weather?","What part of the car is used to illuminate the road in the right view and improve visibility, such as during stormy times of winter? cc"
1,0,"When driving under snowy weather conditions, visibility can be a major challenge. What part of the car displayed in the picture is typically utilized to light up the pathway ahead and improve visibility in such circumstances?","When driving up the road in winter, one color is typically utilized to highlight the visibility and close up of such obstacles in this scenario. What color will you"
1,0,Driving in snowy weather can be challenging due to limited visibility. Which part of the car in the picture is typically utilized to illuminate the road ahead and enhance visibility?,"Driving in the snow can be tricky, typically due to snow visibility. Which part of the car is positioned to enhance the picture?.."
1,0,What in the picture can be worn on the feet to glide smoothly on the pavement or floor?,What on the pavement can be worn to spruce the foot in a picture or worn smoothly on the horizon or floor?
1,0,What object in the picture can be used to glide smoothly on the pavement or floor when worn on the feet?,What object in the picture can be used to glide smoothly on the pavement or shoes when slayed on the floor or foot? the sl
1,0,"What type of equipment, which can be worn on the feet to promote smooth sliding on the pavement or the floor, can be identified in the picture?","Which type of equipment, can be used to promote smooth sliding pavement on the feet or on the floor, can be identified in the picture? The following is"
1,0,What object can be worn on the feet in the image to move smoothly on the pavement or floor?,Which object can be worn on the floor in the image to move smoothly on the ground or feet in the aprid?
1,0,Can you tell me what object in the picture can be worn on the feet to glide smoothly on the pavement or floor?,Can you tell me what object on the concrete step can be worn to acclimate easily on the floor in the stair or foot? The
1,0,What object in the picture should be worn on the feet to move smoothly across the pavement or floor?,"What object in the picture should be worn on the floor to move smoothly across the feet, pointing to the pavement or stoop?"
1,0,"Many people like to watch movies on TV, but the sound from the TV itself may not be loud enough or of good quality. What device in the picture can enhance the sound from the TV?","Many people like to watch movies from the TV, but the sound in the box could not enhance the video or be of good quality. What is the best"
1,0,"While many people enjoy watching movies on TV, the TV's sound may not be loud enough or of high quality. What object in the picture can be used to enhance the TV's audio?","While many people watch or enjoy movies on the TV, the object may not be used high enough to enhance the TV's sound quality? What is the"
1,0,"When watching a movie on TV, some people may find the sound from the TV itself insufficient or of poor quality. What device in the picture could be used to enhance the TV sound?","When viewing a movie from the TV, some device could be used to alter the quality of the movie. Is it good or in poor quality?"
1,0,"If someone wants to watch a movie on TV, but the sound from the TV itself isn't loud enough or is of poor quality, what device in the picture could be utilized to improve the sound?","If someone wants to watch a movie from it but the sound isn't sufficient, what device on the TV could be utilized in poor quality?"
1,0,"Assuming this is a restaurant kitchen and the chef finds that there is not enough food, and needs to inform the restaurant staff promptly to notify the customers. Which device in the picture is the chef most likely to use for instant communication?","If this is the restaurant restaurant that is most likely to have the kitchen checked, and requires the customer to supply enough communication in order to prompt people. What"
1,0,"Suppose that this is a kitchen within a restaurant and the chef realizes there isn't enough food. To quickly notify the restaurant staff so that they can alert the customers, which object within the picture would the chef most likely utilize for instant communication?","A restaurant that when the customer realizes this is within the kitchen, and could allow there is enough food to quickly convince the customer staff. Which Is"
1,0,"As the chef in a restaurant kitchen, if you discover that there is an inadequate amount of food, and you need to communicate with other staff promptly to inform customers, which device present in the picture would be the most appropriate for instant communication?","Who is using a kitchen cabinet, and if there is an obvious quantity of food that is appropriate in order to communicate with the customer, why?"
1,0,"In the given scenario of a busy restaurant kitchen where the chef discovers there isn't enough food, and prompt communication with the restaurant staff is essential to notify the customers, what device in the picture could the chef likely use for instant communication?","In what scenario in the kitchen is a chef not careful with, and displaying enough video communication to prompt the chef to store the customers, the probability"
1,0,"Suppose it is a restaurant kitchen, and the chef finds that there is not enough food and needs to inform the staff quickly to notify customers. Which device in the picture is the chef likely to use for prompt communication?","Suppose the restaurant is in a kitchen that is capable of helping customers, and there is no notification to the restaurant manager to contact quickly. What clue"
1,0,"Suppose this is a restaurant's kitchen, and the chef discovers that there isn't enough food, necessitating a notification to the staff to promptly inform the customers. Based on the picture, which device is the chef most likely to employ to facilitate quick communication?","Which is the restaurant's first phone, assuming that the restaurant is capable of providing enough food to inform the customer, and to initiate a prompt"
1,0,"In formal events, people often wear accessories to enhance their outfits. What item in the picture is typically worn around the neck to complement a formal attire?","On formal outfits, people typically wear something to complement their everyday attire. What accessory is worn to augment the collections in the neck? What is the most"
1,0,"Formal events often require the use of accessories to enhance an individual's outfit. What attire accent is typically sported around the neck to compliment a formal outfit, as indicated by the image?","One occassion dresses are commonly used to enhance an individual's appearance by giving off the neck, as accessories appropriate to the outfit? What"
1,0,"At formal occasions, people often wear decorations to embellish their outfits. Which object in the picture is usually worn around the neck to accent a formal ensemble?","On formal occasions, people often wear pendants to accentuate the decor. Which ornament is worn in the neck to represent an outfit? A pendant is"
1,0,"What item would one typically wear around the neck to complement formal attire during events, as seen in the picture?","What item would one typically wear to complement traditional attire at the aprage, as seen in pictures open during the evening?"
1,0,"In formal events, people often wear accessories to enhance their outfits. What is the item in the picture that is traditionally worn around the neck to complement formal attire?","In formal attire, people wear accessories to enhance the evening wear. What is the item that was commonly worn in traditional outfits? The accessories are a"
1,0,What item could we use to complement our formal attire when attending formal events usually worn around the neck as an accessory in this picture?,What accessory could we use as a display item to complement our formal attire when attending formal events usually worn over the neck in this picture? The neck is
1,0,something that can fly out of the earth,bitan so something that can fly out of the earth bitan
1,0,"If it's very sunny outside, what object can effectively block the sun to let light enter lightly from the window?","If it's sunny outside, what object can effectively block the light coming from the sun and give light to thorsefully enter window?"
1,0,"If it's very sunny outside, what object in the picture can be utilized to block direct sunlight, while still allowing a certain amount of light to enter through the window?","If it's light in the window, then what simple object could be placed in the picture to allow a large amount of sunlight while escaping?"
1,0,What object could be used to effectively block sun rays from coming in too strongly through a window during very sunny weather but still allow for some light to enter?,what object could be used to block some bright sunlight from coming in through a window but thereby allow bugs to sway very quickly? What is
1,0,Suppose it's very sunny outside and you want to block the sun while still allowing some light to enter through the window. What item can be used for this purpose?,Suppose it's sunny outside the window and you just want to allow some light to enter the frame. What item can be used for this purpose?
1,0,"On a bright sunny day, what object could be utilized to effectively block the sun while allowing light to enter the room?","On a bright sunny day, what object could be utilized to block the sun while enabling light to quickly edwards the room?"
1,0,"On a very sunny day, what object can be used to effectively block out the sun while allowing light to gently filter into the room through the window?","On a slick window, what object can be used to gently block out the sun while also allowing sunlight to penetrate the room? The object"
1,0,the area on the tennis rackets used to strike a tennis ball,"the area on the tennis rackets used to strike a tennis ball in a sand., tennis balls used to gri"
1,0,the ring with the largest width,the ring with the largest width sync syst scin
1,0,"During a solar eclipse, the Moon passes between the Earth and the Sun, blocking the sunlight. What object in the picture can be responsible for creating the shadow and causing the eclipse?","In an eclipse, the Moon can pass between the Earth and the Sun, blocking the sunlight. What object is responsible for creating the eclipse? the shadow of"
1,0,"During a solar eclipse, the Moon passes between the Earth and the Sun, blocking sunlight. What celestial body or object throughout the image can cast a shadow and cause an eclipse?","During a solar eclipse, the moon passes between the Earth and the Sun and causes an eclipse. What anchoring light object or image? Can damage"
1,0,"What might be responsible for the creation of a shadow during a solar eclipse, resulting in the blockage of sunlight?","What might be responsible for the blockage of a shadow during a solar eclipse, resulting in the creation of aflutter of sunlight?"
1,0,"What object in the image might be responsible for casting the shadow and causing a solar eclipse to occur, during which the Moon passes between the Earth and the Sun and blocks sunlight from reaching the Earth?","What event might be attributed to the Earth and causes the Earth to take light off the path between the Moon and the Sun, in forming sunlight?"
1,0,The Earth is orbited by man-made objects that serve various purposes. What in the picture is specifically designed to orbit the Earth and carry out specific tasks or missions?,The Earth is orbited by man-made objects that carry out specific functions or missions. What specifically is designed to orbit the Earth and answer the questions
1,0,What object in the picture is specifically constructed to be placed in orbit around the Earth to execute specific missions or operations?,What specific object in the image is constructed to be positioned in orbit around the Earth to take revolvations or missions to execute operations?
1,0,What object in the picture is specifically designed to orbit the Earth and carry out various missions and tasks?,What object in the picture is specifically designed to reshape the Earth and carry out various missions and tasks and appoint?
1,0,"Within the image provided, what is the object that is specifically designed to orbit around the Earth and execute certain tasks or missions?","Within this item, what is the axis that is designed specifically to orbit around the moon or execute the objects and objects during one or multiple missions?"
1,0,Which object in the picture is intended to orbit the Earth and perform specific tasks or missions?,Which object in the picture is intended to orbit the Earth and perform specific tasks or missions? Phantom or?
1,0,"As an AI assistant, please help me identify the object that is specifically designed to orbit around the Earth and perform specific tasks or complete missions.","As an AI assistant, please assist me to do an application that is designed specifically to navigate around the Earth and identify specific objects or repeat missions. You will"
1,0,"In the wild, animals often exhibit specific behaviors and adaptations that help them survive in their natural habitats. What part of the animal in the picture can be used for defense and aggression?","In the wild, animals often have specific behavioral traits and adaptations that can help them survive in their environment and attack. What part of the animal is"
1,0,Which body part of the animal in the picture can be used for defense and aggression in the wild?,Which body part of the animal in the picture can be used for defense and aggression in the wild?
1,0,"In the wild, animals often exhibit behaviors and adaptations that help them survive in their natural habitats. Which part of the animal in the picture is used for defense and aggression?","In the wild, animals in part of the habitats often show adaptive behaviors and techniques that help them survive in their defense and car. Which animal is most"
1,0,"What part of the animal in the picture is an adaptation that can be used for defense and aggression, allowing it to survive in the wild?","What part of the acorn is an adaptation in the video, allowing it for aggression that can be used to survive and grow in the wild?"
1,0,"What part of the animal shown in the picture could be utilized for both defense and aggression, as observed in the wild?","What part of the animal shown in the picture could be utilized for both defense and aggression, as observed in the wild,?"
1,0,Navigating on the sea can often be dangerous due to various hazards. What in the picture could pose a threat to humans?,Traveling on the sea can be dangerous in many ways. What could easily pose a threat to humans because of the hazard? Check out the
1,0,"In a maritime setting, there are many hazards that can pose dangers. Based on this image, please identify what objects might threaten human safety?","In a maritime setting, there are many hazards that could pose dangerous dangers. Based on this image, please identify what objects can protect human? A"
1,0,"During sea navigation, there can be numerous hazards and risks. What in the picture could potentially pose a threat to humans?","During many Google maps, there could be a threat to the landscape. What in the picture could pose hazards and potentially dangerous hazards? The following is"
1,0,There are often numerous hazardous factors in sea navigation. What objects in the picture might pose a threat to people?,"There are often many hazardous factors in the navigation picture. What objects in fluttering?, could pose a threat to people?"
1,0,"When navigating on the sea, there are usually various hazards that could pose threats to humans. Based on the picture, what could be some of these potential hazards?","When climbing the mountains, there are several potential hazards that could pose threats on the humans. Based on what could be some of these hazards, it is important"
1,0,What would you consider hazardous to human navigation in the picture owing to challenges that may arise when navigating on the sea?,What would you consider unique to human navigating on the ice because of hazards that may arise in the struggle when navigating on earthish? What would
1,0,"When driving on the road, we often encounter different types of vehicles. What type of vehicle in the picture is commonly used for public transportation and has two levels?","When driving on the road, we often encounter different types of vehicles in the picture. What type of vehicle is used for public transportation and has two levels?"
1,0,"When driving on the road, we often encounter a diverse range of vehicles. Among those, which type of vehicle in the picture is commonly used for public transportation, featuring two levels?","When driving on the road, we commonly encounter a variety of vehicles, one of which is suited for private use in the picture. What driving range"
1,0,"Vehicles come in many shapes and sizes, and we typically encounter a variety of them while driving on the road. In this picture, which form of transportation is common for public use, and typically features two levels?","We typically encounter one vehicle in a variety of shapes and sizes, and these forms are useful for transportation on many roads. Where cross the road? Take"
1,0,"When driving on the road, we often come across a variety of vehicles. What type of vehicle in the picture is frequently employed for public transportation and includes two levels?","When driving on the road, we often come across a variety of vehicles. What type of vehicle in the picture is employed for two public transportation? Many"
1,0,"In the picture, what type of vehicle is frequently used for public transportation and often features two levels when driven on the road?","In the picture, what type of vehicle is often used for public transportation and features two levels when driven on the road, often parked in the game?"
1,0,"When driving on the road, we often see different types of vehicles. What type of vehicle is depicted in the image that is commonly used for public transportation and has two levels?","When driving on public roads, we see two types of vehicle that is commonly used in the transportation category. What type is depicted and gives images?"
1,0,"In a city landscape, what structure serves as a connection between two areas separated by a river?","In a city landscape, what structure serves as a connection between two areas separated by a river? Mount"
1,0,"In a city landscape, what structure serves to connect two areas separated by a river?","In a city landscape, what structure appears serves to connect two areas separated by a river? a"
1,0,"In a city landscape, what type of structure typically functions as a link between two areas separated by a river?","In a city landscape, what type of structure typically functions as a link between two different areas encased by a river?"
1,0,"In a city landscape, which structure typically serves as a connection between two areas that are separated by a river?","In a city landscape, which structure typically serves as a connection between two areas that are separated by a river? In a city"
1,0,"In the context of a city landscape, what type of structure is commonly used to connect two areas separated by a river?","In the context of a city landscape, what type of structure is commonly used to connect two areas separated by a river or?"
1,0,What structure typically acts as a connection between two areas separated by a river in a city landscape?,"What structure typically acts as a connection between two rivers separating in a river landscape between two areas, separated by a city or a?"
1,0,the buildings that offer a scenic view,thetrocyt the buildings that offer a seen and scenic view
1,0,"When riding a dirt bike, it is important to protect the head from potential injuries. What object in the picture can help ensure the safety of the motorcyclist's head?","When driving a dirt bike, it is important to protect the head from the potential injury of the motorcyclist's head. What causes the head"
1,0,What item in the picture could be used to protect a motorcyclist's head from injury while riding a dirt bike?,What item in the article could be used to protect a dirt bike from tearing off a motorcycle racer's head? ».
1,0,What item in the picture can be used to ensure the safety of the motorcyclist's head while riding a dirt bike?,What item can be used to ensure the safety of the dirt bike when riding a dirt bikeclimber's head? The following information is for
1,0,"While riding a dirt bike, it is crucial to protect the head against possible injuries. Which item in the picture can assist in safeguarding the head of the rider?","While riding a dirt bike, it can be crucial in protecting the head from the injury. Which item can assist the rider? The following list of"
1,0,"When riding a dirt bike, it is crucial to protect the head from potential injuries. Could you suggest what item in the picture can assist in keeping the safety of the motorcyclist's head during a ride?","On what color bike is, it is helpful to protect the head when riding a particular motorcyclist's head during the injury. Could you use"
1,0,"In an equestrian competition, what objects would the horse and the rider need to jump over as part of the course?","In an equestrian course, what obstacles would the horse and the rider need to swoop as part of the race? The students"
1,0,"In an equestrian competition, what obstacles do horses and riders need to jump over as part of the course?","In an equestrian race, what obstacles do horses and riders need to hoop as part of the competitions in the course?"
1,0,Can you identify the objects that a horse and rider would be required to jump over as part of a course in an equestrian competition?,You could select what a horse and horse trainers are required to engage in a race as part of a path in an equestrian
1,0,What objects are typically included in an equestrian competition course that the horse and rider must jump over?,What elements are typically included in a equestrian competition course that the horse and rider must stoop and overgrow?
1,0,"During an equestrian competition, what objects will the horse and rider be required to jump over as part of the course?","During an equestrian competition, what metal will the horses and rider be required to ejib as part of the course?"
1,0,What in the picture provides a fun and bouncy surface for children to play and jump on?,What in the picture provides a fun and bouncy surface for children to play and hunch on?
1,0,What in the picture provides a fun and bouncy surface for children to play and jump on?,What in the picture provides a fun and bouncy surface for children to play and hunch on?
1,0,What object provides a fun and bouncy surface for children to play and jump on in the picture?,What object provides a fun and sexy surface for children to play and jump and bount in the picture?
1,0,What could provide a fun and elastic surface for children to jump and play on in the picture?,What could provide a fun and elastic surface for children to jump and stoop on in the picture and play the t? I
1,0,What provides a fun and bouncy surface in the picture for children to play and jump on?,What provides a fun and bouncy surface for children and girls to play and jump on in the picture ?
1,0,What object in the picture might provide a fun and bouncy surface for children to play and jump on?,What object in the picture might provide a fun and bouncy surface for children to play and teetlin on?
1,0,the lock of the car doors,the lock of the door of the car tures tures t
1,0,What is the object that displays the current time on the wall called?,What is the object that displays the current time on the wall called?
1,0,What is the device called that indicates the current time and is generally mounted on a wall?,What is usually called a spherule and is the device that indicates the current current is maintained on the wall?
1,0,What do you call the item on the wall that displays the current time?,What do you call the item on the wall that displays the response? result
1,0,What is the name of the object that often hangs on the wall and displays the current time?,What is the name of the object that often hangs on the wall and displays the current time
1,0,What is the term for the object on the wall that presents the current time?,What is the term for the object on the wall that presents the fool time?
1,0,What is the common name of the device commonly mounted on the wall that displays the current time?,What is the common name of the device commonly mounted on the wall that displays the current time Mount the time?
1,0,"In the picture, there is a tall wooden structure that is carved and often found in certain cultures. What is this structure called?","In the picture, there is a tall wooden structure that is often carved and found and called in some cultures. What is this structure?"
1,0,"What is the name of the tall wooden structure, often intricately carved, that is commonly found in certain cultures and present in the picture?","What is the name of the square catwalk, commonly found in some ancient civilization, that is intricately shaped and present in the pictures? Often"
1,0,"What is the name of the tall wooden structure that is often carved and frequently encountered in some cultures, as seen in the picture?","What is the name of the ancient wooded shape that is naturally carved and often seen in the picture, and encountered in many cultures?"
1,0,"What is the name of the tall wooden structure, which is often intricately carved and can be found in some cultures, as shown in the picture?","What is the name of the tall wooden figure, which is often found in nature and can be intricately carved in the modern images,? A."
1,0,"What is the name of the tall, normally-carved wooden structure found in some cultures that can be seen in the picture?","What is the name of the tall, traditionally-leaved wooden structure seen in some villagers that can be found in the picture?"
1,0,"In the picture, a tall wooden structure that is often found in certain cultures and is usually carved. What is the name for this structure?","In the picture, a tall wooden structure that is usually carved. What is the name for this structure and is found in many cultures. We have"
1,0,the people whom i don't know between my leftmost and rightmost friends,the people whom i don't know between my leftmost and rightmost friends i manit friends
1,0,It is currently very hot inside the room. What object can be used to adjust the indoor temperature to a comfortable level?,It is currently very comfortable inside the room.How a certain object can be used to adjust the indoor hot air temperature to a comfortable level?
1,0,What object could be used to adjust the indoor temperature to a comfortable level if it is very hot inside the room?,What object could be used to adjust the temperature outside of the indoor room to a very comfortable level if it is aft hot?
1,0,"If it's very hot inside the room, then what object can be used to adjust the indoor temperature to a comfortable level?","If it's very cold inside the room, then what object can be used to adjust the indoor temperature to a comfortable level?"
1,0,"As a smart home AI, what object would you activate to regulate the indoor temperature to a comfortable level, given that the current temperature is high?","As a smart AI, what object would you activate to set the indoor temperature to a comfortable level, given that the current temperature is high? I"
1,0,What could be used to adjust the indoor temperature to a comfortable level if it's currently sweltering in the room?,How could it be used to adjust to the indoor swimming pool temperature if it's completely comfortable in the soaring to a level?
1,0,"As a smart home AI, what object would you suggest using to adjust the indoor temperature to a comfortable level, given the high temperatures in the room?","As a smart designer, what would you suggest attempting to adjust the indoor air temperature to a high level, given the comfortable environments you have?"
1,0,What object provides a platform for us to place the computer when using it?,What object provides a platform for us to place the computer when using it?
1,0,"When using a computer, what object could be utilized to provide a platform for it to rest on?","When utilizing a computer, what stdiots could be used to provide a platform for it to rest on? The"
1,0,"When using a computer, what object might provide a platform for it to rest upon?","When creating a pc, what objects might provide a result to rely on it?"
1,0,"During computer use, what item provides a platform on which to place the device?","During computer use, what product provides a platform on which to place the item, aspx to use the device?"
1,0,What is the object that offers a surface area for us to place the computer on during its use?,What is the object that offers a computer surface area for us to place aspx on it during the user?
1,0,"When a plane is ready to land on the airport runway, what area in the picture will it eventually touch down on?","When a plane is ready to land on the airport runway, what area in the picture will it eventually touch down on?Turning on"
1,0,"When an airplane is ready to land on an airport runway, what part of the runway would it ultimately glide onto?","When an airplane is ready to land on an airport runway, what part of the runway would it ultimately glide onto? The runway is a paved area"
1,0,"Where on the runway will a plane typically touch down when it is ready to land at an airport, based on the picture?","Where on the driveway will a plane typically run down when it is ready to land at an airport, based on the touch of the picture? The"
1,0,What specific area on the airport runway will a plane eventually touch down on when it's preparing to land?,"What specific area on the runway on a flight will the airport eventually have to touch down when it's preparing to land down? Consider, for"
1,0,What specific portion of the area pictured would an airplane ultimately touch down on when preparing to land on the runway?,What portion of the map pictured on the area should an airplane attempt to complete and sustain what debris typically kicking up during the drive? The map below
1,0,"If I want to enter another room and it has a closed entrance, which part of the image should I approach and open?","If I want to enter a room and have image which it is open, and which part of the adway should I exit?"
1,0,Suppose you wish to enter another room with a closed entrance. What would you approach and open in the picture?,Suppose you wish to open a room with another entrance. What would you approach and enter in the closed. What you can tack in picture
1,0,"If you wish to enter an enclosed room with a closed entrance from your current location in the picture, which area of the image should you approach and open?","If you wish to enter an enclosed room with a current location in the picture, which area of your image should you open and exit from the picture?"
1,0,Suppose you want to access a separate room with a closed entrance. Which area in the picture would you approach to open and gain entry?,Suppose you want to open a room with an access entry. Which area in the picture would you choose to extend to the wall and gain entry?
1,0,"If you want to enter another room and the entrance appears to be closed, what is the appropriate area in the image to approach and open?","If you want to enter a room and exit and the image appears to be closed, what is the appropriate area to appease in the opening?"
1,0,"Suppose you want to move to a restricted area within an edifice, what region in this picture should you approach and open?","Suppose you want to move to an area within an edifice, what country should you choose to open and in this image? I"
1,0,"When working in a garden, it is common to transport and spread mulch or soil to nourish the plants. What object in the picture would be most useful for transporting these materials?","When assembling a plant or garden, it is common to transport and scatter ashes in the soil. What would be useful for transport these items?"
1,0,"If you were working in a garden and needed to transport and spread mulch or soil to nourish the plants, which object in the picture would likely be the most useful for this purpose?","If you were working in a garden and needed to scatter and spruce the soil, which object or structure would be the most useful? To"
1,0,"When working in a garden, it is typical to move and spread mulch or soil to nourish the plants. What object in the picture would be most effective for the transportation of these materials?","When assembling a plant, it would be most useful for the landscape to move in or recycle the soil. What are the measures of margarine"
1,0,"When gardening, mulch and soil are often transported and spread to nourish the plants. Which item in the picture would be most helpful in transporting these materials?","When planting in the garden, which type of mulch is most helpful to transport and savor the items and crops they are drawn in. Can you"
1,0,"When people are in a waiting room and need to throw away a candy wrapper, what object in the waiting room can be used to put the candy wrap in?","When people are putting in a room and need to hide in the candy wrap, how different items in the candy wrap can be used?"
1,0,"In a waiting room, what is the item that can be used to dispose of a candy wrap if necessary?","In a waiting room, what is the item that can be used to dispose of a candy wrap if and necessary?"
1,0,What is the object in the waiting room that people can use to throw away their candy wrappers?,What is the object in the waiting room that people can use to toss away their candy snufflees? The wrapper
1,0,"If someone in a waiting room needs to discard a candy wrapper, what is the object in the waiting area that can be used for that purpose?","If someone in a candy store needs to open the waiting room, what is the object in the receptacle that can be used for that"
1,0,"What item, commonly found in a waiting room, could be utilized by someone who needs to dispose of a candy wrapper?","What item, commonly found in a candy store, could be needed by someone who wished to dispose of a reseazer?"
1,0,Where would you dispose the candy wrapper in a waiting room?,Where would you store the reselecting candy in a tin container? Wait forty
1,0,Flying in the air can avoid many obstacles and greatly improve commuting efficiency. What form of transportation in the picture can accomplish this?,Flying in the air can reduce distraction and easily accomplish many tasks. What type of transportation in the road can yield superior commutation? The following
1,0,"It's hard to cover a long distance in busy traffic, and an efficient way to travel is by flying through the air. Identify the means of transportation in the picture that achieves this.","It's hard to travel through large distances, to do that. The shape of an efficient transport is the result in navigating through the air."
1,0,"What mode of transportation in the picture can enable flying in the air, enabling users to quickly navigate around obstacles and increase commuting efficiency?","What mode of commuting can enable motorists to navigate in the air, enabling easy entry in the obstacles and reducing downfall efficiency?"
1,0,What form of transportation in the picture is capable of flying through the air and can improve commuting efficiency by bypassing obstacles?,What form of transportation by the picture is capable of commuting through the air and can improve traction efficiency by overcoming obstacles in the wind?
1,0,"What mode of transportation in the picture can enable flying in the air, avoid obstacles, and improve commuting efficiency?","What mode of moving in the air can allow escaping obstacles in the road, prevent commutation, and improve acclimate efficiency?"
1,0,"What mode of transportation, found in the picture, can facilitate travel through the air to avoid obstacles and improve commuting efficiency?","What mode of transportation, found in the box, can facilitate travel through the air while avoiding obstacles and improve commuting efficiency? Figure 1. The"
1,0,"If we were to transport a large quantity of vegetables from a farm to a grocery store, what item in the picture could we use to store and transport them?","If we were to transport a large quantity of vegetables to a grocery store, what item could we use in the road to store and transport them?"
1,0,"In the event that we need to transport a large number of vegetables from the farm to a grocery store, what object in the image could be used for storage and transportation purposes?","In the event that we need to transport a large number objects from the farm to a grocery store, what measurement could be used in the transport?"
1,0,"If we were to transport a significant quantity of vegetables from a farm to a grocery store, what item in the picture could we use for storing and transporting them?","If we were to transport a small quantity of vegetables from an item in a grocery store, what could we use for storing and driving them?"
1,0,"If large quantities of vegetables need to be transported from a farm to a grocery store, what in the picture might be used to store and transport them?","If large quantities of vegetables are used in a grocery store, what to bring to a small farm to store and transport them? 1 a."
1,0,"Suppose we need to transport a large quantity of vegetables from a farm to a grocery store, what object in the picture would be suitable for storing and transporting them?","Given what the dimensions of a vegetable crop should be to transport a large item in a grocery store, we could send and transporting them."
1,0,Suppose we need to transfer a large quantity of vegetables from a farm to a grocery store. What item in the picture might be used to store and transport these vegetables?,Here should be used to transport a large quantity of vegetables from a grocery store. What parcel may be moved in the store and to use them?
1,0,something that keeps food and coal separated,anity that keeps food and coal and sphered something single
1,0,"When we are in a skyscraper and looking out of the window, what beautiful sights can we see reflected on the glass?","When we are out of a window and looking in a skyscraper, what beautiful glories can we see on the canvas? The"
1,0,"When gazing out a skyscraper's window, what beautiful sights can be seen reflected on the glass surface?","When looking out on a skimmering glass door's wall, what beautiful scapes can be reflected in the sky?"
1,0,"If someone is inside a skyscraper and looking out of the window, what beautiful sights can be observed that would be reflected on the glass?","If someone looks out of a skyscraper and walking on the glass, what beautiful reflections would be observed that can be hidden in the window"
1,0,What beautiful sights can we see reflected on the glass when we are in a skyscraper looking out of the window?,What beautiful sights can we see on a skyscraper looking in the glass when we are reflected out of the window.
1,0,"When gazing out of the window of a skyscraper, what magnificent views might we observe that are reflecting on the glass?","When gazing down the mirror of a skimmer, what magnificent vases might we observe that are focusing out of the snow?"
1,0,"When we are inside a skyscraper and peering out through the window glass, what beautiful exteriors or views might we observe being reflected in the glass panels?","When walking down an outdoor glass porch and wandering through the glass panels, what color might we be observing in the painters? How do you use"
1,0,"What furniture can be used to store important office documents, such as contracts and agreements?","What furniture can be used to store important office documents, such as contracts and agrees and agreements"
1,0,"When you wake up in the morning, your hair is usually messy. What do you use to adjust your hairstyle?","When you wake up in the morning, your hair is usually messy. What do you use to adjust your hairstyle? For mistake, you can use"
1,0,What do you typically use to adjust your hairstyle in the morning when your hair is messy?,You typically do what your hairstylist wants you to use to adjust your haircare when you break in the morning.? What sa
1,0,"When you wake up in the morning, your hair is often disheveled. What tool do you typically use to modify your hairstyle?","When you wake up in the morning, your hair is typically recollected. What tool do you use to modify your hairstyle? If you"
1,0,"After getting up in the morning, what tool or product would you utilize to arrange your hair?","After stepping up to get out of the shower, what tool or procedure would you utilize to arouse your hair? How many hours? The"
1,0,"When you wake up in the morning and your hair is messy, what tool or item do you use to adjust your hairstyle?","When you wake up in the morning and your hair is scappy, what tool or item do you use to adjust your hairstyle?"
1,0,What object would you normally use to fix and style your hair after waking up with a messy hairstyle in the morning?,What exterior object would you normally use to fix and style your hair after waking up with a witty hairstyle in the morning? s
1,0,the objects that protect people's heads when impacted,the objects that elated and protect people's heads when they assailable torn.
1,0,"In order to keep a hat in good shape and within easy reach, what object in the picture can be used to hold the hat securely on the wall?","In order to hold the hat in good shape and easy to use, what object on the hat can be kept in a hidden picture?"
1,0,What object in the image could you use to securely hold a hat and keep it in good shape within easy reach on the wall?,What object in the image would you use to make a good hold on the wand and secure it easily with easy access to the wall? I
1,0,"In order to keep a hat in good shape and within easy reach, what object can be utilized in the picture to securely hold it against the wall?","In order to protect the hat in the perfect state, what object can be used to hold it in close and easily accessed near the wall? Simple"
1,0,What item in the picture could be utilized to maintain the shape of the hat and keep it within easy reach by securely attaching it to the wall?,What item could be utilized in the picture by secureing it to the wall and easily take it to the edge of the hat near the notch?
1,0,What object in the picture could be utilized to securely hold a hat on a wall and keep it in good condition and within easy reach?,What object on the card could be used to hold a coat in a convenient place and be extremely secure and get full picture to it?
1,0,"For the purpose of ensuring that a hat remains in good condition and is easily accessible, what item in the picture could be utilized to securely attach the hat to a wall?","For the purpose of ensuring that a hat is properly placed in the pocket, what item could easily be worn and be utilized to close the wall"
1,0,"In a recording studio, there are various types of equipment used to capture and enhance audio. What part of the equipment is used to adjust the volume levels and blend different audio sources together?","On a video recording equipment, there are various pieces of equipment used to use to blend and enhance the audio. What types of volume settings are different?"
1,0,"Within a recording studio, there are various tools involved in capturing and improving audio quality. Which component of the equipment is used to mix different audio sources together and make volume adjustments?","Within a recording studio, there are various tools used to mix and extract the output of audio and recording quality. Which parts are involved in making adjustments?"
1,0,What part of the equipment in a recording studio is utilized to adjust the volume levels and blend various audio sources together?,"What part of a recording equipment is utilized in the studio to adjust the volume levels of various audio sources, and blend the tracks together?"
1,0,"In a recording studio, there are various types of equipment used to capture and enhance audio. Which component of the equipment is typically utilized to adjust the volume levels and blend different audio sources together?","On a recording system, there are various types of equipment used to blend and enhance the audio. Which equipment is typically adapted to extract audio volumes?"
1,0,What is the part of the equipment in the recording studio that's primarily responsible for blending different audio sources together and regulating the volume levels?,"What's the part of the audio equipment in the recording studio that is primarily responsible for blending the music together and regulating volume levels?,"
1,0,What equipment is typically used in a recording studio to regulate the audio volume and merge various audio sources together?,What audio recording equipment is usually used in a studio to restructure the audio source to deal with multiple digits and varying volume?
1,0,Flowers have different parts that contribute to their beauty. What part of the flower is responsible for supporting and connecting the blossoms to the rest of the plant in the picture?,Flowers have different blooms in their pictures. What part of the flower is responsible for connecting and contributing to the beauty to the rest of the plant? The
1,0,"In the picture, which part of the flower is responsible for supporting and connecting the blossoms to the rest of the plant?","In the picture, which part of the flower is responsible for connecting and supporting the blossoms to the roots to the rest of the plant? The flower is"
1,0,Which part of the flower in the picture is responsible for supporting and connecting the blossoms to the rest of the plant?,Which part of the blossom in the picture is responsible for supporting and connecting the blossoms to the rest of the plants to the plant? a. The
1,0,What part of the flower in the picture is primarily responsible for supporting and connecting the blossoms to the rest of the plant?,What part of the flower in the picture is primarily responsible for supporting and connecting the blossoms to the rest of the plant
1,0,What is the part of the flower in the picture that is responsible for supporting and connecting the blossoms to the rest of the plant ?,What is the part of the blossoms in the picture that is responsible for supporting and connecting the flower to the rest of the plant ?
1,0,What part of the flower is responsible for connecting and supporting the blossoms to the rest of the plant in the picture?,What part of the flower is responsible for connecting and supporting the blossoms to the rest of the plant in the picture?
1,0,"When setting the dining table for a formal dinner, what object in the picture would typically be used to serve and enjoy a bowl of soup?","When setting a formal dining table for dinner, what object in the picture would typically be used to serve the bowl and of a soup? smile."
1,0,"When arranging a formal dining table for a dinner, which object in the picture would usually be employed for serving and enjoying a bowl of soup?","When arranging for a formal dining table, which object would usually be used in the image for a bowl of serving up a dinner? I"
1,0,"In setting the dining table for a formal dinner, what item from the picture could typically be utilized to serve and savor a bowl of soup?","When setting up a dining table, what item is typically favored from the table to serve a bowl of soup and pour the wine? What is"
1,0,"During a formal dinner, which object from the picture would typically be used to enjoy and serve a bowl of soup?","During the selection from a bowl, the object would typically be used to serve and enjoy a piece of soup aa?"
1,0,"In cold weather, dogs may need extra protection to keep them warm. What object in the picture can a dog wear to provide warmth during snowy walks?","On cold weather, dogs may need extra warmth to protect them. What is the image that could give dogs a coat to wear during warm walks?"
1,0,"During cold weather, dogs may require additional protection to keep them warm. Please identify the item in the picture that a dog can wear to stay warm during snowy walks.","Upon purchase, you must identify an item to keep the dog warm. Dogs may be comfortable to wear in those walks during warm snowy weather."
1,0,"In order to keep a dog warm on a snow day walk, what object displayed in the picture can be worn by the dog?","In order to keep a dog warm on a snow day, what object in the paint picture can be viewed walked by the dog?"
1,0,"During colder weather, dogs may require additional protection to keep them from getting too cold. What item could a dog wear to keep them warm during snowy walks, as seen in the picture?","During warmer weather, dogs may require certain accessories to keep them warm during the winter walk, as seen in a photo. Can I lose lying?"
1,0,What item in the picture could be used to keep dogs warm and provide additional protection during walks when the weather is cold and snowy?,What item in the picture would be useful when used to protect dogs and provide additional comfort during the weather when it gets cold and snowy? ap
1,0,"During cold weather, dogs may require additional warmth to keep them comfortable. Based on the picture, which item could a dog wear to stay warm during snowy walks?","During winter, dogs may purchase a particular coat to keep them comfortable while they are warm. Given what features dog walk for during warm summers,"
1,0,"In a world where digital communication dominates, people may still enjoy writing by hand. What object in the picture can be used to make handwritten notes or letters?","In a world where digital communication is made by hand, people still prefer to make notes. What intricate text or picture can be used in handwriting?"
1,0,"Although digital communication is prevalent, some people still appreciate handwritten notes or letters. Please identify the item in the picture which can be used for this purpose.","Although digital signage is not widely used, some people wish to use the words. Please identify the item in your picture for this or alterations."
1,0,"Despite the prevalence of digital communication, many people still enjoy writing by hand. What object in the picture could be utilized for the purpose of creating handwritten notes or letters?","Despite the popularity of writing letters or letters, few realize the purpose of using hand on hand. What object could be created for use in the digital picture"
1,0,"Although digital communication is now prevalent, some individuals may still find handwriting to be enjoyable. What object in the picture could be used for making handwritten notes or letters?","Although electronic typing has become prevalent, some handwritten objects could be useful to make the day. What attachments can be used in print or picture?"
1,0,"In this era of digital communication, people may still enjoy the act of writing by hand. Please identify the object in the picture that could be utilized for creating handwritten notes or letters.","During this era of digital communication, someone may appreciate the item in the hand that could be used by hand. Log into creating pictures or documents."
1,0,"While digital communication dominates in today's world, some people still enjoy writing by hand. What item in the picture might be utilized to create handwritten notes or letters?","While computer graphics dominate the message in today's world, what might be a little people commonly acquire by hand? Many printed or written letters, love"
1,0,In what part of the room can we put things to make sure they don't litter on the floor and are easy to find?,Next what part of the house can we put things in the floor to make sure they don't lube and are easy to find? If fabric
1,0,Where is the best location in a room to place items to ensure that they are easily accessible while also preventing clutter on the floor?,Where is the best location to place items in a room to ensure that they are easily accessible while preventing clutter from the front?
1,0,"To ensure that items do not create clutter on the floor and remain easily accessible, where in the room can they be placed?","To ensure that items on the floor do not become clutter and easily appear in the room, where can residable they be accessible?"
1,0,Where in the room can we place objects to prevent them from cluttering the floor and to make them easily locatable?,Where in the room can we place objects to prevent them from dredging the floor and to make them easily reselectable? The
1,0,What part of the room is often utilized for organizing belongings to prevent them from cluttering the floor and to make them easy to locate?,What part of the room is often utilized for cleaning to prevent items from clogging their drawers and to make them easily accessible to the living? A
1,0,"Sheep are often found in grassy fields, and they provide a valuable resource that is highly valued for its warmth and softness. What part of the sheep is used to make woolen products?","Cow-eye is often found in grasses that are rich in wool, and they provide a valuable part of the soil quality and wear. What"
1,0,Sheep are frequently found in grassy fields and viewed as a vital resource due to their warmth and softness. Could you specify which part of the sheep is commonly utilized in the manufacture of woolen products?,"Mulch are commonly found in the range of weeds, considered an essential part of crops because of their softness and useful development. Can you locate"
1,0,"Sheep are commonly found in grassy fields, and they provide a highly valued resource for their warmth and softness. Please tell me which part of the sheep is utilized to make woolen products?","She asked what is a widely used part of our hardwoods, and they are abundant for use in soften and yieldy crops. Are you looking"
1,0,Sheep are commonly found in grassy meadows and provide a highly-regarded resource prized for its warmth and softness. What specific aspect of the sheep is used to produce woolen goods?,Wild yams are widely cultivated in its enclosure and provide a light-colored hue to livestock and livestock products. What is yam
1,0,"Sheep are commonly found in grassy fields and provide valuable woolen products, known for their warmth and softness. Which part of the sheep is typically utilized to create these products?","Raw woolens are commonly found in sheep, which are useful to provide their warmth and naturalize the crops. Which part of these products? The wool"
1,0,"When we are in a coffee shop and want to enjoy our drink while walking around, what object in the picture can we use to hold our beverage securely?","When we are in a coffee shop and want to enjoy our drink while walking around, what object can we use to hold our beverage in the picture?"
1,0,What item can be used to carry a drink securely while walking around inside a coffee shop based on the picture?,What item can be used to carry a coffee drink based on a picture securely inside the shop while walking around on a prank?
1,0,"If you want to hold your coffee cup securely as you walk around a coffee shop, what object in the picture can you use?","If you want to hold your coffee cup securely in a coffee shop, what object around the picture can you use as you walk around? The arrow"
1,0,"If we want to take our drink and stroll around the coffee shop, what object in the picture can we use to securely hold our drink?","If we want to take our drink and stroll around the coffee shop, what object in the picture can we use to securely hold our drink? the â"
1,0,"When we are in a coffee shop and want to take our drink on the go while strolling around, what item from the picture can be utilized to hold the drink firmly and prevent it from spilling?",When we are sitting in a coffee cart and want to use it on the go to prevent the drink from spilling along the drink? What item precisely
1,0,"If we desire to carry our coffee while walking within a coffee shop, what object in the picture can be used to hold the beverage securely?","If we desire to carry our coffee within a coffee shop while walking in the picture, what object can be used to hold the beverage securely? The object"
1,0,"In urban areas, there are often structures that stand out from the surrounding buildings due to their height and architectural design. What objects in the picture fit this description?","In urban areas, there are buildings that often stand out from the surrounding areas due to their height and architectural design. What images fit in this picture? The"
1,0,"In urban areas, there are often unique buildings that stand out from the surrounding structures due to their height and architectural design. What objects in the picture resemble those buildings?","In urban areas, there are often buildings that stand out from the surrounding buildings due to their unique design and architectural appearance. What shapes apply those images? In"
1,0,"Urban areas are often characterized by tall structures with unique architectural designs that stand out from surrounding buildings. Based on the image, what objects could fit this description?","Urban buildings are often characterized by tall buildings and structures that fit the unique architectural styles. Based on images from this collection, what would appeal? Why is"
1,0,"Within urban areas, there are often structures that stand out from the surrounding buildings due to their height and unique architectural design. Could you please identify the objects in the picture that suit this definition?","Within the urban areas, you can identify buildings that stand out from the surrounding landscape due to their unique shapes and strict architectural design. Could someone give you this"
1,0,"In urban areas, what features of the buildings often stand out from the surrounding structures due to their height and architectural design?","In urban arid buildings, what features of the buildings often stand out from the surrounding areas due to their height and their architectural design?"
1,0,"In urban areas, certain architectural structures stand out due to their height and unique design compared to surrounding buildings. Which objects in the picture meet this description?","In urban buildings, certain architectural styles stand out compared to adjacent buildings in the area, due to their unique shapes and display design. Which answer this?"
1,0,Which device in a room can print out material and put hard copies of documents in the hands of viewers?,Which device in a room can put material in the hands of hard workers and print out copies of documents in apex to the viewers?
1,0,"What object in a room is capable of producing hard copies of documents, thereby providing viewers with a physical copy of the material?","What object in a room is capable of producing hard copies of a document, thereby providing viewers with a physical copy of the material?"
1,0,"What is the name of the device can generate and print material, offering hard copies of documents for viewers in a room?","What is the name of the device for hard copies of a document? Computer users can produce and print presentations, displacing people into the room"
1,0,"In a room, what object can be used to produce hard copies (prints) of documents, thereby making them tangible and easily accessible to viewers?","On a project, what objects can be used to make tangible copies (prints) of photographs, thereby rendering them easily accessible to an audience."
1,0,What device can be found in a room that can produce hard copies of documents and provide viewers with a physical printout?,"What physical device can be found in a room that can produce hard copies of a document, or provide viewers with a printout?"
1,0,What device found within a room is designed to print out materials and provide hard copies of documents to viewers?,"What device attached to a piece of paper is designed to provide hard copies, and print out photographs as readable to users and worldviewers?"
1,0,"Passages between rooms are usually not sealed, leading to poor insulation or noise reduction between rooms. What can improve the sealing and noise-reduction qualities of a door passage in the picture?",Repairs between sealed doors and doors in a painting. Not many painting techniques can increase the noise-resistance degradation of the door width.
1,0,"Passages between rooms are often unsealed, which can impact both insulation and noise reduction between rooms. What can be utilized to enhance the sealing and noise-reducing capabilities of a door passage in the image?",solutions between doors and windows are often accessed in combination. What can enhance the air-absorbing and resealing efficiency of a door
1,0,What aspect of the door passage in the picture could be improved to enhance the sealing and noise-reduction qualities between rooms?,What aspect of the treatment door frame in the pictures could be adapted to enhance the noise-reduction and shifting qualities between windows?
1,0,What can be used to improve the sealing and noise-reduction qualities of a door passage in the image?,What can be used to improve the sealing and noise-reduction qualities of a door passage in the frame in a image?
1,0,"Passages between rooms are usually not properly sealed, leading to poor insulation or noise reduction capabilities. What in the picture can be utilized to improve the sealing and noise-reduction qualities of a door passage?",Similar pictures are often obtained to improve the air-conductivity and sealing characteristics of a door frame. What is lacking in sealing solutions? The following
1,0,How can we enhance the sealing and noise-reduction properties of the door passages in the given picture?,How can we enhance the sealing and noise-resistance properties of the affixed window tees in the picture?
1,0,What object in the picture can we use to place items such as food or drink during a meal?,What object of the picture can we use to place items such as food or drink in a meet during a meal? How
1,0,What object in the picture could be used to hold food or drink during a meal?,What object in the picture could be used to hold food or drink during a meal?
1,0,"During a meal, what object in the picture might be used to hold items such as food or drink?","During a meal, what object in the picture might be used to hold items such as food or drink?"
1,0,"During a meal, what object in the picture could be utilized to put various items, such as food and drink?","During a meal, what object in the picture could be utilized to put various items of food, such as coffee and snuff?"
1,0,What object in the picture could be utilized to place food or drink items on during a meal?,"What object in the picture could be utilized to place food or drink items on during a meal,,,,"
1,0,What item in the picture can be utilized as a surface to place food or drinks during a meal?,What item of the surface can be utilized as a sand or drink to place a food in a picture during meals?
1,0,the fried food,the new fresh fried food and dried tefill
1,0,"If we need to store a large number of books, what object in the picture should we use for storage?","If we need to store a large number of books, what object in the picture should we use to set it for resale? The"
1,0,What object can be used for storage when there's a need to store a large quantity of books?,What object can be used for storage when there's a need to store a large quantity of items?
1,0,"If we have to store an extensive collection of books, which object in the picture should we use for storage purposes?","If we have to store an adrift of items in the picture book, which frame should we use for archival purposes? To store this"
1,0,"If we need to store a large number of books, what object(s) in the picture could be used for storage purposes?","If we need to store a large number of pictures, what object(s) in the folder could be used for business purposes?"
1,0,"If we need to store a large number of books, what object in the picture could we use for organizing them?","If we need to store a large number of objects in the computer column, what enumeration could we use for assembling them? How"
1,0,What in the picture appears to be the ideal item to use for storage if you need to store a large number of books?,What in the picture appears to be the right item to use for a large storage space if you need to store a number of books?
1,0,Crows are known for their intelligence and curiosity. What part of the crow in the picture would most likely be used to observe its surroundings and gather information?,Crows are known for their sense of sight and curiosity. What element in the nest would most likely be used to gather information and examine its surroundings? The
1,0,Crows are known for their intelligence and curiosity. What part of the crow in the picture would likely be used to observe its surroundings and gather information?,Cilia are known for its curious eyes and sense. What part of the animal in the crow would be used to gather information and attract attention?
1,0,Crows are known for their intelligence and curiosity. Which part of the crow in the picture would most likely be utilized to observe its surroundings and gather information?,Crows are most likely used in the garden to recognize its surroundings and gather their attention. Which part of the crow could come and discover?
1,0,"What part of the crow in the picture would most likely be utilized to observe its surroundings and gather information, given that crows are known for their intelligence and curiosity?","What part of the crow used in that picture is most likely to gather information concerning its surroundings and recognize its arrows, for effort."
1,0,"Crows are known for their intelligence and curiosity, so what part of the crow in the picture would most likely be used for observing its surroundings and gathering information?","Crows most likely are used for their sight and gathering information, so what part of the crow would describe its curiosity and observing skills?"
1,0,"Given that crows are known for their intelligence and curiosity, what part of a crow in the picture could it potentially use to observe and gather information about its surroundings?","Given what four objects in the brain are known about a crow, could it use to locate and share information about its surroundings and their curiosity?"
1,0,"In the picture, we can see that there is a body of water surrounded by a forest and trees. What man-made structure might be present in this area to control or manage the flow of water?","On the picture, we see there are a body of water that could store and control this forest or trees? What structure is engaged in and flow."
1,0,"In the given picture, I can see a body of water surrounded by a forest and trees. What specialized structure might be located in this region to manage or control the flow of water in the area?","In this picture, I could see a tree or structure surrounded by water in the region. What specific control is providing and processing the water in this"
1,0,"In the picture, we can observe a body of water encompassed by a forest and trees. Are there any man-made structures that might be present in the region to manage or control water flow?","In picture, there are some man-made structures encased in the water and could control or produce a body of trees that emerge. Hi"
1,0,"In the picture, we observe a body of water surrounded by forests and trees. Could you identify any human-made structures that could be present in this area to manage or regulate water flow?","On the map, you could observe a body of water contained in plants and animals that provide for water and visualize these interstruct structures?"
1,0,"Given the picture depicts a body of water surrounded by a forest and trees, what artificial structure might exist in this environment to regulate or manage water flow?","Given the picture depicts a body of water contained in trees or trees, what artificial environment might be around this structure to contain and regenerate water."
1,0,"If we were planning a road trip and needed a vehicle to carry our belongings and provide a place to sleep, what type of vehicle in the picture would be most suitable for this purpose?","If we had a vehicle to provide a place for our lives and needed a stroll, what type of vehicle would be most suitable in the picture"
1,0,"If we were preparing for a road trip and wanted a vehicle that could transport our belongings while also offering a place to sleep, what type of vehicle in the picture would be best suited for this purpose?","If we were preparing for a road trip and wanted a vehicle that would fit the purpose of belonging in this vehicle, what is especially appealing?"
1,0,"If you were planning a road trip and required a vehicle that could accommodate your belongings and serve as a sleeping quarters, which type of vehicle in the picture would be most appropriate for such a purpose?","If you were planning on a road vehicle and would use such a vehicle as a sleeping companion, which size would most accommodate the requirements? What"
1,0,"If we were going on a road trip and required a vehicle that could transport our belongings and also provide a place to sleep, which vehicle from the image would be the most suitable for this purpose?","If we were moving a vehicle from the road and want a place to give that which would also be suitable for our livelihood, which images? The"
1,0,"If you were intending to embark on a road trip, and you required a vehicle that would accommodate your luggage and also serve as a sleeping quarter, which type of vehicle in the picture would be the most suitable choice for this purpose?","If you were embarking on a road and chose a luggage that would also serve as the suitable size for your bedroom, what scenario would result in"
1,0,the only fruit with different color,the the only fruit with different color. color
1,0,"When we want to surprise someone with a gift, we often put it in a decorative wrapping. What in the picture could be used to package a gift?","When we want to surprise someone with a gift, we usually wrap it in a decorative package. What could be used to put in the gift?"
1,0,What object in the picture could be used to wrap a gift decoratively?,What object of a picture twill be used to clone a gift to the sailor? It could relate precisely
1,0,Objects that could be used to wrap up and present a gift in a visually appealing manner.,"Objects that could be used to enliven and bring up a resemblance in a visually appealing, functional way."
1,0,What item in the picture can be used to wrap a gift and make it aesthetically pleasing?,What item in the picture can be used to make it a decorative choice for a tattling and it visually resemble
1,0,"When we want to surprise someone with a gift, we often put it in decorative wrapping. Can you help me identify an item in the image that could be utilized to package a gift?","When we want to gift an item, you often describe something helpful to wrap it in a picture that could enable the recipient in a gift. Can"
1,0,"When we want to give someone a surprise gift, we often wrap it with a decorative wrapping material. Please tell me what in the picture could be used to wrap a gift?","When you tell us something to wrap a picture, we often give a gift. What could be used to wrap this in the decorative fabric? We"
1,0,"In a roller skating competition, the safety of the skaters' knees is a priority. What object in the picture should be worn to protect the knees during the competition?","In a roller skating competition, the right of the skaters to protect the skates is important. What objects are worn during the competition? That"
1,0,"During a roller skating competition, the safety of the skaters' knees is a top priority. What item in the picture should be worn to protect the knees during the competition?","On a roller skating competition, the safety of the shoes is the highest priority. What items should be worn during the roller skating competition? The skateboard"
1,0,"In a roller skating competition, protecting the safety of skaters' knees is a top priority. What item in the picture should be worn to safeguard the knees during the competition?","On a roller skater competition, protecting the bottom of the skates is the priority. What apparel should be worn during the competition? The skater"
1,0,"In a roller skating competition, what object should be worn to safeguard the knees of the skaters?","In a roller skating competition, what object should be worn on skaters to protect the knees of the skimmers?"
1,0,"In a roller skating competition, the safety of the skaters' knees is a priority. Please tell me what object should be worn to protect the knees during the competition, according to the picture.","When wearing a skate competition, the skates are sized. Please tell me the decision to protect the opponent's shoes during the competition. If"
1,0,"In a roller skating competition, what type of protective gear should skaters wear to protect their knees, and where in the picture can such gear be located?","In a basketball competition what type of protective gear should skaters wear, and from where can such gear be located? On the slide, the skate"
1,0,A clean and hygienic city environment requires the participation of every citizen. Which opening of the bin in the picture should the garbage be thrown into?,The sanitary environment of the city requires a clean and attractive view. Which opening of the garbage to be thrown in the bin? Does the
1,0,Can you tell me to which opening of the bin in the picture the garbage should be thrown for maintaining a clean and hygienic city environment?,"Is telling you which window for the cistern to be used in the interior of the garbage can keep a clean, vibrant climate?"
1,0,"In order to maintain a clean and hygienic urban environment, every citizen must participate. Which opening of the bin should be used to deposit garbage, as shown in the picture?","In order to maintain good and urban hygiene, every garbage container must be disposed of, as the winner shown in the picture? How do you use"
1,0,"To maintain a hygienic and clean city environment, what part of the bin depicted in the picture should be utilized when throwing away garbage?","To maintain a clean and sanitary environment, what part of the garbage disposed in the picture should be used when removing gallons? Ask"
1,0,"To maintain a clean and hygienic urban environment, it is necessary for everyone to play their part. Which opening on the bin in the picture should be utilized for the purpose of depositing garbage?","To clean and maintain an organized and beautiful environment, it is necessary for the user to take part in the trash when opening the picnic box. Which of the"
1,0,"In a library or bookstore, where can we find a variety of books neatly organized for browsing and borrowing?","In a library or bookstore orn, where can we find a variety of books neatly organized for browsing and borrowing?"
1,0,"As an AI language model, I can guide you where to locate a broad range of books that are neatly organized for browsing and borrowing in a library or bookstore. Where should we head to?","When you are a broad reader, I can guide you to a variety of books that are suitable for shelving and browsing in a mall. How"
1,0,"In libraries or bookstores, where are the books typically arranged in a systematic manner to allow for ease of browsing and borrowing?","Where are books and books typically arranged in a system of libraries for easy browsing or browsing, in order to effectively patrons? When a library"
1,0,"At a library or bookstore, where might we locate an orderly and diverse collection of books available for browsing and borrowing?","At a library or bookstore, where might we locate an online reselectable collection of books on offer for searching and browsing?We"
1,0,Where can we locate a variety of books arranged neatly for browsing and borrowing in a bookstore or library?,Where can we locate a variety of books arranged neatly for browsing and borrowing in a bookstore or library?
1,0,"While waiting for a consultation or interview, we cannot stand all the time and will need to rely on what object to sit down temporarily?","While waiting for a consultation or interview, we cannot rely on what to stand and will need to sit down and turn occultively?"
1,0,"When waiting for a consultation or interview, we may need to sit down temporarily. What item in the pictured environment could be used for this purpose?","When ordering for a vacation, we need to sit down temporarily. What information in the pictured box could be used or intended for this purpose? If"
1,0,"While waiting for a consultation or interview, what object can we rely on to sit down temporarily since we can't stand all the time?","Before launching a consultation or document, what can we rely on to sit down and stand while we can't occupy for most time?"
1,0,"In situations where we cannot stand for an extended period, such as while waiting for a consultation or interview, what object can we utilize to sit down temporarily?","For purposes of temporary situations, such as when we cannot sit down or stand for an extended period, what can we utilize to resign? Answer."
1,0,What object in the room can we use to sit down temporarily while waiting for a consultation or interview?,What object of conversation in the room can we use to sit down and wait temporarily for a moment while resigning or examining the table?
1,0,"When waiting for a consultation or interview, standing can be uncomfortable and tiring, so what item could one utilize to sit down temporarily?","When renting, a call can be uncomfortable to sit down and recline, and what might accomplish the most pressing task momentarily? The answer is"
1,0,"During a brainstorming event, it is common to record and present ideas on what object is the whiteboard in the room?","During a brainstorming event, it is common to record and present ideas on the whiteboardboard what object is the room in the room? The"
1,0,Where are ideas commonly recorded and presented during a brainstorming event?,"When we write resonating ideas, what are ideas commonly drew and analysed during a brainstorming event?"
1,0,"During a brainstorming event, it's common to record and present ideas. What object in the room is typically utilized for this purpose?","During a brainstorming project, it's common to record and display ideas. What object in the room is commonly utilized for this? The object"
1,0,"in a typical brainstorming session, it is customary to present and document ideas for discussion. What item in the room is commonly used for recording and presenting ideas in such a situation?","in a customary brainstorming session, this item is commonly used for recording and presenting ideas. What is room to discuss and correct ideas in situations"
1,0,"During a brainstorming event, ideas are commonly recorded and presented, and what object in the room could facilitate this process?","During a brainstorming process, ideas are commonly presented and reproduced, and what key points in the room would facilitate this event? how to create"
1,0,"During a brainstorming event, it is common to record and present ideas. What object in the room might be used for this purpose?","During a brainstorming event, it is common to record and present ideas for this purpose.What object in the space might be used for?"
1,0,"When picking blueberries, it is common to collect them in a container to keep them organized and prevent them from getting crushed. What object in the picture could be used as a container for collecting blueberries?","When picking blueberries, it is common to collect them in a container for getting them crushed and prevent them from being displayed in the container. What is"
1,0,"When picking blueberries, it is common to collect them in a container to keep them organized and prevent them from getting crushed. What item in the picture could be used as a vessel for gathering blueberries?","When picking blueberries, it is common to get them placed in a container or used as storage to erect them from the rain. What could"
1,0,"When picking blueberries, a container is often necessary to keep the berries organized and prevent crushing. Please identify an object in the picture that could serve as a suitable container for collecting blueberries.","Before picking cherries, provide a container that is suitable for storing the berries. Click an object to be most used in storing berries."
1,0,"When picking blueberries, we often require a container to hold and protect them. What object in the picture could be used as a container for collecting blueberries?","When picking blueberries, we want a container to hold or protect them. What object could be used for the purpose of collecting blueberries? The container"
1,0,"While picking blueberries, it is customary to utilize a container to keep them organized and prevent damage. Please identify the objects in the picture that could be used as a container for collecting blueberries.","If using a container, it is customary to pick several blueberries to represent the objects being used and help minimize them for storing blueberries."
1,0,the area where people can walk,the area where people can walk. Atlas the where people can walk and
1,0,something containing vitamins and fibers,"something containing iodine and glycogens and containing vitamins and fibers, fibers and sms."
1,0,the sign that reminds people to watch their step,the sign that reminds people to watch for the reask theyreas a step.
1,0,"Sitting in a chair for too long can cause fatigue and soreness, so many people choose to lie down and stretch out on something soft. What object in a room is most suitable for this?","Sitting on a chair for too long is something dangerous, so many people want to lie down and exert in a difficult space. What type?"
1,0,"After sitting for an extended period, most people experience fatigue and soreness, and prefer lying down and stretching out on something soft. What object in a room could be most suitable for this purpose?","On an object lying down for a long time, most people wish to exercise and relax, and prefer something prone and lacking in this dimension. What"
1,0,A comfortable piece of furniture in a room where one can lay down and stretch to relieve soreness and fatigue from extended periods of sitting.,A comfortable place to sit on a piece of furniture where a single person can soften and reduce fatigue and soreness from prolonged sitting.
1,0,"After sitting in a chair for too long, many people may find it beneficial to lay down and rest on a soft object. What in the room would be the most suitable object to use for this purpose?","Before sitting down on a soft sofa, many would find it to be suitable to lay in the chair for the greatest purpose and function. What is"
1,0,"When sitting in a chair for extended periods, it's common to feel fatigued and sore, motivating many people to instead lie down on something soft to stretch out. Please suggest what furniture object inside a room would be most appropriate for this.","When sitting down on a chair, most people suggest that something unusual to be stretched out for, causing people to feel solitary in particular."
1,0,"If someone wishes to lie down and stretch out on something soft instead of sitting in a chair for an extended period, what object in a room is typically best suited for this purpose?","If someone is sitting out and lean on a chair for extended periods, what object might best be suited for sitting in a game? and"
1,0,the objects that don't have wings spread,the objects that don't have the foots spread asts and wing
1,0,the area for passengers on the airship,the area for passengers on the airship the airship for passengers on the airship.
1,0,"In traditional Western music, what type of musical instrument is commonly associated with cowboys and is often played while sitting on a stool?","In traditional Western music, what type of musical instrument is commonly associated with cowboys and is often played while sitting on a stoop?"
1,0,What kind of musical instrument is typically associated with cowboys in Western music and is often played while seated on a stool?,What kind of woodwind instrument is typically associated with stoops and is often played on a piano during scholastic?
1,0,Please identify the type of musical instrument that is commonly associated with cowboys and typically played while being seated on a stool in traditional Western music.,Please identify the type of instrument used on a traditional wood club and that is typically associated with sleeves while playing in Western music.
1,0,the fruits that are not red,the faadeues and fruits that are not red heelese.
1,0,"If someone wants to capture a stable and professional video of a sports car passing by on a bridge, what equipment should they use?","If a professional wants to capture a reliable video of a sports car coming and running on a bridge, what should they insert with gloves?"
1,0,"To capture a stable and professional video of a sports car driving by on a bridge, which equipment would be most appropriate?","To capture a professional and relevant video of a sports car driving by on a bridge, which equipment would be easiest to float?"
1,0,"If someone wants to capture a stable and professional video of a sports car passing by on a bridge, what type of equipment should be used for the job?","If a soldier wants to shoot a professional and stable video for a car coming on the bridge, what type of equipment should be used?"
1,0,"To capture a stable and professional video of a sports car passing by on a bridge, what equipment would be most suitable?","To capture a reliable and professional video of a sports car running on a bridge, what would be the most suitable route to capture a?"
1,0,What equipment should someone use if they want to capture a stable and professional video of a sports car passing by on a bridge?,What equipment should a professional sports player use if they want to catch a stable and dynamic video of a car passing on a bridge?
1,0,"If someone wants to record a stable and professional video of a sports car passing by on a bridge, what equipment is recommended?","If a professional wants to record a stable video of a sports car coming and running on a bridge, what is recommended? Video"
1,0,"In medieval battles, warriors often used a long, sharp object to attack their enemies. What object in the picture would be classified as this type of weapon?","In ancient Europe, warriors often used the red sword to take their objects in a classy figure. What type of weapon would be portrayed?"
1,0,"Identify the object in the picture that could be considered as a long, sharp weapon used by warriors in medieval battles to attack their enemies.","Identify the image in the picture that could be used as a decisive weapon used by ancient, medieval warriors to strike their dead legs."
1,0,"For battles during the medieval period, warriors had commonly used long and sharp objects for attacking their enemies. Could you please identify the object in the picture that would be classified as this type of weapon?","During the war, players had to identify the weapon used in your arsenal as striking and sturdy objects. Could this be specific types of weapon? The weapons"
1,0,"During medieval battles, warriors were known to employ a long, sharp object to attack their enemies. What object visible in the picture might be classified as this type of weapon?","During the war, ancient warriors were assigned a close sliced object to attack themselves. What weapons might be used in this type of picture?"
1,0,"In medieval battles, warriors frequently wielded a long, piercing object to attack their opponents. Which component in the picture would be classified as this type of weapon?","In Civil War, warriors used several types of curved objects to encircle the sword. Which one's style would be shown? How"
1,0,"When traveling by car, where do passengers typically sit inside the vehicle?","When traveling by vehicle, when passengers sit inside the car, where do drivers typically appoint a wits?"
1,0,"Typically, where do passengers sit inside a vehicle when traveling by car?","Typically, where do passengers travel inside a vehicle when swaddling by car, when occupants come to a vehicle?"
1,0,"Inside a car, where is the typical seating area for passengers?","Inside a car, where is the typical seating area for passengers, a possible fore?"
1,0,"When traveling by car, which area of the vehicle is typically reserved for passengers inside the car?","When traveling inside the car, which area of the car is typically reserved for vehicles by drivers by car?"
1,0,What area of the car do passengers typically occupy while traveling inside the vehicle?,What area of the car inside the vehicle do passengers typically occupy while traveling while driving to the park while occupying the vehicle? What is the area
1,0,"In a dense rainforest, there are various types of plants growing, providing a rich habitat for many animals. What is a key feature of the rainforest that helps support the growth of these plants?","In a dense rainforest, what are the many features of the rainforest? There is a growing plant that provides important support for many plants; the"
1,0,"What are some of the key features of the rainforest environment that support the growth and development of the diverse collection of plants found there, which in turn provide a rich habitat for many different kinds of animals?",What are some key features of the tropical rainforest that help the development and growth of the large collection of plants that provide a diverse array of people? What
1,0,What is the key feature of the rainforest that supports the growth of various plant species and provides a rich habitat for diverse animals?,What is the key feature of the rainforest that supports the growth of various plant species and provides a rich habitat for diverse apes?
1,0,"In a dense rainforest, what is the main feature that helps support the growth of various plants, thus providing a diverse habitat for many animals?","In a tropical rainforest, what is the feature that helps cultivate many plants, thus providing strong support for the largest population of various species? The answer"
1,0,What essential feature of the rainforest helps facilitate the growth of various types of plants and provides a rich habitat for many animals?,What essential feature of a cypress forest helps stimulate the growth of many species of animals and provides the best habitat for various types? i
1,0,"What is the key feature of the rainforest that supports the growth of various types of plants, creating a rich habitat for many animals?","What is the key feature of the tropical rainforest, creating a rich habitat for many types of plants that supports the growth of many animals??"
1,0,"In gymnastics competitions, athletes perform a variety of acrobatic movements on different apparatus. What in the picture could be used for athletes to perform impressive and challenging movements such as flips and vaults?","On gymnastics, athletes perform a variety of acrobatic movements such as pivots and pivots in an impressive attack? What are the"
1,0,"In gymnastics competitions, athletes often perform a range of acrobatic movements on various pieces of equipment. What item in the picture do you think can be utilized to perform impressive and challenging maneuvers such as flips and vaults?","On particular gymnastics, do pliers and cuffs often perform an impressive array of maneuvers in the sport. What are you doing?"
1,0,What equipment in the picture could be utilized by athletes to perform challenging and impressive movements such as flips and vaults in gymnastics competitions?,What techniques could be utilized by gymnastics athletes for impressive moves such as vaults and sprints or in the competition? 1 The simplest way to perform
1,0,"What object or equipment in the picture could be used by athletes to perform impressive and challenging movements, such as flips and vaults during gymnastics competitions?","Which objects can be used by athletes to perform impressive gymnastic improvements in the competition, such as spikes and crosses or jumps? A. The"
1,0,"In gymnastics competitions, athletes perform a variety of acrobatic movements using different apparatus. Regarding the picture, what equipment could be utilized by athletes to accomplish challenging and impressive movements such as flips and vaults?","Among gymnastics interventions, one could handle various styles of pliers and fists that perform impressive movements by various apparatuses? Do"
1,0,"What would be utilized to support gymnasts as they perform challenging and impressive movements, such as flips and vaults, during a gymnastics competition?","What would be used to support gymnastics during challenging movements, such as pushups and flips, and perform a gymnasium? 1 What would"
1,0,"Wildflowers are often found growing in open fields and meadows, adding beauty to the natural environment. What in the picture can be a type of wildflower with yellow petals?","Wildflowers are often found in the field in patches of green and white, or giving an environment a natural beauty to wildflowers? What are"
1,0,Which aspect within the picture could represent a type of wildflower characterized by yellow petals?,"Which aspect of the picture could represent a type of wildflower characterized by rusty yellow petals, as?"
1,0,"If we are looking for a yellow type of wildflower that may be present in the scene, what object(s) in particular should we focus on?","If we are looking for a particular type of yellow sunflower that may be in focus, what object(s) should we target in the picture? Let"
1,0,"Can you identify the object in the picture that could be an example of a type of wildflower with yellow petals, commonly found growing in open fields and meadows, adding beauty to the natural environment?","Could you identify an image that is an example of the type of openness in the garden environment, commonly with wildflowers and huge fruits? get answers"
1,0,"Based on the provided picture, can you identify a type of wildflower that is likely to have yellow petals and can be found growing in open fields or meadows?","Based on your findings, can you identify a type of wildflower that is available in blue fields and is likely to grow pots or explode? I"
1,0,"In the sport of ice hockey, players use a specific tool to hit the puck and control its movement. What object in the picture serves this purpose?","In the sport of ice hockey, players use a specific tool to hit the puck and control its movement.What object in the picture serves this purpose"
1,0,"In the sport of ice hockey, what object in the picture can be used by players to strike the puck and regulate its movement?","In the sport of ice hockey, what object in the picture can be used by players to stoop the puck and regulate its movement?"
1,0,What object in the picture is utilized in the sport of ice hockey to hit the puck and control its movement?,What object in the picture is utilized in the sport of ice hockey to hit the puck and control its movement in the ice?
1,0,What object in the picture can be used in ice hockey to hit the puck and control its movement?,What object in the picture can be used in ice hockey to hit the puck and control its movement when it can saunter the picture?
1,0,"In some cultures, elephants are considered sacred animals and are adorned with special markings on their foreheads. What part of the elephant in the picture is often marked with decorative patterns or symbols?","In some cultures, sacred elephants are adorned with special symbols on top of the elephants and are often marked with signs? What is the meaning of"
1,0,"In certain cultures, elephants are regarded as sacred creatures, and they're frequently adorned with special markings on their foreheads. What part of the elephant's head is typically decorated with ornamental patterns or symbols?","Most sacred elephants are depicted on their heads, and their heads are often adorned with special symbols in animal ornaments. What is the meaning"
1,0,"In certain cultures, elephants are regarded as sacred creatures with special markings on their foreheads. What part of the elephant is typically adorned with these decorative patterns or symbols shown in the picture?",The sacred animals on elephants are typically decorated with special markings or symbols in the face. What part of these elephants means? What part of the
1,0,"Elephants hold sacred value in certain cultures, and are often decorated with special markings or patterns on their forehead. What area of the elephant is typically adorned with decorative patterns or symbols?","Egyptian symbols are adorned with special ornaments on their heads or heads, and are often crowded with a specific ephemera?"
1,0,"Some cultures consider elephants as sacred animals and they are often adorned with special markings on their foreheads, please identify the part that is typically marked with decorative patterns or symbols in this picture.",Some cultures recognize elephants as important animals in their designs and they are typically adorned with little head patches or signs that represent this picture. The elephant is
1,0,"In some cultures, elephants are regarded as sacred animals and are embellished with special markings on their foreheads. Which part of the elephant in the picture is commonly decorated with decorative patterns or symbols?","On sacred elephants, some parts of the elephant are commonly decorated with adornments and are recognizable in their heads or patterns. What is the"
1,0,"In a cold winter, when snow covers the ground, what part of the car in the picture needs to be cleared before the car can be driven safely?","In a cold winter, what part of the road in the picture needs to be cleared before the snow covers, when the car can be driven safely?"
1,0,"If the ground is covered in snow during a cold winter season, what part of the car in the picture needs to be cleared before the car can be operated safely?","If a cold ground is covered in the snow during the winter season, what part of the car needs to be scanned before it can be moved safely"
1,0,"In a cold winter, when the ground is covered with snow, what part of the car in the picture needs to be cleared before the car can be driven safely on the road?","In a cold winter, when the car is covered in snow, what part of the road on the car needs to be cleared before the picture can?"
1,0,What part of the car in the picture must be cleared of snow before it can be safely driven in the winter when the ground is covered in snow?,What part of the car in the picture must be covered in snow before it can be safely driven when the ground is cold and cleared of the snow?
1,0,"In a cold winter when snow covers the ground, what part of the car in the picture needs to be cleared before the car can be safely driven?","In a cold winter when the snow covers the road, what part of the car in the picture needs to be protected before the car can be loaded?"
1,0,the area that is first impacted when a car is moving forward and crashes,the area that is first impacted and reverses when a car is raised in energy and crashes.
1,0,"If we were to sit and relax in a garden, what objects in the picture could provide a comfortable place to sit?","If we were to sit and relax in a garden, what objects in the picture could provide a comfortable place to sit"
1,0,Suppose we planned to sit and relax in a garden. Which items in the image might provide us with a comfortable place to sit?,"We intended to sat in a comfortable place in the garden. Which objects might best give us an idea to sit and relax?, I"
1,0,"If you were to relax in a garden, what objects captured in the picture may provide a comfortable place to sit?","If you were to photograph a place to sit in the garden, what objects viewed in a picture may provide a comfortable?"
1,0,"If we were to sit and relax in a garden, please locate the objects in the picture which could provide a comfortable place to sit?","If we were to sit and relax in a garden, please locate the objects within the pictures which could give a comfortable place to sit in? We"
1,0,"If we were to sit and relax in a garden, what objects could provide a comfortable sitting place based on the picture?","If we were to sit and relax in a garden, what objects could provide a comfortable place and be based on the sitting picture?"
1,0,"During a football game, the marching band often plays music to cheer on the team and entertain the audience. What is the main musical instrument played by the person in the picture?","During a football football game, the band plays the main musical instrument and often cheer on the audience. What is the dancing person played in the photo"
1,0,What is the primary musical instrument played by the person in the image when the marching band performs to cheer on the team and entertain the audience during a football game?,What is the primary musical instrument used by the singer when the band plays the marching team and cheer on the audience during a game in the entertainment?
1,0,What is the primary musical instrument being played by the individual in the picture during a football game as the marching band seeks to energize the team and engage the crowd?,What is the primary musical instrument played by a team as the marching band attempts to engage the people in the evening game and see the excitement? The
1,0,"During a football game, the marching band often plays music to cheer on the team and entertain the audience. What is the primary musical instrument used by the individual in the picture for this purpose?","On a baseball playing card, the swinging musical instrument is the one used by the team to cheer for the audience and perform it during the organization?"
1,0,What primary musical instrument is being played by the person in the picture to provide entertainment and support during a football game?,What primary musical instrument is being played by the person in the picture to provide entertainment and support during a football game in fiddle?
1,0,"What is the main musical instrument being played by the person in the picture, typically used by marching bands during football games to entertain the audience and cheer on the team?","What is the main ring typically used by the person playing guitar on the track during football games, to entertain the audience and entertain the people? cut"
1,0,something that emits cool or warm wind,abr /anity or something that emits cool or warm wind sulfur
1,0,"When you want to know the current time, what part of the watch in the picture do you typically look at?","When you want to know the current time, what part of the picture in the watch in do you typically look at?"
1,0,"When you want to know the current time, where do you typically look at on the picture's watch?","When you want to know the current time, where do you look at on the pc?"
1,0,"When you want to know the current time, what specific part of the watch in the picture do you normally check?","When you want to know the current time in the watch, do you know what specific part of the picture you want to check??"
1,0,"When you want to know the current time, where would you normally look at typically on the watch in the picture?","When you want to know the current time currently in the picture, where would you typically look at on the watch intain?"
1,0,What component of the watch in the picture would you typically look at to determine the current time?,What part of the picture you would typically look at in the watch to determine the current time? Would you choose to reshape?
1,0,"When you need to know the current time, where on the watch face in the picture do you look?","When on the current date when you need to know the time, how do you look?,, face in the watch face? I"
1,0,What part of the plant in the picture is typically harvested for its edible seeds?,What part of the plant in the picture is typically harvested for its edible seeds? seedes
1,0,What is the common part of the plant in the picture that is harvested for its edible seeds?,What is the common part of the plant in the picture that is harvested for its glasted edible seeds?
1,0,Which part of the plant is usually harvested for its edible seeds in the picture?,Which part of the plant is usually harvested for its edible seeds in the picture? () ().
1,0,What would commonly be harvested for its edible seeds in a plant shown in the picture?,"What would most commonly be harvested for its edible slender seeds in a plant, foreseen in the picture shown in the image"
1,0,"What part of the plant in the picture produces edible seeds, which are typically harvested?","What part of the plant in the picture, produces edible sourdough seeds, which are typically ingested in the home?"
1,0,"In a musical performance, there is often a person who leads and directs the musicians or singers. Who in the picture could be fulfilling this role?","In a musical picture, there is often a person or singer who leads and directs the performers. Who could fulfill this role in the music?"
1,0,"In a musical performance, there is typically a person who leads and directs the musicians and/or singers. Which person in the picture could be fulfilling this role?","In a musical setting, there is typically a person in the movie who leads and/or directs the singers. Which one could fulfill this"
1,0,Which individual in the picture could potentially be fulfilling the role of leading and directing the musicians or singers during a musical performance?,Which individual or a musical group could potentially be capturing the role of the performers and leading and delivering the lyrics in their performance? »
1,0,"During a musical performance, who in the picture might be playing the role of leading and directing the other musicians or performers?","During a musical performance, who might be playing the role of in the leading part or directing the other musicians and composers? Why"
1,0,"In a musical performance, who might be leading and directing the musicians or singers?","In a musical performance, who might be leading and directing the musicians or sing the singers?"
1,0,"In a musical performance, which member(s) of the group in the picture could be responsible for leading and directing the musicians or singers?","In a musical, which part of the group could be responsible for leading and directing the singers or musicians(s) in the performance? Watch"
1,0,the objects used for long-range attacks on enemies from the side of a ship,the objects used for enduring long-range attacks on enemies from the side of a ship for the long mone.
1,0,What part of the dog's body in the picture appears to be alert and attentive?,What part of the dog's body in the picture appears to be alert and attentive?
1,0,Which part of the dog's body appears to be attentive and alert in the picture?,Which part of the dog's body appears to be attentive and alert..... in the picture?
1,0,Which part of the dog's body in the picture appears to be watchful and attentive?,Which part of the dog's body in the picture appears to be watchful and adolescent Attortive?
1,0,Which part of the dog's body in the picture seems to be alert and attentive?,Which part of the dog's body in the picture seems to be alert and attentive?
1,0,"Based on the picture, which part of the dog's body appears to be alert and attentive?","Based on the picture, which part of the dog's body appears to be alert and attentive?"
1,0,What part of the dog's body appears to be alert and attentive in the given picture?,What part of the dog's body appears to be alert and attentive in the given picture......
1,0,Spaghetti is a popular pasta dish that typically includes a sauce made from tomatoes. What is the main ingredient in the sauce that gives it a rich flavor and vibrant red color?,Pasta sauce is a popular dish made from tomatoes. What is the sauce in it that gives a distinctly black color and deep red? The
1,0,What is the main ingredient in the spaghetti sauce that gives it a rich flavor and a vibrant red color and is often derived from tomatoes?,What is the main ingredient in a spaghetti sauce that gives it a rich yellow color and often vibrant from the tomatoes? The tomato sauce is a
1,0,"In a spaghetti pasta dish, what ingredient constitutes the primary component of the sauce, imparting rich flavor and a vibrant red appearance?","On a white pasta dish, what ingredient constitutes the component of the gravla, imparting a crisp texture and rich flavor? If you are"
1,0,What is the primary ingredient in the tomato sauce used in spaghetti that gives the sauce a rich flavor and a vibrant red color?,What is the main ingredient in the tomato sauce used in spaghetti that gives the sauce a rich red color and vibrant? a. a.
1,0,"What is the primary component of the sauce that provides it with a rich flavor and vibrant red hue in spaghetti, a popular pasta dish typically served with tomato sauce?","What is the primary sauce commonly served with rice pasta, providing a spicy red dish and a vibrant sprite in the sauce? What is"
1,0,Spaghetti is a popular pasta dish that usually includes tomato sauce. What is the key ingredient in the sauce that provides it with a rich taste and bright red color?,Pasta sauce is a popular pasta dish that usually comes with the key ingredient in it and a rich red color. What does the sauce mean?
1,0,"In modern hospitals, advanced technology is often used to monitor patients' vital signs during surgery. What object in the picture is commonly used for this purpose?","In modern medical science, advanced radiographs is commonly used to display important items in patients' surgery. What device is used for this purpose? The image"
1,0,Advanced technology is often utilized in modern hospitals to monitor patients' vital signs during surgery. What object in the picture is typically used for this purpose?,What advanced technology is typically used in hospitals for this purpose? Iconized images is commonly used to visualize patients' key in the procedure. b
1,0,Advanced technology is frequently utilized in modern hospitals during surgical operations to keep track of patients' vital signs. What object can be frequently used for this purpose in the image?,Common technology for orthopedic surgery is frequently utilized in hospitals to keep open the image. What objects can be used during this function? What are the functions of the
1,0,What object in the picture is frequently used for the purpose of monitoring patients' vital signs during surgery in modern hospitals that employ advanced technology?,What object in the picture is used frequently in hospitals' advanced care for the purpose of detecting patients that attach irregular catheters in modern technology? The object
1,0,"During surgery in modern hospitals, what item is frequently employed to monitor patients' vital signs with the help of advanced technologies?","During surgery in modern epochs, what items are frequently used to monitor patients' vital signs with the aid of advanced medical technologies? What"
1,0,Modern hospitals utilize advanced technology to track patients' vital health signs while undergoing surgery. Which object displayed in the picture is often applied for this function?,"Modern hospitals' advanced technology is utilized to display cardiac care during the procedure. Objects that appear in this image, identify particular pain? A patient'"
1,0,"When entering a building, what structure do people usually use to go from one room to another?","When entering a building, what structure do people usually use to go from one room to another...."
1,0,"When moving from one room to another, what architectural feature do people typically utilize to transition between rooms when entering a building?","When transitioning from one room to another, what architectural elements do architects typically use to reshape when entering a building between two rooms?"
1,0,What structure is typically used by people to transition from one room to another when entering a building?,"What structure is typically used by people when entering a building to transition from one floor to another and to a building, why you practice one?"
1,0,What kind of feature do individuals normally utilize to move from one room to another when entering a building?,What kind of feature do individuals typically utilize when moving from one room to another to enter a building to move about in a stadia?
1,0,What architectural element would people typically use to move from one room to another when entering a building?,What architectural element would people typically use to move from one floor to the other when entering a building to enter a modern building?
1,0,"When entering a building, what structure is typically used to move from one room to another?","When entering a building, what structure is typically used to move from one room to another......"
1,0,something that falls from the gun after shooting,anothing that falls from the gun bano after it develops after shooting
1,0,"When a plane is flying, what part of the plane rotates quickly and helps generate lift and propulsion?","When a plane is flying, what part of the plane rotates quickly and generates a lift and compulsion? hard to?"
1,0,"When a plane is flying, which part of the plane rotates quickly to generate lift and propulsion?","When a plane is flying, which part of the plane rotates quickly to generate lift and propulsion? propulsor?"
1,0,"During flight, which part of the plane rotates quickly and helps to generate lift and propulsion?","During flight, which part of the plane rotates and propels quickly and helps to generate lift and repulsion??"
1,0,"When a plane is in operation, what part of the plane rotates quickly to help generate lift and propulsion?","When a plane is in operation, what part of the plane apheresis to help lift and rotates quickly?"
1,0,"When a plane is flying, which part typically rotates at high speeds in order to generate lift and propulsion?","When a plane rotates at high speeds, which part is typically sphering in order to drive at high velocity and propells?"
1,0,"During flight, what part of the plane rotates fast and aids in generating lift and propulsion?","During flight, what part of the plane propels and lubricates a lift and saturns to fast in hardness?"
1,0,"In ancient civilizations, the desert was often home to stunning architectural structures. What in the picture symbolizes the remarkable feats achieved in desert regions?","In ancient civilizations, the desert was often home to stunning architectural structures. What in picture symbolizes the remarkable feats achieved in desert regions? The desert"
1,0,What element in the picture is a symbol of the extraordinary architectural achievements seen in desert regions by ancient civilizations?,What element of the picture represents the extraordinary architectural achievements seen in the desert region and is a symbol of virtuous heroes in ancient civilizations?
1,0,"What aspect of the picture symbolizes the remarkable feats achieved in desert regions, where stunning feats of architecture have been accomplished in ancient civilizations?","What feature of the map depicts the remarkable feats of civilization, where magnificent feats were achieved in remarkable craters in ancient times? 1 The"
1,0,What aspect of the image represents the remarkable architectural achievements in desert regions of ancient civilizations?,What aspect of the image represents the remarkable architectural achievements of spherics in desert regions of ancient civilizations?
1,0,"In ancient civilizations, the desert was often home to stunning architectural structures. Could you identify any object or feature in the picture that symbolizes the remarkable feats achieved in desert regions?","In ancient civilizations, you could identify an image or project that exemplifies the spectacular desert features in the desert. Should beautiful homes mean this"
1,0,"In ancient civilizations, the desert was home to some visually stunning architectural structures. What in the image might inspire thoughts of the remarkable achievements of those past civilizations in creating amazing structures in such harsh desert regions?","In ancient reconstructions, perhaps the earth buildings were unique in creating inspiring images of the harsh civilizations of such impressive reconstructions. What is the most important"
1,0,"If I want to reach the items placed on a high shelf, what tool can I use to climb to a higher point?","If I want to use a tool placed on a shelf, what items can I reach to climb to the higher stoop? I found"
1,0,What tool could be used to reach items on a high shelf by climbing to a higher point?,"What tool could be used to reach a high point on a shelf, by climbing items to a lower shelf?"
1,0,What is the tool that could be utilized to reach items that have been placed on a high shelf?,What is the tool that could be utilized to reach items that have been placed on a high shelf?
1,0,What in the image can be used as a tool to climb to a higher point when reaching items on a high shelf?,What in the image can be used as a tool to climb to a higher point when delivering items on a high shelf in a?
1,0,What object can be used to reach items that are placed on a high shelf?,"What object can be used to reach items that are placed on a high shelf,,,."
1,0,What item would you utilize in order to climb to a higher point to reach items placed on a high shelf?,What item would you utilize to climb to a high point in order to reach up to items placed on a higher shelf?
1,0,"To ensure proper hygiene, it is common for people to clean the bathroom on a regular basis. What object in the picture needs to be opened or moved to effectively clean the inside of the toilet?","On cleaning the toilet, it is important for people to maintain a proper manner to simply disappear or be replaced in the bathroom? What is the best way"
1,0,"To effectively clean the inside of a toilet, what object do you need to move or open in the picture?","To properly clean inside of a toilet, what do you want to open the door or eject in the picture?"
1,0,What object should be opened or moved to clean the interior of the toilet effectively in this picture?,What item should be construed to close the interior of the toilet or clean the windows and stutter in this image?
1,0,"When cleaning a bathroom for hygiene purposes, which object in the image should be opened or moved to enable thorough cleaning of the interior of the toilet?","When cleaning a bathroom for interior hygiene, which object should be opened or inserted in the manner to clean the interior of the toilet? If the object"
1,0,What is the object that needs to be moved or opened in the picture to clean the interior of the toilet?,What is the object that needs to be changed or sttteed in the interior of the toilet to clean the window?
1,0,What part of the picture needs to be opened or moved to clean the inside of the toilet properly to ensure proper hygiene?,What part of the toilet needs to be cleaned or opened to the inside of the door to ensure the proper flush hiccupancy? Helpful tips
1,0,Dogs often enjoy playing and running freely in open spaces. What area in the picture would be an ideal location for a dog to run and play?,Dogs often run freely in open spaces. What area in the picture would be an ideal location for a dog to run and play and play?
1,0,Which area in the picture would be an ideal location for a dog to run and play?,Which area in the picture would be an ideal location for a dog to run and play....
1,0,"If you have a pet dog, what area in the picture would provide an ideal location for your pet to run and play freely?","If you have a pet dog, what location in the picture would provide an ideal area for your pet to run and to play freely?"
1,0,"In the picture, what area would be ideal for a dog to run and play freely?","In the picture, what area would be ideal for a dog to run and play woord freely?"
1,0,"If a dog wants to run and play freely in an open space, what area in the picture would you recommend as an ideal location?","If your dog wants to run freely in an open area and play in a window, what the right location would you recommend as an image?"
1,0,Where is an ideal location within this picture for a dog to run and play freely?,Where is an ideal location within this picture for a dog to run and play and swivel freely?
1,0,"When flying an aircraft, the pilot sits in a specific area of the plane. What part of the plane in the picture can we infer the pilot is sitting in?","When flying a plane in an airplane, the pilot falls in the picture. What particular part of the plane is the pilot observing in the?"
1,0,"If we assume that there is a pilot in the aircraft shown in the picture, what area of the plane might we infer the pilot to be sitting in?","If we assume there is a pilot in the airplane that we are in, what area of the plane should be shown in the photograph? db"
1,0,"When flying an aircraft, the pilot typically sits in a specific location within the plane. Based on the picture, which part of the plane can we infer that the pilot is seated in?","When flying in an airplane, the pilot typically sits in the plane. Based on the image that the pilot is seated in, what part of the"
1,0,"When flying an aircraft, the pilot sits in a specific location. Based on the picture, which part of the plane might we infer that the pilot is positioned within?","Depending on the model, the pilot appears to land in a particular location. What part of an airplane is the plane seated in? We illustrate"
1,0,"When operating an aircraft, the pilot typically sits in a specific area. Based on the image, what part of the plane might we assume the pilot would be sitting in?","Depending on the pilot operating an airplane, we would typically assume that the plane is sitting in a particular area. What parts of the image would?"
1,0,"When flying an aircraft, the pilot typically sits in a specific location inside the plane. Based on this image, what region of the aircraft can we reasonably deduce the pilot is seated in?","When flying an aircraft, the pilot typically sits directly in a plane. What part of the plane is selected in this image can we deduce?"
1,0,something that controls the speed and direction of the boat,something that controls the speed and direction of the vehicle and engine of the boat.
1,0,something that is smoking,smotor smotor. something that is smoking
1,0,Exploring historical sites often requires entering the interior of a building. What areas in the picture can serve as entry points for exploration?,What elements of an interior design should serve as entry points for exploring the area? Exploring buildings in the streets often enters the ruins. How do
1,0,"When exploring a historical site and gaining entry to the interior of buildings, what areas of the picture could serve as potential entry points for exploration?","When exploring the interior of a historic site, what areas of the buildings could gain entry and serve as potential entry points for exploration? Looking to explore the"
1,0,"Suppose someone wants to explore the interior of a building in a historical site. In the picture, which regions could serve as entryways for such exploration?",Suppose an architect wants to explore the interiors of a building in a historical exploration. Which regions could serve as entry in such areas? Answer
1,0,Suppose we want to explore the interior aspects of a building while touring historical sites. What areas in the picture may serve as entry points for such exploration?,We want to explore interior parts of a building while exploring the historical aspects. What may serve as entry points for the window in such explorations? We
1,0,something that can help me to wipe my mouth,able something that can help me to wipe my mouth to wipe my teeth
1,0,What object is directly connected to the toilet bowl and can be lifted to clean the toilet seat and dirt around the toilet bowl?,What shape is applied to the toilet bowl and can be connected to the toilet bowl and stop dirt around the holder? Answers. What shape is applied
1,0,What is the object directly connected to the toilet bowl that can be lifted to clean the toilet seat and dirt around the toilet bowl?,What is the object connected to the toilet bowl that can be lifted to clean dirt and dust around the toilet bowl? the toilet bowl is connected to the toilet
1,0,"What is the name of the object that is connected to the toilet bowl, can be lifted to clean the toilet seat, and can be used to clean dirt around the bowl?","What is the name of the object that can be connected to the toilet bowl, can be used to clean the toilet seat? a. The name of"
1,0,What is the object that is directly attached to the toilet bowl and can be raised to clean the toilet seat and surrounding area?,What is the object that is attached to the toilet bowl and toilet seat and can be raised to clean the surrounding area? iStand
1,0,What item is typically connected directly to the toilet bowl and can be lifted for the purpose of cleaning the toilet seat and surrounding area?,"What item is typically connected to the toilet bowl and can be removed for the purpose of cleaning the toilet seat and surrounding area? Generally, the toilet seat"
1,0,Which object directly connected to the toilet bowl can be lifted to clean the toilet seat and any dirt present around the toilet bowl?,Which floor to the toilet bowl can be connected to the toilet bowl and any soiled stains present around the toilet? Answer: A. The toilet
1,0,something used for protecting the head,something used for safting the eyes and repairing the something used for protecting the strength.
1,0,"If someone wanted to cross from one side of the water to the other, what structure in the picture could they use to do so?","If someone wanted to cross from one side of the water to the other, what structure in the picture could they use to do so?"
1,0,"In the image, if someone wanted to cross from one side of the water to the other, which structure could they use to accomplish this?","In the image, if someone wanted to cross from one side of the water to the other, which structure could they use to accomplish this?"
1,0,"In the context of crossing from one side of a body of water to the other, what structure in the picture could be utilized to achieve this goal?","In the context of traversing a body of water from one side to the other, what direction in the picture could be utilized to achieve this goal?"
1,0,"If someone intended to cross from one side of the water to the other, which structure in the picture could be used to do so?","If someone intended to cross from one side of the water to the other, which structure in the picture could be used to do so?"
1,0,"If someone were wishing to travel from one side of the water to the other, what structure could be utilized to accomplish this goal from the picture?","If someone were trying to draw the water from one side of the path to the other, what should be utilized to accomplish this wish? The picture of the"
1,0,What structure in the picture could be used to cross from one side of the water to the other?,What structure of the picture could be used to cross from one side of the water to the mot to the other?
1,0,"In public spaces, there are often statues of historical figures or iconic animals. What object in the picture represents a beagle?","In public art, there are often statues or statues of iconic animal figures or models. What picture in the sky represents a lion?"
1,0,"What object in the picture represents a beagle, which is a common figure found in statues of iconic animals or historical figures in public places?","What name of a statue is an iconic figure found in the public square, or in statues which represent common objects in human cultures?"
1,0,What item in the picture represents a beagle and is frequently used to depict historical figures or iconic animals in public spaces?,How is a picture item in the picture used to depict public animals and pigeons and commonly represent iconic figures or elves?
1,0,"Regarding statues in public spaces, there are often representations of historical figures or iconic animals. What object in this image represents a beagle?","When representing public art in a game, there are often historical images of statues or eagles. What elements in this figure represent humans"
1,0,"In public spaces, statues of historical figures or iconic animals are often present. Can you indicate which object in the picture is a beagle?","In public spaces, statues of historical objects or iconic figures are often shown. Can you identify which object in the picture is a beagle?"
1,0,"Which object in the picture represents a beagle, which is a popular animal for statues in public spaces?","Which object in the picture represents a crow, which is a popular animal for statues, for public faades?"
1,0,"Some dairy products, such as milk and yogurt, are commonly stored in containers to keep them fresh. What object in the picture can be used to cover the opening of a container and prevent the dairy product from spoiling?","Some dairy products, such as milk and yogurt, can be disposed of in a container to prevent the container from opening or scratching. What is"
1,0,What gear in this image could be utilized to cover the opening of a container and avoid spoilage of dairy products like milk and yogurt?,What outline of the opening in this image could be utilized to avoid spoilage of a product like milk bottles and yogurt? a. a.
1,0,"Some dairy products, such as milk and yogurt, are often stored in containers to preserve their freshness. What item in the picture could be utilized to secure the container's opening and prevent the dairy product from spoiling?","Some dairy products, such as yogurt, might be placed in the container to prevent the product's storage and preserve its flavor. What can I do to"
1,0,"What item in the picture can be utilized to cover the opening of a container and prevent dairy products, such as milk and yogurt, from spoiling?","What image on the container of an item can be incorporated to prevent dairy products, such as milk and yogurt, from spoiling? The image on the"
1,0,"Some dairy products, such as milk and yogurt, are typically stored in containers to prevent them from developing spoilage. What is the object in the picture that can be placed over the opening of a container to prevent spoilage of dairy products?","Some dairy products, such as yogurt, are typically placed in a container to prevent spoilage from the creation of milk containers. What can cause a"
1,0,What object in the picture could be utilized to cover the opening of a container and prevent dairy products such as milk and yogurt from spoiling?,What reference object in the picture could be utilized to cover the top of a container and prevent dairy products such as milk and yogurt from spoiling? The
1,0,"When visiting a coastal city with multiple islands, tourists often use a means of transportation to travel between the islands. What in the picture can be used for this purpose?","When visiting a city with coastal islands, one can often use the islands used in this design for the transportation of tourists. What is the difference between the"
1,0,"When visiting a coastal city that has multiple islands, what can be used to travel between the islands?","When visiting a coastal city that has multiple islands, what can be used to travel between the islands? Two islands?"
1,0,"When visiting a coastal city consisting of multiple islands, which object in the picture might be utilized for transportation between those islands by tourists?","When visiting a coastal city for transportation from one island, which cluster of objects might be utilized by tourists in the respective islands? Several of the islands"
1,0,"If you were to visit a coastal city with multiple islands, what object in the image could be utilized as a means of transportation for island hopping?","If you were to travel around a coastal city with multiple islands, what object could be utilized as the vehicle for an island escorting?"
1,0,"When visiting a coastal city with multiple islands, what object in the picture can be utilized to travel between the islands?","When traveling between several islands in the city, you can use the object to navigate between the islands? What landmark shaped by a particular island? What"
1,0,"In a coastal city with multiple islands, what item in the picture can serve as a means of transportation for traveling between the islands as a tourist?","Within a city in a coastal city, what is the island picture as a tool for transferring between the islands as an adventure for tourists?"
1,0,What object in the bedroom can people easily use to cover the window to prevent the penetration of sunlight?,What object in the bedroom can people use to easily cover the window or window frame to prevent the penetration of the sunlight? 1 a. 2 b
1,0,"To block out sunlight and prevent it from penetrating a bedroom, which object can be utilized to easily cover the window?","To block sunlight from escaping a bedroom and prevent it from penetrating the window, which object can be utilized to lighten it? A"
1,0,What item can be easily utilized in the bedroom to cover the window and block sunlight from entering?,"What item can be utilized in the bedroom to easily cover the window and block sunlight from escaping the entry, til the entry? Is it"
1,0,What is the object located in the bedroom that people can use to block sunlight from entering through the window?,What is the object located in the bedroom that people can use to block sunlight from entering the window through the utensil in the window?
1,0,"What object, present in a bedroom, would be a convenient option for preventing sunlight from entering the room when needed?","What object, presenting a feature in a bedroom, would be convenient and ideal for preventing sunlight from entering the room when needed?"
1,0,What object in the bedroom can be conveniently used to block sunlight from entering through the window?,What object in the bedroom can be easily used to encoure sunlight from a window blocking in the window?
1,0,What part of the plant in the picture is primarily responsible for supporting the flowers and leaves and transporting nutrients from the roots to other parts of the plant?,What part of the plant in the picture is primarily responsible for moving the roots and supporting nutrients to the flowers and other parts of the plant? e
1,0,What component of the plant shown in the picture is primarily responsible for providing support to the leaves and flowers and carrying nutrients from the roots to other parts of the plant?,What portion of the flower shown in the picture is primarily responsible for carrying nutrients to the roots and leaves and supporting other parts of the plant?
1,0,Which component of the plant in the picture is primarily responsible for providing support to the leaves and flowers as well as transporting nutrients from the roots to other areas of the plant?,Which component of the plant is primarily responsible for supplying nutrients to the flowers and other plants in the landscape and supporting the roots of the leaves?
1,0,Which particular part of the plant in the picture is mainly responsible for supporting the flowers and leaves and transporting nutrients from the roots to other parts of the plant?,Which particular part of the plant in picture is mainly responsible for supporting the roots and transporting other flowers and nutrients to the parts of the plant? Lynn
1,0,"Which part of the plant in the picture is primarily responsible for providing support to the flowers and leaves, as well as transporting nutrients from the roots to other regions of the plant?","Which part of the plant is primarily responsible for attracting the flowers and flowers to the roots, as well providing nutrients in other parts of the plant?"
1,0,"What part of the plant seen in the picture is primarily responsible for supporting the flowers and leaves, as well as assisting in the transport of nutrients from the roots to other parts of the plant?",What part of the plant is involved in supplying nutrients to the leaves as well as supporting the movement of the roots from other parts of the plant? In
1,0,something that can protect the persons' heads,ask something that can protect the sans that the persons' heads.
1,0,"Pure black coffee can be too bitter to drink, so people often add sugar to it to sweeten the taste. What tool in this image can be used to add sugar to coffee and stir it?","Pure black coffee can be used to drink it, so people can add sugar to the coffee and sweeten it. What material to stir in this? The"
1,0,What object can be used to add sugar to black coffee and stir it to temper the bitterness?,What object can be used to add sugar to white coffee and stir it to smatter the sputterflems?
1,0,What in the picture can be utilized to add sugar to coffee and stir it to improve its taste?,What exactly can be used in the coffee spread to add sugar to a cup and sproute it to improve its taste
1,0,What object in the picture can be used to add sugar to coffee and stir it?,What object in the picture can be used to add sugar to coffee and sire sir it
1,0,What utensil in the picture may be utilized to add sugar to coffee and stir it?,What dilution may be used in the picture to add sugar to ice cubes and saline to enlarge it?
1,0,Which tool from the picture would you use to add sugar to coffee and stir?,Which tool from the picture would you use to add the sugar to coffee and styrable? To styr
1,0,"When riding a bicycle and carrying personal belongings, what object should be used to secure and transport the items safely?","When riding a bicycle and carrying personal belongings safely, what object should be used to secure and transport the items? sharp"
1,0,"In order to safely transport personal belongings while riding a bicycle, what object should be used to secure and carry the items?","When attempting to safely transport belongings in a bicycle, what object should be used to rive and carry the personal items while navigating?"
1,0,"When riding a bicycle and carrying personal belongings, what object should be used to safely secure and transport the items?","When riding a bicycle and retreading the objects, what personal device should be used to carry and secure belongings and safely transport important items?"
1,0,What item should be used to securely transport personal belongings while riding a bicycle?,Which item should be used to securely transfer personal belongings when bribing a road bike or riding a slurp?
1,0,"When riding a bicycle and carrying personal belongings, which object should be utilized to securely transport the items in a safe manner?","When riding a bicycle, which object ought to be used to transport the items securely and carry personal belongings in a safe manner? The following is"
1,0,"When we visit a cafe or a restaurant, where can we usually find a place to sit and enjoy our food and drinks?","When we visit a restaurant or a cafe and enjoy a snack, where can we typically find a place to sit and drink ours?"
1,0,"When visiting a cafe or a restaurant, where would we typically find a location to sit and enjoy our food and drinks?","When visiting a restaurant or a cafe, where would we typically find a location to sit and enjoy our clean foods and drinks? We have"
1,0,"When visiting a cafe or restaurant, where is an area where people can commonly find a place to sit and enjoy their food and drinks?","When visiting a cafe or restaurant, where is an area where people can commonly find a place to sit and enjoy their food and drinks? The cafe"
1,0,"When we visit a cafe or restaurant, where is the area that usually provides seating for us to enjoy our food and drinks?","When we visit a restaurant or cafe, typically is the area where we enjoy providing our stools for us to eat and drink drinks? Does it"
1,0,"When visiting a cafe or a restaurant, where can we typically find a location to be seated and enjoy our food and beverages?","When visiting a restaurant or a cafe, where can we typically find a location to be seated and enjoy our food and beverages?"
1,0,"When we visit a cafe or a restaurant, what kind of area can we typically find to sit and enjoy our food and drinks?","When we visit a restaurant or a cafe, what type of area can we typically find to sit and enjoy our food and drinks? Answers."
1,0,What object covers the toilet bowl when the toilet is not in use?,"What object covers the toilet bowl when it is set in the toilet, or when toilet sock is not used?"
1,0,"In gymnastics, there are different apparatuses that athletes can use for their performances. What object in the picture could be used by a gymnast for their routine?","In gymnastics, different objects can be used by athletes for their performance. What is the apparatus that a gymnast could use for a specific sport"
1,0,Which object in the picture can be used by a gymnast during their routine?,Which object in the picture can be used by a gymnadrast during their routine?
1,0,"In gymnastics, what equipment in the picture can a gymnast use for their performance?","In gymnastics, what equipment in the picture can a gymnast use for their performance, what shape in the performance?"
1,0,What equipment in the picture might be utilized by a gymnast during their performance?,"What equipment used by a gymnast might be utilized by the audience during their sleet, and illustrate them in their performance?"
1,0,"In gymnastics, different equipment is used by athletes to perform. Based on the picture, what object could be utilized by a gymnast during their routine?","In gymnastics, different devices can be used by a gymnast to perform their exercise. What type was described by the objects during their competition? The"
1,0,What object in the bathroom can be used to cover the toilet bowl when not in use?,What object in the bathroom can be used to cover the toilet bowl.... when not in use
1,0,"What is the object commonly used to cover the toilet bowl when the toilet is not in use, located in the bathroom?","What is the exact element used to cover the toilet when the toilet bowl is not located in the bathroom, for use? a. The toilet bowl is"
1,0,What object in the bathroom is used for covering the toilet bowl when not in use?,What object in the bathroom is used for covering the toilet bowl and syste when not in use?
1,0,What object is commonly used to cover a toilet bowl when it is not being used in a bathroom setting?,What object is commonly used to cover a toilet bowling spout when it is not being used in a bathroom setting?
1,0,What can be used to cover the toilet bowl in the bathroom when it is not in use?,"What can be used for sucking up the toilet bowl in the bathroom when it is not in use, the walker? I have a"
1,0,What can be used to cover the toilet bowl when not in use that is present in the bathroom?,What can be used for covering the toilet bowl in use and that is not present when accessed to the tin in the bathroom? The toilet bowl
1,0,"You are tired after all day""s hard work and want to rest for a while. What furniture might you choose to sit on to rest?",You're furniture to sit on for a while after many hours hard work and want to quit? What may you want to restraint? You
1,0,Imagine that you're feeling exhausted after a long day of hard work and want to take a break. Which piece of furniture in the picture would you choose to sit on and relax?,Imagine that you want a piece of furniture to sit down on after a long day of hard work and you are taking the tears?. Which choice
1,0,"If you are tired after a long day of hard work and want to rest, what kind of furniture might you choose to sit on?","If you are tired after a long day of hard work and might want to rest, what kind of furniture should you choose to sat on?"
1,0,"If you're feeling exhausted after a long day at work and need to rest, what piece of furniture might you opt to sit on?","If you're feeling exhausted after a long day on work and need to sit down, what piece of furniture should you opt to repost? The"
1,0,"After a hard day's work, you want to rest for a while. Which piece of furniture might you select to sit and relax on in the picture?","After a hard day's labor, you want to sit on and relax for a while. Which piece of furniture might you select in the image"
1,0,Suppose you want to rest for a while after a long day of hard work. What type of furniture would you choose to sit on for relaxation?,You want to sit down for awhile after a long day of relaxation. What type of furniture should you choose to put on for hard work? The best
1,0,"In a hotel lobby, there may be decorative elements that enhance the grandeur and elegance of the space. What object in the picture can be hung from the ceiling and provides both lighting and aesthetic appeal?","On a ceiling, what interior decoration is entailed in the space? Can provide an element that gives elegance and striking nuances of the room?"
1,0,"In a hotel lobby, decorative elements are often used to enhance the grandeur and elegance of the space. If we consider the picture shown, which element can be suspended from the ceiling while simultaneously providing lighting and aesthetic appeal?","When viewing an architectural element from the ceiling, the panel is often used to enhance elegance and attractiveness. What if the ceiling is a â"
1,0,"In a hotel lobby, decorative elements can help to enhance the grandeur and elegance of the area. Based on this picture, what item can be suspended from the ceiling to provide both attractive form and lighting functionality?","On a residential porch, decorative items can be inserted to enhance the elegance and lightness of the view. What causing this scenario would be"
1,0,"Hotels typically incorporate decorative elements in their lobbies to enhance their grandeur and elegance. What object can be suspended from the ceiling in the picture, serving both the function of lighting and providing aesthetic appeal?","Usually decorative elements can be installed in the foyer, offering curtains to enhance their elegance and extrinsicity. What does a decorative element"
1,0,"In a hotel lobby, there may be decorative elements that enhance its grandeur and elegance. Could you tell me which object in the picture can be suspended from the ceiling to provide both lighting and aesthetic appeal?","On the interior wall, could you suggest a chandelier whose two colors are evoked to provide luxuries and captivating essence. What is"
1,0,Hotels usually have decorative elements in their lobbies to achieve a grand and elegant look. Could you please identify the object in the picture which can be suspended from the ceiling to provide both aesthetic appeal and lighting?,Aerials want to be placed in the curtain to give you several stunning images to illustrate their distinctive appearance and aweding comfort. Can
1,0,"As a fighter pilot prepares for takeoff, what area of the plane does the pilot enter and control during the flight?","As a fighter pilot prepares for takeoff, what area of the plane does the pilot enter and control during the flight? During the flight?"
1,0,"During takeoff preparation, which area of the plane does a fighter pilot enter and control throughout the flight?","During takeoff preparation throughout the flight, which area of the airplane does a fighter pilot select and control during takeoff and detach? The"
1,0,"During takeoff, which part of the plane does a fighter pilot typically enter and control throughout the flight?","On each side of the plane, which part of the flight does a fighter pilot typically take control of and detach during the flight? heat,"
1,0,"During a takeoff, what area of the plane is entered and controlled by the pilot?","During a takeoff, what area of the plane is entered and controlled, controled by the pilot?"
1,0,"As a fighter pilot prepares for takeoff, which area of the plane do they enter and control during the flight?","As a fighter pilot prepares for takeoff, which area of the plane do they enter and control during the flight?"
1,0,"In order to input information and perform tasks on a laptop, what object in the picture can be used for typing?","In order to enter data and perform tasks on a laptop, what object in the picture can be used for typing a css?"
1,0,"To input information and perform tasks on a laptop, what is the object in the picture used for typing?","To input data and perform tasks on a laptop, what is the object in the picture used in the notation for typing"
1,0,What object from the picture can be used for typing or inputting information on a laptop in order to perform various tasks?,What object from the picture can be used for typing or copying data on a computer in order to perform various tasks aas?
1,0,"When using a laptop to input information and perform tasks, which object in the picture could be utilized for typing?","When using a computer to access text and perform tasks, which object in the picture could be utilized for scribing and get a data"
1,0,"When performing tasks on a laptop, what object in the picture can be utilized for typing and inputting information?","When executing a task in an office, what mouse and tin can be used for interpreting the information when typing on items?"
1,0,the region exhibiting unusual color,therita exectu resembling unusual color
1,0,"When a cat is interested in something and wants to observe it carefully, what part of the cat's body in the picture is most likely to be the focus of attention?","When a cat is the part of the body and wants to see it carefully, what part of the cat's picture is most likely to interest in"
1,0,"If a cat is interested in something and wants to observe it closely, what part of the cat's body in the picture is most likely to be the center of attention?","If a cat wants something and is interested in it closely, what part of the cat's body is most likely to be the center of the attention"
1,0,"If a cat is intently observing something of interest, what part of its body in the picture is likely to be the focus of attention?","If a cat is intently observing the body in its reflection, what part of the picture is likely to be something of special interest? The attention"
1,0,"When a cat is interested in something and wants to observe it carefully, what part of its body will most likely be the focus of its attention based on the picture?","When a dog wants to see something and focus its attention on it carefully, what part of the body will be most likely the interest of its picture?"
1,0,"When a cat is keen on observing something, what part of the cat's body in the picture is usually the focus of attention?","When a cat is keen to focus on something, what part of the cat's body is usually the object of attention in the picture? observing"
1,0,"When a cat is interested in something and wants to observe it attentively, which part of its body is most likely to be the focus of its attention in the picture?","When a dog wants to see something and is concentrating attention on it, which part of the picture is most likely important to its mind in the?"
1,0,"Some plants have delicate structures that are visually appealing and often attract pollinators. In the picture, what would be an example of such a plant?",Many plants have tails that are delicately attractive and often attract pollinators. What would be an example of such a plant? In the past
1,0,Some plants are visually attractive and possess delicate structures that can attract pollinators. Could you identify an example of a plant in the image that fits this description?,Some succulent plants possess an image of a structure that is attractively attractive and can pull you in an image. Can you describe the examples? If you
1,0,"Can you identify a plant in the picture that showcases delicate structures, which are visually appealing and might attract pollinators?","Could you identify a stone that can visually beautify the landscape, which are attractive plants, and expose those with pollinators? An interesting question"
1,0,Could you point me to the plant in the picture that might serve as an example of a plant with delicate structures that are visually striking and likely to draw in pollinators?,Could you draw me in an example of a unit that is laced with delicate plants that are visually striking and likely to represent the architects? What
1,0,It is summer now. What object can help reduce the temperature in the room and make it more comfortable?,It is summer now. What object can help you to reduce the temperature in the room and make it more comfortable and affordable?
1,0,"As a smart home AI, what appliance can be activated to decrease the temperature and make a room more comfortable during the summer season?","As a smart home AOC, what appliance can be activated to reduce the room temperature and make it a more comfortable during the summer?"
1,0,"What appliance in the room can be utilized to reduce the temperature and create a more comfortable environment, given that it is currently summer?","What appliance can be used to create a more comfortable room and minimize the temperature that is being experienced in the spring, given it has a den?"
1,0,"As a smart home AI, what object can you suggest to reduce the temperature in the room and make it more comfortable now that summer has arrived?","So as a smart home ACV, what device might you suggest to make it warmer and reduce the temperature that the summer has arrived in? I have"
1,0,"In a cold winter, what appliance can be used to heat the indoor environment?","In an indoor environment, what appliance can be used to heat the cold ast in advanced environment?"
1,0,"In a frigid winter, what appliance can be utilized to warm the indoor environment?","In a stout winter, what appliance can be used to sag the irritated outdoor environment? Weid"
1,0,"In chilly winters, what appliance would you use to warm up the indoor environment?","In chilly, wet winters, what appliance would you use to stow away the awning indoor environment?"
1,0,What appliance could be implemented to warm up the indoor environment during a cold winter?,What appliance could be implemented to warm up the indoor environment during the cold winter during a infrast?
1,0,"As an intelligent home assistant, what appliance would you advise to be used to heat the indoor environment in a cold winter?","As a professional home appliance expert, what would advise you to use an inoculated computer to be frightened in the cold winter?"
1,0,What type of appliance could be utilized to warm up an indoor environment during a cold winter day?,"What type of appliance could be utilized to warm up an indoor environment during a cold winter day, despite a sand storm?"
1,0,"When participating in water activities, it is important to prioritize safety and wear appropriate equipment. What in the picture could provide extra protection and buoyancy to the person in case of any incidents in the water?","When occupying the water, it is important to provide appropriate precautions and give individual safety in case of incidents or activity in the boat. What is"
1,0,"During water activities, safety should always be a top priority, and it's important to wear appropriate equipment. What item in the picture could provide the person with extra protection and buoyancy in the event of any accidents in the water?","During water retention, it is important to provide safety in the water, and the right item could be a prime choice in any event of accidents."
1,0,"In water activities, it is crucial to prioritize safety by wearing appropriate equipment. Which item in the picture could provide extra protection and buoyancy to the person in case of an incident in the water?","Among water items, it is crucial to give the appropriate safety in case of an incident or itemize the situation in the person swimming in water. What"
1,0,"When participating in water activities, it is essential to prioritize safety and wear appropriate equipment. What item could provide an extra layer of protection and buoyancy in the event of any incidents while in the water?","Before diving in water, it is essential to provide appropriate items and maximize the safety. What could happen in case of an oil spill or safety? The following"
1,0,"While participating in water activities, one must prioritize safety and wear the appropriate gear. What equipment in the picture can provide extra protection and buoyancy in case of any incidents in the water?","Before riding in the water, one should wear appropriate equipment and provide safety in case of multiple water gallons. What considerations in the action? What"
1,0,something that protects the knees,something that suplies the senses protects the knees.
1,0,Weightlifting is a common exercise in the gym to build muscle and strength. What equipment in the picture is commonly used for weightlifting exercises?,Weightlifting is a common exercise in the gym to build muscle and strength. What equipment is commonly used in weightlifting exercises? The most common
1,0,What equipment displayed in the picture is typically used for weightlifting exercises in the gym aimed at building muscle and strength?,What equipment is used for weightlifting placed in the gym is typically designed in the picture for aiming muscle strength and strengthening the abs?
1,0,Weightlifting is a common exercise that many people often practice in gyms to build muscle and improve strength. Can you identify the equipment that is frequently used for weightlifting exercises in this picture?,I identify a thing that is commonly used in gyms to help you lose weight in weightlifting. Many weight training exercises and models are easy to
1,0,Weightlifting is a common exercise in the gym that focuses on muscle building and strengthening. What equipment visible in the picture is frequently employed for weightlifting exercises?,Weightlifting is common in the gym that frequently performs body strengthening exercises. What measurement is used for weightlifting in the movement? The weightlift
1,0,"What equipment in the picture is typically used for weightlifting exercises, which are a popular method of building muscle and enhancing strength at the gym?","What equipment is commonly used for loosing weight and building muscle, which are a popular method of enhancing the steps at the gym? The most"
1,0,"When weightlifting in the gym to build muscle and strength, what equipment in the picture is often used to facilitate these exercises?","When jogging in the gym to build muscle and strength, what equipment in the weight is often used to facilitate these exercises? the jogg"
1,0,something that the animals are tied to,Found something that the animals are tied to synonyms and tamed.
1,0,"In the picture, what objects could be seen in the sky that are usually formed by condensed water vapor?","In the picture, what objects can usually be seen in the sky that are formed by condensed water vapor and thick?"
1,0,"What are the objects in the sky that are usually formed by condensed water vapor, which are possibly visible in the picture?","What are the objects in the sky that are usually formed by condensed water vapor, which are possibly visible in the picture? the"
1,0,"What objects, typically created through the condensation of water vapor, can be observed in the sky of the picture?","What objects, typically created through the condensation of water vapor in the picture, can be observed in the sky of the spher?"
1,0,What objects could be observed in the sky of the picture that are commonly formed as a result of condensed water vapor?,What objects could be viewed in the sky as a result of the rounded form of cycloid that commonly occur in water vapor
1,0,"What type of objects, typically created from condensed water vapor, can be seen in the sky in the provided picture?","What type of objects, typically created from condensed water vapor in the sky, can be seen in the provided picture in n?"
1,0,"In this picture, what objects can sometimes be seen in the sky when water vapor becomes condensed?","In this picture, what objects can sometimes be seen in the sky when water vapor"
1,0,the spare tire that is not used currently,the spare tire that is not currently used for syst s
1,0,"At a dinner party, a guest may be asked to carve a cake or pie to serve to the other guests. What object in the picture could be used to cut the cake or pie?","At a dinner party, one could be asked to cut a piece of the cake to be used to serve the guest or guests. What cone?"
1,0,What in the picture can be utilized to cut a cake or pie during a dinner party to serve to the guests?,What can be used to cut the ice in a cake to savor to the guests during a dinner party or presentation? Letâ
1,0,"In the context of a dinner party, if someone is asked to carve a cake or pie to serve to the guests, what object from the picture could be utilized for this task?","When someone presents a table or cake, given the example of what task it could be to engrave to the guests in the food?"
1,0,"During a dinner party, a guest might be asked to cut a cake or pie for serving the other guests. What object in the picture might be utilized for this purpose?","During a dinner party, one guest might be asked to cut a cake or cookie for the guests. What object was utilized in this picture?"
1,0,What object in the picture can be used to cut cake or pie when a guest is asked to serve other party guests?,What object in the cake can be used to cut cake or cookie cone when it is given to other guests to answer a group of guests?
1,0,"Suppose you are attending a dinner party, and you are asked to carve a cake or pie to serve to other guests. What tool in the picture could you use for this purpose?","You are asked to decorate a cake or dinner party, and what tool could you use to take in the serving to one of your guests? Write this"
1,0,Which object can be used to put and place things within arm's reach when sitting in the living room?,Which object can be used to put and reach things within arm's reach when sitting in a living room when posing in the room?
1,0,What object is commonly used to keep things within arm's reach when sitting in the living room?,What object is commonly used to keep things within arm's reach when sat in the living room during sleeve? What
1,0,What item in the living room can be used to place objects within arm's reach when sitting?,What item in the arm sleeve can be used to reach living objects within room's slit when being placed in walking?
1,0,"As an intelligent robot, what object would you grab to place items within arm's reach if someone was sitting in the living room?","As an arm's weapon, what object would you grab if someone were able to launch objects in a remote room in the living room?"
1,0,What object in the living room can be used for placing items within arm's reach while sitting in the room?,What object in the living room can be used for encouraging arm's reach while placing items in the room in a sitting room?
1,0,"In a living room, which object could be used to conveniently place and keep things within arm's reach while seated?","In a living room, which object could be used to securely place one's hands in apex while keeping things evolve?"
1,0,the motorcycles tied together,The muscles tethered to motorcycles moods. Mountwork together
1,0,the place where the teacher can write and draw,the place where the teacher can write and learn the way the learn and draw.
1,0,the symbol of the Olympics,the symbol of the Olympics symbol s of the Olympic.
1,0,the hardest body part of the animal,the hardest body part of the sailor the sality the animal.
1,0,Suppose you are a student and need to bring all the required supplies to the library for self-study. What object can be used to facilitate transportation?,Suppose you are a student and need to bring all the supplies necessary for self-study to the library. Can be used to facilitate objects?
1,0,"If you need to bring all your required supplies to the library for self-study, what object could you utilize to streamline transportation of these items?","If you need to bring several items to your classroom for self-deployment, what could you utilize to organize the slides of these supplies?"
1,0,"If you need to bring all of your required supplies to the library for self-study, what object could you utilize to facilitate transportation?","If you need to bring all of your assigned supplies to the library for self-study, what device could you utilize to facilitate transportation? 1 a"
1,0,"If you need to bring all the required supplies to the library for self-study, which object in the picture could be utilized to facilitate transportation?","If you need to bring all the necessary supplies to the classroom to facilitate self-transportation, which object could be utilized in the picture? The â"
1,0,"As a student, you need to bring all the necessary supplies to the library for self-study. What item could be utilized to make transportation more convenient?","As a student, you need to bring all the necessary supplies to the library for self-study. What shipment could be utilized to make convenient?"
1,0,"If you need to bring all of your study supplies to the library for self-study while you are a student, what object could you use to simplify transportation of the items?","If you need to bring several travel tools for self-study to your student, what library could you use to escape the clutter of the items?"
1,0,the real person,real the real a a real person. Tim
1,0,"In order to maintain a clean and environmentally friendly neighborhood, people often separate their waste materials for recycling. What in the picture could be used to dispose of recyclable items?","What is environmentally friendly for people to dispose of their garbage? In a particular location, waste can be used to clean and recycle recyclable items. The following"
1,0,"To reduce waste and preserve the environment, people frequently categorize their refuse for recycling within the community. What in the picture is an effective medium for disposing of recyclable materials?","To minimize the spread of the disease, people use garbage and waste in their dwellings? What is an acceptable format for recycling readily accessible materials. The following"
1,0,"In order to maintain a neighborhood that is clean and mindful of the environment, separating waste into different categories for recycling is essential. What item(s) in the picture could be utilized to dispose of recyclable materials?","In order to keep garbage out of an area, what item(s) that is utilized in the environment can be clean and recyclable? Many types of garbage"
1,0,What object in the picture appears suitable for disposing of recyclable items as a means of preserving a clean and eco-friendly environment for the community?,What object exists in removing a pile for disposing of recyclable items as a suitable and eco-friendly manner for the community? c.
1,0,"To maintain a clean and environmentally friendly neighborhood, people often separate their waste materials for recycling. Could you tell me what object is present in the image that could be utilized to dispose of recyclable items?","To maintain an attractive environment, explain to people that could dispose of recyclable materials for whatever item is being used in the landfill? A. A. B."
1,0,"In hazardous environments, protective gear is necessary to ensure personal safety. What protective item in the picture can help shield the face and eyes from harmful substances?","In personal gadget cases, protective gear is needed to help protect the environment and prevent harmful substances from the eyelash. What are the best ways to protect your"
1,0,"When working in hazardous environments, it is generally necessary to utilize protective gear to guarantee personal safety. What protective item displayed in the picture could be utilized to shield the face and eyes from harmful substances?","When using protective gear or personal protective equipment, it is useful to be utilized in the workplace to eliminate hazardous items. What is the best way to protect your"
1,0,"When present in hazardous environments, wearing protective gear is crucial for ensuring personal safety. Please identify the protective item in the picture that could aid in shielding the face and eyes from dangerous substances.","If displaying the picture in your eyes, use protective gear to help prevent dangerous substances and be obtained in the hazardous areas. Always wear protective gear that is"
1,0,"When operating in hazardous environments, it is important to wear protective gear to ensure personal safety. Which protective item in the picture may help protect the face and eyes from harmful substances?","When wearing protective protective clothing, one should know that device is useful to protect the body or in the accidental hazards. Which of the following is a list"
1,0,"In hazardous environments, it is important to use protective gear to ensure personal safety. What item of protective gear in the picture is designed to protect the face and eyes from exposure to harmful substances?","On protective gear, it is important to use protective gear in the case of natural hazards to protect the image and environment. What is the difference between a"
1,0,"When working in hazardous environments, it is crucial to wear appropriate protective gear to ensure personal safety. Based on the picture, what protective item might assist in shielding the face and eyes from dangerous substances?","When working on hazardous items, it might possess protective glasses to aid in the safety and preventive environment from the person. What are the most important safety glasses"
1,0,People usually wash their hands after using the restroom. What object in the picture provides water for hand washing?,People usually wash their hands after using the restroom. What object in the picture provides water for hand washing...
1,0,What object in the picture could be used to provide water for handwashing after using the restroom?,What object in the picture could be used to provide water for handwashing after using it for scuffing the bathroom?
1,0,What object in the picture could be used to supply water for the purpose of hand washing after using the restroom?,What object in the picture could be used to supply water for the purpose of hand resealing after using the bath in the bath?
1,0,"What object, typically used for hand washing, can be found in the picture?","What object, typically used for hand washing, can be found in the picture......."
1,0,What object in the picture serves as a water source for hand washing after using the restroom?,What object in the picture serves as a water reseaser for hand washing after using it in the bathroom?
1,0,"Please identify the object in the picture that provides water for hand washing, typically used after using the restroom.","Ideally, you identify the object that provides hot water for hand washing after using the shower, used to measure the picture in the home. 1 If the"
1,0,the couple who gets married,the couple who ginites and gets married ginite
1,0,"In some religious or cultural practices, people may gather in a specific place to perform rituals or prayers. What location in the picture could be associated with such activities?","In some religious or cultural traditions, people may walk in a specific place to perform such activities. What location or context could be used in the prayers?"
1,0,What location in the picture might be associated with religious or cultural rituals that involve people gathering together to perform prayers or other rituals?,What location in the picture might be associated with religious or cultural rituals or other gatherings that involve people praying together to perform a ritual?
1,0,"In some religious or cultural practices, individuals may gather in a particular location to conduct rituals or prayers. What area in the picture may be related to these activities?","In some religious or cultural practices, individuals may gather in a particular area or location to perform prayers. What group or pictures may be related to these activities"
1,0,"In religious or cultural practices, people may congregate in particular areas to conduct rituals or prayers. Based on the picture, what location might be related to such events?","Based on religious or spiritual beliefs, people may sit or retreat in similar areas to conduct such ceremonies. In what context, may they share? The following is"
1,0,"What part of the picture could be associated with religious or cultural rituals or prayers, where people may congregate?","What part of the picture could be associated with religious or religious rituals or consecrations, where people may pray or stoop?"
1,0,What part of the picture could be associated with religious or cultural rituals where people gather?,What part of the picture could be associated with religious or cultural rituals where people dose?
1,0,"When walking around a college campus, there are multiple buildings to navigate through. What part of the picture is generally used by pedestrians to move from one area to another?","When walking around a residential neighborhood, you often use one part of the highway to cross to another. What are mobiles in existence? How do you"
1,0,"In a college campus, pedestrians travel through various buildings and locations. Please guide me to locate the region in the picture that is commonly used by pedestrians to navigate from one location to another.","In my article, guide pedestrians to a location in the region that is commonly used by pedestrians to navigate through one vehicle and another. Locations"
1,0,"When traversing a college campus, what part of the picture is typically utilized by pedestrians to move from one area to another?","When navigating a college campus, what portion of the picture is typically utilized by pedestrians to move it from one area to another? The lane"
1,0,"When navigating through a college campus with various buildings, people usually travel between different areas via paths. What part of the picture do pedestrians primarily use to move from one location to another?","During a primary streetcar, people usually cross an area with different buildings to navigate from one location to another. How many ways do immigrants travel?"
1,0,"When traversing a college campus with numerous buildings, what area of the picture is typically utilized by pedestrians to move between buildings?","When navigating a campus with a car, what number of escarpments are typically utilized by most Americans to reach the buildings?"
1,0,something that provides the lift force for the helicopter,something that provides the force for the heliosaur lift for the saftector aeliom.
1,0,the person who is pushing the baby carriage,the person who is pussing the biast s pushing the baby carriage
1,0,"During a carnival parade, people often wear elaborate costumes to enhance the festive atmosphere. What part of a costume would typically be attached to a person""s back to give them a fairy-like appearance?","During a festive celebration, people usually use costumes to attach to the back of an animal to give a parade-like appearance.? What does"
1,0,"During a carnival parade, people often wear elaborate costumes to enhance the festive atmosphere. Which part of a costume would usually be attached to a person's back to give them a fairy-like appearance?","During a carnival, people usually wear part of a fairy-style facade to give an attractive attachment to their homes. Which costumes are best for"
1,0,"During a carnival parade, elaborate costumes are typically worn to enhance the festive atmosphere. What item would you expect to be attached to a person's back as part of their costume to give them a fairy-like appearance?","During an ad-hoc celebration, are costumes typically worn to give someone a great shape to enhance themselves during the backstory. Will you"
1,0,People often wear elaborate costumes to enhance the festive atmosphere during a carnival parade. What part of a costume would typically be attached to a person's back to create a fairy-like appearance?,People often wear hats to enhance the costume during a carnival parade. What part of an extended-back shape would actually be unique? The
1,0,"During a carnival parade, individuals often wear flamboyant and elaborate costumes to generate a festive atmosphere. What part of a costume can be affixed to a person's back to provide a fairy-like appearance?","During a carnival, individuals usually attach a costume to a party tent to give off colorful and enigmatic appearance. What can be"
1,0,"Imagine it's cold outside and you have guests over, you want to create a warm atmosphere for everyone. Which object in the image can create a comfortable warmth inside?","Imagine you want a warm atmosphere inside and outside, you have a object that can create a warm mood for the guests. Which one? Let"
1,0,"Suppose you have guests over in a chilly environment and you wish to create a warm, comfortable ambiance. What object in the picture could you use to achieve this?","Suppose you own a warm patio and you wish to add a pleasant, warm atmosphere to achieve this. What objects in the dark could you have"
1,0,"If you want to create a warm atmosphere indoors when it's cold outside and you have guests over, what item in the picture would you use to create a pleasant, temperature-controlled environment?","If you want it's cold outside and you create a pleasant, temperature-controlled atmosphere, what items would you use to create an outdoor? A"
1,0,"Suppose it's chilly outside, and you have guests over, and you would like to create a warm and comfortable indoor atmosphere. What object in the image could help you achieve this objective?","Suppose it's cold outside, and you would like to create a cozy indoor environment, and give the visitors your impression. What objectives below could"
1,0,"Imagine it's cold outside and you have guests over, and you want to create a warm atmosphere inside for everyone. What object in the image can serve this purpose by producing comfortable warmth?","Imagine it's cold inside and you want to create a warm display for everyone, and what objects can generate the warmth in this occasion? By"
1,0,"When attending a sports event in a stadium, what would people typically sit on to watch the game?","When attending a sports event in a stadium, what would people typically sit on to watch the game?"
1,0,"When attending a sports event in a stadium, which object would people generally use to sit on to watch the game?","When attending a sports event in a stadium, which object would people generally use to sit on to watch the game?"
1,0,"At a sports event in a stadium, what is the object that people usually sit on when watching the game?","At a sports event in a stadium, what is the object that people usually sat on when watching the game?."
1,0,What objects in the stadium would people usually sit on to watch a sports game?,What objects in the stadium would people usually sit on to watch a sports game.....
1,0,"When attending a sports event in a stadium, what is the common item people would use to sit and watch the game?","When attending a sports event in a stadium, what is the common item people would use to sit and watch the game??"
1,0,"In a children's playground, there are often small structures designed for children to play in. What in the picture can children enter and use as their own little house?","In a children's playground, there are often small structures designed for children to enter and play in. What in the picture can children use their own"
1,0,"In a children's playground, what structure in the picture can children enter and use as their own little house for playing?","In a children's home, what structure in the picture can children enter and use as their own little playground for a tv play?"
1,0,What part in the picture could children enter and utilize as a miniature house for playing?,What part of the picture could children enter and utilise as a miniature dote for playing in the house?
1,0,What structure in the picture can children use as their own little house to play in while in a children's playground?,What structure in the picture is a children house to use as their own playground for little children to play in while in children's park?
1,0,Which object in the picture may be considered a small structure that children can enter and utilize as their own playhouse in a playground?,Which object in the picture may be considered as a small clone that children can enter and utilize in their own playhouse in a playground
1,0,"During playtime, children often explore small structures designed specifically for them in a children's playground. What item in the picture could children enter and use as their own little house?","During play, children typically find something designed as an entry in their own small little world. What items could children and children use in the playroom?"
1,0,"If I want to print out a document, what appliance in this image can I use to accomplish this task?","If I want to print out an image in this document, what applicaion can I use on a jar to accomplish this task?"
1,0,Which appliance could be used in this image to complete a printing task?,Which appliance could be used in this task to complete a sample image to print?
1,0,"If you want to print a document, what appliance from the provided image can be utilized to help you accomplish this task?","If you want to print an image from the document, what appointing appliance can be utilized to help you accomplish this task, or solve it?"
1,0,the tool used for spreading jam,the tool used for sinitiing sand used in spreading jam.
1,0,"During a nighttime flight, when an airplane lands, what equipment is typically used to allow passengers to safely exit the aircraft onto the ground?","During an airplane flight, during the nighttime, when an aircraft can safely land passengers onto the ground, what equipment is typically used to allow? cables"
1,0,"After a nighttime flight, what is the common equipment utilized to permit passengers to safely disembark from an airplane and step onto the ground?","After landing on an airplane, what is the common equipment utilized to permit passengers to safely disembark from the ground and begin a trip?"
1,0,"When an airplane lands at night, what equipment is typically utilized to ensure that passengers can safely disembark the aircraft and reach the ground?","When an airplane lands at night, what equipment is typically utilized to ensure that passengers can safely dissipate the aircraft and reach the ground?"
1,0,"On a night flight, what is the equipment typically used for the safe disembarking of passengers once the airplane has landed onto the ground?","On a plane, what is the airlock typically used for safely unloading and landing the aircraft once the ground has been laid of passengers?"
1,0,"When an airplane lands at night, what equipment is commonly used to allow passengers to safely disembark from the plane onto the ground?","When an airplane lands on the ground, what equipment is commonly used to allow passengers to safely disembark from the plane at night?"
1,0,the medium for storing information,the medium for storing information for integer. thea
1,0,something that controls motion direction in games,something that advairs direction with motion control in games. movements
1,0,something that helps people to cross the river,something that eagles to help people to cross the river and helps it Mounty people It
1,0,"In a music class, students often learn to play different musical instruments. What instrument in the picture is the woman most likely playing?","In a music class, students often learn different musical instruments to play in the classroom. What instrument is the woman most likely playing in the images? The"
1,0,"Based on the picture, which musical instrument is most likely being played by the woman in the music class?","Based on the picture, which musical instrument is most likely being played by the woman in the music class"
1,0,"In a music class, students usually learn to play various instruments. If we assume that the woman in the picture is a beginner musician, what musical instrument is she playing?","In a girl in the class, you usually learn that the piano player is an instrument player. If we must explain what countries are studying piano music?"
1,0,"In a music class, which musical instrument in the picture is most likely the one being played by the woman?","In a music class, which musical instrument in the picture is most likely the one being played by the woman is the one?"
1,0,"During a music class, students often have the opportunity to play various musical instruments. Based on this image, which instrument is the woman in the picture most likely playing?","During a music class, the teacher is most likely to play various instruments reflecting the image. On which instrument were women in the game play this?"
1,0,"When driving a car, there is usually a specific place in the front of the car where a symbol or logo can be seen. What part of the car in the picture usually displays this symbol or logo?","When driving a car, there is usually a specific part of the car displayed in the front or frame? What place of the car can see this"
1,0,"When driving a car, a specific region towards the front of the car typically displays a symbol or logo. In the given picture, which segment of the car typically exhibits this logo or symbol?","In a given car, a particular segment of the car typically displays the logo or symbol. Which frame to drive the car displays the logo? Here"
1,0,"When driving a car, there is usually a specific area at the front of the car where a symbol or logo can be viewed. Please identify the part of the car where this symbol or logo is typically displayed in the picture.","When you sign your car, there is typically an area at the front of the car where a specific symbol or picture can be displayed. Please remember the"
1,0,"In a car, a symbol or logo is typically located in a specific location at the front of the car. Can you identify the part of the car in the picture that normally displays this symbol or logo?","At a car or part of a car, identifie the picture that is typically located in the front of the car in this location? Can you"
1,0,"When cooking, it is important to cover the pot tightly to ensure that the food is cooked evenly. What object in the picture can be used to cover the pot?","When cooking, it is important that the food can be used to cover the pot unevenly. What picture is glued to the pot? The pot is"
1,0,"When cooking, it is crucial to have the pot tightly covered to guarantee that the food is cooked evenly. Could you identify the object in the picture that can be utilized to cover the pot?","When cooking the food, it is crucial to possess a pan that is positioned to cover the food and can be stuffed easily. Could you have"
1,0,"When cooking, covering a pot tightly can help ensure even cooking of the food. What object in the picture could be utilized to cover the pot while cooking?","When cooking a pot, the cover could be used to help loosely cover the pot. What component of cooking the food while cooking? The cooking part"
1,0,"What can be used to cover the pot while cooking to ensure that the food is heated evenly, according to standard kitchen practices?","What can be used to cover the food while cooking, to ensure that it is heated evenly according to standard kitchen utensils? The best way"
1,0,"When cooking, it is important to cover the pot tightly to ensure that the food is cooked evenly. What item in the picture is typically utilized for covering a pot?","When cooking, it is important to cover the pan tightly to ensure that the food is cooked. What item is typically utilized in the pan? The pan is"
1,0,"In cooking, it is important to cover the pot tightly to ensure that the food is cooked evenly. What could you use in the picture to cover the pot?","In cooking, it is important to cover the pot to ensure that the food is cooked to the best you could cover tightly. How about putting the lid"
1,0,What object in the picture is most likely responsible for creating a cloud of dust when it drives on the dirt field or track?,What object in a cloud field is most likely responsible for creating a dusty field of dirt when it drives on the face or the mirror? What
1,0,What is the item in the picture that is most likely responsible for generating a cloud of dust when driving on the dirt field or track?,What is the picture of the item that is most likely to produce a clouding dust or dirt when driving on the track in the drive field? Answer
1,0,"When driving on a dirt field or track, which object in the picture is most likely responsible for creating a cloud of dust?","When driving on a dirt track or field, which object in the picture is most likely responsible for creating a cloud of dust?"
1,0,"When driving on dirt fields or tracks, what object in the picture is most likely responsible for creating a cloud of dust?","When driving on a dirt track or field, what object in the dust is most likely responsible for creating blobs of cloud images?"
1,0,"Toy cars can be designed to mimic real vehicles, but they are typically smaller in size. What part of a toy car in the picture is often made of rubber and allows the car to move forward?","They can fit small cars in a model vehicle, but one of the cars is typically made of rubber and is designed to move indefinitely? What"
1,0,Could you identify the component  in the picture of a toy car that's typically made of rubber and facilitates the forward movement of the car?,Could you identify a car 2 that's typically made of the rubber and helps to articulate the movement of the accessory of the car?
1,0,The part of the toy car that enables it to move forward and is usually made of rubber.,The part of the toy car that enables it to move forward and is usually made of rubber that strews at a child.
1,0,"What component of the toy car in the picture is usually made of rubber and enables it to move forward, despite being smaller than real vehicles?","What component of the car in the picture is usually made of rubber and allows it to move to smaller vehicles, despite being too nifty?"
1,0,"What component of a typical toy car, sometimes made of rubber, enables it to move forward?","What component of a typical toy car, made of rubber, enables it to move forward, sometimes tossle?."
1,0,"What is the name of the part in the image that is usually constructed from rubber and employs the movement of the car in a forward direction when discussing toy cars, which are intended to look like real vehicles but are typically smaller in size?",What is the name for the image of an automobile that is designed to move along in loose dimensions and is usually composed of lighter cars? - a
1,0,"In an ice hockey game, what essential equipment does a player use to hit the puck?","In an ice hockey game, what essential equipment does a player use to hit the puck?"
1,0,What equipment is essential for a hockey player to use to hit the puck in an ice hockey game?,What equipment is essential for a hockey player to use to hit the puck in a ice hockey game?
1,0,"During an ice hockey game, what essential equipment does a player typically utilize to strike the puck?","During an ice hockey game, what essential equipment does a player typically utilise to strike the puck..."
1,0,What equipment does a player use in an ice hockey game to strike the puck?,What equipment does a player use in an ice hockey game to strike the stack stack?
1,0,"In an automobile exhibition, car manufacturers often showcase their latest designs and prototypes. What in the picture can be used to showcase a new and innovative car design?","In automotive design, car manufacturers are often inspired to showcase the latest developments in their car design. What can an apron do? How can an"
1,0,"At an automobile exhibition, what in the picture can be used to display a brand new, forward-thinking car design?","At an automotive exhibition, what in the picture can be used to enumerate a brand new, forward-thinking car design?"
1,0,"In an automobile exhibition, car manufacturers often showcase their latest designs and prototypes. What item in the picture can be used to display a new and innovative car design?","In the auto industry, pictures of car importers can be displayed to showcase an innovative new and original car design and its prototypes. What are the advantages"
1,0,"During an automobile exhibition, car manufacturers frequently present their newest prototypes and designs. What in the picture could be utilized to showcase an innovative new car design?","During an automotive exhibition, car manufacturers commonly present the perfect prototypes to showcase their new and innovative design. What could be the difference between a car"
1,0,"During an automobile exhibition, car manufacturers often showcase their latest designs and prototypes. What specific object can be utilized to present new and innovative car designs, based on the picture?","During an automotive design show, car designs commonly utilized by designers to showcase the latest and unique car prototypes. What can be a car model?"
1,0,"If a person lies down in bed and wants to find something to watch to relax, what appliance in the room can they consider using to watch various programs or movies?","If someone in the home wants to check down on a sofa, is there various devices to use to watch movies or to spend their moments? Choosing"
1,0,"If a person lies down in bed and wants to find something entertaining to watch, what appliance in the room is suitable for them to consider using to browse and watch various programs, movies or shows?","If someone is looking to book a room in the house, what application is suitable to have to browse around to watch various movies and games? Adding"
1,0,"If someone is lying in bed and wants to unwind by watching movies or different programs, what appliance in the room can be utilized for this purpose?","If someone is sleeping on the couch and wants to let out movies or games, what different device can be utilized in this task? What is the best way"
1,0,Suppose a person is lying in bed and wants to relax by watching a show or movie. What device could they utilize in the room to browse and watch various programs?,Could someone possibly want to use a computer to watch and relax? Suppose the various shows the company is utilizing in a room or movie.
1,0,"When a person is lying down in bed and wants to find something to watch and relax, what device in the room could be used to access various programs or movies?","When a person is looking for something to sit down in the room, what device could be used to access various books and movies and relax? Have you"
1,0,The teacher needs to write the lesson content on this object when they are teaching in the classroom. What is this object in the picture?,The teacher needs to write the lesson on this object when they are teaching the class in the classroom. What is the object in this picture? The object is
1,0,What is the object in the picture that a teacher in a classroom could use to write lesson content on while teaching?,What is the object of teeming in a picture that a teacher in the classroom could use to write lesson content on? while
1,0,"In the classroom, what is the object that the teacher utilizes to write the lesson content?","In the classroom, what is the object that the teacher emserts to use to write the lesson content?"
1,0,What is the object in the picture on which a teacher may write lesson content during classroom instruction?,What is the object on the picture in which a teacher may write the content of lesson content during classroom instruction in adobe instruction?
1,0,"In the context of a classroom, what object might a teacher use to write lesson content?","In the context of a classroom, what object might a teacher use to ess a lesson content tios?"
1,0,"If a teacher wants to write the lesson content while teaching in a classroom, what is the object in the picture that can be used for this purpose?","If a teacher wants to teach a classroom purpose, what is the picture in the lesson content that can be used for the object in this context?"
1,0,A fruit salad is a refreshing and delicious dessert that often consists of a variety of fruits mixed together. What object in the picture could be used to hold and serve such a dessert?,A fruit garnish is a typically sweet and delicious dessert used in combination and serve a variety of desserts. What objects of the drink could be considered
1,0,"What object present in the picture could be utilized to hold and serve a fruit salad, a refreshing and delicious dessert that usually incorporates an assortment of fruits?","What object that was utilized to present a delicious salad or a fruit dessert could comprise a refreshing array of fruits,? a. a"
1,0,"To hold and serve a fruit salad, what object in the picture could be utilized?","To hold and serve a fruit salad, what object in the picture could be utilized?"
1,0,"If you were making a fruit salad, which item from the picture would you use to serve and hold the dessert?","If you were making a fruit salad from the picture, which item would you use to serve the dish and hold the sav?"
1,0,What object in the picture could be utilized to contain and serve a delicious and refreshing fruit salad dessert abundantly made up of a diversity of fruits?,What object could be used to produce a fruit salad dessert comprised of a diverse and refreshing mixture of delicious fruits? p. p.
1,0,someone who is taking a photo,a a a a person who is taking a photo and dreating the look
1,0,the places where people can sit,the places to look the where people can where peoples and sit.
1,0,What object in the room can we stuff clothes into for storage or transportation?,What object in the room can we tink for storage or transportation? Tube clothes to transport things into the room
1,0,Which furniture item in the room could be used for storing or transporting clothes when they are jam-packed?,Which furniture-related item in the room could be used for storing or snuffing clothes when they are snaped?
1,0,Where could we store or transport clothes by stuffing them in an object inside the room?,Where could we actually store or transport goods in a room by tuffing cloth or tuffing them in the object?
1,0,What object can be utilized to store or transport clothing by filling it with clothes?,What object can be utilized to store or bring food by filling it with clothing.......
1,0,What is the item in the room that can be used for storing or transporting clothes after being filled with them?,What is the item in the room that can be used for storing or transporting clothes after being sleeved with them?
1,0,What object in the room can be used for the storage or transportation of clothes by stuffing them in?,What object in the room can be used for the storage or transportation of clothes by tossing tie them in?
1,0,the area where people can walk,the area where people can walk. Atlas the where people can walk and
1,0,"When enjoying a plate of chicken wings, what in the picture can be used to enhance the flavor of the wings by dipping them in it?","When dipping a bowl of chiles, what could enhance the taste of the balls by using it in the pictures that are fed in it?"
1,0,"When enjoying a plate of chicken wings, what in the picture could be utilized to enhance their flavor by dipping the wings into it?","When eating chicken wings, what could be utilized in the picture to enhance the wings by dropping a plate of it into their? 1 Chicken Wings"
1,0,What in the picture could be a good choice to serve as a dip and enhance the flavor of chicken wings when being enjoyed?,What in the picture could be a good choice to serve as a side dish when serving chicken wings and enhance the flavor of the dip? I'
1,0,"When savoring a plate of chicken wings, what item in the picture can be utilized to improve their taste by dipping them in it?","When buying a slice of chicken, what ideal ribs could be utilized in the picture by dipping it to save them from it? Read on"
1,0,What in the picture can be used to improve the flavor of chicken wings by dipping them in it?,What in the picture can be used to improve the flavor of chicken wings by dipping them in it...
1,0,"When enjoying a plate of chicken wings, what in the picture can be utilized by dipping them in it to enhance the flavor of the wings?","When eating a plate of ham, what condiments can be utilized to enhance the flavor of the ham by dipping it in the pictures?"
1,0,"What should we close before take a shower, in order to prevent water from splashing out and getting the whole bathroom wet ?","What should we take before a shower, in order to prevent water from splashing out and getting the whole bathroom wet before removing it? Why"
1,0,What should we close before taking a shower to prevent water from splashing out and getting the bathroom wet?,"What should I take before we get a shower, to prevent water from splashing out and tripping the bathroom before getting wet? The best"
1,0,"Before taking a shower, what object should be closed to prevent water from splashing out and getting the whole bathroom wet?","Before taking a shower, what object should be tripped to prevent water from splashing out and letting the bathroom get a full bath?"
1,0,What item in the bathroom should you close before taking a shower to avoid water splashing and making the floor wet?,What item in the bathroom should you take before a shower to avoid water splashing and making it tainted?.
1,0,What part in the living room can people sit on and watch TV or take a nap?,What part in the living room can people sit on and watch TV or take a nap sleep or nap
1,0,What furniture item can people sit on in the living room to watch TV or take a nap?,What living furniture item can people sit in on the living room to watch TV or take a nap...
1,0,What is the typical furniture item in a living room that people sit on when watching TV or taking a nap?,What is the typical furniture item in a living room that people take a nap when sitting on tv or watching a tv?
1,0,What area in the living room can people sit on to watch TV or take a nap?,What area of the living room can people sit in to take a nap or walk on the TV? I
1,0,What item in the living room provides a comfortable place to sit and watch TV or take a nap?,What item in the living room provides a comfortable place to sit and watch TV or take a nap...
1,0,What furniture item in the living room could be utilized for sitting and watching TV or napping?,What living room furniture item in the living room could be utilized for watching TV or sitting and snoring or snapping?
1,0,"the most commonly used buttons for moving up, down, left and right","the most commonly used and button for moving up, down, left, right and buttons."
1,0,something that shows the destination of this bus,something that shows the destination of this bus that stete the city of stet
1,0,the place where people can sit on a bicycle,the place where people can sat on a bicycle when sleep to sit on the bicycle
1,0,"When exploring the beach and handling sea creatures, we must be cautious to avoid injuries. What in the picture can cause injuries if touched without proper care?","When exploring the beach, we must be cautious if seen in plain sight and causing the damage. What animal imperfections can prevent injuries? The following are"
1,0,"During beach exploration and handling of ocean creatures, it is important to exercise caution to prevent injuries. What in the picture could lead to injuries if not approached with proper care?","When painting beach ices for exploration and control, it is important to be informed of the damage. Should occur in appropriate precautions to avoid injuries?"
1,0,"During exploration of the beach and handling of sea creatures, it is important to exercise caution to avoid injury. What items in the picture have the potential to cause harm if not handled properly?","Before capturing of the ice in the lake, it is important to note specific products and installations have the ability to cause damage or avoid harm.What"
1,0,"During beach exploration and handling of sea creatures, what object(s) in the picture could cause injury if touched without sufficient precautions?","Upon beach exploration and restoration of the image, what object(s) in sea ice can cause similar injuries if taken proper precautions? What"
1,0,"When exploring the beach and handling sea creatures, it is important to exercise appropriate caution to avoid injuries. Which objects in this picture might cause injury if handled without care?","When exploring beaches, it is important to exercise caution in handling the picture and avoid such injuries. Which animal shapes might cause damage? None. If you are"
1,0,What object would people sit on when eating together at a dining table?,What object would people sit on when eating together at a dining table? diede
1,0,What is the object that people normally sit on while eating together at a dining table?,What is the object that people normally sit on together while eating at a dining table ate
1,0,What is the object that people typically sit on when they eat together at a dining table?,What is the object that people typically eat together on when they sit atop a dining table at a dcor?
1,0,What is the object people typically sit on when they eat together at a dining table?,What is the object people typically eat together on when they sit atop a dining table at dot?
1,0,What object might individuals sit on when having a meal together at a dining table?,What object might individuals sat on when having a meal together at a dining table?
1,0,"At a dining table where people gather to eat together, what object is typically utilized for sitting?","At a dining table where people typically sat together for supper, what object is utilized to gather where workers tain?"
1,0,"In ice hockey, players use specific equipment to control the puck and score goals. What object in the picture could be used by the players for this purpose?","In ice hockey, players could use specific equipment to control the puck and score goals. What object is used by the players in this picture? For example"
1,0,"In ice hockey, players typically utilize certain equipment to control the puck and score goals. Can you identify what object(s) in the picture could be used by the players for this purpose?","In ice hockey, many players can utilize the object(s) used by the puck to score the goals or capture equipment in this case. Can you"
1,0,"In ice hockey, players use specific equipment to control the puck and score goals. What object in the picture could be utilized by the players for this purpose?","In ice hockey, players use specific equipment to control the puck and score goals. What object could be utilized by the players in this picture? The puck"
1,0,the speaker,the se se the speaker the speaker setor
1,0,What equipment can be used to increase the temperature of indoor air in winter?,What equipment can be used to increase the temperature of indoor air in winter........
1,0,"What device can be utilized to raise the temperature of the indoor air during winter, in order to keep it warm and comfortable?","How can an appliance be utilized to raise the temperature of the indoor air, in order to keep it warm and comfortable during the winter? a. The"
1,0,What equipment can be used to raise the temperature of indoor air during the winter months?,What equipment can be used to raise the temperature of indoor air during the winter months?....
1,0,What appliance can be used to increase the indoor air temperature during the winter season?,What appliance can be used to increase the indoor air temperature during the winter season?
1,0,"As a smart home AI, what appliance would you turn on to increase the temperature of indoor air in winter?","As a smart home appliance in AIR, what temperature would you turn on to shutting off the air to improve the temperature of indoor air? I"
1,0,the food that is rich in carbohydrates,the food that hydroessees which is rich in carbohydrates. Carbohydrate
1,0,"In homes, perishable foods are often stored in low-temperature appliances to prevent spoilage. What object in a home is mostly adapted for this purpose?","In a home, perishable foods are mostly stored in low-temperature compartments. objects can adapt to heat for this purpose? How to"
1,0,What appliance in a home is commonly utilized to store perishable foods at low temperatures to prevent spoilage?,"What appliance is generally used inside a home to store hardened foods for advilization, to reduce spoilage at significant temperatures? The following"
1,0,"In a home, what appliance is commonly used to store perishable foods at low temperatures to prevent spoilage?","In a home, what appliance is commonly used to store perishable foods at low temperatures to prevent spoilage and prevent bloats? The"
1,0,"At home, what object is typically used to store perishable foods at low temperatures to prevent spoilage?","At home, what object is typically used to store perishable foods at low temperatures to prevent drools and spoilage?"
1,0,"In homes, perishable foods are frequently kept in low-temperature environments to prevent spoilage. What appliance in the home is typically utilized for this purpose?","In home environments, readily-available foods are typically boiled for use in the kitchen. What odor is advanced on these situations"
1,0,"In a home, what appliance is typically used to store perishable foods in low-temperature environments, in order to prevent spoilage?","In a home, what appliance should be used to store recognizable foods in low-temperature environments, for spoilage? In a home,"
1,0,something indicating the identity of the car,something resembling the identity of the car assert and assing the meaning of the name
1,0,"When taking a break outdoors, people often look for a comfortable place to lie down and rest. What object in the picture provides a suitable space for relaxation?","When lying down in the sun, people often look for an excuse for a comfortable rest and relaxation. What material provides the ideal place to hide? The"
1,0,"When outdoors and looking to take a break, people often search for a comfortable place to rest. What object in this picture would provide a suitable space for relaxation?","When outdoors and looking for a perfect place to take a break, many people search for a comfortable couch. What object in this image? To"
1,0,What in the picture would provide a suitable space for relaxation when taking a break outdoors and seeking a comfortable space to lie down and rest?,What was the ideal case for providing a comfortable space to sit down and take a break while looking outdoors for comfort and relaxation? css
1,0,"When people take a break outdoors, often a pleasant spot to rest and relax is sought. Could you identify which object in the picture can provide such a space?","When people take a break to relax and relax, often this spot is sought out. Could an object to photograph the space in your home provide good?"
1,0,"During outdoor breaks, people often seek a cozy place to rest and unwind. What in the picture can provide a suitable location for reclining and relaxation?","During outdoor recline, people commonly provide a perfect place for relaxing and unwinding. What can provide an ideal place to relax and relax?"
1,0,"When outdoors and in need of a place to relax, what object in the picture could potentially provide a comfortable spot for lying down and resting?","When outdoors and in the moment of needing a rest, what spot could seem to provide a comfortable place for escaping and lying down?"
1,0,"In the picture, there are vehicles parked in designated areas. What type of vehicle is parked near the road and used for transporting goods?","In the picture, there are vehicles used for transporting goods. What type of vehicle is parked on the road and parked in restricted areas? What"
1,0,"In the picture, there are several vehicles parked in designated areas. Could you specify the type of vehicle that is parked near the road and primarily used for transporting goods?","Specifically, you can specify the type of vehicle that is parked and located in the roadway. Are there several vehicles parked mostly in small goods?"
1,0,"In the picture, there are several vehicles parked in designated areas. What vehicle type is parked close to the road, and is primarily used for transporting goods?","On the picture, there are several vehicles parked in the road. What vehicle type is primarily used in designated areas, and is suited to goods"
1,0,"In the picture, where is the vehicle that is parked near the road, which is often used for transporting goods?","In the picture, where is the vehicle that is parked near the road, which is often used for transporting goods,?"
1,0,"Looking at the picture, what type of vehicle intended to transport goods is parked near the roadway in a designated area?","Looking at the picture, what type of vehicle intended to transport parked goods at one roadway is secluded in the designated area?"
1,0,"In the picture, various vehicles are parked in designated areas. Please point out the vehicle parked near the road, which is typically used for the transportation of goods.","Note the vehicle located in several areas. Before proceeding, please park the vehicle in the areas where are commonly parked, used for transportation of goods. The"
1,0,"In a baseball game, the pitcher throws the ball to the batter, who tries to hit it. What equipment does the batter use to hit the ball?","In a baseball game, the pitcher throws the ball to the batter, and uses it to hit the ball. What equipment does the batter hit?"
1,0,"During a baseball game, pitchers throw the ball to the batter who attempts to hit it. What piece of equipment does the batter utilize to hit the ball?","During a baseball game, pitchers throw the ball to the batter who attempts to hit it. What piece of equipment does the batter utilize to hit"
1,0,"In a baseball game, the pitcher throws the ball to the batter, who tries to hit it with what piece of equipment?","In a baseball game, the pitcher throws the ball to the batter, who tries to hit it with what piece of equipment?"
1,0,"In a baseball game, the pitcher throw the ball to the batter, who then attempts to hit it. What is the item of equipment used by the batter to hit the ball?","In a baseball game, the pitcher throws the ball to the batter, then attempt it. What is the equipment used by the batter to hit?"
1,0,Street artists commonly perform in public spaces and use various instruments to entertain the audience. What musical instrument is the man in the picture playing?,Musical artists use various instruments in public spaces to entertain the audience and commonly play the projects. What street man is the instrument in the picture playing? What is
1,0,What musical instrument is the man in the picture playing as a street artist to entertain the audience?,What musical instrument is the man playing the street artist in the picture as a muse to accomet the audience?
1,0,What musical instrument is the man in the picture playing during his street performance?,What musical instrument is the man in the picture playing during the street play in his movie? movi
1,0,"What musical instrument is the man playing in the picture, given that street artists often utilize various types of instruments to entertain their audience in public spaces?","What musical instrument is the man used in the movie, often because artists seek to entertain and draw public masses of people using their musical instruments in particular areas?"
1,0,What musical instrument is the man depicted in the picture playing while performing as a street artist to entertain his audience?,What musical instrument is the man depicted in the painting to entertain his audience while performing as a street artist while working adobe?
1,0,What musical instrument is the man in the picture playing as he performs on the street to entertain the audience?,What musical instrument is the man in the street performing on the sand as he sings to please the audience in the photo?
1,0,the more advanced warcraft,the more advanced gynecerarararar. synthesize
1,0,"If you want to watch a movie or a football game in a relatively high-quality screen, what object in the hotel room will help you accomplish this task?","If you want to watch a movie or a game in a relatively high-definition box, what room in your computer will accomplish this"
1,0,"If you wanted to watch a movie or a football game on a high-quality screen, what item in a hotel room could be used to satisfy this demand?","If you wanted to watch a movie or a game in a football game on a high-resolution display, what this could provide?"
1,0,What object in a hotel room could be used to watch a high-quality movie or a football game?,What object in a hotel room could be used to watch a high-quality football game or a movie soc?
1,0,"If you are looking to watch a movie or football game on a high-quality screen within your hotel room, what in-room object would likely serve this purpose?","If you are looking to watch a movie or game on a high-definition hotel screen, what object would serve this function in your room"
1,0,What object in the hotel room can be utilized to experience high-quality video content such as a movie or a football game?,What object in the hotel room can be utilized to experience high-quality content such as a video game or a football game?
1,0,"When preparing for a festive event like Halloween, people often use certain objects to decorate their homes. What object in the picture would be suitable for this purpose?","When decorating a party for Halloween, people usually use these objects in their homes. What distinctive object would be useful to prepare the message? The object that"
1,0,"When preparing for a festive event like Halloween, what objects in the picture could be utilized for decorating homes?","When preparing for a Halloween, what decorative objects in the home could be utilized for events like splicing Christmas celebration? How to decorate"
1,0,"When people prepare for a festive event like Halloween, what specific object(s) in the picture might be suitable for the purpose of decorating their homes?","When decorating a home, what specific object(s) that people throw in the Christmas tree might be suitable for the purpose of a celebration? How"
1,0,"When preparing for a festive event like Halloween, people often use certain objects to decorate their homes. Can you identify an object in the picture that would be suitable for this purpose?","When preparing for an event in Halloween, people commonly use different colors to decorate a object that would be suitable for their lives. What could be the"
1,0,"As Halloween is approaching, people usually decorate their homes with various objects. Given the picture, can you identify an object that would be suitable for this purpose?","As Halloween approaches, many people are displaying their decorations and locate an object that would suit the situation. Should you frame this as a vehicle, you"
1,0,"In regions with heavy snowfall, it is important to clear the roads for safe transportation. What equipment in the picture is commonly used for this purpose?","On roads with heavy snowfall, it is important to identify safe selections for the transportation. What equipment in the west is used for this purpose?"
1,0,"In areas with heavy snowfall, roads must be cleared regularly to ensure safe transportation. What equipment from the picture is typically utilized for this task?","On roads with heavy snowfall, safety measures must be carefully populated in order to preserve this task. What equipment is typically used for the transportation?"
1,0,"In regions with heavy snowfall, it is often necessary to clear roads for safe transportation. What equipment can be utilized for this task based on the provided image?","On heavy roads in areas with snowfall, it is common to utilize the desired clear camera. What resources can be assimilated for this task?"
1,0,"In regions with heavy snowfall, it is important to clear the roads to maintain transportation. What equipment is typically employed for this purpose and can be observed in the picture?","On roads with heavy snowfall, it is common to provide the measurements for this purpose. What equipment is used to maintain the region and be observed?"
1,0,"In areas with heavy snowfall, it is necessary to clear the roads in order to ensure safe transportation, and what equipment in the picture is typically utilized for this purpose?","On roads in severe snow storms, it is necessary to ensure the driveway is primarily used in the identification, and what tools are available for this?"
1,0,What structure in the room allows people to observe outdoor scenery while sitting?,What structure in the room allows people to observe outdoor scenery to observe tidal sleep while sat? The
1,0,Which structure inside the room would enable people to observe the surrounding outdoor scenery while also seated?,"Which structure inside the room would enable people to observe the surrounding outdoor scenery while seated, which causes surrounding sun terrace? Being able to view the surroundings"
1,0,Where can a person sit inside the room and observe the outdoor scenery?,Where can a person sit inside the room and observe the outdoor saction s?
1,0,What structure in the room would allow a person to observe the outdoor scenery while remaining seated?,What structure in a room would allow the guest to relive the outdoor scenery to observe the water sleet while still seated?
1,0,What object in the room is designed for people to observe the outdoor scenery while seated?,What object in the room is designed for people to observe the outdoor scenery and skunk to savor the room while seated? The
1,0,Smoking is harmful to health and can lead to various diseases. What object in the picture is commonly used to collect cigarette ash and butts?,How cigarette is used to smoke cigarette. Inside it is most harmful to the arid and could lead to various cancers? The most common
1,0,"Cigarette smoking can result in numerous health problems, and what is the object commonly used in this image to collect cigarette ash and butts?","Cigarette smoking could result in many health problems, and what is the object used to collect and extract cigarette embers in this article? Ci"
1,0,"Given that smoking can be harmful to health and lead to various diseases, what object is typically used to collect cigarette ash and butts, which is shown in the picture?","Given that smoking cigarette is used in many cases, which can be harmful to ashes and swelter and produce the symptoms? Example sentences:"
1,0,What object in the picture is commonly used for collecting cigarette ash and butts due to the harmful health effects of smoking?,What object is used in the drawing to collect cigarette ash and smears because of the commonly harmful effects of smoking and weed?
1,0,"During smoking, cigarette ash and butts are generated and can pose a health hazard. What is typically used to collect cigarette ash and butts in this picture?","During cigarette smoke, ash and butt can cause a smoke detector. What is typically used to collect ash and butts?"
1,0,What object in the picture is commonly used for collecting cigarette ash and butts?,What object in the picture is commonly used for eroding cigarette ash and stuff and tins?
1,0,the equipment that can assist disabled individuals in mobility,the equipment that can assist disabled individuals in mobility and enables them to mobita cles
1,0,What object in the picture can be used to keep precious memories in the form of photographs and paintings?,"What object in the picture can be used to hold up precious things in the form of memories, paintings and photographs? What are the objects in the picture?"
1,0,What object in the picture can be utilized to preserve and display cherished memories in the form of photographs and paintings?,What object in the picture can be utilized to preserve and cherish memories in the form of painted objects and sculpted photographs? The object is a
1,0,What object in the picture is typically used to store and display precious memories in the form of photographs and paintings?,"What object in the picture is typically used to store and display precious memories in the form of paintings, photographs and paintings? 1 What object in the picture is"
1,0,"What is the item in the picture that can be used to store cherished memories, such as photographs and paintings?","What is the item in the picture that can be used to capture and store cherished memories, such as paintings and giclees?"
1,0,"What item in the picture can individuals utilize to safeguard cherished memories, such as photographs and paintings?","What unique item in the picture might individuals utilize to safeguard precious memories, such as framed photographs and paintings? Let us look at the pictures and the images"
1,0,the tool used for scaling fish,the tool used for scalding fish Mounted for scalding scale
1,0,"The athlete in the picture seems to be very excited about the competition results. If she needs to maintain clear vision underwater, what item should she wear over her eyes?","The athlete wants to keep pretty clear vision in the competition, what should she wear over the next? If her milk eye components are in her sight? The"
1,0,"What should the athlete wear over her eyes to maintain clear vision underwater, even when excited about the competition results?","What should the athlete wear on clear water to maintain her vision even after entering the competition, when excited about the results? Also vision"
1,0,"To maintain clear vision underwater, what item should the athlete wear over their eyes, given their evident enthusiasm for the competition results?","Defining optimal underwater eyewear for the competition, should the user keep a vision clear during their appearance, given what their enthusiasm? What are"
1,0,"If the athlete needs to maintain clear vision while underwater, what item should she wear over her eyes?","If the athlete needs abrasive vision to maintain underwater under the glare, what items should she wear before turning on her eyes?"
1,0,"If the athlete in the picture needs to maintain clear vision while underwater, what should she wear over her eyes?","If the athlete in a picture needs to maintain clear vision while under water, what should she wear on her eye rims before she enter the eye"
1,0,"If the athlete in the picture requires clear vision when underwater, what equipment should she wear over her eyes?","If the aviator requires underwear on her face, what spherical hole should she enter in the water when she sees? What"
1,0,Where can we stand to get our body clean using water and soap at the same time?,Where can we stand to get our body clean using water and saftey soap at the same time?
1,0,What area in the picture is suitable for cleaning our body using water and soap simultaneously?,"What area in our picture is suitable for cleaning the body in aacible using water and soap, aa?"
1,0,Where is the place where we can stand and cleanse our body using soap and water simultaneously?,Where is the place where we can stand and clean and wetlir our body using soap and water within the saline??
1,0,Where in the picture is the location that one can stand to clean their body while utilizing both water and soap?,Where in the picture is the place to use their feet that one can scrubbing effectively while giving up both water and soap and san?
1,0,What region of an indoor setting provides a suitable space for a person to utilize soap and water to clean their body simultaneously?,What region of a home provides an ideal space for a person using an indoor soap and water machine to expose their bodies to dilution?
1,0,"In the picture, where can we stand to cleanse our body using soap and water at the same time?","At the picture, where can we stand to clean our body using soap and water in the same treatment? Tip at the moment?"
1,0,Where can we place an alarm clock to remind us to get up in the morning?,Where can we place an alarm clock to remind us to sneep up in the morning to get up in the morning?
1,0,"To help us wake up in the morning, where is the most suitable place to position an alarm clock?","To help us wake up in the morning, where is the most suitable place to position an alarm clock?"
1,0,"As a smart home assistant, where would you suggest placing an alarm clock to ensure reminders to wake up timely in the morning?","As an alarm assistant, where would you suggest smart reminders to make sure to wake up early and maintain a home acclimate correctly?"
1,0,In which location could we put an alarm clock to remind us to wake up in the morning?,To which location could we put an alarm clock in to remind us to resleep in the morning o? How
1,0,Where is the optimal location to place an alarm clock to remind us to wake up in the morning?,Where is the optimal location to place an alarm clock to remind us to wreak up to wake in the morning?
1,0,"As a smart home AI, where do you suggest placing an alarm clock to remind us to wake up in the morning?","As a smart home ad, we suggest a clock to remind you when to put an alarm to waking up in the morning? I"
1,0,Many children enjoy building and creating things using small colorful blocks. What objects in the picture could be used to create various structures and shapes?,Many children get things in the building using various colored objects and blocks. What shapes and colors could be useful to create small aerated shapes?
1,0,"For creating various structures and shapes, what items in the picture could be employed using small colorful blocks that children enjoy?","For creating various objects and shapes in the picture, what small blocks could be obtained in use using colorful spherical shapes that children enjoy?"
1,0,"What object(s) in the picture could be utilized to build and construct various shapes and structures, especially those favored by children?","What object(s) in the picture could be utilized to build and construct various shapes and shapes, especially those favored by children?"
1,0,"Many children are fond of building and creating various structures using small and colorful blocks. In the picture, can you point out the objects that may be utilized to construct these structures?","Right, students can construct many blocks and objects that are shaped and utilized to make small colorful objects. Are you explaining the use of these blocks? The"
1,0,"Many children enjoy building and creating structures using small, colorful blocks. Which objects in the picture can be utilized for this purpose to make different shapes and structures?","Children begin creating small, beautiful objects for the purpose of using these blocks. Which shapes and structures can be used to create different shapes and shapes?"
1,0,"To create various structures and shapes, what objects in this picture could be used, particularly for children who enjoy building and creating with small colorful blocks?","To create objects and shapes in this picture, what material could be used for creating many small structures, especially for children with small and colorful blocks? 1 How"
1,0,"When driving a car, it's important to keep an eye on the road and stay aware of the surroundings. What part of the car in the picture helps the driver see what is happening behind the vehicle?","When driving an car, it's important to keep an eye on the vehicle and see what part of the vehicle is seen inside the surroundings. How much"
1,0,It's important for drivers to stay alert and aware of their surroundings when driving. What part of the car in the picture is designed to enable the driver to see what is happening behind the vehicle?,It's important for drivers to be aware and alert when driving the vehicle. What part of the window allows the vehicle to appear in their surroundings? What
1,0,"When driving a car, staying alert of the surroundings is very important. Can you locate an object in the picture that provides the driver with a rear view?","When driving a car, you should locate the side of the window that provides an excellent view. Help locating the objects in your sight? The reason"
1,0,"When driving a car, it is important for the driver to remain vigilant of their surroundings and keep their eyes on the road. Please identify which component of the car in the picture could aid the driver in observing events happening behind the vehicle.","If driving your car, it is vital to keep the driver in close control of the vehicle and observe the obstacles occurring on their vehicle. Please remember that the"
1,0,"When driving a car, it is essential to keep an eye on the road and be aware of surrounding events. Which part of the vehicle in the picture helps the driver see what is happening behind the car?","When driving an automobile, it is important to keep an eye on the vehicle and see what happens inside the picture. Which part of the car is concerned?"
1,0,"When driving a car, it's important to keep an eye on the road and maintain awareness of the surrounding environment. What part of the car shown in the picture can be utilized by the driver to monitor ongoing activities behind the vehicle?","When driving a car, it is important to keep an awareness of the vehicle and monitor what part of the vehicle can be seen along the surrounding environment?"
1,0,"In order to take a clear and stable photo or video, what equipment in the picture can be used to hold the camera steady?","In order to take a clear and stable picture or video, what equipment in the camera can be used to hold the picture steady?"
1,0,What equipment in the picture can be used to hold the camera steady for taking a stable and clear photo or video?,What equipment in the picture can be used for taking a clear and stable picture to hold the camera steady or resolute a video?
1,0,"To capture clear and steady photos or videos, what object in the picture could be used to hold the camera steady?","To capture clear and steady pictures or videos, what object in the picture could be used to hold the camera styrac?"
1,0,I want to take a clear and steady photo or video. What equipment in the picture is designed to hold the camera steady?,I want to take a clear and steady photo or video. What equipment in the camera is designed to hold the photo sag? I
1,0,"To achieve a clear and stable photo or video, what item in the picture can be utilized to hold the camera in a steady position?","To achieve a voluminous image or picture, what item can be utilized in the camera to hold the picture in a steady and stable position?"
1,0,"To capture a clear and stable photo or video, what item in the picture could be utilized to keep the camera steady?","To capture a clear and high resolution picture, what item or application might be utilized in the photo to keep the camera steady and movable?"
1,0,"Dogs are known to be playful and sometimes they engage in physical activities with their owners. What body part of the dog in the picture is used to interact and playfully ""fight"" with the person?",Dogs are known to act playful and engage with the owner and sometimes they play in the dog? What physical part of the actions are well. Dogs
1,0,"What part of the dog's body in the picture is typically utilized to play and interactively ""fight"" with its owner or others?",What part of the dog's body is typically utilized to play and snoot and interact with the others in it? Picture (right
1,0,"Which part of the dog's body in the picture is typically utilized to interact and playfully ""fight"" with its owner?",Which part of the dog's body is typically used to play and unconsciously look (and interact) with its owner in the picture? Sponge
1,0,"When playing with humans, dogs use this part of their bodies to interact and playfight. What part of the dog's body in the picture could fulfill this purpose?","When using a dog, humans use them to play part of the dog's body and fulfill this purpose. What part of the birds in this encounter"
1,0,"Dogs are often playful and engage in physical activities with their owners. What specific body part of the dog in the picture is typically used to playfully ""fight"" with its owner?",Cats are typically used to playfully play and work with their owners. What physical part of the dog is typically playful in its body? A cat is
1,0,What appliance can we use to cook a roast chicken?,What appliance can we use to cook a roose chile......
1,0,What household appliance might one typically use to cook a whole roast chicken?,What exactly household appliance might one typically use to cook a whole roast chicken?
1,0,What type of appliance would you use for cooking a roast chicken?,What type of cooking appliance would you use for a good sanded rooster? What if you roast chicken? Do
1,0,What household appliance is commonly used to cook a roast chicken?,What household appliance is most commonly used to cook up a rooster chile chicken?.
1,0,Suppose we want to cook a roast chicken. What type of appliance should we use?,We want to preheat a crock pot chicken. What type of appliance should we use? Suppose that we ».
1,0,"When cooking roast chicken, what tool is typically used for the task?","When cooking roast chicken, what tool is typically used for the task, what cooks cook?"
1,0,"In a chicken salad, which ingredients in the picture provide a fresh and crunchy texture?","In a chicken salad, which ingredients in the picture provide a fresh and crunchy texture?"
1,0,What items in the picture would provide a fresh and crunchy texture to a chicken salad?,What items in the picture would provide a fresh and crunchy texture to a smoky chicken salad?
1,0,Which items in the picture could be used to enhance the fresh and crispy texture of a chicken salad?,Which items in the picture could be used to enhance the fresh and crispy texture of a scaly chicken salad?
1,0,Could you identify the ingredients in the picture that would provide a fresh and crunchy texture when used in a chicken salad?,"Could you identify the ingredients in the picture that would be used in a chicken salad to give a fresh, creamy and crunchy texture? If you are"
1,0,"When making a chicken salad, which ingredients in the image would typically offer fresh and crunchy texture?","When making a chicken salad, which ingredients in the image would typically offer a fresh and crunchy texture to satisfy crunchy? Then, you can use"
1,0,"In a chicken salad, which ingredients in the picture would add a fresh and crunchy texture?","In a fresh chicken salad, which ingredients in a smoky picture would add to the taste and crispy? «"
1,0,"In the picture, we can see several insects sitting on the leaves and stems of plants. What part of the plant do insects usually hide or camouflage themselves on?","On the stem of the plant, we usually see some insects shoot and encroach on leaves and seeds? What parts do they hide in the soil"
1,0,"On which part of the plant do insects typically hide or camouflage themselves, based on the picture?","On which part of the plant do insects typically hide or scavenge on their fetus, based on the picture?"
1,0,"The picture shows several insects sitting on the leaves and stems of plants. Generally, on which part of the plant do insects usually hide or camouflage themselves?","Usually, two pictures of insects whose leaves and stems appear on the side of the plant or scavenge themselves. What insects do"
1,0,"When camouflaging themselves, on which part of the plant do insects typically hide or position themselves, as seen in the picture?","When spotting on a plant, in which insects typically hide or encroach themselves, can they suffocate? part of"
1,0,"When observing several insects on the leaves and stems of plants as depicted in the picture, on what part of the plant do insects tend to hide or camouflage themselves?","When judging many insects as seen on the leaves and stems of the plant, what part of plants do they shoot or detach? Describe"
1,0,"What structure is usually used to store books, documentation, and other similar materials in an organized manner?","What structure is usually used to store books, documentation, and other similar materials in an organized manner"
1,0,"An object, typically used to store books, documentation, and other materials in a structured way.","An object, typically used to store books, documentation, awning materials, and other files in a structured, logical way."
1,0,"What is the conventional name of the structure, which is often used for the clear, organized storage of books, documents, and similar items?","What is the general name of the informal structure, which is often used for the clear, efficient storage of books, documents, and similar items? The structure"
1,0,"What is the name of the structure normally used to stockpile books, documentation, and other similar materials in an arranged way?","What is the name of the structure normally used to stockpile books, documents, and other arranged materials in a similar way?"
1,0,"What is the common storage solution for organizing books, documentation, and other similar materials in a structured manner?","What is the common storage solution for storing books, documents, and other structured materials in a symmetrical manner? Get rid of"
1,0,"What structure is typically used to store books, documentation, and similar materials to keep them organized?","What structure is typically used to store books, documentation, and materials to keep them organized and resizable? Similar,"
1,0,the area that displays current time,the area that enumerates current time and time.
1,0,"During a nighttime gathering around a campfire, people often use objects to add excitement to the atmosphere. What in the picture could be used to create sparks and brighten the surroundings?","During a night gathering in a backyard, people use often the lights to spark sparks and add beauty to the atmosphere. What could be the"
1,0,"During a nighttime gathering around a campfire, objects are often used to add excitement to the atmosphere. Please identify the object in the picture that could be utilized to create sparks and brighten the surroundings.","During an encounter at a campground, use objects that are used to brighten the moods or create the signal to be gathered throughout the atmosphere"
1,0,"When gathering around a campfire at night, people often use objects to enhance the mood. Could you point out what in the picture might be utilized to generate sparks and illuminate the surrounding area?","When gathered around an outdoor table, people might use the objects to illuminate the area and boost the mood. What could be conveyed for many?"
1,0,"During a nighttime gathering around a campfire, individuals might seek to enhance the atmosphere with fun activities and objects. What can be utilized in the image to create sparks and brighten the surroundings?","During a nightstand gathering, individuals can try to enhance the colors and create echoes or hang with the objects in the atmosphere. What might"
1,0,the person with the highest status,the person with the highest status strategy s the person with the highest Status
1,0,the part of the car that is used when raining,"the part of the car that is used when roiling the taina that is raining.,"
1,0,What furniture should be used to sit on when working in an office?,What furniture should be used to sit on when working in an office?
1,0,What is commonly used as seating when working in an office setting?,What is commonly used as sleeing when working in a seas se in office?
1,0,"When working in an office, which furniture item could be utilized to facilitate sitting comfortably?","When attempting to work in a office, which furniture item could be utilized to enshance storing a supper?"
1,0,"When working in an office, which piece of furniture could you utilize to sit on?","When working in an office, which piece of furniture could you utilize to sit on? Stay with s"
1,0,Cocktails often require a combination of different types of alcohol and mixers to create a balanced and flavorful drink. What in the picture can be used to mix the ingredients and provide a convenient way to drink the cocktail?,What types of drinks can be used to add a variety of ingredients and drink into the cocktail? The perfect balanced cocktail. The best cocktail is a
1,0,"What object could be utilized in the picture to mix the ingredients together to create a tasty cocktail, as well as a means of conveniently consuming said cocktail?","Could one utilize components of the ingredients to be used in creating a tasty cocktail, and thus spilling it? Just wondering if the ingredients are in"
1,0,"When mixing cocktails, a variety of alcohol and mixers are often combined to produce a balanced and flavorful beverage. What equipment shown in the picture could be utilized for mixing these ingredients and serving the cocktail in a convenient manner?","When mixing a variety of alcohol beverages, specific ingredients are carried out and manipulated to provide the drink in a satisfying cocktail. What are the benefits"
1,0,Cocktails typically involve a combination of various types of alcohol and mixers to achieve a well-balanced and flavorful drink. Which object can be used to blend the ingredients and provide an easy way to consume the cocktail in the picture?,A cocktail can involve a well suited combination of ingredients and types that behave to make or drink the cocktail in the evening. The cocktail is usually served
1,0,"When making a cocktail, a combination of different types of alcohol and mixers is often required to create a balanced and flavorful drink. Please identify the object in the picture that can be utilized to mix the ingredients and provide a convenient way to drink the cocktail.",Use a separate portion or handle to create a cocktail that can be used and varying the ingredients presented in the cocktail. Always check the label to
1,0,"To create an aesthetically pleasing and tasty cocktail, it typically involves combining a variety of alcoholic beverages and mixers. Can you identify what item in the picture could be utilized to mix such ingredients and provide an easy means of enjoying the cocktail?","Adding a cocktail is typically utilized to provide an authentic, refreshing variety of beverages and make one piece of the products. How can I use a"
1,0,"When participating in a race, it is necessary to stay on a designated route to ensure fair competition. What in the picture provides a designated pathway for racing?","When competing on a designated raceway, it is necessary to take a route to ensure victory in the race. What is the available pattern? How"
1,0,What element in the picture provides a designated pathway for racing to ensure fair competition?,What element in the picture provides a teeming pathway for tees to ensure a fair competition?
1,0,"When taking part in a race, it is crucial to remain on a designated route to guarantee fair competition. What objects in this picture create a designated path for racing?","When riding on a designated road, it is essential to take a designated route to create good prizes. What presents an element in this race? Why"
1,0,"To ensure fair competition in a race, participants must remain on a designated course or track. What is depicted in the picture that provides such a path or route?",To ensure that such a race is taken or competed in a designated course or track. What information appears in the closest course or walkway? The
1,0,"When participating in a race, following a designated route is necessary to ensure fair competition. What would provide a designated pathway for racing in the image?","When participating in a race, what is necessary to provide a designated pathway in the race? A designated runway would allow good competition for interpretation."
1,0,"Trains are an efficient means of transportation, constantly traveling along fixed routes. What in the picture marks the path or route that the train follows?","Trains are an efficient means of traveling along routes, right in transit. What clearly shows the route or rail that the journey follows?"
1,0,"In the context of train travel, what can be found in the picture that indicates the path or route that the train generally follows?","In the context of travel paths, what can be found in the picture that clearly indicates the route or the train that the train follows?"
1,0,"In the picture, what indicates or marks the path or route that a train typically follows?","In the picture, what exactly marks or identifies the path or route that a train or train follows, which typically follows a?"
1,0,What object in the picture is used to designate or mark the path or route followed by a train which is an efficient means of transportation travelling along fixed routes?,What object in the diagram is used to designate or mark a route followed by safe and smooth routes which are an approach of transportation travelling the train?
1,0,Trains are considered an efficient mode of transportation since they travel along fixed routes. What feature in the picture marks the path or route followed by the train?,Trains are considered an ideal transportation system since they follow the route in reverse. What feature of travel shows the routes along the line or by track? The
1,0,the tool used for grabbing food,the tool used for grabbing and sacribing food. User used for grabber
1,0,"Helmets can effectively protect the safety of the head during cycling, but strong winds during high-speed cycling can affect the eyes. What part in the picture can protect the safety of the eyes?","Micro-motors can protect the eyes during the high speed of the bike. What causes strong wind protection during the eyes? Let the eyes, which are"
1,0,What item in the picture can help protect eyes from strong winds during high-speed cycling?,What item in the image can help protect eyes from heavy wind-splittering during high-speed jogs?
1,0,Suppose a person is cycling at a high speed and wants to protect their eyes from strong winds. What object in the picture can be useful to ensure their safety?,Someone wants to be able to protect their eyes during the wind and cites a safety pattern. What object is useful at high speeds? Have
1,0,What can protect the eyes to avoid the wind blowing while cycling at high speed?,What can protect the eyes against the wind spraining to avoid the wind clinging while walking at high speed?.
1,0,Which object in the picture can be used to shield and protect the eyes from the impact of strong winds during high-speed cycling and other activities?,Which object in the image can be used to shield the eyes from wind and other obstacles during high-speed cycling and the high impacts? 1 a.
1,0,"In the image, which part can protect the eyes during high-speed cycling, given that helmets can safeguard the head, but speedy winds can be damaging to the eyes?","In CC version, which helmets can protect the eyes during steep driving, but because wind-speed winds can be damaging the eyes? CC version"
1,0,something that the airplane uses to glide on the ground,something that the airplane uses to flood on the ground it enables to glide through the air in a sand.
1,0,the cheongsam hanging on the wall,the cheongsheng hua in the tutu hua hanging on the wall..
1,0,"If we were attending a car show and wanted to sit down and enjoy the view of the displayed cars, where could we find a suitable place to rest?","If we were given a car show and wish to sit down and enjoy the views of the cars, why is there an ideal place to exhibit? We"
1,0,"If we were attending a car show and desired to sit down and observe the displayed cars, where might we locate a suitable place to relax?","If we were seated at a car show and wish to sit down and observe the cars, why would we locate a suitable place to relax?"
1,0,"If we were attending a car show and wanted to sit down and enjoy the view of the displayed cars, could you point me out a suitable location where we could find a place to rest?","If we were showing us a car and decided to sit down to enjoy the view, could you reach a suitable place showing the venues? And I"
1,0,"Suppose we are attending a car show and want to sit down to enjoy the view of the displayed cars, where could we find a comfortable place to rest?","To place a car near a crowded car show, where would we be looking to sit and enjoy the view of the bars? answer"
1,0,"If we were attending a car show and wanted to sit and enjoy the view of the displayed cars, where could we find a suitable place to rest?","If we were getting to a car show and wish to sit and view the displayed cars, what was the suitable place to rest in? b"
1,0,"While attending a car show, suppose we want to sit down and admire the displayed cars. Where would we find a suitable location to rest?","While sitting at a car show, we wish to sit down and admire the cars. Where would we locate a suitable place to get extinct?"
